fieldID,imagepath,labelpath
10002,PASTISFresh/DATA_S2/S2_10002.npy,PASTISFresh/ANNOTATIONS/TARGET_10002.npy
10003,PASTISFresh/DATA_S2/S2_10003.npy,PASTISFresh/ANNOTATIONS/TARGET_10003.npy
10004,PASTISFresh/DATA_S2/S2_10004.npy,PASTISFresh/ANNOTATIONS/TARGET_10004.npy
10005,PASTISFresh/DATA_S2/S2_10005.npy,PASTISFresh/ANNOTATIONS/TARGET_10005.npy
10006,PASTISFresh/DATA_S2/S2_10006.npy,PASTISFresh/ANNOTATIONS/TARGET_10006.npy
10008,PASTISFresh/DATA_S2/S2_10008.npy,PASTISFresh/ANNOTATIONS/TARGET_10008.npy
10009,PASTISFresh/DATA_S2/S2_10009.npy,PASTISFresh/ANNOTATIONS/TARGET_10009.npy
10010,PASTISFresh/DATA_S2/S2_10010.npy,PASTISFresh/ANNOTATIONS/TARGET_10010.npy
10011,PASTISFresh/DATA_S2/S2_10011.npy,PASTISFresh/ANNOTATIONS/TARGET_10011.npy
10012,PASTISFresh/DATA_S2/S2_10012.npy,PASTISFresh/ANNOTATIONS/TARGET_10012.npy
10013,PASTISFresh/DATA_S2/S2_10013.npy,PASTISFresh/ANNOTATIONS/TARGET_10013.npy
10014,PASTISFresh/DATA_S2/S2_10014.npy,PASTISFresh/ANNOTATIONS/TARGET_10014.npy
10016,PASTISFresh/DATA_S2/S2_10016.npy,PASTISFresh/ANNOTATIONS/TARGET_10016.npy
10017,PASTISFresh/DATA_S2/S2_10017.npy,PASTISFresh/ANNOTATIONS/TARGET_10017.npy
10018,PASTISFresh/DATA_S2/S2_10018.npy,PASTISFresh/ANNOTATIONS/TARGET_10018.npy
10019,PASTISFresh/DATA_S2/S2_10019.npy,PASTISFresh/ANNOTATIONS/TARGET_10019.npy
10020,PASTISFresh/DATA_S2/S2_10020.npy,PASTISFresh/ANNOTATIONS/TARGET_10020.npy
10022,PASTISFresh/DATA_S2/S2_10022.npy,PASTISFresh/ANNOTATIONS/TARGET_10022.npy
10023,PASTISFresh/DATA_S2/S2_10023.npy,PASTISFresh/ANNOTATIONS/TARGET_10023.npy
10024,PASTISFresh/DATA_S2/S2_10024.npy,PASTISFresh/ANNOTATIONS/TARGET_10024.npy
10025,PASTISFresh/DATA_S2/S2_10025.npy,PASTISFresh/ANNOTATIONS/TARGET_10025.npy
10026,PASTISFresh/DATA_S2/S2_10026.npy,PASTISFresh/ANNOTATIONS/TARGET_10026.npy
10027,PASTISFresh/DATA_S2/S2_10027.npy,PASTISFresh/ANNOTATIONS/TARGET_10027.npy
10028,PASTISFresh/DATA_S2/S2_10028.npy,PASTISFresh/ANNOTATIONS/TARGET_10028.npy
10029,PASTISFresh/DATA_S2/S2_10029.npy,PASTISFresh/ANNOTATIONS/TARGET_10029.npy
10031,PASTISFresh/DATA_S2/S2_10031.npy,PASTISFresh/ANNOTATIONS/TARGET_10031.npy
10032,PASTISFresh/DATA_S2/S2_10032.npy,PASTISFresh/ANNOTATIONS/TARGET_10032.npy
10034,PASTISFresh/DATA_S2/S2_10034.npy,PASTISFresh/ANNOTATIONS/TARGET_10034.npy
10035,PASTISFresh/DATA_S2/S2_10035.npy,PASTISFresh/ANNOTATIONS/TARGET_10035.npy
10036,PASTISFresh/DATA_S2/S2_10036.npy,PASTISFresh/ANNOTATIONS/TARGET_10036.npy
10037,PASTISFresh/DATA_S2/S2_10037.npy,PASTISFresh/ANNOTATIONS/TARGET_10037.npy
10038,PASTISFresh/DATA_S2/S2_10038.npy,PASTISFresh/ANNOTATIONS/TARGET_10038.npy
10039,PASTISFresh/DATA_S2/S2_10039.npy,PASTISFresh/ANNOTATIONS/TARGET_10039.npy
10042,PASTISFresh/DATA_S2/S2_10042.npy,PASTISFresh/ANNOTATIONS/TARGET_10042.npy
10043,PASTISFresh/DATA_S2/S2_10043.npy,PASTISFresh/ANNOTATIONS/TARGET_10043.npy
10044,PASTISFresh/DATA_S2/S2_10044.npy,PASTISFresh/ANNOTATIONS/TARGET_10044.npy
10045,PASTISFresh/DATA_S2/S2_10045.npy,PASTISFresh/ANNOTATIONS/TARGET_10045.npy
10047,PASTISFresh/DATA_S2/S2_10047.npy,PASTISFresh/ANNOTATIONS/TARGET_10047.npy
10049,PASTISFresh/DATA_S2/S2_10049.npy,PASTISFresh/ANNOTATIONS/TARGET_10049.npy
10050,PASTISFresh/DATA_S2/S2_10050.npy,PASTISFresh/ANNOTATIONS/TARGET_10050.npy
10051,PASTISFresh/DATA_S2/S2_10051.npy,PASTISFresh/ANNOTATIONS/TARGET_10051.npy
10052,PASTISFresh/DATA_S2/S2_10052.npy,PASTISFresh/ANNOTATIONS/TARGET_10052.npy
10053,PASTISFresh/DATA_S2/S2_10053.npy,PASTISFresh/ANNOTATIONS/TARGET_10053.npy
10055,PASTISFresh/DATA_S2/S2_10055.npy,PASTISFresh/ANNOTATIONS/TARGET_10055.npy
10061,PASTISFresh/DATA_S2/S2_10061.npy,PASTISFresh/ANNOTATIONS/TARGET_10061.npy
10062,PASTISFresh/DATA_S2/S2_10062.npy,PASTISFresh/ANNOTATIONS/TARGET_10062.npy
10063,PASTISFresh/DATA_S2/S2_10063.npy,PASTISFresh/ANNOTATIONS/TARGET_10063.npy
10066,PASTISFresh/DATA_S2/S2_10066.npy,PASTISFresh/ANNOTATIONS/TARGET_10066.npy
10067,PASTISFresh/DATA_S2/S2_10067.npy,PASTISFresh/ANNOTATIONS/TARGET_10067.npy
10069,PASTISFresh/DATA_S2/S2_10069.npy,PASTISFresh/ANNOTATIONS/TARGET_10069.npy
10072,PASTISFresh/DATA_S2/S2_10072.npy,PASTISFresh/ANNOTATIONS/TARGET_10072.npy
10073,PASTISFresh/DATA_S2/S2_10073.npy,PASTISFresh/ANNOTATIONS/TARGET_10073.npy
10074,PASTISFresh/DATA_S2/S2_10074.npy,PASTISFresh/ANNOTATIONS/TARGET_10074.npy
10076,PASTISFresh/DATA_S2/S2_10076.npy,PASTISFresh/ANNOTATIONS/TARGET_10076.npy
10077,PASTISFresh/DATA_S2/S2_10077.npy,PASTISFresh/ANNOTATIONS/TARGET_10077.npy
10080,PASTISFresh/DATA_S2/S2_10080.npy,PASTISFresh/ANNOTATIONS/TARGET_10080.npy
10081,PASTISFresh/DATA_S2/S2_10081.npy,PASTISFresh/ANNOTATIONS/TARGET_10081.npy
10082,PASTISFresh/DATA_S2/S2_10082.npy,PASTISFresh/ANNOTATIONS/TARGET_10082.npy
10083,PASTISFresh/DATA_S2/S2_10083.npy,PASTISFresh/ANNOTATIONS/TARGET_10083.npy
10084,PASTISFresh/DATA_S2/S2_10084.npy,PASTISFresh/ANNOTATIONS/TARGET_10084.npy
10085,PASTISFresh/DATA_S2/S2_10085.npy,PASTISFresh/ANNOTATIONS/TARGET_10085.npy
10088,PASTISFresh/DATA_S2/S2_10088.npy,PASTISFresh/ANNOTATIONS/TARGET_10088.npy
10090,PASTISFresh/DATA_S2/S2_10090.npy,PASTISFresh/ANNOTATIONS/TARGET_10090.npy
10091,PASTISFresh/DATA_S2/S2_10091.npy,PASTISFresh/ANNOTATIONS/TARGET_10091.npy
10092,PASTISFresh/DATA_S2/S2_10092.npy,PASTISFresh/ANNOTATIONS/TARGET_10092.npy
10093,PASTISFresh/DATA_S2/S2_10093.npy,PASTISFresh/ANNOTATIONS/TARGET_10093.npy
10096,PASTISFresh/DATA_S2/S2_10096.npy,PASTISFresh/ANNOTATIONS/TARGET_10096.npy
10097,PASTISFresh/DATA_S2/S2_10097.npy,PASTISFresh/ANNOTATIONS/TARGET_10097.npy
10098,PASTISFresh/DATA_S2/S2_10098.npy,PASTISFresh/ANNOTATIONS/TARGET_10098.npy
10099,PASTISFresh/DATA_S2/S2_10099.npy,PASTISFresh/ANNOTATIONS/TARGET_10099.npy
10100,PASTISFresh/DATA_S2/S2_10100.npy,PASTISFresh/ANNOTATIONS/TARGET_10100.npy
10101,PASTISFresh/DATA_S2/S2_10101.npy,PASTISFresh/ANNOTATIONS/TARGET_10101.npy
10102,PASTISFresh/DATA_S2/S2_10102.npy,PASTISFresh/ANNOTATIONS/TARGET_10102.npy
10103,PASTISFresh/DATA_S2/S2_10103.npy,PASTISFresh/ANNOTATIONS/TARGET_10103.npy
10104,PASTISFresh/DATA_S2/S2_10104.npy,PASTISFresh/ANNOTATIONS/TARGET_10104.npy
10108,PASTISFresh/DATA_S2/S2_10108.npy,PASTISFresh/ANNOTATIONS/TARGET_10108.npy
10109,PASTISFresh/DATA_S2/S2_10109.npy,PASTISFresh/ANNOTATIONS/TARGET_10109.npy
10111,PASTISFresh/DATA_S2/S2_10111.npy,PASTISFresh/ANNOTATIONS/TARGET_10111.npy
10112,PASTISFresh/DATA_S2/S2_10112.npy,PASTISFresh/ANNOTATIONS/TARGET_10112.npy
10113,PASTISFresh/DATA_S2/S2_10113.npy,PASTISFresh/ANNOTATIONS/TARGET_10113.npy
10114,PASTISFresh/DATA_S2/S2_10114.npy,PASTISFresh/ANNOTATIONS/TARGET_10114.npy
10115,PASTISFresh/DATA_S2/S2_10115.npy,PASTISFresh/ANNOTATIONS/TARGET_10115.npy
10116,PASTISFresh/DATA_S2/S2_10116.npy,PASTISFresh/ANNOTATIONS/TARGET_10116.npy
10117,PASTISFresh/DATA_S2/S2_10117.npy,PASTISFresh/ANNOTATIONS/TARGET_10117.npy
10119,PASTISFresh/DATA_S2/S2_10119.npy,PASTISFresh/ANNOTATIONS/TARGET_10119.npy
10121,PASTISFresh/DATA_S2/S2_10121.npy,PASTISFresh/ANNOTATIONS/TARGET_10121.npy
10122,PASTISFresh/DATA_S2/S2_10122.npy,PASTISFresh/ANNOTATIONS/TARGET_10122.npy
10123,PASTISFresh/DATA_S2/S2_10123.npy,PASTISFresh/ANNOTATIONS/TARGET_10123.npy
10124,PASTISFresh/DATA_S2/S2_10124.npy,PASTISFresh/ANNOTATIONS/TARGET_10124.npy
10126,PASTISFresh/DATA_S2/S2_10126.npy,PASTISFresh/ANNOTATIONS/TARGET_10126.npy
10128,PASTISFresh/DATA_S2/S2_10128.npy,PASTISFresh/ANNOTATIONS/TARGET_10128.npy
10134,PASTISFresh/DATA_S2/S2_10134.npy,PASTISFresh/ANNOTATIONS/TARGET_10134.npy
10135,PASTISFresh/DATA_S2/S2_10135.npy,PASTISFresh/ANNOTATIONS/TARGET_10135.npy
10138,PASTISFresh/DATA_S2/S2_10138.npy,PASTISFresh/ANNOTATIONS/TARGET_10138.npy
10140,PASTISFresh/DATA_S2/S2_10140.npy,PASTISFresh/ANNOTATIONS/TARGET_10140.npy
10141,PASTISFresh/DATA_S2/S2_10141.npy,PASTISFresh/ANNOTATIONS/TARGET_10141.npy
10142,PASTISFresh/DATA_S2/S2_10142.npy,PASTISFresh/ANNOTATIONS/TARGET_10142.npy
10143,PASTISFresh/DATA_S2/S2_10143.npy,PASTISFresh/ANNOTATIONS/TARGET_10143.npy
10146,PASTISFresh/DATA_S2/S2_10146.npy,PASTISFresh/ANNOTATIONS/TARGET_10146.npy
10149,PASTISFresh/DATA_S2/S2_10149.npy,PASTISFresh/ANNOTATIONS/TARGET_10149.npy
10156,PASTISFresh/DATA_S2/S2_10156.npy,PASTISFresh/ANNOTATIONS/TARGET_10156.npy
10159,PASTISFresh/DATA_S2/S2_10159.npy,PASTISFresh/ANNOTATIONS/TARGET_10159.npy
10161,PASTISFresh/DATA_S2/S2_10161.npy,PASTISFresh/ANNOTATIONS/TARGET_10161.npy
10162,PASTISFresh/DATA_S2/S2_10162.npy,PASTISFresh/ANNOTATIONS/TARGET_10162.npy
10164,PASTISFresh/DATA_S2/S2_10164.npy,PASTISFresh/ANNOTATIONS/TARGET_10164.npy
10165,PASTISFresh/DATA_S2/S2_10165.npy,PASTISFresh/ANNOTATIONS/TARGET_10165.npy
10166,PASTISFresh/DATA_S2/S2_10166.npy,PASTISFresh/ANNOTATIONS/TARGET_10166.npy
10168,PASTISFresh/DATA_S2/S2_10168.npy,PASTISFresh/ANNOTATIONS/TARGET_10168.npy
10169,PASTISFresh/DATA_S2/S2_10169.npy,PASTISFresh/ANNOTATIONS/TARGET_10169.npy
10170,PASTISFresh/DATA_S2/S2_10170.npy,PASTISFresh/ANNOTATIONS/TARGET_10170.npy
10173,PASTISFresh/DATA_S2/S2_10173.npy,PASTISFresh/ANNOTATIONS/TARGET_10173.npy
10175,PASTISFresh/DATA_S2/S2_10175.npy,PASTISFresh/ANNOTATIONS/TARGET_10175.npy
10176,PASTISFresh/DATA_S2/S2_10176.npy,PASTISFresh/ANNOTATIONS/TARGET_10176.npy
10177,PASTISFresh/DATA_S2/S2_10177.npy,PASTISFresh/ANNOTATIONS/TARGET_10177.npy
10179,PASTISFresh/DATA_S2/S2_10179.npy,PASTISFresh/ANNOTATIONS/TARGET_10179.npy
10181,PASTISFresh/DATA_S2/S2_10181.npy,PASTISFresh/ANNOTATIONS/TARGET_10181.npy
10182,PASTISFresh/DATA_S2/S2_10182.npy,PASTISFresh/ANNOTATIONS/TARGET_10182.npy
10185,PASTISFresh/DATA_S2/S2_10185.npy,PASTISFresh/ANNOTATIONS/TARGET_10185.npy
10186,PASTISFresh/DATA_S2/S2_10186.npy,PASTISFresh/ANNOTATIONS/TARGET_10186.npy
10189,PASTISFresh/DATA_S2/S2_10189.npy,PASTISFresh/ANNOTATIONS/TARGET_10189.npy
10190,PASTISFresh/DATA_S2/S2_10190.npy,PASTISFresh/ANNOTATIONS/TARGET_10190.npy
10191,PASTISFresh/DATA_S2/S2_10191.npy,PASTISFresh/ANNOTATIONS/TARGET_10191.npy
10192,PASTISFresh/DATA_S2/S2_10192.npy,PASTISFresh/ANNOTATIONS/TARGET_10192.npy
10193,PASTISFresh/DATA_S2/S2_10193.npy,PASTISFresh/ANNOTATIONS/TARGET_10193.npy
10195,PASTISFresh/DATA_S2/S2_10195.npy,PASTISFresh/ANNOTATIONS/TARGET_10195.npy
10197,PASTISFresh/DATA_S2/S2_10197.npy,PASTISFresh/ANNOTATIONS/TARGET_10197.npy
10198,PASTISFresh/DATA_S2/S2_10198.npy,PASTISFresh/ANNOTATIONS/TARGET_10198.npy
10199,PASTISFresh/DATA_S2/S2_10199.npy,PASTISFresh/ANNOTATIONS/TARGET_10199.npy
10201,PASTISFresh/DATA_S2/S2_10201.npy,PASTISFresh/ANNOTATIONS/TARGET_10201.npy
10204,PASTISFresh/DATA_S2/S2_10204.npy,PASTISFresh/ANNOTATIONS/TARGET_10204.npy
10206,PASTISFresh/DATA_S2/S2_10206.npy,PASTISFresh/ANNOTATIONS/TARGET_10206.npy
10208,PASTISFresh/DATA_S2/S2_10208.npy,PASTISFresh/ANNOTATIONS/TARGET_10208.npy
10211,PASTISFresh/DATA_S2/S2_10211.npy,PASTISFresh/ANNOTATIONS/TARGET_10211.npy
10212,PASTISFresh/DATA_S2/S2_10212.npy,PASTISFresh/ANNOTATIONS/TARGET_10212.npy
10213,PASTISFresh/DATA_S2/S2_10213.npy,PASTISFresh/ANNOTATIONS/TARGET_10213.npy
10214,PASTISFresh/DATA_S2/S2_10214.npy,PASTISFresh/ANNOTATIONS/TARGET_10214.npy
10215,PASTISFresh/DATA_S2/S2_10215.npy,PASTISFresh/ANNOTATIONS/TARGET_10215.npy
10217,PASTISFresh/DATA_S2/S2_10217.npy,PASTISFresh/ANNOTATIONS/TARGET_10217.npy
10219,PASTISFresh/DATA_S2/S2_10219.npy,PASTISFresh/ANNOTATIONS/TARGET_10219.npy
10221,PASTISFresh/DATA_S2/S2_10221.npy,PASTISFresh/ANNOTATIONS/TARGET_10221.npy
10223,PASTISFresh/DATA_S2/S2_10223.npy,PASTISFresh/ANNOTATIONS/TARGET_10223.npy
10226,PASTISFresh/DATA_S2/S2_10226.npy,PASTISFresh/ANNOTATIONS/TARGET_10226.npy
10227,PASTISFresh/DATA_S2/S2_10227.npy,PASTISFresh/ANNOTATIONS/TARGET_10227.npy
10228,PASTISFresh/DATA_S2/S2_10228.npy,PASTISFresh/ANNOTATIONS/TARGET_10228.npy
10229,PASTISFresh/DATA_S2/S2_10229.npy,PASTISFresh/ANNOTATIONS/TARGET_10229.npy
10231,PASTISFresh/DATA_S2/S2_10231.npy,PASTISFresh/ANNOTATIONS/TARGET_10231.npy
10234,PASTISFresh/DATA_S2/S2_10234.npy,PASTISFresh/ANNOTATIONS/TARGET_10234.npy
10235,PASTISFresh/DATA_S2/S2_10235.npy,PASTISFresh/ANNOTATIONS/TARGET_10235.npy
10238,PASTISFresh/DATA_S2/S2_10238.npy,PASTISFresh/ANNOTATIONS/TARGET_10238.npy
10240,PASTISFresh/DATA_S2/S2_10240.npy,PASTISFresh/ANNOTATIONS/TARGET_10240.npy
10241,PASTISFresh/DATA_S2/S2_10241.npy,PASTISFresh/ANNOTATIONS/TARGET_10241.npy
10242,PASTISFresh/DATA_S2/S2_10242.npy,PASTISFresh/ANNOTATIONS/TARGET_10242.npy
10243,PASTISFresh/DATA_S2/S2_10243.npy,PASTISFresh/ANNOTATIONS/TARGET_10243.npy
10245,PASTISFresh/DATA_S2/S2_10245.npy,PASTISFresh/ANNOTATIONS/TARGET_10245.npy
10248,PASTISFresh/DATA_S2/S2_10248.npy,PASTISFresh/ANNOTATIONS/TARGET_10248.npy
10250,PASTISFresh/DATA_S2/S2_10250.npy,PASTISFresh/ANNOTATIONS/TARGET_10250.npy
10251,PASTISFresh/DATA_S2/S2_10251.npy,PASTISFresh/ANNOTATIONS/TARGET_10251.npy
10252,PASTISFresh/DATA_S2/S2_10252.npy,PASTISFresh/ANNOTATIONS/TARGET_10252.npy
10253,PASTISFresh/DATA_S2/S2_10253.npy,PASTISFresh/ANNOTATIONS/TARGET_10253.npy
10254,PASTISFresh/DATA_S2/S2_10254.npy,PASTISFresh/ANNOTATIONS/TARGET_10254.npy
10256,PASTISFresh/DATA_S2/S2_10256.npy,PASTISFresh/ANNOTATIONS/TARGET_10256.npy
10257,PASTISFresh/DATA_S2/S2_10257.npy,PASTISFresh/ANNOTATIONS/TARGET_10257.npy
10259,PASTISFresh/DATA_S2/S2_10259.npy,PASTISFresh/ANNOTATIONS/TARGET_10259.npy
10261,PASTISFresh/DATA_S2/S2_10261.npy,PASTISFresh/ANNOTATIONS/TARGET_10261.npy
10263,PASTISFresh/DATA_S2/S2_10263.npy,PASTISFresh/ANNOTATIONS/TARGET_10263.npy
10265,PASTISFresh/DATA_S2/S2_10265.npy,PASTISFresh/ANNOTATIONS/TARGET_10265.npy
10266,PASTISFresh/DATA_S2/S2_10266.npy,PASTISFresh/ANNOTATIONS/TARGET_10266.npy
10269,PASTISFresh/DATA_S2/S2_10269.npy,PASTISFresh/ANNOTATIONS/TARGET_10269.npy
10270,PASTISFresh/DATA_S2/S2_10270.npy,PASTISFresh/ANNOTATIONS/TARGET_10270.npy
10271,PASTISFresh/DATA_S2/S2_10271.npy,PASTISFresh/ANNOTATIONS/TARGET_10271.npy
10272,PASTISFresh/DATA_S2/S2_10272.npy,PASTISFresh/ANNOTATIONS/TARGET_10272.npy
10273,PASTISFresh/DATA_S2/S2_10273.npy,PASTISFresh/ANNOTATIONS/TARGET_10273.npy
10274,PASTISFresh/DATA_S2/S2_10274.npy,PASTISFresh/ANNOTATIONS/TARGET_10274.npy
10275,PASTISFresh/DATA_S2/S2_10275.npy,PASTISFresh/ANNOTATIONS/TARGET_10275.npy
10276,PASTISFresh/DATA_S2/S2_10276.npy,PASTISFresh/ANNOTATIONS/TARGET_10276.npy
10278,PASTISFresh/DATA_S2/S2_10278.npy,PASTISFresh/ANNOTATIONS/TARGET_10278.npy
10285,PASTISFresh/DATA_S2/S2_10285.npy,PASTISFresh/ANNOTATIONS/TARGET_10285.npy
10286,PASTISFresh/DATA_S2/S2_10286.npy,PASTISFresh/ANNOTATIONS/TARGET_10286.npy
10287,PASTISFresh/DATA_S2/S2_10287.npy,PASTISFresh/ANNOTATIONS/TARGET_10287.npy
10288,PASTISFresh/DATA_S2/S2_10288.npy,PASTISFresh/ANNOTATIONS/TARGET_10288.npy
10290,PASTISFresh/DATA_S2/S2_10290.npy,PASTISFresh/ANNOTATIONS/TARGET_10290.npy
10291,PASTISFresh/DATA_S2/S2_10291.npy,PASTISFresh/ANNOTATIONS/TARGET_10291.npy
10293,PASTISFresh/DATA_S2/S2_10293.npy,PASTISFresh/ANNOTATIONS/TARGET_10293.npy
10296,PASTISFresh/DATA_S2/S2_10296.npy,PASTISFresh/ANNOTATIONS/TARGET_10296.npy
10297,PASTISFresh/DATA_S2/S2_10297.npy,PASTISFresh/ANNOTATIONS/TARGET_10297.npy
10299,PASTISFresh/DATA_S2/S2_10299.npy,PASTISFresh/ANNOTATIONS/TARGET_10299.npy
10301,PASTISFresh/DATA_S2/S2_10301.npy,PASTISFresh/ANNOTATIONS/TARGET_10301.npy
10302,PASTISFresh/DATA_S2/S2_10302.npy,PASTISFresh/ANNOTATIONS/TARGET_10302.npy
10303,PASTISFresh/DATA_S2/S2_10303.npy,PASTISFresh/ANNOTATIONS/TARGET_10303.npy
10308,PASTISFresh/DATA_S2/S2_10308.npy,PASTISFresh/ANNOTATIONS/TARGET_10308.npy
10310,PASTISFresh/DATA_S2/S2_10310.npy,PASTISFresh/ANNOTATIONS/TARGET_10310.npy
10311,PASTISFresh/DATA_S2/S2_10311.npy,PASTISFresh/ANNOTATIONS/TARGET_10311.npy
10314,PASTISFresh/DATA_S2/S2_10314.npy,PASTISFresh/ANNOTATIONS/TARGET_10314.npy
10315,PASTISFresh/DATA_S2/S2_10315.npy,PASTISFresh/ANNOTATIONS/TARGET_10315.npy
10316,PASTISFresh/DATA_S2/S2_10316.npy,PASTISFresh/ANNOTATIONS/TARGET_10316.npy
10317,PASTISFresh/DATA_S2/S2_10317.npy,PASTISFresh/ANNOTATIONS/TARGET_10317.npy
10318,PASTISFresh/DATA_S2/S2_10318.npy,PASTISFresh/ANNOTATIONS/TARGET_10318.npy
10319,PASTISFresh/DATA_S2/S2_10319.npy,PASTISFresh/ANNOTATIONS/TARGET_10319.npy
10322,PASTISFresh/DATA_S2/S2_10322.npy,PASTISFresh/ANNOTATIONS/TARGET_10322.npy
10324,PASTISFresh/DATA_S2/S2_10324.npy,PASTISFresh/ANNOTATIONS/TARGET_10324.npy
10325,PASTISFresh/DATA_S2/S2_10325.npy,PASTISFresh/ANNOTATIONS/TARGET_10325.npy
10328,PASTISFresh/DATA_S2/S2_10328.npy,PASTISFresh/ANNOTATIONS/TARGET_10328.npy
10330,PASTISFresh/DATA_S2/S2_10330.npy,PASTISFresh/ANNOTATIONS/TARGET_10330.npy
10335,PASTISFresh/DATA_S2/S2_10335.npy,PASTISFresh/ANNOTATIONS/TARGET_10335.npy
10337,PASTISFresh/DATA_S2/S2_10337.npy,PASTISFresh/ANNOTATIONS/TARGET_10337.npy
10338,PASTISFresh/DATA_S2/S2_10338.npy,PASTISFresh/ANNOTATIONS/TARGET_10338.npy
10339,PASTISFresh/DATA_S2/S2_10339.npy,PASTISFresh/ANNOTATIONS/TARGET_10339.npy
10340,PASTISFresh/DATA_S2/S2_10340.npy,PASTISFresh/ANNOTATIONS/TARGET_10340.npy
10341,PASTISFresh/DATA_S2/S2_10341.npy,PASTISFresh/ANNOTATIONS/TARGET_10341.npy
10342,PASTISFresh/DATA_S2/S2_10342.npy,PASTISFresh/ANNOTATIONS/TARGET_10342.npy
10343,PASTISFresh/DATA_S2/S2_10343.npy,PASTISFresh/ANNOTATIONS/TARGET_10343.npy
10344,PASTISFresh/DATA_S2/S2_10344.npy,PASTISFresh/ANNOTATIONS/TARGET_10344.npy
10345,PASTISFresh/DATA_S2/S2_10345.npy,PASTISFresh/ANNOTATIONS/TARGET_10345.npy
10346,PASTISFresh/DATA_S2/S2_10346.npy,PASTISFresh/ANNOTATIONS/TARGET_10346.npy
10349,PASTISFresh/DATA_S2/S2_10349.npy,PASTISFresh/ANNOTATIONS/TARGET_10349.npy
10351,PASTISFresh/DATA_S2/S2_10351.npy,PASTISFresh/ANNOTATIONS/TARGET_10351.npy
10352,PASTISFresh/DATA_S2/S2_10352.npy,PASTISFresh/ANNOTATIONS/TARGET_10352.npy
10355,PASTISFresh/DATA_S2/S2_10355.npy,PASTISFresh/ANNOTATIONS/TARGET_10355.npy
10356,PASTISFresh/DATA_S2/S2_10356.npy,PASTISFresh/ANNOTATIONS/TARGET_10356.npy
10357,PASTISFresh/DATA_S2/S2_10357.npy,PASTISFresh/ANNOTATIONS/TARGET_10357.npy
10358,PASTISFresh/DATA_S2/S2_10358.npy,PASTISFresh/ANNOTATIONS/TARGET_10358.npy
10362,PASTISFresh/DATA_S2/S2_10362.npy,PASTISFresh/ANNOTATIONS/TARGET_10362.npy
10363,PASTISFresh/DATA_S2/S2_10363.npy,PASTISFresh/ANNOTATIONS/TARGET_10363.npy
10364,PASTISFresh/DATA_S2/S2_10364.npy,PASTISFresh/ANNOTATIONS/TARGET_10364.npy
10365,PASTISFresh/DATA_S2/S2_10365.npy,PASTISFresh/ANNOTATIONS/TARGET_10365.npy
10367,PASTISFresh/DATA_S2/S2_10367.npy,PASTISFresh/ANNOTATIONS/TARGET_10367.npy
10368,PASTISFresh/DATA_S2/S2_10368.npy,PASTISFresh/ANNOTATIONS/TARGET_10368.npy
10369,PASTISFresh/DATA_S2/S2_10369.npy,PASTISFresh/ANNOTATIONS/TARGET_10369.npy
10371,PASTISFresh/DATA_S2/S2_10371.npy,PASTISFresh/ANNOTATIONS/TARGET_10371.npy
10372,PASTISFresh/DATA_S2/S2_10372.npy,PASTISFresh/ANNOTATIONS/TARGET_10372.npy
10376,PASTISFresh/DATA_S2/S2_10376.npy,PASTISFresh/ANNOTATIONS/TARGET_10376.npy
10377,PASTISFresh/DATA_S2/S2_10377.npy,PASTISFresh/ANNOTATIONS/TARGET_10377.npy
10379,PASTISFresh/DATA_S2/S2_10379.npy,PASTISFresh/ANNOTATIONS/TARGET_10379.npy
10381,PASTISFresh/DATA_S2/S2_10381.npy,PASTISFresh/ANNOTATIONS/TARGET_10381.npy
10385,PASTISFresh/DATA_S2/S2_10385.npy,PASTISFresh/ANNOTATIONS/TARGET_10385.npy
10386,PASTISFresh/DATA_S2/S2_10386.npy,PASTISFresh/ANNOTATIONS/TARGET_10386.npy
10387,PASTISFresh/DATA_S2/S2_10387.npy,PASTISFresh/ANNOTATIONS/TARGET_10387.npy
10388,PASTISFresh/DATA_S2/S2_10388.npy,PASTISFresh/ANNOTATIONS/TARGET_10388.npy
10389,PASTISFresh/DATA_S2/S2_10389.npy,PASTISFresh/ANNOTATIONS/TARGET_10389.npy
10390,PASTISFresh/DATA_S2/S2_10390.npy,PASTISFresh/ANNOTATIONS/TARGET_10390.npy
10391,PASTISFresh/DATA_S2/S2_10391.npy,PASTISFresh/ANNOTATIONS/TARGET_10391.npy
10393,PASTISFresh/DATA_S2/S2_10393.npy,PASTISFresh/ANNOTATIONS/TARGET_10393.npy
10395,PASTISFresh/DATA_S2/S2_10395.npy,PASTISFresh/ANNOTATIONS/TARGET_10395.npy
10397,PASTISFresh/DATA_S2/S2_10397.npy,PASTISFresh/ANNOTATIONS/TARGET_10397.npy
10400,PASTISFresh/DATA_S2/S2_10400.npy,PASTISFresh/ANNOTATIONS/TARGET_10400.npy
10402,PASTISFresh/DATA_S2/S2_10402.npy,PASTISFresh/ANNOTATIONS/TARGET_10402.npy
10403,PASTISFresh/DATA_S2/S2_10403.npy,PASTISFresh/ANNOTATIONS/TARGET_10403.npy
10404,PASTISFresh/DATA_S2/S2_10404.npy,PASTISFresh/ANNOTATIONS/TARGET_10404.npy
10405,PASTISFresh/DATA_S2/S2_10405.npy,PASTISFresh/ANNOTATIONS/TARGET_10405.npy
10406,PASTISFresh/DATA_S2/S2_10406.npy,PASTISFresh/ANNOTATIONS/TARGET_10406.npy
10407,PASTISFresh/DATA_S2/S2_10407.npy,PASTISFresh/ANNOTATIONS/TARGET_10407.npy
10408,PASTISFresh/DATA_S2/S2_10408.npy,PASTISFresh/ANNOTATIONS/TARGET_10408.npy
10410,PASTISFresh/DATA_S2/S2_10410.npy,PASTISFresh/ANNOTATIONS/TARGET_10410.npy
10411,PASTISFresh/DATA_S2/S2_10411.npy,PASTISFresh/ANNOTATIONS/TARGET_10411.npy
10414,PASTISFresh/DATA_S2/S2_10414.npy,PASTISFresh/ANNOTATIONS/TARGET_10414.npy
10415,PASTISFresh/DATA_S2/S2_10415.npy,PASTISFresh/ANNOTATIONS/TARGET_10415.npy
10417,PASTISFresh/DATA_S2/S2_10417.npy,PASTISFresh/ANNOTATIONS/TARGET_10417.npy
10418,PASTISFresh/DATA_S2/S2_10418.npy,PASTISFresh/ANNOTATIONS/TARGET_10418.npy
10419,PASTISFresh/DATA_S2/S2_10419.npy,PASTISFresh/ANNOTATIONS/TARGET_10419.npy
10420,PASTISFresh/DATA_S2/S2_10420.npy,PASTISFresh/ANNOTATIONS/TARGET_10420.npy
10421,PASTISFresh/DATA_S2/S2_10421.npy,PASTISFresh/ANNOTATIONS/TARGET_10421.npy
10423,PASTISFresh/DATA_S2/S2_10423.npy,PASTISFresh/ANNOTATIONS/TARGET_10423.npy
10424,PASTISFresh/DATA_S2/S2_10424.npy,PASTISFresh/ANNOTATIONS/TARGET_10424.npy
10427,PASTISFresh/DATA_S2/S2_10427.npy,PASTISFresh/ANNOTATIONS/TARGET_10427.npy
10428,PASTISFresh/DATA_S2/S2_10428.npy,PASTISFresh/ANNOTATIONS/TARGET_10428.npy
10429,PASTISFresh/DATA_S2/S2_10429.npy,PASTISFresh/ANNOTATIONS/TARGET_10429.npy
10432,PASTISFresh/DATA_S2/S2_10432.npy,PASTISFresh/ANNOTATIONS/TARGET_10432.npy
10433,PASTISFresh/DATA_S2/S2_10433.npy,PASTISFresh/ANNOTATIONS/TARGET_10433.npy
10434,PASTISFresh/DATA_S2/S2_10434.npy,PASTISFresh/ANNOTATIONS/TARGET_10434.npy
10436,PASTISFresh/DATA_S2/S2_10436.npy,PASTISFresh/ANNOTATIONS/TARGET_10436.npy
10437,PASTISFresh/DATA_S2/S2_10437.npy,PASTISFresh/ANNOTATIONS/TARGET_10437.npy
10438,PASTISFresh/DATA_S2/S2_10438.npy,PASTISFresh/ANNOTATIONS/TARGET_10438.npy
10439,PASTISFresh/DATA_S2/S2_10439.npy,PASTISFresh/ANNOTATIONS/TARGET_10439.npy
10440,PASTISFresh/DATA_S2/S2_10440.npy,PASTISFresh/ANNOTATIONS/TARGET_10440.npy
10441,PASTISFresh/DATA_S2/S2_10441.npy,PASTISFresh/ANNOTATIONS/TARGET_10441.npy
10443,PASTISFresh/DATA_S2/S2_10443.npy,PASTISFresh/ANNOTATIONS/TARGET_10443.npy
10445,PASTISFresh/DATA_S2/S2_10445.npy,PASTISFresh/ANNOTATIONS/TARGET_10445.npy
10446,PASTISFresh/DATA_S2/S2_10446.npy,PASTISFresh/ANNOTATIONS/TARGET_10446.npy
10447,PASTISFresh/DATA_S2/S2_10447.npy,PASTISFresh/ANNOTATIONS/TARGET_10447.npy
10448,PASTISFresh/DATA_S2/S2_10448.npy,PASTISFresh/ANNOTATIONS/TARGET_10448.npy
10449,PASTISFresh/DATA_S2/S2_10449.npy,PASTISFresh/ANNOTATIONS/TARGET_10449.npy
10452,PASTISFresh/DATA_S2/S2_10452.npy,PASTISFresh/ANNOTATIONS/TARGET_10452.npy
10453,PASTISFresh/DATA_S2/S2_10453.npy,PASTISFresh/ANNOTATIONS/TARGET_10453.npy
10458,PASTISFresh/DATA_S2/S2_10458.npy,PASTISFresh/ANNOTATIONS/TARGET_10458.npy
10459,PASTISFresh/DATA_S2/S2_10459.npy,PASTISFresh/ANNOTATIONS/TARGET_10459.npy
10460,PASTISFresh/DATA_S2/S2_10460.npy,PASTISFresh/ANNOTATIONS/TARGET_10460.npy
10462,PASTISFresh/DATA_S2/S2_10462.npy,PASTISFresh/ANNOTATIONS/TARGET_10462.npy
10463,PASTISFresh/DATA_S2/S2_10463.npy,PASTISFresh/ANNOTATIONS/TARGET_10463.npy
10464,PASTISFresh/DATA_S2/S2_10464.npy,PASTISFresh/ANNOTATIONS/TARGET_10464.npy
10465,PASTISFresh/DATA_S2/S2_10465.npy,PASTISFresh/ANNOTATIONS/TARGET_10465.npy
10466,PASTISFresh/DATA_S2/S2_10466.npy,PASTISFresh/ANNOTATIONS/TARGET_10466.npy
10467,PASTISFresh/DATA_S2/S2_10467.npy,PASTISFresh/ANNOTATIONS/TARGET_10467.npy
10469,PASTISFresh/DATA_S2/S2_10469.npy,PASTISFresh/ANNOTATIONS/TARGET_10469.npy
10470,PASTISFresh/DATA_S2/S2_10470.npy,PASTISFresh/ANNOTATIONS/TARGET_10470.npy
10478,PASTISFresh/DATA_S2/S2_10478.npy,PASTISFresh/ANNOTATIONS/TARGET_10478.npy
10479,PASTISFresh/DATA_S2/S2_10479.npy,PASTISFresh/ANNOTATIONS/TARGET_10479.npy
10482,PASTISFresh/DATA_S2/S2_10482.npy,PASTISFresh/ANNOTATIONS/TARGET_10482.npy
10483,PASTISFresh/DATA_S2/S2_10483.npy,PASTISFresh/ANNOTATIONS/TARGET_10483.npy
10484,PASTISFresh/DATA_S2/S2_10484.npy,PASTISFresh/ANNOTATIONS/TARGET_10484.npy
10489,PASTISFresh/DATA_S2/S2_10489.npy,PASTISFresh/ANNOTATIONS/TARGET_10489.npy
10492,PASTISFresh/DATA_S2/S2_10492.npy,PASTISFresh/ANNOTATIONS/TARGET_10492.npy
10494,PASTISFresh/DATA_S2/S2_10494.npy,PASTISFresh/ANNOTATIONS/TARGET_10494.npy
10495,PASTISFresh/DATA_S2/S2_10495.npy,PASTISFresh/ANNOTATIONS/TARGET_10495.npy
10496,PASTISFresh/DATA_S2/S2_10496.npy,PASTISFresh/ANNOTATIONS/TARGET_10496.npy
10497,PASTISFresh/DATA_S2/S2_10497.npy,PASTISFresh/ANNOTATIONS/TARGET_10497.npy
10498,PASTISFresh/DATA_S2/S2_10498.npy,PASTISFresh/ANNOTATIONS/TARGET_10498.npy
10499,PASTISFresh/DATA_S2/S2_10499.npy,PASTISFresh/ANNOTATIONS/TARGET_10499.npy
10500,PASTISFresh/DATA_S2/S2_10500.npy,PASTISFresh/ANNOTATIONS/TARGET_10500.npy
10502,PASTISFresh/DATA_S2/S2_10502.npy,PASTISFresh/ANNOTATIONS/TARGET_10502.npy
10503,PASTISFresh/DATA_S2/S2_10503.npy,PASTISFresh/ANNOTATIONS/TARGET_10503.npy
10504,PASTISFresh/DATA_S2/S2_10504.npy,PASTISFresh/ANNOTATIONS/TARGET_10504.npy
10505,PASTISFresh/DATA_S2/S2_10505.npy,PASTISFresh/ANNOTATIONS/TARGET_10505.npy
10507,PASTISFresh/DATA_S2/S2_10507.npy,PASTISFresh/ANNOTATIONS/TARGET_10507.npy
10510,PASTISFresh/DATA_S2/S2_10510.npy,PASTISFresh/ANNOTATIONS/TARGET_10510.npy
10512,PASTISFresh/DATA_S2/S2_10512.npy,PASTISFresh/ANNOTATIONS/TARGET_10512.npy
10516,PASTISFresh/DATA_S2/S2_10516.npy,PASTISFresh/ANNOTATIONS/TARGET_10516.npy
10518,PASTISFresh/DATA_S2/S2_10518.npy,PASTISFresh/ANNOTATIONS/TARGET_10518.npy
10521,PASTISFresh/DATA_S2/S2_10521.npy,PASTISFresh/ANNOTATIONS/TARGET_10521.npy
10522,PASTISFresh/DATA_S2/S2_10522.npy,PASTISFresh/ANNOTATIONS/TARGET_10522.npy
10523,PASTISFresh/DATA_S2/S2_10523.npy,PASTISFresh/ANNOTATIONS/TARGET_10523.npy
10524,PASTISFresh/DATA_S2/S2_10524.npy,PASTISFresh/ANNOTATIONS/TARGET_10524.npy
10525,PASTISFresh/DATA_S2/S2_10525.npy,PASTISFresh/ANNOTATIONS/TARGET_10525.npy
10526,PASTISFresh/DATA_S2/S2_10526.npy,PASTISFresh/ANNOTATIONS/TARGET_10526.npy
10530,PASTISFresh/DATA_S2/S2_10530.npy,PASTISFresh/ANNOTATIONS/TARGET_10530.npy
10533,PASTISFresh/DATA_S2/S2_10533.npy,PASTISFresh/ANNOTATIONS/TARGET_10533.npy
10534,PASTISFresh/DATA_S2/S2_10534.npy,PASTISFresh/ANNOTATIONS/TARGET_10534.npy
10535,PASTISFresh/DATA_S2/S2_10535.npy,PASTISFresh/ANNOTATIONS/TARGET_10535.npy
10536,PASTISFresh/DATA_S2/S2_10536.npy,PASTISFresh/ANNOTATIONS/TARGET_10536.npy
10537,PASTISFresh/DATA_S2/S2_10537.npy,PASTISFresh/ANNOTATIONS/TARGET_10537.npy
10538,PASTISFresh/DATA_S2/S2_10538.npy,PASTISFresh/ANNOTATIONS/TARGET_10538.npy
10539,PASTISFresh/DATA_S2/S2_10539.npy,PASTISFresh/ANNOTATIONS/TARGET_10539.npy
10540,PASTISFresh/DATA_S2/S2_10540.npy,PASTISFresh/ANNOTATIONS/TARGET_10540.npy
20000,PASTISFresh/DATA_S2/S2_20000.npy,PASTISFresh/ANNOTATIONS/TARGET_20000.npy
20001,PASTISFresh/DATA_S2/S2_20001.npy,PASTISFresh/ANNOTATIONS/TARGET_20001.npy
20002,PASTISFresh/DATA_S2/S2_20002.npy,PASTISFresh/ANNOTATIONS/TARGET_20002.npy
20003,PASTISFresh/DATA_S2/S2_20003.npy,PASTISFresh/ANNOTATIONS/TARGET_20003.npy
20004,PASTISFresh/DATA_S2/S2_20004.npy,PASTISFresh/ANNOTATIONS/TARGET_20004.npy
20005,PASTISFresh/DATA_S2/S2_20005.npy,PASTISFresh/ANNOTATIONS/TARGET_20005.npy
20006,PASTISFresh/DATA_S2/S2_20006.npy,PASTISFresh/ANNOTATIONS/TARGET_20006.npy
20007,PASTISFresh/DATA_S2/S2_20007.npy,PASTISFresh/ANNOTATIONS/TARGET_20007.npy
20008,PASTISFresh/DATA_S2/S2_20008.npy,PASTISFresh/ANNOTATIONS/TARGET_20008.npy
20010,PASTISFresh/DATA_S2/S2_20010.npy,PASTISFresh/ANNOTATIONS/TARGET_20010.npy
20011,PASTISFresh/DATA_S2/S2_20011.npy,PASTISFresh/ANNOTATIONS/TARGET_20011.npy
20012,PASTISFresh/DATA_S2/S2_20012.npy,PASTISFresh/ANNOTATIONS/TARGET_20012.npy
20013,PASTISFresh/DATA_S2/S2_20013.npy,PASTISFresh/ANNOTATIONS/TARGET_20013.npy
20014,PASTISFresh/DATA_S2/S2_20014.npy,PASTISFresh/ANNOTATIONS/TARGET_20014.npy
20015,PASTISFresh/DATA_S2/S2_20015.npy,PASTISFresh/ANNOTATIONS/TARGET_20015.npy
20016,PASTISFresh/DATA_S2/S2_20016.npy,PASTISFresh/ANNOTATIONS/TARGET_20016.npy
20017,PASTISFresh/DATA_S2/S2_20017.npy,PASTISFresh/ANNOTATIONS/TARGET_20017.npy
20018,PASTISFresh/DATA_S2/S2_20018.npy,PASTISFresh/ANNOTATIONS/TARGET_20018.npy
20020,PASTISFresh/DATA_S2/S2_20020.npy,PASTISFresh/ANNOTATIONS/TARGET_20020.npy
20021,PASTISFresh/DATA_S2/S2_20021.npy,PASTISFresh/ANNOTATIONS/TARGET_20021.npy
20025,PASTISFresh/DATA_S2/S2_20025.npy,PASTISFresh/ANNOTATIONS/TARGET_20025.npy
20026,PASTISFresh/DATA_S2/S2_20026.npy,PASTISFresh/ANNOTATIONS/TARGET_20026.npy
20027,PASTISFresh/DATA_S2/S2_20027.npy,PASTISFresh/ANNOTATIONS/TARGET_20027.npy
20029,PASTISFresh/DATA_S2/S2_20029.npy,PASTISFresh/ANNOTATIONS/TARGET_20029.npy
20030,PASTISFresh/DATA_S2/S2_20030.npy,PASTISFresh/ANNOTATIONS/TARGET_20030.npy
20032,PASTISFresh/DATA_S2/S2_20032.npy,PASTISFresh/ANNOTATIONS/TARGET_20032.npy
20033,PASTISFresh/DATA_S2/S2_20033.npy,PASTISFresh/ANNOTATIONS/TARGET_20033.npy
20034,PASTISFresh/DATA_S2/S2_20034.npy,PASTISFresh/ANNOTATIONS/TARGET_20034.npy
20035,PASTISFresh/DATA_S2/S2_20035.npy,PASTISFresh/ANNOTATIONS/TARGET_20035.npy
20036,PASTISFresh/DATA_S2/S2_20036.npy,PASTISFresh/ANNOTATIONS/TARGET_20036.npy
20037,PASTISFresh/DATA_S2/S2_20037.npy,PASTISFresh/ANNOTATIONS/TARGET_20037.npy
20038,PASTISFresh/DATA_S2/S2_20038.npy,PASTISFresh/ANNOTATIONS/TARGET_20038.npy
20039,PASTISFresh/DATA_S2/S2_20039.npy,PASTISFresh/ANNOTATIONS/TARGET_20039.npy
20040,PASTISFresh/DATA_S2/S2_20040.npy,PASTISFresh/ANNOTATIONS/TARGET_20040.npy
20041,PASTISFresh/DATA_S2/S2_20041.npy,PASTISFresh/ANNOTATIONS/TARGET_20041.npy
20043,PASTISFresh/DATA_S2/S2_20043.npy,PASTISFresh/ANNOTATIONS/TARGET_20043.npy
20044,PASTISFresh/DATA_S2/S2_20044.npy,PASTISFresh/ANNOTATIONS/TARGET_20044.npy
20045,PASTISFresh/DATA_S2/S2_20045.npy,PASTISFresh/ANNOTATIONS/TARGET_20045.npy
20046,PASTISFresh/DATA_S2/S2_20046.npy,PASTISFresh/ANNOTATIONS/TARGET_20046.npy
20047,PASTISFresh/DATA_S2/S2_20047.npy,PASTISFresh/ANNOTATIONS/TARGET_20047.npy
20049,PASTISFresh/DATA_S2/S2_20049.npy,PASTISFresh/ANNOTATIONS/TARGET_20049.npy
20050,PASTISFresh/DATA_S2/S2_20050.npy,PASTISFresh/ANNOTATIONS/TARGET_20050.npy
20051,PASTISFresh/DATA_S2/S2_20051.npy,PASTISFresh/ANNOTATIONS/TARGET_20051.npy
20054,PASTISFresh/DATA_S2/S2_20054.npy,PASTISFresh/ANNOTATIONS/TARGET_20054.npy
20056,PASTISFresh/DATA_S2/S2_20056.npy,PASTISFresh/ANNOTATIONS/TARGET_20056.npy
20057,PASTISFresh/DATA_S2/S2_20057.npy,PASTISFresh/ANNOTATIONS/TARGET_20057.npy
20059,PASTISFresh/DATA_S2/S2_20059.npy,PASTISFresh/ANNOTATIONS/TARGET_20059.npy
20061,PASTISFresh/DATA_S2/S2_20061.npy,PASTISFresh/ANNOTATIONS/TARGET_20061.npy
20064,PASTISFresh/DATA_S2/S2_20064.npy,PASTISFresh/ANNOTATIONS/TARGET_20064.npy
20065,PASTISFresh/DATA_S2/S2_20065.npy,PASTISFresh/ANNOTATIONS/TARGET_20065.npy
20066,PASTISFresh/DATA_S2/S2_20066.npy,PASTISFresh/ANNOTATIONS/TARGET_20066.npy
20070,PASTISFresh/DATA_S2/S2_20070.npy,PASTISFresh/ANNOTATIONS/TARGET_20070.npy
20071,PASTISFresh/DATA_S2/S2_20071.npy,PASTISFresh/ANNOTATIONS/TARGET_20071.npy
20072,PASTISFresh/DATA_S2/S2_20072.npy,PASTISFresh/ANNOTATIONS/TARGET_20072.npy
20074,PASTISFresh/DATA_S2/S2_20074.npy,PASTISFresh/ANNOTATIONS/TARGET_20074.npy
20075,PASTISFresh/DATA_S2/S2_20075.npy,PASTISFresh/ANNOTATIONS/TARGET_20075.npy
20077,PASTISFresh/DATA_S2/S2_20077.npy,PASTISFresh/ANNOTATIONS/TARGET_20077.npy
20082,PASTISFresh/DATA_S2/S2_20082.npy,PASTISFresh/ANNOTATIONS/TARGET_20082.npy
20083,PASTISFresh/DATA_S2/S2_20083.npy,PASTISFresh/ANNOTATIONS/TARGET_20083.npy
20086,PASTISFresh/DATA_S2/S2_20086.npy,PASTISFresh/ANNOTATIONS/TARGET_20086.npy
20088,PASTISFresh/DATA_S2/S2_20088.npy,PASTISFresh/ANNOTATIONS/TARGET_20088.npy
20089,PASTISFresh/DATA_S2/S2_20089.npy,PASTISFresh/ANNOTATIONS/TARGET_20089.npy
20090,PASTISFresh/DATA_S2/S2_20090.npy,PASTISFresh/ANNOTATIONS/TARGET_20090.npy
20092,PASTISFresh/DATA_S2/S2_20092.npy,PASTISFresh/ANNOTATIONS/TARGET_20092.npy
20093,PASTISFresh/DATA_S2/S2_20093.npy,PASTISFresh/ANNOTATIONS/TARGET_20093.npy
20095,PASTISFresh/DATA_S2/S2_20095.npy,PASTISFresh/ANNOTATIONS/TARGET_20095.npy
20096,PASTISFresh/DATA_S2/S2_20096.npy,PASTISFresh/ANNOTATIONS/TARGET_20096.npy
20099,PASTISFresh/DATA_S2/S2_20099.npy,PASTISFresh/ANNOTATIONS/TARGET_20099.npy
20100,PASTISFresh/DATA_S2/S2_20100.npy,PASTISFresh/ANNOTATIONS/TARGET_20100.npy
20101,PASTISFresh/DATA_S2/S2_20101.npy,PASTISFresh/ANNOTATIONS/TARGET_20101.npy
20102,PASTISFresh/DATA_S2/S2_20102.npy,PASTISFresh/ANNOTATIONS/TARGET_20102.npy
20104,PASTISFresh/DATA_S2/S2_20104.npy,PASTISFresh/ANNOTATIONS/TARGET_20104.npy
20105,PASTISFresh/DATA_S2/S2_20105.npy,PASTISFresh/ANNOTATIONS/TARGET_20105.npy
20106,PASTISFresh/DATA_S2/S2_20106.npy,PASTISFresh/ANNOTATIONS/TARGET_20106.npy
20107,PASTISFresh/DATA_S2/S2_20107.npy,PASTISFresh/ANNOTATIONS/TARGET_20107.npy
20108,PASTISFresh/DATA_S2/S2_20108.npy,PASTISFresh/ANNOTATIONS/TARGET_20108.npy
20110,PASTISFresh/DATA_S2/S2_20110.npy,PASTISFresh/ANNOTATIONS/TARGET_20110.npy
20111,PASTISFresh/DATA_S2/S2_20111.npy,PASTISFresh/ANNOTATIONS/TARGET_20111.npy
20112,PASTISFresh/DATA_S2/S2_20112.npy,PASTISFresh/ANNOTATIONS/TARGET_20112.npy
20113,PASTISFresh/DATA_S2/S2_20113.npy,PASTISFresh/ANNOTATIONS/TARGET_20113.npy
20117,PASTISFresh/DATA_S2/S2_20117.npy,PASTISFresh/ANNOTATIONS/TARGET_20117.npy
20119,PASTISFresh/DATA_S2/S2_20119.npy,PASTISFresh/ANNOTATIONS/TARGET_20119.npy
20120,PASTISFresh/DATA_S2/S2_20120.npy,PASTISFresh/ANNOTATIONS/TARGET_20120.npy
20124,PASTISFresh/DATA_S2/S2_20124.npy,PASTISFresh/ANNOTATIONS/TARGET_20124.npy
20125,PASTISFresh/DATA_S2/S2_20125.npy,PASTISFresh/ANNOTATIONS/TARGET_20125.npy
20126,PASTISFresh/DATA_S2/S2_20126.npy,PASTISFresh/ANNOTATIONS/TARGET_20126.npy
20129,PASTISFresh/DATA_S2/S2_20129.npy,PASTISFresh/ANNOTATIONS/TARGET_20129.npy
20132,PASTISFresh/DATA_S2/S2_20132.npy,PASTISFresh/ANNOTATIONS/TARGET_20132.npy
20134,PASTISFresh/DATA_S2/S2_20134.npy,PASTISFresh/ANNOTATIONS/TARGET_20134.npy
20138,PASTISFresh/DATA_S2/S2_20138.npy,PASTISFresh/ANNOTATIONS/TARGET_20138.npy
20140,PASTISFresh/DATA_S2/S2_20140.npy,PASTISFresh/ANNOTATIONS/TARGET_20140.npy
20141,PASTISFresh/DATA_S2/S2_20141.npy,PASTISFresh/ANNOTATIONS/TARGET_20141.npy
20142,PASTISFresh/DATA_S2/S2_20142.npy,PASTISFresh/ANNOTATIONS/TARGET_20142.npy
20143,PASTISFresh/DATA_S2/S2_20143.npy,PASTISFresh/ANNOTATIONS/TARGET_20143.npy
20144,PASTISFresh/DATA_S2/S2_20144.npy,PASTISFresh/ANNOTATIONS/TARGET_20144.npy
20150,PASTISFresh/DATA_S2/S2_20150.npy,PASTISFresh/ANNOTATIONS/TARGET_20150.npy
20151,PASTISFresh/DATA_S2/S2_20151.npy,PASTISFresh/ANNOTATIONS/TARGET_20151.npy
20152,PASTISFresh/DATA_S2/S2_20152.npy,PASTISFresh/ANNOTATIONS/TARGET_20152.npy
20156,PASTISFresh/DATA_S2/S2_20156.npy,PASTISFresh/ANNOTATIONS/TARGET_20156.npy
20157,PASTISFresh/DATA_S2/S2_20157.npy,PASTISFresh/ANNOTATIONS/TARGET_20157.npy
20158,PASTISFresh/DATA_S2/S2_20158.npy,PASTISFresh/ANNOTATIONS/TARGET_20158.npy
20161,PASTISFresh/DATA_S2/S2_20161.npy,PASTISFresh/ANNOTATIONS/TARGET_20161.npy
20162,PASTISFresh/DATA_S2/S2_20162.npy,PASTISFresh/ANNOTATIONS/TARGET_20162.npy
20165,PASTISFresh/DATA_S2/S2_20165.npy,PASTISFresh/ANNOTATIONS/TARGET_20165.npy
20169,PASTISFresh/DATA_S2/S2_20169.npy,PASTISFresh/ANNOTATIONS/TARGET_20169.npy
20170,PASTISFresh/DATA_S2/S2_20170.npy,PASTISFresh/ANNOTATIONS/TARGET_20170.npy
20171,PASTISFresh/DATA_S2/S2_20171.npy,PASTISFresh/ANNOTATIONS/TARGET_20171.npy
20174,PASTISFresh/DATA_S2/S2_20174.npy,PASTISFresh/ANNOTATIONS/TARGET_20174.npy
20175,PASTISFresh/DATA_S2/S2_20175.npy,PASTISFresh/ANNOTATIONS/TARGET_20175.npy
20176,PASTISFresh/DATA_S2/S2_20176.npy,PASTISFresh/ANNOTATIONS/TARGET_20176.npy
20177,PASTISFresh/DATA_S2/S2_20177.npy,PASTISFresh/ANNOTATIONS/TARGET_20177.npy
20178,PASTISFresh/DATA_S2/S2_20178.npy,PASTISFresh/ANNOTATIONS/TARGET_20178.npy
20179,PASTISFresh/DATA_S2/S2_20179.npy,PASTISFresh/ANNOTATIONS/TARGET_20179.npy
20183,PASTISFresh/DATA_S2/S2_20183.npy,PASTISFresh/ANNOTATIONS/TARGET_20183.npy
20185,PASTISFresh/DATA_S2/S2_20185.npy,PASTISFresh/ANNOTATIONS/TARGET_20185.npy
20186,PASTISFresh/DATA_S2/S2_20186.npy,PASTISFresh/ANNOTATIONS/TARGET_20186.npy
20187,PASTISFresh/DATA_S2/S2_20187.npy,PASTISFresh/ANNOTATIONS/TARGET_20187.npy
20194,PASTISFresh/DATA_S2/S2_20194.npy,PASTISFresh/ANNOTATIONS/TARGET_20194.npy
20196,PASTISFresh/DATA_S2/S2_20196.npy,PASTISFresh/ANNOTATIONS/TARGET_20196.npy
20197,PASTISFresh/DATA_S2/S2_20197.npy,PASTISFresh/ANNOTATIONS/TARGET_20197.npy
20198,PASTISFresh/DATA_S2/S2_20198.npy,PASTISFresh/ANNOTATIONS/TARGET_20198.npy
20199,PASTISFresh/DATA_S2/S2_20199.npy,PASTISFresh/ANNOTATIONS/TARGET_20199.npy
20200,PASTISFresh/DATA_S2/S2_20200.npy,PASTISFresh/ANNOTATIONS/TARGET_20200.npy
20204,PASTISFresh/DATA_S2/S2_20204.npy,PASTISFresh/ANNOTATIONS/TARGET_20204.npy
20208,PASTISFresh/DATA_S2/S2_20208.npy,PASTISFresh/ANNOTATIONS/TARGET_20208.npy
20209,PASTISFresh/DATA_S2/S2_20209.npy,PASTISFresh/ANNOTATIONS/TARGET_20209.npy
20211,PASTISFresh/DATA_S2/S2_20211.npy,PASTISFresh/ANNOTATIONS/TARGET_20211.npy
20213,PASTISFresh/DATA_S2/S2_20213.npy,PASTISFresh/ANNOTATIONS/TARGET_20213.npy
20216,PASTISFresh/DATA_S2/S2_20216.npy,PASTISFresh/ANNOTATIONS/TARGET_20216.npy
20218,PASTISFresh/DATA_S2/S2_20218.npy,PASTISFresh/ANNOTATIONS/TARGET_20218.npy
20219,PASTISFresh/DATA_S2/S2_20219.npy,PASTISFresh/ANNOTATIONS/TARGET_20219.npy
20226,PASTISFresh/DATA_S2/S2_20226.npy,PASTISFresh/ANNOTATIONS/TARGET_20226.npy
20228,PASTISFresh/DATA_S2/S2_20228.npy,PASTISFresh/ANNOTATIONS/TARGET_20228.npy
20229,PASTISFresh/DATA_S2/S2_20229.npy,PASTISFresh/ANNOTATIONS/TARGET_20229.npy
20230,PASTISFresh/DATA_S2/S2_20230.npy,PASTISFresh/ANNOTATIONS/TARGET_20230.npy
20233,PASTISFresh/DATA_S2/S2_20233.npy,PASTISFresh/ANNOTATIONS/TARGET_20233.npy
20234,PASTISFresh/DATA_S2/S2_20234.npy,PASTISFresh/ANNOTATIONS/TARGET_20234.npy
20236,PASTISFresh/DATA_S2/S2_20236.npy,PASTISFresh/ANNOTATIONS/TARGET_20236.npy
20237,PASTISFresh/DATA_S2/S2_20237.npy,PASTISFresh/ANNOTATIONS/TARGET_20237.npy
20239,PASTISFresh/DATA_S2/S2_20239.npy,PASTISFresh/ANNOTATIONS/TARGET_20239.npy
20240,PASTISFresh/DATA_S2/S2_20240.npy,PASTISFresh/ANNOTATIONS/TARGET_20240.npy
20241,PASTISFresh/DATA_S2/S2_20241.npy,PASTISFresh/ANNOTATIONS/TARGET_20241.npy
20244,PASTISFresh/DATA_S2/S2_20244.npy,PASTISFresh/ANNOTATIONS/TARGET_20244.npy
20246,PASTISFresh/DATA_S2/S2_20246.npy,PASTISFresh/ANNOTATIONS/TARGET_20246.npy
20248,PASTISFresh/DATA_S2/S2_20248.npy,PASTISFresh/ANNOTATIONS/TARGET_20248.npy
20250,PASTISFresh/DATA_S2/S2_20250.npy,PASTISFresh/ANNOTATIONS/TARGET_20250.npy
20252,PASTISFresh/DATA_S2/S2_20252.npy,PASTISFresh/ANNOTATIONS/TARGET_20252.npy
20253,PASTISFresh/DATA_S2/S2_20253.npy,PASTISFresh/ANNOTATIONS/TARGET_20253.npy
20256,PASTISFresh/DATA_S2/S2_20256.npy,PASTISFresh/ANNOTATIONS/TARGET_20256.npy
20259,PASTISFresh/DATA_S2/S2_20259.npy,PASTISFresh/ANNOTATIONS/TARGET_20259.npy
20260,PASTISFresh/DATA_S2/S2_20260.npy,PASTISFresh/ANNOTATIONS/TARGET_20260.npy
20261,PASTISFresh/DATA_S2/S2_20261.npy,PASTISFresh/ANNOTATIONS/TARGET_20261.npy
20264,PASTISFresh/DATA_S2/S2_20264.npy,PASTISFresh/ANNOTATIONS/TARGET_20264.npy
20266,PASTISFresh/DATA_S2/S2_20266.npy,PASTISFresh/ANNOTATIONS/TARGET_20266.npy
20267,PASTISFresh/DATA_S2/S2_20267.npy,PASTISFresh/ANNOTATIONS/TARGET_20267.npy
20268,PASTISFresh/DATA_S2/S2_20268.npy,PASTISFresh/ANNOTATIONS/TARGET_20268.npy
20269,PASTISFresh/DATA_S2/S2_20269.npy,PASTISFresh/ANNOTATIONS/TARGET_20269.npy
20271,PASTISFresh/DATA_S2/S2_20271.npy,PASTISFresh/ANNOTATIONS/TARGET_20271.npy
20272,PASTISFresh/DATA_S2/S2_20272.npy,PASTISFresh/ANNOTATIONS/TARGET_20272.npy
20273,PASTISFresh/DATA_S2/S2_20273.npy,PASTISFresh/ANNOTATIONS/TARGET_20273.npy
20275,PASTISFresh/DATA_S2/S2_20275.npy,PASTISFresh/ANNOTATIONS/TARGET_20275.npy
20276,PASTISFresh/DATA_S2/S2_20276.npy,PASTISFresh/ANNOTATIONS/TARGET_20276.npy
20279,PASTISFresh/DATA_S2/S2_20279.npy,PASTISFresh/ANNOTATIONS/TARGET_20279.npy
20284,PASTISFresh/DATA_S2/S2_20284.npy,PASTISFresh/ANNOTATIONS/TARGET_20284.npy
20287,PASTISFresh/DATA_S2/S2_20287.npy,PASTISFresh/ANNOTATIONS/TARGET_20287.npy
20289,PASTISFresh/DATA_S2/S2_20289.npy,PASTISFresh/ANNOTATIONS/TARGET_20289.npy
20290,PASTISFresh/DATA_S2/S2_20290.npy,PASTISFresh/ANNOTATIONS/TARGET_20290.npy
20291,PASTISFresh/DATA_S2/S2_20291.npy,PASTISFresh/ANNOTATIONS/TARGET_20291.npy
20292,PASTISFresh/DATA_S2/S2_20292.npy,PASTISFresh/ANNOTATIONS/TARGET_20292.npy
20293,PASTISFresh/DATA_S2/S2_20293.npy,PASTISFresh/ANNOTATIONS/TARGET_20293.npy
20294,PASTISFresh/DATA_S2/S2_20294.npy,PASTISFresh/ANNOTATIONS/TARGET_20294.npy
20295,PASTISFresh/DATA_S2/S2_20295.npy,PASTISFresh/ANNOTATIONS/TARGET_20295.npy
20296,PASTISFresh/DATA_S2/S2_20296.npy,PASTISFresh/ANNOTATIONS/TARGET_20296.npy
20299,PASTISFresh/DATA_S2/S2_20299.npy,PASTISFresh/ANNOTATIONS/TARGET_20299.npy
20301,PASTISFresh/DATA_S2/S2_20301.npy,PASTISFresh/ANNOTATIONS/TARGET_20301.npy
20302,PASTISFresh/DATA_S2/S2_20302.npy,PASTISFresh/ANNOTATIONS/TARGET_20302.npy
20303,PASTISFresh/DATA_S2/S2_20303.npy,PASTISFresh/ANNOTATIONS/TARGET_20303.npy
20305,PASTISFresh/DATA_S2/S2_20305.npy,PASTISFresh/ANNOTATIONS/TARGET_20305.npy
20306,PASTISFresh/DATA_S2/S2_20306.npy,PASTISFresh/ANNOTATIONS/TARGET_20306.npy
20308,PASTISFresh/DATA_S2/S2_20308.npy,PASTISFresh/ANNOTATIONS/TARGET_20308.npy
20309,PASTISFresh/DATA_S2/S2_20309.npy,PASTISFresh/ANNOTATIONS/TARGET_20309.npy
20310,PASTISFresh/DATA_S2/S2_20310.npy,PASTISFresh/ANNOTATIONS/TARGET_20310.npy
20316,PASTISFresh/DATA_S2/S2_20316.npy,PASTISFresh/ANNOTATIONS/TARGET_20316.npy
20317,PASTISFresh/DATA_S2/S2_20317.npy,PASTISFresh/ANNOTATIONS/TARGET_20317.npy
20321,PASTISFresh/DATA_S2/S2_20321.npy,PASTISFresh/ANNOTATIONS/TARGET_20321.npy
20323,PASTISFresh/DATA_S2/S2_20323.npy,PASTISFresh/ANNOTATIONS/TARGET_20323.npy
20324,PASTISFresh/DATA_S2/S2_20324.npy,PASTISFresh/ANNOTATIONS/TARGET_20324.npy
20327,PASTISFresh/DATA_S2/S2_20327.npy,PASTISFresh/ANNOTATIONS/TARGET_20327.npy
20328,PASTISFresh/DATA_S2/S2_20328.npy,PASTISFresh/ANNOTATIONS/TARGET_20328.npy
20329,PASTISFresh/DATA_S2/S2_20329.npy,PASTISFresh/ANNOTATIONS/TARGET_20329.npy
20333,PASTISFresh/DATA_S2/S2_20333.npy,PASTISFresh/ANNOTATIONS/TARGET_20333.npy
20334,PASTISFresh/DATA_S2/S2_20334.npy,PASTISFresh/ANNOTATIONS/TARGET_20334.npy
20335,PASTISFresh/DATA_S2/S2_20335.npy,PASTISFresh/ANNOTATIONS/TARGET_20335.npy
20336,PASTISFresh/DATA_S2/S2_20336.npy,PASTISFresh/ANNOTATIONS/TARGET_20336.npy
20337,PASTISFresh/DATA_S2/S2_20337.npy,PASTISFresh/ANNOTATIONS/TARGET_20337.npy
20339,PASTISFresh/DATA_S2/S2_20339.npy,PASTISFresh/ANNOTATIONS/TARGET_20339.npy
20341,PASTISFresh/DATA_S2/S2_20341.npy,PASTISFresh/ANNOTATIONS/TARGET_20341.npy
20342,PASTISFresh/DATA_S2/S2_20342.npy,PASTISFresh/ANNOTATIONS/TARGET_20342.npy
20347,PASTISFresh/DATA_S2/S2_20347.npy,PASTISFresh/ANNOTATIONS/TARGET_20347.npy
20350,PASTISFresh/DATA_S2/S2_20350.npy,PASTISFresh/ANNOTATIONS/TARGET_20350.npy
20352,PASTISFresh/DATA_S2/S2_20352.npy,PASTISFresh/ANNOTATIONS/TARGET_20352.npy
20354,PASTISFresh/DATA_S2/S2_20354.npy,PASTISFresh/ANNOTATIONS/TARGET_20354.npy
20355,PASTISFresh/DATA_S2/S2_20355.npy,PASTISFresh/ANNOTATIONS/TARGET_20355.npy
20357,PASTISFresh/DATA_S2/S2_20357.npy,PASTISFresh/ANNOTATIONS/TARGET_20357.npy
20360,PASTISFresh/DATA_S2/S2_20360.npy,PASTISFresh/ANNOTATIONS/TARGET_20360.npy
20361,PASTISFresh/DATA_S2/S2_20361.npy,PASTISFresh/ANNOTATIONS/TARGET_20361.npy
20362,PASTISFresh/DATA_S2/S2_20362.npy,PASTISFresh/ANNOTATIONS/TARGET_20362.npy
20363,PASTISFresh/DATA_S2/S2_20363.npy,PASTISFresh/ANNOTATIONS/TARGET_20363.npy
20365,PASTISFresh/DATA_S2/S2_20365.npy,PASTISFresh/ANNOTATIONS/TARGET_20365.npy
20366,PASTISFresh/DATA_S2/S2_20366.npy,PASTISFresh/ANNOTATIONS/TARGET_20366.npy
20367,PASTISFresh/DATA_S2/S2_20367.npy,PASTISFresh/ANNOTATIONS/TARGET_20367.npy
20368,PASTISFresh/DATA_S2/S2_20368.npy,PASTISFresh/ANNOTATIONS/TARGET_20368.npy
20369,PASTISFresh/DATA_S2/S2_20369.npy,PASTISFresh/ANNOTATIONS/TARGET_20369.npy
20370,PASTISFresh/DATA_S2/S2_20370.npy,PASTISFresh/ANNOTATIONS/TARGET_20370.npy
20372,PASTISFresh/DATA_S2/S2_20372.npy,PASTISFresh/ANNOTATIONS/TARGET_20372.npy
20373,PASTISFresh/DATA_S2/S2_20373.npy,PASTISFresh/ANNOTATIONS/TARGET_20373.npy
20374,PASTISFresh/DATA_S2/S2_20374.npy,PASTISFresh/ANNOTATIONS/TARGET_20374.npy
20375,PASTISFresh/DATA_S2/S2_20375.npy,PASTISFresh/ANNOTATIONS/TARGET_20375.npy
20376,PASTISFresh/DATA_S2/S2_20376.npy,PASTISFresh/ANNOTATIONS/TARGET_20376.npy
20377,PASTISFresh/DATA_S2/S2_20377.npy,PASTISFresh/ANNOTATIONS/TARGET_20377.npy
20379,PASTISFresh/DATA_S2/S2_20379.npy,PASTISFresh/ANNOTATIONS/TARGET_20379.npy
20381,PASTISFresh/DATA_S2/S2_20381.npy,PASTISFresh/ANNOTATIONS/TARGET_20381.npy
20382,PASTISFresh/DATA_S2/S2_20382.npy,PASTISFresh/ANNOTATIONS/TARGET_20382.npy
20387,PASTISFresh/DATA_S2/S2_20387.npy,PASTISFresh/ANNOTATIONS/TARGET_20387.npy
20388,PASTISFresh/DATA_S2/S2_20388.npy,PASTISFresh/ANNOTATIONS/TARGET_20388.npy
20391,PASTISFresh/DATA_S2/S2_20391.npy,PASTISFresh/ANNOTATIONS/TARGET_20391.npy
20392,PASTISFresh/DATA_S2/S2_20392.npy,PASTISFresh/ANNOTATIONS/TARGET_20392.npy
20393,PASTISFresh/DATA_S2/S2_20393.npy,PASTISFresh/ANNOTATIONS/TARGET_20393.npy
20395,PASTISFresh/DATA_S2/S2_20395.npy,PASTISFresh/ANNOTATIONS/TARGET_20395.npy
20396,PASTISFresh/DATA_S2/S2_20396.npy,PASTISFresh/ANNOTATIONS/TARGET_20396.npy
20400,PASTISFresh/DATA_S2/S2_20400.npy,PASTISFresh/ANNOTATIONS/TARGET_20400.npy
20402,PASTISFresh/DATA_S2/S2_20402.npy,PASTISFresh/ANNOTATIONS/TARGET_20402.npy
20404,PASTISFresh/DATA_S2/S2_20404.npy,PASTISFresh/ANNOTATIONS/TARGET_20404.npy
20405,PASTISFresh/DATA_S2/S2_20405.npy,PASTISFresh/ANNOTATIONS/TARGET_20405.npy
20407,PASTISFresh/DATA_S2/S2_20407.npy,PASTISFresh/ANNOTATIONS/TARGET_20407.npy
20410,PASTISFresh/DATA_S2/S2_20410.npy,PASTISFresh/ANNOTATIONS/TARGET_20410.npy
20415,PASTISFresh/DATA_S2/S2_20415.npy,PASTISFresh/ANNOTATIONS/TARGET_20415.npy
20418,PASTISFresh/DATA_S2/S2_20418.npy,PASTISFresh/ANNOTATIONS/TARGET_20418.npy
20420,PASTISFresh/DATA_S2/S2_20420.npy,PASTISFresh/ANNOTATIONS/TARGET_20420.npy
20422,PASTISFresh/DATA_S2/S2_20422.npy,PASTISFresh/ANNOTATIONS/TARGET_20422.npy
20429,PASTISFresh/DATA_S2/S2_20429.npy,PASTISFresh/ANNOTATIONS/TARGET_20429.npy
20431,PASTISFresh/DATA_S2/S2_20431.npy,PASTISFresh/ANNOTATIONS/TARGET_20431.npy
20433,PASTISFresh/DATA_S2/S2_20433.npy,PASTISFresh/ANNOTATIONS/TARGET_20433.npy
20436,PASTISFresh/DATA_S2/S2_20436.npy,PASTISFresh/ANNOTATIONS/TARGET_20436.npy
20437,PASTISFresh/DATA_S2/S2_20437.npy,PASTISFresh/ANNOTATIONS/TARGET_20437.npy
20438,PASTISFresh/DATA_S2/S2_20438.npy,PASTISFresh/ANNOTATIONS/TARGET_20438.npy
20439,PASTISFresh/DATA_S2/S2_20439.npy,PASTISFresh/ANNOTATIONS/TARGET_20439.npy
20442,PASTISFresh/DATA_S2/S2_20442.npy,PASTISFresh/ANNOTATIONS/TARGET_20442.npy
20444,PASTISFresh/DATA_S2/S2_20444.npy,PASTISFresh/ANNOTATIONS/TARGET_20444.npy
20447,PASTISFresh/DATA_S2/S2_20447.npy,PASTISFresh/ANNOTATIONS/TARGET_20447.npy
20448,PASTISFresh/DATA_S2/S2_20448.npy,PASTISFresh/ANNOTATIONS/TARGET_20448.npy
20450,PASTISFresh/DATA_S2/S2_20450.npy,PASTISFresh/ANNOTATIONS/TARGET_20450.npy
20453,PASTISFresh/DATA_S2/S2_20453.npy,PASTISFresh/ANNOTATIONS/TARGET_20453.npy
20454,PASTISFresh/DATA_S2/S2_20454.npy,PASTISFresh/ANNOTATIONS/TARGET_20454.npy
20455,PASTISFresh/DATA_S2/S2_20455.npy,PASTISFresh/ANNOTATIONS/TARGET_20455.npy
20456,PASTISFresh/DATA_S2/S2_20456.npy,PASTISFresh/ANNOTATIONS/TARGET_20456.npy
20460,PASTISFresh/DATA_S2/S2_20460.npy,PASTISFresh/ANNOTATIONS/TARGET_20460.npy
20461,PASTISFresh/DATA_S2/S2_20461.npy,PASTISFresh/ANNOTATIONS/TARGET_20461.npy
20462,PASTISFresh/DATA_S2/S2_20462.npy,PASTISFresh/ANNOTATIONS/TARGET_20462.npy
20464,PASTISFresh/DATA_S2/S2_20464.npy,PASTISFresh/ANNOTATIONS/TARGET_20464.npy
20467,PASTISFresh/DATA_S2/S2_20467.npy,PASTISFresh/ANNOTATIONS/TARGET_20467.npy
20470,PASTISFresh/DATA_S2/S2_20470.npy,PASTISFresh/ANNOTATIONS/TARGET_20470.npy
20471,PASTISFresh/DATA_S2/S2_20471.npy,PASTISFresh/ANNOTATIONS/TARGET_20471.npy
20472,PASTISFresh/DATA_S2/S2_20472.npy,PASTISFresh/ANNOTATIONS/TARGET_20472.npy
20473,PASTISFresh/DATA_S2/S2_20473.npy,PASTISFresh/ANNOTATIONS/TARGET_20473.npy
20476,PASTISFresh/DATA_S2/S2_20476.npy,PASTISFresh/ANNOTATIONS/TARGET_20476.npy
20477,PASTISFresh/DATA_S2/S2_20477.npy,PASTISFresh/ANNOTATIONS/TARGET_20477.npy
20478,PASTISFresh/DATA_S2/S2_20478.npy,PASTISFresh/ANNOTATIONS/TARGET_20478.npy
20480,PASTISFresh/DATA_S2/S2_20480.npy,PASTISFresh/ANNOTATIONS/TARGET_20480.npy
20481,PASTISFresh/DATA_S2/S2_20481.npy,PASTISFresh/ANNOTATIONS/TARGET_20481.npy
20483,PASTISFresh/DATA_S2/S2_20483.npy,PASTISFresh/ANNOTATIONS/TARGET_20483.npy
20485,PASTISFresh/DATA_S2/S2_20485.npy,PASTISFresh/ANNOTATIONS/TARGET_20485.npy
20488,PASTISFresh/DATA_S2/S2_20488.npy,PASTISFresh/ANNOTATIONS/TARGET_20488.npy
20490,PASTISFresh/DATA_S2/S2_20490.npy,PASTISFresh/ANNOTATIONS/TARGET_20490.npy
20491,PASTISFresh/DATA_S2/S2_20491.npy,PASTISFresh/ANNOTATIONS/TARGET_20491.npy
20494,PASTISFresh/DATA_S2/S2_20494.npy,PASTISFresh/ANNOTATIONS/TARGET_20494.npy
20495,PASTISFresh/DATA_S2/S2_20495.npy,PASTISFresh/ANNOTATIONS/TARGET_20495.npy
20496,PASTISFresh/DATA_S2/S2_20496.npy,PASTISFresh/ANNOTATIONS/TARGET_20496.npy
20499,PASTISFresh/DATA_S2/S2_20499.npy,PASTISFresh/ANNOTATIONS/TARGET_20499.npy
20500,PASTISFresh/DATA_S2/S2_20500.npy,PASTISFresh/ANNOTATIONS/TARGET_20500.npy
20501,PASTISFresh/DATA_S2/S2_20501.npy,PASTISFresh/ANNOTATIONS/TARGET_20501.npy
20502,PASTISFresh/DATA_S2/S2_20502.npy,PASTISFresh/ANNOTATIONS/TARGET_20502.npy
20504,PASTISFresh/DATA_S2/S2_20504.npy,PASTISFresh/ANNOTATIONS/TARGET_20504.npy
20505,PASTISFresh/DATA_S2/S2_20505.npy,PASTISFresh/ANNOTATIONS/TARGET_20505.npy
20506,PASTISFresh/DATA_S2/S2_20506.npy,PASTISFresh/ANNOTATIONS/TARGET_20506.npy
20508,PASTISFresh/DATA_S2/S2_20508.npy,PASTISFresh/ANNOTATIONS/TARGET_20508.npy
20510,PASTISFresh/DATA_S2/S2_20510.npy,PASTISFresh/ANNOTATIONS/TARGET_20510.npy
20512,PASTISFresh/DATA_S2/S2_20512.npy,PASTISFresh/ANNOTATIONS/TARGET_20512.npy
20513,PASTISFresh/DATA_S2/S2_20513.npy,PASTISFresh/ANNOTATIONS/TARGET_20513.npy
20515,PASTISFresh/DATA_S2/S2_20515.npy,PASTISFresh/ANNOTATIONS/TARGET_20515.npy
20516,PASTISFresh/DATA_S2/S2_20516.npy,PASTISFresh/ANNOTATIONS/TARGET_20516.npy
20517,PASTISFresh/DATA_S2/S2_20517.npy,PASTISFresh/ANNOTATIONS/TARGET_20517.npy
20518,PASTISFresh/DATA_S2/S2_20518.npy,PASTISFresh/ANNOTATIONS/TARGET_20518.npy
20520,PASTISFresh/DATA_S2/S2_20520.npy,PASTISFresh/ANNOTATIONS/TARGET_20520.npy
20522,PASTISFresh/DATA_S2/S2_20522.npy,PASTISFresh/ANNOTATIONS/TARGET_20522.npy
20523,PASTISFresh/DATA_S2/S2_20523.npy,PASTISFresh/ANNOTATIONS/TARGET_20523.npy
20526,PASTISFresh/DATA_S2/S2_20526.npy,PASTISFresh/ANNOTATIONS/TARGET_20526.npy
20528,PASTISFresh/DATA_S2/S2_20528.npy,PASTISFresh/ANNOTATIONS/TARGET_20528.npy
20531,PASTISFresh/DATA_S2/S2_20531.npy,PASTISFresh/ANNOTATIONS/TARGET_20531.npy
20532,PASTISFresh/DATA_S2/S2_20532.npy,PASTISFresh/ANNOTATIONS/TARGET_20532.npy
20534,PASTISFresh/DATA_S2/S2_20534.npy,PASTISFresh/ANNOTATIONS/TARGET_20534.npy
20538,PASTISFresh/DATA_S2/S2_20538.npy,PASTISFresh/ANNOTATIONS/TARGET_20538.npy
20540,PASTISFresh/DATA_S2/S2_20540.npy,PASTISFresh/ANNOTATIONS/TARGET_20540.npy
20541,PASTISFresh/DATA_S2/S2_20541.npy,PASTISFresh/ANNOTATIONS/TARGET_20541.npy
20542,PASTISFresh/DATA_S2/S2_20542.npy,PASTISFresh/ANNOTATIONS/TARGET_20542.npy
20544,PASTISFresh/DATA_S2/S2_20544.npy,PASTISFresh/ANNOTATIONS/TARGET_20544.npy
20545,PASTISFresh/DATA_S2/S2_20545.npy,PASTISFresh/ANNOTATIONS/TARGET_20545.npy
20546,PASTISFresh/DATA_S2/S2_20546.npy,PASTISFresh/ANNOTATIONS/TARGET_20546.npy
20548,PASTISFresh/DATA_S2/S2_20548.npy,PASTISFresh/ANNOTATIONS/TARGET_20548.npy
20549,PASTISFresh/DATA_S2/S2_20549.npy,PASTISFresh/ANNOTATIONS/TARGET_20549.npy
20551,PASTISFresh/DATA_S2/S2_20551.npy,PASTISFresh/ANNOTATIONS/TARGET_20551.npy
20556,PASTISFresh/DATA_S2/S2_20556.npy,PASTISFresh/ANNOTATIONS/TARGET_20556.npy
20559,PASTISFresh/DATA_S2/S2_20559.npy,PASTISFresh/ANNOTATIONS/TARGET_20559.npy
20560,PASTISFresh/DATA_S2/S2_20560.npy,PASTISFresh/ANNOTATIONS/TARGET_20560.npy
20562,PASTISFresh/DATA_S2/S2_20562.npy,PASTISFresh/ANNOTATIONS/TARGET_20562.npy
20564,PASTISFresh/DATA_S2/S2_20564.npy,PASTISFresh/ANNOTATIONS/TARGET_20564.npy
20566,PASTISFresh/DATA_S2/S2_20566.npy,PASTISFresh/ANNOTATIONS/TARGET_20566.npy
20567,PASTISFresh/DATA_S2/S2_20567.npy,PASTISFresh/ANNOTATIONS/TARGET_20567.npy
20568,PASTISFresh/DATA_S2/S2_20568.npy,PASTISFresh/ANNOTATIONS/TARGET_20568.npy
20569,PASTISFresh/DATA_S2/S2_20569.npy,PASTISFresh/ANNOTATIONS/TARGET_20569.npy
20570,PASTISFresh/DATA_S2/S2_20570.npy,PASTISFresh/ANNOTATIONS/TARGET_20570.npy
20572,PASTISFresh/DATA_S2/S2_20572.npy,PASTISFresh/ANNOTATIONS/TARGET_20572.npy
20573,PASTISFresh/DATA_S2/S2_20573.npy,PASTISFresh/ANNOTATIONS/TARGET_20573.npy
20575,PASTISFresh/DATA_S2/S2_20575.npy,PASTISFresh/ANNOTATIONS/TARGET_20575.npy
20578,PASTISFresh/DATA_S2/S2_20578.npy,PASTISFresh/ANNOTATIONS/TARGET_20578.npy
20579,PASTISFresh/DATA_S2/S2_20579.npy,PASTISFresh/ANNOTATIONS/TARGET_20579.npy
20581,PASTISFresh/DATA_S2/S2_20581.npy,PASTISFresh/ANNOTATIONS/TARGET_20581.npy
20583,PASTISFresh/DATA_S2/S2_20583.npy,PASTISFresh/ANNOTATIONS/TARGET_20583.npy
20584,PASTISFresh/DATA_S2/S2_20584.npy,PASTISFresh/ANNOTATIONS/TARGET_20584.npy
20586,PASTISFresh/DATA_S2/S2_20586.npy,PASTISFresh/ANNOTATIONS/TARGET_20586.npy
20592,PASTISFresh/DATA_S2/S2_20592.npy,PASTISFresh/ANNOTATIONS/TARGET_20592.npy
20593,PASTISFresh/DATA_S2/S2_20593.npy,PASTISFresh/ANNOTATIONS/TARGET_20593.npy
20594,PASTISFresh/DATA_S2/S2_20594.npy,PASTISFresh/ANNOTATIONS/TARGET_20594.npy
20595,PASTISFresh/DATA_S2/S2_20595.npy,PASTISFresh/ANNOTATIONS/TARGET_20595.npy
20597,PASTISFresh/DATA_S2/S2_20597.npy,PASTISFresh/ANNOTATIONS/TARGET_20597.npy
20598,PASTISFresh/DATA_S2/S2_20598.npy,PASTISFresh/ANNOTATIONS/TARGET_20598.npy
20601,PASTISFresh/DATA_S2/S2_20601.npy,PASTISFresh/ANNOTATIONS/TARGET_20601.npy
20602,PASTISFresh/DATA_S2/S2_20602.npy,PASTISFresh/ANNOTATIONS/TARGET_20602.npy
20603,PASTISFresh/DATA_S2/S2_20603.npy,PASTISFresh/ANNOTATIONS/TARGET_20603.npy
20606,PASTISFresh/DATA_S2/S2_20606.npy,PASTISFresh/ANNOTATIONS/TARGET_20606.npy
20608,PASTISFresh/DATA_S2/S2_20608.npy,PASTISFresh/ANNOTATIONS/TARGET_20608.npy
20610,PASTISFresh/DATA_S2/S2_20610.npy,PASTISFresh/ANNOTATIONS/TARGET_20610.npy
20619,PASTISFresh/DATA_S2/S2_20619.npy,PASTISFresh/ANNOTATIONS/TARGET_20619.npy
20620,PASTISFresh/DATA_S2/S2_20620.npy,PASTISFresh/ANNOTATIONS/TARGET_20620.npy
20621,PASTISFresh/DATA_S2/S2_20621.npy,PASTISFresh/ANNOTATIONS/TARGET_20621.npy
20622,PASTISFresh/DATA_S2/S2_20622.npy,PASTISFresh/ANNOTATIONS/TARGET_20622.npy
20624,PASTISFresh/DATA_S2/S2_20624.npy,PASTISFresh/ANNOTATIONS/TARGET_20624.npy
20627,PASTISFresh/DATA_S2/S2_20627.npy,PASTISFresh/ANNOTATIONS/TARGET_20627.npy
20632,PASTISFresh/DATA_S2/S2_20632.npy,PASTISFresh/ANNOTATIONS/TARGET_20632.npy
20634,PASTISFresh/DATA_S2/S2_20634.npy,PASTISFresh/ANNOTATIONS/TARGET_20634.npy
20635,PASTISFresh/DATA_S2/S2_20635.npy,PASTISFresh/ANNOTATIONS/TARGET_20635.npy
20636,PASTISFresh/DATA_S2/S2_20636.npy,PASTISFresh/ANNOTATIONS/TARGET_20636.npy
20637,PASTISFresh/DATA_S2/S2_20637.npy,PASTISFresh/ANNOTATIONS/TARGET_20637.npy
20639,PASTISFresh/DATA_S2/S2_20639.npy,PASTISFresh/ANNOTATIONS/TARGET_20639.npy
20641,PASTISFresh/DATA_S2/S2_20641.npy,PASTISFresh/ANNOTATIONS/TARGET_20641.npy
20642,PASTISFresh/DATA_S2/S2_20642.npy,PASTISFresh/ANNOTATIONS/TARGET_20642.npy
20643,PASTISFresh/DATA_S2/S2_20643.npy,PASTISFresh/ANNOTATIONS/TARGET_20643.npy
20644,PASTISFresh/DATA_S2/S2_20644.npy,PASTISFresh/ANNOTATIONS/TARGET_20644.npy
20645,PASTISFresh/DATA_S2/S2_20645.npy,PASTISFresh/ANNOTATIONS/TARGET_20645.npy
20648,PASTISFresh/DATA_S2/S2_20648.npy,PASTISFresh/ANNOTATIONS/TARGET_20648.npy
20649,PASTISFresh/DATA_S2/S2_20649.npy,PASTISFresh/ANNOTATIONS/TARGET_20649.npy
20650,PASTISFresh/DATA_S2/S2_20650.npy,PASTISFresh/ANNOTATIONS/TARGET_20650.npy
20651,PASTISFresh/DATA_S2/S2_20651.npy,PASTISFresh/ANNOTATIONS/TARGET_20651.npy
20652,PASTISFresh/DATA_S2/S2_20652.npy,PASTISFresh/ANNOTATIONS/TARGET_20652.npy
20653,PASTISFresh/DATA_S2/S2_20653.npy,PASTISFresh/ANNOTATIONS/TARGET_20653.npy
20656,PASTISFresh/DATA_S2/S2_20656.npy,PASTISFresh/ANNOTATIONS/TARGET_20656.npy
30001,PASTISFresh/DATA_S2/S2_30001.npy,PASTISFresh/ANNOTATIONS/TARGET_30001.npy
30004,PASTISFresh/DATA_S2/S2_30004.npy,PASTISFresh/ANNOTATIONS/TARGET_30004.npy
30005,PASTISFresh/DATA_S2/S2_30005.npy,PASTISFresh/ANNOTATIONS/TARGET_30005.npy
30006,PASTISFresh/DATA_S2/S2_30006.npy,PASTISFresh/ANNOTATIONS/TARGET_30006.npy
30008,PASTISFresh/DATA_S2/S2_30008.npy,PASTISFresh/ANNOTATIONS/TARGET_30008.npy
30009,PASTISFresh/DATA_S2/S2_30009.npy,PASTISFresh/ANNOTATIONS/TARGET_30009.npy
30011,PASTISFresh/DATA_S2/S2_30011.npy,PASTISFresh/ANNOTATIONS/TARGET_30011.npy
30015,PASTISFresh/DATA_S2/S2_30015.npy,PASTISFresh/ANNOTATIONS/TARGET_30015.npy
30016,PASTISFresh/DATA_S2/S2_30016.npy,PASTISFresh/ANNOTATIONS/TARGET_30016.npy
30018,PASTISFresh/DATA_S2/S2_30018.npy,PASTISFresh/ANNOTATIONS/TARGET_30018.npy
30021,PASTISFresh/DATA_S2/S2_30021.npy,PASTISFresh/ANNOTATIONS/TARGET_30021.npy
30022,PASTISFresh/DATA_S2/S2_30022.npy,PASTISFresh/ANNOTATIONS/TARGET_30022.npy
30023,PASTISFresh/DATA_S2/S2_30023.npy,PASTISFresh/ANNOTATIONS/TARGET_30023.npy
30024,PASTISFresh/DATA_S2/S2_30024.npy,PASTISFresh/ANNOTATIONS/TARGET_30024.npy
30025,PASTISFresh/DATA_S2/S2_30025.npy,PASTISFresh/ANNOTATIONS/TARGET_30025.npy
30026,PASTISFresh/DATA_S2/S2_30026.npy,PASTISFresh/ANNOTATIONS/TARGET_30026.npy
30028,PASTISFresh/DATA_S2/S2_30028.npy,PASTISFresh/ANNOTATIONS/TARGET_30028.npy
30029,PASTISFresh/DATA_S2/S2_30029.npy,PASTISFresh/ANNOTATIONS/TARGET_30029.npy
30032,PASTISFresh/DATA_S2/S2_30032.npy,PASTISFresh/ANNOTATIONS/TARGET_30032.npy
30034,PASTISFresh/DATA_S2/S2_30034.npy,PASTISFresh/ANNOTATIONS/TARGET_30034.npy
30035,PASTISFresh/DATA_S2/S2_30035.npy,PASTISFresh/ANNOTATIONS/TARGET_30035.npy
30036,PASTISFresh/DATA_S2/S2_30036.npy,PASTISFresh/ANNOTATIONS/TARGET_30036.npy
30039,PASTISFresh/DATA_S2/S2_30039.npy,PASTISFresh/ANNOTATIONS/TARGET_30039.npy
30044,PASTISFresh/DATA_S2/S2_30044.npy,PASTISFresh/ANNOTATIONS/TARGET_30044.npy
30049,PASTISFresh/DATA_S2/S2_30049.npy,PASTISFresh/ANNOTATIONS/TARGET_30049.npy
30050,PASTISFresh/DATA_S2/S2_30050.npy,PASTISFresh/ANNOTATIONS/TARGET_30050.npy
30051,PASTISFresh/DATA_S2/S2_30051.npy,PASTISFresh/ANNOTATIONS/TARGET_30051.npy
30052,PASTISFresh/DATA_S2/S2_30052.npy,PASTISFresh/ANNOTATIONS/TARGET_30052.npy
30053,PASTISFresh/DATA_S2/S2_30053.npy,PASTISFresh/ANNOTATIONS/TARGET_30053.npy
30054,PASTISFresh/DATA_S2/S2_30054.npy,PASTISFresh/ANNOTATIONS/TARGET_30054.npy
30056,PASTISFresh/DATA_S2/S2_30056.npy,PASTISFresh/ANNOTATIONS/TARGET_30056.npy
30057,PASTISFresh/DATA_S2/S2_30057.npy,PASTISFresh/ANNOTATIONS/TARGET_30057.npy
30062,PASTISFresh/DATA_S2/S2_30062.npy,PASTISFresh/ANNOTATIONS/TARGET_30062.npy
30063,PASTISFresh/DATA_S2/S2_30063.npy,PASTISFresh/ANNOTATIONS/TARGET_30063.npy
30065,PASTISFresh/DATA_S2/S2_30065.npy,PASTISFresh/ANNOTATIONS/TARGET_30065.npy
30066,PASTISFresh/DATA_S2/S2_30066.npy,PASTISFresh/ANNOTATIONS/TARGET_30066.npy
30067,PASTISFresh/DATA_S2/S2_30067.npy,PASTISFresh/ANNOTATIONS/TARGET_30067.npy
30068,PASTISFresh/DATA_S2/S2_30068.npy,PASTISFresh/ANNOTATIONS/TARGET_30068.npy
30070,PASTISFresh/DATA_S2/S2_30070.npy,PASTISFresh/ANNOTATIONS/TARGET_30070.npy
30073,PASTISFresh/DATA_S2/S2_30073.npy,PASTISFresh/ANNOTATIONS/TARGET_30073.npy
30074,PASTISFresh/DATA_S2/S2_30074.npy,PASTISFresh/ANNOTATIONS/TARGET_30074.npy
30077,PASTISFresh/DATA_S2/S2_30077.npy,PASTISFresh/ANNOTATIONS/TARGET_30077.npy
30078,PASTISFresh/DATA_S2/S2_30078.npy,PASTISFresh/ANNOTATIONS/TARGET_30078.npy
30081,PASTISFresh/DATA_S2/S2_30081.npy,PASTISFresh/ANNOTATIONS/TARGET_30081.npy
30085,PASTISFresh/DATA_S2/S2_30085.npy,PASTISFresh/ANNOTATIONS/TARGET_30085.npy
30090,PASTISFresh/DATA_S2/S2_30090.npy,PASTISFresh/ANNOTATIONS/TARGET_30090.npy
30091,PASTISFresh/DATA_S2/S2_30091.npy,PASTISFresh/ANNOTATIONS/TARGET_30091.npy
30092,PASTISFresh/DATA_S2/S2_30092.npy,PASTISFresh/ANNOTATIONS/TARGET_30092.npy
30093,PASTISFresh/DATA_S2/S2_30093.npy,PASTISFresh/ANNOTATIONS/TARGET_30093.npy
30094,PASTISFresh/DATA_S2/S2_30094.npy,PASTISFresh/ANNOTATIONS/TARGET_30094.npy
30095,PASTISFresh/DATA_S2/S2_30095.npy,PASTISFresh/ANNOTATIONS/TARGET_30095.npy
30096,PASTISFresh/DATA_S2/S2_30096.npy,PASTISFresh/ANNOTATIONS/TARGET_30096.npy
30099,PASTISFresh/DATA_S2/S2_30099.npy,PASTISFresh/ANNOTATIONS/TARGET_30099.npy
30100,PASTISFresh/DATA_S2/S2_30100.npy,PASTISFresh/ANNOTATIONS/TARGET_30100.npy
30102,PASTISFresh/DATA_S2/S2_30102.npy,PASTISFresh/ANNOTATIONS/TARGET_30102.npy
30103,PASTISFresh/DATA_S2/S2_30103.npy,PASTISFresh/ANNOTATIONS/TARGET_30103.npy
30104,PASTISFresh/DATA_S2/S2_30104.npy,PASTISFresh/ANNOTATIONS/TARGET_30104.npy
30105,PASTISFresh/DATA_S2/S2_30105.npy,PASTISFresh/ANNOTATIONS/TARGET_30105.npy
30107,PASTISFresh/DATA_S2/S2_30107.npy,PASTISFresh/ANNOTATIONS/TARGET_30107.npy
30108,PASTISFresh/DATA_S2/S2_30108.npy,PASTISFresh/ANNOTATIONS/TARGET_30108.npy
30111,PASTISFresh/DATA_S2/S2_30111.npy,PASTISFresh/ANNOTATIONS/TARGET_30111.npy
30115,PASTISFresh/DATA_S2/S2_30115.npy,PASTISFresh/ANNOTATIONS/TARGET_30115.npy
30116,PASTISFresh/DATA_S2/S2_30116.npy,PASTISFresh/ANNOTATIONS/TARGET_30116.npy
30120,PASTISFresh/DATA_S2/S2_30120.npy,PASTISFresh/ANNOTATIONS/TARGET_30120.npy
30121,PASTISFresh/DATA_S2/S2_30121.npy,PASTISFresh/ANNOTATIONS/TARGET_30121.npy
30122,PASTISFresh/DATA_S2/S2_30122.npy,PASTISFresh/ANNOTATIONS/TARGET_30122.npy
30123,PASTISFresh/DATA_S2/S2_30123.npy,PASTISFresh/ANNOTATIONS/TARGET_30123.npy
30125,PASTISFresh/DATA_S2/S2_30125.npy,PASTISFresh/ANNOTATIONS/TARGET_30125.npy
30127,PASTISFresh/DATA_S2/S2_30127.npy,PASTISFresh/ANNOTATIONS/TARGET_30127.npy
30128,PASTISFresh/DATA_S2/S2_30128.npy,PASTISFresh/ANNOTATIONS/TARGET_30128.npy
30129,PASTISFresh/DATA_S2/S2_30129.npy,PASTISFresh/ANNOTATIONS/TARGET_30129.npy
30130,PASTISFresh/DATA_S2/S2_30130.npy,PASTISFresh/ANNOTATIONS/TARGET_30130.npy
30131,PASTISFresh/DATA_S2/S2_30131.npy,PASTISFresh/ANNOTATIONS/TARGET_30131.npy
30132,PASTISFresh/DATA_S2/S2_30132.npy,PASTISFresh/ANNOTATIONS/TARGET_30132.npy
30133,PASTISFresh/DATA_S2/S2_30133.npy,PASTISFresh/ANNOTATIONS/TARGET_30133.npy
30134,PASTISFresh/DATA_S2/S2_30134.npy,PASTISFresh/ANNOTATIONS/TARGET_30134.npy
30135,PASTISFresh/DATA_S2/S2_30135.npy,PASTISFresh/ANNOTATIONS/TARGET_30135.npy
30136,PASTISFresh/DATA_S2/S2_30136.npy,PASTISFresh/ANNOTATIONS/TARGET_30136.npy
30137,PASTISFresh/DATA_S2/S2_30137.npy,PASTISFresh/ANNOTATIONS/TARGET_30137.npy
30138,PASTISFresh/DATA_S2/S2_30138.npy,PASTISFresh/ANNOTATIONS/TARGET_30138.npy
30141,PASTISFresh/DATA_S2/S2_30141.npy,PASTISFresh/ANNOTATIONS/TARGET_30141.npy
30143,PASTISFresh/DATA_S2/S2_30143.npy,PASTISFresh/ANNOTATIONS/TARGET_30143.npy
30144,PASTISFresh/DATA_S2/S2_30144.npy,PASTISFresh/ANNOTATIONS/TARGET_30144.npy
30147,PASTISFresh/DATA_S2/S2_30147.npy,PASTISFresh/ANNOTATIONS/TARGET_30147.npy
30152,PASTISFresh/DATA_S2/S2_30152.npy,PASTISFresh/ANNOTATIONS/TARGET_30152.npy
30154,PASTISFresh/DATA_S2/S2_30154.npy,PASTISFresh/ANNOTATIONS/TARGET_30154.npy
30156,PASTISFresh/DATA_S2/S2_30156.npy,PASTISFresh/ANNOTATIONS/TARGET_30156.npy
30159,PASTISFresh/DATA_S2/S2_30159.npy,PASTISFresh/ANNOTATIONS/TARGET_30159.npy
30161,PASTISFresh/DATA_S2/S2_30161.npy,PASTISFresh/ANNOTATIONS/TARGET_30161.npy
30167,PASTISFresh/DATA_S2/S2_30167.npy,PASTISFresh/ANNOTATIONS/TARGET_30167.npy
30168,PASTISFresh/DATA_S2/S2_30168.npy,PASTISFresh/ANNOTATIONS/TARGET_30168.npy
30169,PASTISFresh/DATA_S2/S2_30169.npy,PASTISFresh/ANNOTATIONS/TARGET_30169.npy
30170,PASTISFresh/DATA_S2/S2_30170.npy,PASTISFresh/ANNOTATIONS/TARGET_30170.npy
30172,PASTISFresh/DATA_S2/S2_30172.npy,PASTISFresh/ANNOTATIONS/TARGET_30172.npy
30177,PASTISFresh/DATA_S2/S2_30177.npy,PASTISFresh/ANNOTATIONS/TARGET_30177.npy
30178,PASTISFresh/DATA_S2/S2_30178.npy,PASTISFresh/ANNOTATIONS/TARGET_30178.npy
30180,PASTISFresh/DATA_S2/S2_30180.npy,PASTISFresh/ANNOTATIONS/TARGET_30180.npy
30181,PASTISFresh/DATA_S2/S2_30181.npy,PASTISFresh/ANNOTATIONS/TARGET_30181.npy
30182,PASTISFresh/DATA_S2/S2_30182.npy,PASTISFresh/ANNOTATIONS/TARGET_30182.npy
30183,PASTISFresh/DATA_S2/S2_30183.npy,PASTISFresh/ANNOTATIONS/TARGET_30183.npy
30188,PASTISFresh/DATA_S2/S2_30188.npy,PASTISFresh/ANNOTATIONS/TARGET_30188.npy
30190,PASTISFresh/DATA_S2/S2_30190.npy,PASTISFresh/ANNOTATIONS/TARGET_30190.npy
30191,PASTISFresh/DATA_S2/S2_30191.npy,PASTISFresh/ANNOTATIONS/TARGET_30191.npy
30193,PASTISFresh/DATA_S2/S2_30193.npy,PASTISFresh/ANNOTATIONS/TARGET_30193.npy
30196,PASTISFresh/DATA_S2/S2_30196.npy,PASTISFresh/ANNOTATIONS/TARGET_30196.npy
30197,PASTISFresh/DATA_S2/S2_30197.npy,PASTISFresh/ANNOTATIONS/TARGET_30197.npy
30199,PASTISFresh/DATA_S2/S2_30199.npy,PASTISFresh/ANNOTATIONS/TARGET_30199.npy
30201,PASTISFresh/DATA_S2/S2_30201.npy,PASTISFresh/ANNOTATIONS/TARGET_30201.npy
30204,PASTISFresh/DATA_S2/S2_30204.npy,PASTISFresh/ANNOTATIONS/TARGET_30204.npy
30205,PASTISFresh/DATA_S2/S2_30205.npy,PASTISFresh/ANNOTATIONS/TARGET_30205.npy
30207,PASTISFresh/DATA_S2/S2_30207.npy,PASTISFresh/ANNOTATIONS/TARGET_30207.npy
30208,PASTISFresh/DATA_S2/S2_30208.npy,PASTISFresh/ANNOTATIONS/TARGET_30208.npy
30210,PASTISFresh/DATA_S2/S2_30210.npy,PASTISFresh/ANNOTATIONS/TARGET_30210.npy
30214,PASTISFresh/DATA_S2/S2_30214.npy,PASTISFresh/ANNOTATIONS/TARGET_30214.npy
30216,PASTISFresh/DATA_S2/S2_30216.npy,PASTISFresh/ANNOTATIONS/TARGET_30216.npy
30219,PASTISFresh/DATA_S2/S2_30219.npy,PASTISFresh/ANNOTATIONS/TARGET_30219.npy
30220,PASTISFresh/DATA_S2/S2_30220.npy,PASTISFresh/ANNOTATIONS/TARGET_30220.npy
30221,PASTISFresh/DATA_S2/S2_30221.npy,PASTISFresh/ANNOTATIONS/TARGET_30221.npy
30224,PASTISFresh/DATA_S2/S2_30224.npy,PASTISFresh/ANNOTATIONS/TARGET_30224.npy
30225,PASTISFresh/DATA_S2/S2_30225.npy,PASTISFresh/ANNOTATIONS/TARGET_30225.npy
30227,PASTISFresh/DATA_S2/S2_30227.npy,PASTISFresh/ANNOTATIONS/TARGET_30227.npy
30228,PASTISFresh/DATA_S2/S2_30228.npy,PASTISFresh/ANNOTATIONS/TARGET_30228.npy
30229,PASTISFresh/DATA_S2/S2_30229.npy,PASTISFresh/ANNOTATIONS/TARGET_30229.npy
30230,PASTISFresh/DATA_S2/S2_30230.npy,PASTISFresh/ANNOTATIONS/TARGET_30230.npy
30233,PASTISFresh/DATA_S2/S2_30233.npy,PASTISFresh/ANNOTATIONS/TARGET_30233.npy
30234,PASTISFresh/DATA_S2/S2_30234.npy,PASTISFresh/ANNOTATIONS/TARGET_30234.npy
30235,PASTISFresh/DATA_S2/S2_30235.npy,PASTISFresh/ANNOTATIONS/TARGET_30235.npy
30236,PASTISFresh/DATA_S2/S2_30236.npy,PASTISFresh/ANNOTATIONS/TARGET_30236.npy
30237,PASTISFresh/DATA_S2/S2_30237.npy,PASTISFresh/ANNOTATIONS/TARGET_30237.npy
30238,PASTISFresh/DATA_S2/S2_30238.npy,PASTISFresh/ANNOTATIONS/TARGET_30238.npy
30241,PASTISFresh/DATA_S2/S2_30241.npy,PASTISFresh/ANNOTATIONS/TARGET_30241.npy
30242,PASTISFresh/DATA_S2/S2_30242.npy,PASTISFresh/ANNOTATIONS/TARGET_30242.npy
30247,PASTISFresh/DATA_S2/S2_30247.npy,PASTISFresh/ANNOTATIONS/TARGET_30247.npy
30250,PASTISFresh/DATA_S2/S2_30250.npy,PASTISFresh/ANNOTATIONS/TARGET_30250.npy
30251,PASTISFresh/DATA_S2/S2_30251.npy,PASTISFresh/ANNOTATIONS/TARGET_30251.npy
30252,PASTISFresh/DATA_S2/S2_30252.npy,PASTISFresh/ANNOTATIONS/TARGET_30252.npy
30253,PASTISFresh/DATA_S2/S2_30253.npy,PASTISFresh/ANNOTATIONS/TARGET_30253.npy
30256,PASTISFresh/DATA_S2/S2_30256.npy,PASTISFresh/ANNOTATIONS/TARGET_30256.npy
30257,PASTISFresh/DATA_S2/S2_30257.npy,PASTISFresh/ANNOTATIONS/TARGET_30257.npy
30261,PASTISFresh/DATA_S2/S2_30261.npy,PASTISFresh/ANNOTATIONS/TARGET_30261.npy
30263,PASTISFresh/DATA_S2/S2_30263.npy,PASTISFresh/ANNOTATIONS/TARGET_30263.npy
30264,PASTISFresh/DATA_S2/S2_30264.npy,PASTISFresh/ANNOTATIONS/TARGET_30264.npy
30265,PASTISFresh/DATA_S2/S2_30265.npy,PASTISFresh/ANNOTATIONS/TARGET_30265.npy
30266,PASTISFresh/DATA_S2/S2_30266.npy,PASTISFresh/ANNOTATIONS/TARGET_30266.npy
30270,PASTISFresh/DATA_S2/S2_30270.npy,PASTISFresh/ANNOTATIONS/TARGET_30270.npy
30273,PASTISFresh/DATA_S2/S2_30273.npy,PASTISFresh/ANNOTATIONS/TARGET_30273.npy
30274,PASTISFresh/DATA_S2/S2_30274.npy,PASTISFresh/ANNOTATIONS/TARGET_30274.npy
30276,PASTISFresh/DATA_S2/S2_30276.npy,PASTISFresh/ANNOTATIONS/TARGET_30276.npy
30278,PASTISFresh/DATA_S2/S2_30278.npy,PASTISFresh/ANNOTATIONS/TARGET_30278.npy
30279,PASTISFresh/DATA_S2/S2_30279.npy,PASTISFresh/ANNOTATIONS/TARGET_30279.npy
30280,PASTISFresh/DATA_S2/S2_30280.npy,PASTISFresh/ANNOTATIONS/TARGET_30280.npy
30281,PASTISFresh/DATA_S2/S2_30281.npy,PASTISFresh/ANNOTATIONS/TARGET_30281.npy
30283,PASTISFresh/DATA_S2/S2_30283.npy,PASTISFresh/ANNOTATIONS/TARGET_30283.npy
30284,PASTISFresh/DATA_S2/S2_30284.npy,PASTISFresh/ANNOTATIONS/TARGET_30284.npy
30286,PASTISFresh/DATA_S2/S2_30286.npy,PASTISFresh/ANNOTATIONS/TARGET_30286.npy
30288,PASTISFresh/DATA_S2/S2_30288.npy,PASTISFresh/ANNOTATIONS/TARGET_30288.npy
30289,PASTISFresh/DATA_S2/S2_30289.npy,PASTISFresh/ANNOTATIONS/TARGET_30289.npy
30291,PASTISFresh/DATA_S2/S2_30291.npy,PASTISFresh/ANNOTATIONS/TARGET_30291.npy
30293,PASTISFresh/DATA_S2/S2_30293.npy,PASTISFresh/ANNOTATIONS/TARGET_30293.npy
30294,PASTISFresh/DATA_S2/S2_30294.npy,PASTISFresh/ANNOTATIONS/TARGET_30294.npy
30299,PASTISFresh/DATA_S2/S2_30299.npy,PASTISFresh/ANNOTATIONS/TARGET_30299.npy
30301,PASTISFresh/DATA_S2/S2_30301.npy,PASTISFresh/ANNOTATIONS/TARGET_30301.npy
30302,PASTISFresh/DATA_S2/S2_30302.npy,PASTISFresh/ANNOTATIONS/TARGET_30302.npy
30303,PASTISFresh/DATA_S2/S2_30303.npy,PASTISFresh/ANNOTATIONS/TARGET_30303.npy
30304,PASTISFresh/DATA_S2/S2_30304.npy,PASTISFresh/ANNOTATIONS/TARGET_30304.npy
30305,PASTISFresh/DATA_S2/S2_30305.npy,PASTISFresh/ANNOTATIONS/TARGET_30305.npy
30306,PASTISFresh/DATA_S2/S2_30306.npy,PASTISFresh/ANNOTATIONS/TARGET_30306.npy
30307,PASTISFresh/DATA_S2/S2_30307.npy,PASTISFresh/ANNOTATIONS/TARGET_30307.npy
30309,PASTISFresh/DATA_S2/S2_30309.npy,PASTISFresh/ANNOTATIONS/TARGET_30309.npy
30310,PASTISFresh/DATA_S2/S2_30310.npy,PASTISFresh/ANNOTATIONS/TARGET_30310.npy
30311,PASTISFresh/DATA_S2/S2_30311.npy,PASTISFresh/ANNOTATIONS/TARGET_30311.npy
30312,PASTISFresh/DATA_S2/S2_30312.npy,PASTISFresh/ANNOTATIONS/TARGET_30312.npy
30315,PASTISFresh/DATA_S2/S2_30315.npy,PASTISFresh/ANNOTATIONS/TARGET_30315.npy
30317,PASTISFresh/DATA_S2/S2_30317.npy,PASTISFresh/ANNOTATIONS/TARGET_30317.npy
30318,PASTISFresh/DATA_S2/S2_30318.npy,PASTISFresh/ANNOTATIONS/TARGET_30318.npy
30320,PASTISFresh/DATA_S2/S2_30320.npy,PASTISFresh/ANNOTATIONS/TARGET_30320.npy
30324,PASTISFresh/DATA_S2/S2_30324.npy,PASTISFresh/ANNOTATIONS/TARGET_30324.npy
30326,PASTISFresh/DATA_S2/S2_30326.npy,PASTISFresh/ANNOTATIONS/TARGET_30326.npy
30328,PASTISFresh/DATA_S2/S2_30328.npy,PASTISFresh/ANNOTATIONS/TARGET_30328.npy
30329,PASTISFresh/DATA_S2/S2_30329.npy,PASTISFresh/ANNOTATIONS/TARGET_30329.npy
30332,PASTISFresh/DATA_S2/S2_30332.npy,PASTISFresh/ANNOTATIONS/TARGET_30332.npy
30335,PASTISFresh/DATA_S2/S2_30335.npy,PASTISFresh/ANNOTATIONS/TARGET_30335.npy
30336,PASTISFresh/DATA_S2/S2_30336.npy,PASTISFresh/ANNOTATIONS/TARGET_30336.npy
30337,PASTISFresh/DATA_S2/S2_30337.npy,PASTISFresh/ANNOTATIONS/TARGET_30337.npy
30338,PASTISFresh/DATA_S2/S2_30338.npy,PASTISFresh/ANNOTATIONS/TARGET_30338.npy
30339,PASTISFresh/DATA_S2/S2_30339.npy,PASTISFresh/ANNOTATIONS/TARGET_30339.npy
30340,PASTISFresh/DATA_S2/S2_30340.npy,PASTISFresh/ANNOTATIONS/TARGET_30340.npy
30341,PASTISFresh/DATA_S2/S2_30341.npy,PASTISFresh/ANNOTATIONS/TARGET_30341.npy
30342,PASTISFresh/DATA_S2/S2_30342.npy,PASTISFresh/ANNOTATIONS/TARGET_30342.npy
30343,PASTISFresh/DATA_S2/S2_30343.npy,PASTISFresh/ANNOTATIONS/TARGET_30343.npy
30346,PASTISFresh/DATA_S2/S2_30346.npy,PASTISFresh/ANNOTATIONS/TARGET_30346.npy
30347,PASTISFresh/DATA_S2/S2_30347.npy,PASTISFresh/ANNOTATIONS/TARGET_30347.npy
30350,PASTISFresh/DATA_S2/S2_30350.npy,PASTISFresh/ANNOTATIONS/TARGET_30350.npy
30353,PASTISFresh/DATA_S2/S2_30353.npy,PASTISFresh/ANNOTATIONS/TARGET_30353.npy
30357,PASTISFresh/DATA_S2/S2_30357.npy,PASTISFresh/ANNOTATIONS/TARGET_30357.npy
30358,PASTISFresh/DATA_S2/S2_30358.npy,PASTISFresh/ANNOTATIONS/TARGET_30358.npy
30359,PASTISFresh/DATA_S2/S2_30359.npy,PASTISFresh/ANNOTATIONS/TARGET_30359.npy
30362,PASTISFresh/DATA_S2/S2_30362.npy,PASTISFresh/ANNOTATIONS/TARGET_30362.npy
30363,PASTISFresh/DATA_S2/S2_30363.npy,PASTISFresh/ANNOTATIONS/TARGET_30363.npy
30365,PASTISFresh/DATA_S2/S2_30365.npy,PASTISFresh/ANNOTATIONS/TARGET_30365.npy
30367,PASTISFresh/DATA_S2/S2_30367.npy,PASTISFresh/ANNOTATIONS/TARGET_30367.npy
30369,PASTISFresh/DATA_S2/S2_30369.npy,PASTISFresh/ANNOTATIONS/TARGET_30369.npy
30370,PASTISFresh/DATA_S2/S2_30370.npy,PASTISFresh/ANNOTATIONS/TARGET_30370.npy
30371,PASTISFresh/DATA_S2/S2_30371.npy,PASTISFresh/ANNOTATIONS/TARGET_30371.npy
30374,PASTISFresh/DATA_S2/S2_30374.npy,PASTISFresh/ANNOTATIONS/TARGET_30374.npy
30375,PASTISFresh/DATA_S2/S2_30375.npy,PASTISFresh/ANNOTATIONS/TARGET_30375.npy
30376,PASTISFresh/DATA_S2/S2_30376.npy,PASTISFresh/ANNOTATIONS/TARGET_30376.npy
30377,PASTISFresh/DATA_S2/S2_30377.npy,PASTISFresh/ANNOTATIONS/TARGET_30377.npy
30378,PASTISFresh/DATA_S2/S2_30378.npy,PASTISFresh/ANNOTATIONS/TARGET_30378.npy
30379,PASTISFresh/DATA_S2/S2_30379.npy,PASTISFresh/ANNOTATIONS/TARGET_30379.npy
30383,PASTISFresh/DATA_S2/S2_30383.npy,PASTISFresh/ANNOTATIONS/TARGET_30383.npy
30384,PASTISFresh/DATA_S2/S2_30384.npy,PASTISFresh/ANNOTATIONS/TARGET_30384.npy
30386,PASTISFresh/DATA_S2/S2_30386.npy,PASTISFresh/ANNOTATIONS/TARGET_30386.npy
30390,PASTISFresh/DATA_S2/S2_30390.npy,PASTISFresh/ANNOTATIONS/TARGET_30390.npy
30391,PASTISFresh/DATA_S2/S2_30391.npy,PASTISFresh/ANNOTATIONS/TARGET_30391.npy
30393,PASTISFresh/DATA_S2/S2_30393.npy,PASTISFresh/ANNOTATIONS/TARGET_30393.npy
30394,PASTISFresh/DATA_S2/S2_30394.npy,PASTISFresh/ANNOTATIONS/TARGET_30394.npy
30395,PASTISFresh/DATA_S2/S2_30395.npy,PASTISFresh/ANNOTATIONS/TARGET_30395.npy
30396,PASTISFresh/DATA_S2/S2_30396.npy,PASTISFresh/ANNOTATIONS/TARGET_30396.npy
30398,PASTISFresh/DATA_S2/S2_30398.npy,PASTISFresh/ANNOTATIONS/TARGET_30398.npy
30399,PASTISFresh/DATA_S2/S2_30399.npy,PASTISFresh/ANNOTATIONS/TARGET_30399.npy
30400,PASTISFresh/DATA_S2/S2_30400.npy,PASTISFresh/ANNOTATIONS/TARGET_30400.npy
30401,PASTISFresh/DATA_S2/S2_30401.npy,PASTISFresh/ANNOTATIONS/TARGET_30401.npy
30403,PASTISFresh/DATA_S2/S2_30403.npy,PASTISFresh/ANNOTATIONS/TARGET_30403.npy
30404,PASTISFresh/DATA_S2/S2_30404.npy,PASTISFresh/ANNOTATIONS/TARGET_30404.npy
30405,PASTISFresh/DATA_S2/S2_30405.npy,PASTISFresh/ANNOTATIONS/TARGET_30405.npy
30407,PASTISFresh/DATA_S2/S2_30407.npy,PASTISFresh/ANNOTATIONS/TARGET_30407.npy
30408,PASTISFresh/DATA_S2/S2_30408.npy,PASTISFresh/ANNOTATIONS/TARGET_30408.npy
30412,PASTISFresh/DATA_S2/S2_30412.npy,PASTISFresh/ANNOTATIONS/TARGET_30412.npy
30413,PASTISFresh/DATA_S2/S2_30413.npy,PASTISFresh/ANNOTATIONS/TARGET_30413.npy
30414,PASTISFresh/DATA_S2/S2_30414.npy,PASTISFresh/ANNOTATIONS/TARGET_30414.npy
30415,PASTISFresh/DATA_S2/S2_30415.npy,PASTISFresh/ANNOTATIONS/TARGET_30415.npy
30417,PASTISFresh/DATA_S2/S2_30417.npy,PASTISFresh/ANNOTATIONS/TARGET_30417.npy
30420,PASTISFresh/DATA_S2/S2_30420.npy,PASTISFresh/ANNOTATIONS/TARGET_30420.npy
30421,PASTISFresh/DATA_S2/S2_30421.npy,PASTISFresh/ANNOTATIONS/TARGET_30421.npy
30422,PASTISFresh/DATA_S2/S2_30422.npy,PASTISFresh/ANNOTATIONS/TARGET_30422.npy
30425,PASTISFresh/DATA_S2/S2_30425.npy,PASTISFresh/ANNOTATIONS/TARGET_30425.npy
30426,PASTISFresh/DATA_S2/S2_30426.npy,PASTISFresh/ANNOTATIONS/TARGET_30426.npy
30427,PASTISFresh/DATA_S2/S2_30427.npy,PASTISFresh/ANNOTATIONS/TARGET_30427.npy
30429,PASTISFresh/DATA_S2/S2_30429.npy,PASTISFresh/ANNOTATIONS/TARGET_30429.npy
30430,PASTISFresh/DATA_S2/S2_30430.npy,PASTISFresh/ANNOTATIONS/TARGET_30430.npy
30431,PASTISFresh/DATA_S2/S2_30431.npy,PASTISFresh/ANNOTATIONS/TARGET_30431.npy
30432,PASTISFresh/DATA_S2/S2_30432.npy,PASTISFresh/ANNOTATIONS/TARGET_30432.npy
30433,PASTISFresh/DATA_S2/S2_30433.npy,PASTISFresh/ANNOTATIONS/TARGET_30433.npy
30434,PASTISFresh/DATA_S2/S2_30434.npy,PASTISFresh/ANNOTATIONS/TARGET_30434.npy
30438,PASTISFresh/DATA_S2/S2_30438.npy,PASTISFresh/ANNOTATIONS/TARGET_30438.npy
30439,PASTISFresh/DATA_S2/S2_30439.npy,PASTISFresh/ANNOTATIONS/TARGET_30439.npy
30440,PASTISFresh/DATA_S2/S2_30440.npy,PASTISFresh/ANNOTATIONS/TARGET_30440.npy
30441,PASTISFresh/DATA_S2/S2_30441.npy,PASTISFresh/ANNOTATIONS/TARGET_30441.npy
30442,PASTISFresh/DATA_S2/S2_30442.npy,PASTISFresh/ANNOTATIONS/TARGET_30442.npy
30444,PASTISFresh/DATA_S2/S2_30444.npy,PASTISFresh/ANNOTATIONS/TARGET_30444.npy
30446,PASTISFresh/DATA_S2/S2_30446.npy,PASTISFresh/ANNOTATIONS/TARGET_30446.npy
30447,PASTISFresh/DATA_S2/S2_30447.npy,PASTISFresh/ANNOTATIONS/TARGET_30447.npy
30448,PASTISFresh/DATA_S2/S2_30448.npy,PASTISFresh/ANNOTATIONS/TARGET_30448.npy
30449,PASTISFresh/DATA_S2/S2_30449.npy,PASTISFresh/ANNOTATIONS/TARGET_30449.npy
30453,PASTISFresh/DATA_S2/S2_30453.npy,PASTISFresh/ANNOTATIONS/TARGET_30453.npy
30455,PASTISFresh/DATA_S2/S2_30455.npy,PASTISFresh/ANNOTATIONS/TARGET_30455.npy
30456,PASTISFresh/DATA_S2/S2_30456.npy,PASTISFresh/ANNOTATIONS/TARGET_30456.npy
30457,PASTISFresh/DATA_S2/S2_30457.npy,PASTISFresh/ANNOTATIONS/TARGET_30457.npy
30459,PASTISFresh/DATA_S2/S2_30459.npy,PASTISFresh/ANNOTATIONS/TARGET_30459.npy
30460,PASTISFresh/DATA_S2/S2_30460.npy,PASTISFresh/ANNOTATIONS/TARGET_30460.npy
30463,PASTISFresh/DATA_S2/S2_30463.npy,PASTISFresh/ANNOTATIONS/TARGET_30463.npy
30464,PASTISFresh/DATA_S2/S2_30464.npy,PASTISFresh/ANNOTATIONS/TARGET_30464.npy
30465,PASTISFresh/DATA_S2/S2_30465.npy,PASTISFresh/ANNOTATIONS/TARGET_30465.npy
30466,PASTISFresh/DATA_S2/S2_30466.npy,PASTISFresh/ANNOTATIONS/TARGET_30466.npy
30467,PASTISFresh/DATA_S2/S2_30467.npy,PASTISFresh/ANNOTATIONS/TARGET_30467.npy
30468,PASTISFresh/DATA_S2/S2_30468.npy,PASTISFresh/ANNOTATIONS/TARGET_30468.npy
30472,PASTISFresh/DATA_S2/S2_30472.npy,PASTISFresh/ANNOTATIONS/TARGET_30472.npy
30473,PASTISFresh/DATA_S2/S2_30473.npy,PASTISFresh/ANNOTATIONS/TARGET_30473.npy
30474,PASTISFresh/DATA_S2/S2_30474.npy,PASTISFresh/ANNOTATIONS/TARGET_30474.npy
30476,PASTISFresh/DATA_S2/S2_30476.npy,PASTISFresh/ANNOTATIONS/TARGET_30476.npy
30480,PASTISFresh/DATA_S2/S2_30480.npy,PASTISFresh/ANNOTATIONS/TARGET_30480.npy
30481,PASTISFresh/DATA_S2/S2_30481.npy,PASTISFresh/ANNOTATIONS/TARGET_30481.npy
30482,PASTISFresh/DATA_S2/S2_30482.npy,PASTISFresh/ANNOTATIONS/TARGET_30482.npy
30484,PASTISFresh/DATA_S2/S2_30484.npy,PASTISFresh/ANNOTATIONS/TARGET_30484.npy
30485,PASTISFresh/DATA_S2/S2_30485.npy,PASTISFresh/ANNOTATIONS/TARGET_30485.npy
30486,PASTISFresh/DATA_S2/S2_30486.npy,PASTISFresh/ANNOTATIONS/TARGET_30486.npy
30487,PASTISFresh/DATA_S2/S2_30487.npy,PASTISFresh/ANNOTATIONS/TARGET_30487.npy
30488,PASTISFresh/DATA_S2/S2_30488.npy,PASTISFresh/ANNOTATIONS/TARGET_30488.npy
30489,PASTISFresh/DATA_S2/S2_30489.npy,PASTISFresh/ANNOTATIONS/TARGET_30489.npy
30490,PASTISFresh/DATA_S2/S2_30490.npy,PASTISFresh/ANNOTATIONS/TARGET_30490.npy
30492,PASTISFresh/DATA_S2/S2_30492.npy,PASTISFresh/ANNOTATIONS/TARGET_30492.npy
30493,PASTISFresh/DATA_S2/S2_30493.npy,PASTISFresh/ANNOTATIONS/TARGET_30493.npy
30494,PASTISFresh/DATA_S2/S2_30494.npy,PASTISFresh/ANNOTATIONS/TARGET_30494.npy
30500,PASTISFresh/DATA_S2/S2_30500.npy,PASTISFresh/ANNOTATIONS/TARGET_30500.npy
30502,PASTISFresh/DATA_S2/S2_30502.npy,PASTISFresh/ANNOTATIONS/TARGET_30502.npy
30503,PASTISFresh/DATA_S2/S2_30503.npy,PASTISFresh/ANNOTATIONS/TARGET_30503.npy
30505,PASTISFresh/DATA_S2/S2_30505.npy,PASTISFresh/ANNOTATIONS/TARGET_30505.npy
30508,PASTISFresh/DATA_S2/S2_30508.npy,PASTISFresh/ANNOTATIONS/TARGET_30508.npy
30509,PASTISFresh/DATA_S2/S2_30509.npy,PASTISFresh/ANNOTATIONS/TARGET_30509.npy
30510,PASTISFresh/DATA_S2/S2_30510.npy,PASTISFresh/ANNOTATIONS/TARGET_30510.npy
30511,PASTISFresh/DATA_S2/S2_30511.npy,PASTISFresh/ANNOTATIONS/TARGET_30511.npy
30512,PASTISFresh/DATA_S2/S2_30512.npy,PASTISFresh/ANNOTATIONS/TARGET_30512.npy
30514,PASTISFresh/DATA_S2/S2_30514.npy,PASTISFresh/ANNOTATIONS/TARGET_30514.npy
30516,PASTISFresh/DATA_S2/S2_30516.npy,PASTISFresh/ANNOTATIONS/TARGET_30516.npy
30517,PASTISFresh/DATA_S2/S2_30517.npy,PASTISFresh/ANNOTATIONS/TARGET_30517.npy
30518,PASTISFresh/DATA_S2/S2_30518.npy,PASTISFresh/ANNOTATIONS/TARGET_30518.npy
30520,PASTISFresh/DATA_S2/S2_30520.npy,PASTISFresh/ANNOTATIONS/TARGET_30520.npy
30521,PASTISFresh/DATA_S2/S2_30521.npy,PASTISFresh/ANNOTATIONS/TARGET_30521.npy
30522,PASTISFresh/DATA_S2/S2_30522.npy,PASTISFresh/ANNOTATIONS/TARGET_30522.npy
30524,PASTISFresh/DATA_S2/S2_30524.npy,PASTISFresh/ANNOTATIONS/TARGET_30524.npy
30526,PASTISFresh/DATA_S2/S2_30526.npy,PASTISFresh/ANNOTATIONS/TARGET_30526.npy
30527,PASTISFresh/DATA_S2/S2_30527.npy,PASTISFresh/ANNOTATIONS/TARGET_30527.npy
30531,PASTISFresh/DATA_S2/S2_30531.npy,PASTISFresh/ANNOTATIONS/TARGET_30531.npy
30537,PASTISFresh/DATA_S2/S2_30537.npy,PASTISFresh/ANNOTATIONS/TARGET_30537.npy
30538,PASTISFresh/DATA_S2/S2_30538.npy,PASTISFresh/ANNOTATIONS/TARGET_30538.npy
30539,PASTISFresh/DATA_S2/S2_30539.npy,PASTISFresh/ANNOTATIONS/TARGET_30539.npy
30540,PASTISFresh/DATA_S2/S2_30540.npy,PASTISFresh/ANNOTATIONS/TARGET_30540.npy
30541,PASTISFresh/DATA_S2/S2_30541.npy,PASTISFresh/ANNOTATIONS/TARGET_30541.npy
30542,PASTISFresh/DATA_S2/S2_30542.npy,PASTISFresh/ANNOTATIONS/TARGET_30542.npy
30543,PASTISFresh/DATA_S2/S2_30543.npy,PASTISFresh/ANNOTATIONS/TARGET_30543.npy
30544,PASTISFresh/DATA_S2/S2_30544.npy,PASTISFresh/ANNOTATIONS/TARGET_30544.npy
30547,PASTISFresh/DATA_S2/S2_30547.npy,PASTISFresh/ANNOTATIONS/TARGET_30547.npy
30548,PASTISFresh/DATA_S2/S2_30548.npy,PASTISFresh/ANNOTATIONS/TARGET_30548.npy
30549,PASTISFresh/DATA_S2/S2_30549.npy,PASTISFresh/ANNOTATIONS/TARGET_30549.npy
30550,PASTISFresh/DATA_S2/S2_30550.npy,PASTISFresh/ANNOTATIONS/TARGET_30550.npy
30551,PASTISFresh/DATA_S2/S2_30551.npy,PASTISFresh/ANNOTATIONS/TARGET_30551.npy
30552,PASTISFresh/DATA_S2/S2_30552.npy,PASTISFresh/ANNOTATIONS/TARGET_30552.npy
30553,PASTISFresh/DATA_S2/S2_30553.npy,PASTISFresh/ANNOTATIONS/TARGET_30553.npy
30554,PASTISFresh/DATA_S2/S2_30554.npy,PASTISFresh/ANNOTATIONS/TARGET_30554.npy
30560,PASTISFresh/DATA_S2/S2_30560.npy,PASTISFresh/ANNOTATIONS/TARGET_30560.npy
30564,PASTISFresh/DATA_S2/S2_30564.npy,PASTISFresh/ANNOTATIONS/TARGET_30564.npy
30568,PASTISFresh/DATA_S2/S2_30568.npy,PASTISFresh/ANNOTATIONS/TARGET_30568.npy
30569,PASTISFresh/DATA_S2/S2_30569.npy,PASTISFresh/ANNOTATIONS/TARGET_30569.npy
30570,PASTISFresh/DATA_S2/S2_30570.npy,PASTISFresh/ANNOTATIONS/TARGET_30570.npy
30571,PASTISFresh/DATA_S2/S2_30571.npy,PASTISFresh/ANNOTATIONS/TARGET_30571.npy
30572,PASTISFresh/DATA_S2/S2_30572.npy,PASTISFresh/ANNOTATIONS/TARGET_30572.npy
30575,PASTISFresh/DATA_S2/S2_30575.npy,PASTISFresh/ANNOTATIONS/TARGET_30575.npy
30577,PASTISFresh/DATA_S2/S2_30577.npy,PASTISFresh/ANNOTATIONS/TARGET_30577.npy
30579,PASTISFresh/DATA_S2/S2_30579.npy,PASTISFresh/ANNOTATIONS/TARGET_30579.npy
30582,PASTISFresh/DATA_S2/S2_30582.npy,PASTISFresh/ANNOTATIONS/TARGET_30582.npy
30583,PASTISFresh/DATA_S2/S2_30583.npy,PASTISFresh/ANNOTATIONS/TARGET_30583.npy
30584,PASTISFresh/DATA_S2/S2_30584.npy,PASTISFresh/ANNOTATIONS/TARGET_30584.npy
30587,PASTISFresh/DATA_S2/S2_30587.npy,PASTISFresh/ANNOTATIONS/TARGET_30587.npy
30588,PASTISFresh/DATA_S2/S2_30588.npy,PASTISFresh/ANNOTATIONS/TARGET_30588.npy
30591,PASTISFresh/DATA_S2/S2_30591.npy,PASTISFresh/ANNOTATIONS/TARGET_30591.npy
30592,PASTISFresh/DATA_S2/S2_30592.npy,PASTISFresh/ANNOTATIONS/TARGET_30592.npy
30593,PASTISFresh/DATA_S2/S2_30593.npy,PASTISFresh/ANNOTATIONS/TARGET_30593.npy
30594,PASTISFresh/DATA_S2/S2_30594.npy,PASTISFresh/ANNOTATIONS/TARGET_30594.npy
30595,PASTISFresh/DATA_S2/S2_30595.npy,PASTISFresh/ANNOTATIONS/TARGET_30595.npy
30598,PASTISFresh/DATA_S2/S2_30598.npy,PASTISFresh/ANNOTATIONS/TARGET_30598.npy
30599,PASTISFresh/DATA_S2/S2_30599.npy,PASTISFresh/ANNOTATIONS/TARGET_30599.npy
30600,PASTISFresh/DATA_S2/S2_30600.npy,PASTISFresh/ANNOTATIONS/TARGET_30600.npy
30601,PASTISFresh/DATA_S2/S2_30601.npy,PASTISFresh/ANNOTATIONS/TARGET_30601.npy
30603,PASTISFresh/DATA_S2/S2_30603.npy,PASTISFresh/ANNOTATIONS/TARGET_30603.npy
30605,PASTISFresh/DATA_S2/S2_30605.npy,PASTISFresh/ANNOTATIONS/TARGET_30605.npy
30606,PASTISFresh/DATA_S2/S2_30606.npy,PASTISFresh/ANNOTATIONS/TARGET_30606.npy
30607,PASTISFresh/DATA_S2/S2_30607.npy,PASTISFresh/ANNOTATIONS/TARGET_30607.npy
30608,PASTISFresh/DATA_S2/S2_30608.npy,PASTISFresh/ANNOTATIONS/TARGET_30608.npy
30609,PASTISFresh/DATA_S2/S2_30609.npy,PASTISFresh/ANNOTATIONS/TARGET_30609.npy
30610,PASTISFresh/DATA_S2/S2_30610.npy,PASTISFresh/ANNOTATIONS/TARGET_30610.npy
30612,PASTISFresh/DATA_S2/S2_30612.npy,PASTISFresh/ANNOTATIONS/TARGET_30612.npy
30613,PASTISFresh/DATA_S2/S2_30613.npy,PASTISFresh/ANNOTATIONS/TARGET_30613.npy
30614,PASTISFresh/DATA_S2/S2_30614.npy,PASTISFresh/ANNOTATIONS/TARGET_30614.npy
30617,PASTISFresh/DATA_S2/S2_30617.npy,PASTISFresh/ANNOTATIONS/TARGET_30617.npy
30620,PASTISFresh/DATA_S2/S2_30620.npy,PASTISFresh/ANNOTATIONS/TARGET_30620.npy
30623,PASTISFresh/DATA_S2/S2_30623.npy,PASTISFresh/ANNOTATIONS/TARGET_30623.npy
30624,PASTISFresh/DATA_S2/S2_30624.npy,PASTISFresh/ANNOTATIONS/TARGET_30624.npy
30625,PASTISFresh/DATA_S2/S2_30625.npy,PASTISFresh/ANNOTATIONS/TARGET_30625.npy
30626,PASTISFresh/DATA_S2/S2_30626.npy,PASTISFresh/ANNOTATIONS/TARGET_30626.npy
30628,PASTISFresh/DATA_S2/S2_30628.npy,PASTISFresh/ANNOTATIONS/TARGET_30628.npy
30629,PASTISFresh/DATA_S2/S2_30629.npy,PASTISFresh/ANNOTATIONS/TARGET_30629.npy
30630,PASTISFresh/DATA_S2/S2_30630.npy,PASTISFresh/ANNOTATIONS/TARGET_30630.npy
30632,PASTISFresh/DATA_S2/S2_30632.npy,PASTISFresh/ANNOTATIONS/TARGET_30632.npy
30633,PASTISFresh/DATA_S2/S2_30633.npy,PASTISFresh/ANNOTATIONS/TARGET_30633.npy
30637,PASTISFresh/DATA_S2/S2_30637.npy,PASTISFresh/ANNOTATIONS/TARGET_30637.npy
30638,PASTISFresh/DATA_S2/S2_30638.npy,PASTISFresh/ANNOTATIONS/TARGET_30638.npy
30639,PASTISFresh/DATA_S2/S2_30639.npy,PASTISFresh/ANNOTATIONS/TARGET_30639.npy
30640,PASTISFresh/DATA_S2/S2_30640.npy,PASTISFresh/ANNOTATIONS/TARGET_30640.npy
30642,PASTISFresh/DATA_S2/S2_30642.npy,PASTISFresh/ANNOTATIONS/TARGET_30642.npy
30644,PASTISFresh/DATA_S2/S2_30644.npy,PASTISFresh/ANNOTATIONS/TARGET_30644.npy
30645,PASTISFresh/DATA_S2/S2_30645.npy,PASTISFresh/ANNOTATIONS/TARGET_30645.npy
30646,PASTISFresh/DATA_S2/S2_30646.npy,PASTISFresh/ANNOTATIONS/TARGET_30646.npy
30647,PASTISFresh/DATA_S2/S2_30647.npy,PASTISFresh/ANNOTATIONS/TARGET_30647.npy
30648,PASTISFresh/DATA_S2/S2_30648.npy,PASTISFresh/ANNOTATIONS/TARGET_30648.npy
30650,PASTISFresh/DATA_S2/S2_30650.npy,PASTISFresh/ANNOTATIONS/TARGET_30650.npy
30651,PASTISFresh/DATA_S2/S2_30651.npy,PASTISFresh/ANNOTATIONS/TARGET_30651.npy
30654,PASTISFresh/DATA_S2/S2_30654.npy,PASTISFresh/ANNOTATIONS/TARGET_30654.npy
30655,PASTISFresh/DATA_S2/S2_30655.npy,PASTISFresh/ANNOTATIONS/TARGET_30655.npy
30657,PASTISFresh/DATA_S2/S2_30657.npy,PASTISFresh/ANNOTATIONS/TARGET_30657.npy
30658,PASTISFresh/DATA_S2/S2_30658.npy,PASTISFresh/ANNOTATIONS/TARGET_30658.npy
30660,PASTISFresh/DATA_S2/S2_30660.npy,PASTISFresh/ANNOTATIONS/TARGET_30660.npy
30664,PASTISFresh/DATA_S2/S2_30664.npy,PASTISFresh/ANNOTATIONS/TARGET_30664.npy
30665,PASTISFresh/DATA_S2/S2_30665.npy,PASTISFresh/ANNOTATIONS/TARGET_30665.npy
30666,PASTISFresh/DATA_S2/S2_30666.npy,PASTISFresh/ANNOTATIONS/TARGET_30666.npy
30671,PASTISFresh/DATA_S2/S2_30671.npy,PASTISFresh/ANNOTATIONS/TARGET_30671.npy
30672,PASTISFresh/DATA_S2/S2_30672.npy,PASTISFresh/ANNOTATIONS/TARGET_30672.npy
30673,PASTISFresh/DATA_S2/S2_30673.npy,PASTISFresh/ANNOTATIONS/TARGET_30673.npy
30674,PASTISFresh/DATA_S2/S2_30674.npy,PASTISFresh/ANNOTATIONS/TARGET_30674.npy
30678,PASTISFresh/DATA_S2/S2_30678.npy,PASTISFresh/ANNOTATIONS/TARGET_30678.npy
30680,PASTISFresh/DATA_S2/S2_30680.npy,PASTISFresh/ANNOTATIONS/TARGET_30680.npy
30681,PASTISFresh/DATA_S2/S2_30681.npy,PASTISFresh/ANNOTATIONS/TARGET_30681.npy
30682,PASTISFresh/DATA_S2/S2_30682.npy,PASTISFresh/ANNOTATIONS/TARGET_30682.npy
30683,PASTISFresh/DATA_S2/S2_30683.npy,PASTISFresh/ANNOTATIONS/TARGET_30683.npy
30684,PASTISFresh/DATA_S2/S2_30684.npy,PASTISFresh/ANNOTATIONS/TARGET_30684.npy
30685,PASTISFresh/DATA_S2/S2_30685.npy,PASTISFresh/ANNOTATIONS/TARGET_30685.npy
30686,PASTISFresh/DATA_S2/S2_30686.npy,PASTISFresh/ANNOTATIONS/TARGET_30686.npy
30687,PASTISFresh/DATA_S2/S2_30687.npy,PASTISFresh/ANNOTATIONS/TARGET_30687.npy
30688,PASTISFresh/DATA_S2/S2_30688.npy,PASTISFresh/ANNOTATIONS/TARGET_30688.npy
30692,PASTISFresh/DATA_S2/S2_30692.npy,PASTISFresh/ANNOTATIONS/TARGET_30692.npy
30694,PASTISFresh/DATA_S2/S2_30694.npy,PASTISFresh/ANNOTATIONS/TARGET_30694.npy
30696,PASTISFresh/DATA_S2/S2_30696.npy,PASTISFresh/ANNOTATIONS/TARGET_30696.npy
30697,PASTISFresh/DATA_S2/S2_30697.npy,PASTISFresh/ANNOTATIONS/TARGET_30697.npy
30698,PASTISFresh/DATA_S2/S2_30698.npy,PASTISFresh/ANNOTATIONS/TARGET_30698.npy
30702,PASTISFresh/DATA_S2/S2_30702.npy,PASTISFresh/ANNOTATIONS/TARGET_30702.npy
30703,PASTISFresh/DATA_S2/S2_30703.npy,PASTISFresh/ANNOTATIONS/TARGET_30703.npy
30704,PASTISFresh/DATA_S2/S2_30704.npy,PASTISFresh/ANNOTATIONS/TARGET_30704.npy
30705,PASTISFresh/DATA_S2/S2_30705.npy,PASTISFresh/ANNOTATIONS/TARGET_30705.npy
30706,PASTISFresh/DATA_S2/S2_30706.npy,PASTISFresh/ANNOTATIONS/TARGET_30706.npy
30707,PASTISFresh/DATA_S2/S2_30707.npy,PASTISFresh/ANNOTATIONS/TARGET_30707.npy
30710,PASTISFresh/DATA_S2/S2_30710.npy,PASTISFresh/ANNOTATIONS/TARGET_30710.npy
30714,PASTISFresh/DATA_S2/S2_30714.npy,PASTISFresh/ANNOTATIONS/TARGET_30714.npy
30715,PASTISFresh/DATA_S2/S2_30715.npy,PASTISFresh/ANNOTATIONS/TARGET_30715.npy
30716,PASTISFresh/DATA_S2/S2_30716.npy,PASTISFresh/ANNOTATIONS/TARGET_30716.npy
30717,PASTISFresh/DATA_S2/S2_30717.npy,PASTISFresh/ANNOTATIONS/TARGET_30717.npy
30719,PASTISFresh/DATA_S2/S2_30719.npy,PASTISFresh/ANNOTATIONS/TARGET_30719.npy
30720,PASTISFresh/DATA_S2/S2_30720.npy,PASTISFresh/ANNOTATIONS/TARGET_30720.npy
30724,PASTISFresh/DATA_S2/S2_30724.npy,PASTISFresh/ANNOTATIONS/TARGET_30724.npy
30726,PASTISFresh/DATA_S2/S2_30726.npy,PASTISFresh/ANNOTATIONS/TARGET_30726.npy
30727,PASTISFresh/DATA_S2/S2_30727.npy,PASTISFresh/ANNOTATIONS/TARGET_30727.npy
30729,PASTISFresh/DATA_S2/S2_30729.npy,PASTISFresh/ANNOTATIONS/TARGET_30729.npy
30730,PASTISFresh/DATA_S2/S2_30730.npy,PASTISFresh/ANNOTATIONS/TARGET_30730.npy
30731,PASTISFresh/DATA_S2/S2_30731.npy,PASTISFresh/ANNOTATIONS/TARGET_30731.npy
30734,PASTISFresh/DATA_S2/S2_30734.npy,PASTISFresh/ANNOTATIONS/TARGET_30734.npy
30735,PASTISFresh/DATA_S2/S2_30735.npy,PASTISFresh/ANNOTATIONS/TARGET_30735.npy
30736,PASTISFresh/DATA_S2/S2_30736.npy,PASTISFresh/ANNOTATIONS/TARGET_30736.npy
40002,PASTISFresh/DATA_S2/S2_40002.npy,PASTISFresh/ANNOTATIONS/TARGET_40002.npy
40003,PASTISFresh/DATA_S2/S2_40003.npy,PASTISFresh/ANNOTATIONS/TARGET_40003.npy
40004,PASTISFresh/DATA_S2/S2_40004.npy,PASTISFresh/ANNOTATIONS/TARGET_40004.npy
40005,PASTISFresh/DATA_S2/S2_40005.npy,PASTISFresh/ANNOTATIONS/TARGET_40005.npy
40008,PASTISFresh/DATA_S2/S2_40008.npy,PASTISFresh/ANNOTATIONS/TARGET_40008.npy
40009,PASTISFresh/DATA_S2/S2_40009.npy,PASTISFresh/ANNOTATIONS/TARGET_40009.npy
40010,PASTISFresh/DATA_S2/S2_40010.npy,PASTISFresh/ANNOTATIONS/TARGET_40010.npy
40013,PASTISFresh/DATA_S2/S2_40013.npy,PASTISFresh/ANNOTATIONS/TARGET_40013.npy
40015,PASTISFresh/DATA_S2/S2_40015.npy,PASTISFresh/ANNOTATIONS/TARGET_40015.npy
40016,PASTISFresh/DATA_S2/S2_40016.npy,PASTISFresh/ANNOTATIONS/TARGET_40016.npy
40017,PASTISFresh/DATA_S2/S2_40017.npy,PASTISFresh/ANNOTATIONS/TARGET_40017.npy
40018,PASTISFresh/DATA_S2/S2_40018.npy,PASTISFresh/ANNOTATIONS/TARGET_40018.npy
40019,PASTISFresh/DATA_S2/S2_40019.npy,PASTISFresh/ANNOTATIONS/TARGET_40019.npy
40020,PASTISFresh/DATA_S2/S2_40020.npy,PASTISFresh/ANNOTATIONS/TARGET_40020.npy
40024,PASTISFresh/DATA_S2/S2_40024.npy,PASTISFresh/ANNOTATIONS/TARGET_40024.npy
40025,PASTISFresh/DATA_S2/S2_40025.npy,PASTISFresh/ANNOTATIONS/TARGET_40025.npy
40026,PASTISFresh/DATA_S2/S2_40026.npy,PASTISFresh/ANNOTATIONS/TARGET_40026.npy
40028,PASTISFresh/DATA_S2/S2_40028.npy,PASTISFresh/ANNOTATIONS/TARGET_40028.npy
40029,PASTISFresh/DATA_S2/S2_40029.npy,PASTISFresh/ANNOTATIONS/TARGET_40029.npy
40032,PASTISFresh/DATA_S2/S2_40032.npy,PASTISFresh/ANNOTATIONS/TARGET_40032.npy
40034,PASTISFresh/DATA_S2/S2_40034.npy,PASTISFresh/ANNOTATIONS/TARGET_40034.npy
40035,PASTISFresh/DATA_S2/S2_40035.npy,PASTISFresh/ANNOTATIONS/TARGET_40035.npy
40036,PASTISFresh/DATA_S2/S2_40036.npy,PASTISFresh/ANNOTATIONS/TARGET_40036.npy
40037,PASTISFresh/DATA_S2/S2_40037.npy,PASTISFresh/ANNOTATIONS/TARGET_40037.npy
40038,PASTISFresh/DATA_S2/S2_40038.npy,PASTISFresh/ANNOTATIONS/TARGET_40038.npy
40039,PASTISFresh/DATA_S2/S2_40039.npy,PASTISFresh/ANNOTATIONS/TARGET_40039.npy
40040,PASTISFresh/DATA_S2/S2_40040.npy,PASTISFresh/ANNOTATIONS/TARGET_40040.npy
40041,PASTISFresh/DATA_S2/S2_40041.npy,PASTISFresh/ANNOTATIONS/TARGET_40041.npy
40042,PASTISFresh/DATA_S2/S2_40042.npy,PASTISFresh/ANNOTATIONS/TARGET_40042.npy
40045,PASTISFresh/DATA_S2/S2_40045.npy,PASTISFresh/ANNOTATIONS/TARGET_40045.npy
40047,PASTISFresh/DATA_S2/S2_40047.npy,PASTISFresh/ANNOTATIONS/TARGET_40047.npy
40048,PASTISFresh/DATA_S2/S2_40048.npy,PASTISFresh/ANNOTATIONS/TARGET_40048.npy
40050,PASTISFresh/DATA_S2/S2_40050.npy,PASTISFresh/ANNOTATIONS/TARGET_40050.npy
40051,PASTISFresh/DATA_S2/S2_40051.npy,PASTISFresh/ANNOTATIONS/TARGET_40051.npy
40052,PASTISFresh/DATA_S2/S2_40052.npy,PASTISFresh/ANNOTATIONS/TARGET_40052.npy
40053,PASTISFresh/DATA_S2/S2_40053.npy,PASTISFresh/ANNOTATIONS/TARGET_40053.npy
40055,PASTISFresh/DATA_S2/S2_40055.npy,PASTISFresh/ANNOTATIONS/TARGET_40055.npy
40058,PASTISFresh/DATA_S2/S2_40058.npy,PASTISFresh/ANNOTATIONS/TARGET_40058.npy
40059,PASTISFresh/DATA_S2/S2_40059.npy,PASTISFresh/ANNOTATIONS/TARGET_40059.npy
40061,PASTISFresh/DATA_S2/S2_40061.npy,PASTISFresh/ANNOTATIONS/TARGET_40061.npy
40062,PASTISFresh/DATA_S2/S2_40062.npy,PASTISFresh/ANNOTATIONS/TARGET_40062.npy
40064,PASTISFresh/DATA_S2/S2_40064.npy,PASTISFresh/ANNOTATIONS/TARGET_40064.npy
40066,PASTISFresh/DATA_S2/S2_40066.npy,PASTISFresh/ANNOTATIONS/TARGET_40066.npy
40067,PASTISFresh/DATA_S2/S2_40067.npy,PASTISFresh/ANNOTATIONS/TARGET_40067.npy
40071,PASTISFresh/DATA_S2/S2_40071.npy,PASTISFresh/ANNOTATIONS/TARGET_40071.npy
40074,PASTISFresh/DATA_S2/S2_40074.npy,PASTISFresh/ANNOTATIONS/TARGET_40074.npy
40075,PASTISFresh/DATA_S2/S2_40075.npy,PASTISFresh/ANNOTATIONS/TARGET_40075.npy
40076,PASTISFresh/DATA_S2/S2_40076.npy,PASTISFresh/ANNOTATIONS/TARGET_40076.npy
40077,PASTISFresh/DATA_S2/S2_40077.npy,PASTISFresh/ANNOTATIONS/TARGET_40077.npy
40079,PASTISFresh/DATA_S2/S2_40079.npy,PASTISFresh/ANNOTATIONS/TARGET_40079.npy
40080,PASTISFresh/DATA_S2/S2_40080.npy,PASTISFresh/ANNOTATIONS/TARGET_40080.npy
40082,PASTISFresh/DATA_S2/S2_40082.npy,PASTISFresh/ANNOTATIONS/TARGET_40082.npy
40083,PASTISFresh/DATA_S2/S2_40083.npy,PASTISFresh/ANNOTATIONS/TARGET_40083.npy
40086,PASTISFresh/DATA_S2/S2_40086.npy,PASTISFresh/ANNOTATIONS/TARGET_40086.npy
40088,PASTISFresh/DATA_S2/S2_40088.npy,PASTISFresh/ANNOTATIONS/TARGET_40088.npy
40089,PASTISFresh/DATA_S2/S2_40089.npy,PASTISFresh/ANNOTATIONS/TARGET_40089.npy
40091,PASTISFresh/DATA_S2/S2_40091.npy,PASTISFresh/ANNOTATIONS/TARGET_40091.npy
40092,PASTISFresh/DATA_S2/S2_40092.npy,PASTISFresh/ANNOTATIONS/TARGET_40092.npy
40093,PASTISFresh/DATA_S2/S2_40093.npy,PASTISFresh/ANNOTATIONS/TARGET_40093.npy
40094,PASTISFresh/DATA_S2/S2_40094.npy,PASTISFresh/ANNOTATIONS/TARGET_40094.npy
40096,PASTISFresh/DATA_S2/S2_40096.npy,PASTISFresh/ANNOTATIONS/TARGET_40096.npy
40098,PASTISFresh/DATA_S2/S2_40098.npy,PASTISFresh/ANNOTATIONS/TARGET_40098.npy
40100,PASTISFresh/DATA_S2/S2_40100.npy,PASTISFresh/ANNOTATIONS/TARGET_40100.npy
40101,PASTISFresh/DATA_S2/S2_40101.npy,PASTISFresh/ANNOTATIONS/TARGET_40101.npy
40102,PASTISFresh/DATA_S2/S2_40102.npy,PASTISFresh/ANNOTATIONS/TARGET_40102.npy
40103,PASTISFresh/DATA_S2/S2_40103.npy,PASTISFresh/ANNOTATIONS/TARGET_40103.npy
40104,PASTISFresh/DATA_S2/S2_40104.npy,PASTISFresh/ANNOTATIONS/TARGET_40104.npy
40105,PASTISFresh/DATA_S2/S2_40105.npy,PASTISFresh/ANNOTATIONS/TARGET_40105.npy
40108,PASTISFresh/DATA_S2/S2_40108.npy,PASTISFresh/ANNOTATIONS/TARGET_40108.npy
40109,PASTISFresh/DATA_S2/S2_40109.npy,PASTISFresh/ANNOTATIONS/TARGET_40109.npy
40110,PASTISFresh/DATA_S2/S2_40110.npy,PASTISFresh/ANNOTATIONS/TARGET_40110.npy
40111,PASTISFresh/DATA_S2/S2_40111.npy,PASTISFresh/ANNOTATIONS/TARGET_40111.npy
40112,PASTISFresh/DATA_S2/S2_40112.npy,PASTISFresh/ANNOTATIONS/TARGET_40112.npy
40113,PASTISFresh/DATA_S2/S2_40113.npy,PASTISFresh/ANNOTATIONS/TARGET_40113.npy
40115,PASTISFresh/DATA_S2/S2_40115.npy,PASTISFresh/ANNOTATIONS/TARGET_40115.npy
40116,PASTISFresh/DATA_S2/S2_40116.npy,PASTISFresh/ANNOTATIONS/TARGET_40116.npy
40118,PASTISFresh/DATA_S2/S2_40118.npy,PASTISFresh/ANNOTATIONS/TARGET_40118.npy
40119,PASTISFresh/DATA_S2/S2_40119.npy,PASTISFresh/ANNOTATIONS/TARGET_40119.npy
40120,PASTISFresh/DATA_S2/S2_40120.npy,PASTISFresh/ANNOTATIONS/TARGET_40120.npy
40123,PASTISFresh/DATA_S2/S2_40123.npy,PASTISFresh/ANNOTATIONS/TARGET_40123.npy
40124,PASTISFresh/DATA_S2/S2_40124.npy,PASTISFresh/ANNOTATIONS/TARGET_40124.npy
40125,PASTISFresh/DATA_S2/S2_40125.npy,PASTISFresh/ANNOTATIONS/TARGET_40125.npy
40128,PASTISFresh/DATA_S2/S2_40128.npy,PASTISFresh/ANNOTATIONS/TARGET_40128.npy
40130,PASTISFresh/DATA_S2/S2_40130.npy,PASTISFresh/ANNOTATIONS/TARGET_40130.npy
40135,PASTISFresh/DATA_S2/S2_40135.npy,PASTISFresh/ANNOTATIONS/TARGET_40135.npy
40137,PASTISFresh/DATA_S2/S2_40137.npy,PASTISFresh/ANNOTATIONS/TARGET_40137.npy
40139,PASTISFresh/DATA_S2/S2_40139.npy,PASTISFresh/ANNOTATIONS/TARGET_40139.npy
40140,PASTISFresh/DATA_S2/S2_40140.npy,PASTISFresh/ANNOTATIONS/TARGET_40140.npy
40141,PASTISFresh/DATA_S2/S2_40141.npy,PASTISFresh/ANNOTATIONS/TARGET_40141.npy
40147,PASTISFresh/DATA_S2/S2_40147.npy,PASTISFresh/ANNOTATIONS/TARGET_40147.npy
40148,PASTISFresh/DATA_S2/S2_40148.npy,PASTISFresh/ANNOTATIONS/TARGET_40148.npy
40149,PASTISFresh/DATA_S2/S2_40149.npy,PASTISFresh/ANNOTATIONS/TARGET_40149.npy
40150,PASTISFresh/DATA_S2/S2_40150.npy,PASTISFresh/ANNOTATIONS/TARGET_40150.npy
40152,PASTISFresh/DATA_S2/S2_40152.npy,PASTISFresh/ANNOTATIONS/TARGET_40152.npy
40153,PASTISFresh/DATA_S2/S2_40153.npy,PASTISFresh/ANNOTATIONS/TARGET_40153.npy
40154,PASTISFresh/DATA_S2/S2_40154.npy,PASTISFresh/ANNOTATIONS/TARGET_40154.npy
40155,PASTISFresh/DATA_S2/S2_40155.npy,PASTISFresh/ANNOTATIONS/TARGET_40155.npy
40156,PASTISFresh/DATA_S2/S2_40156.npy,PASTISFresh/ANNOTATIONS/TARGET_40156.npy
40158,PASTISFresh/DATA_S2/S2_40158.npy,PASTISFresh/ANNOTATIONS/TARGET_40158.npy
40159,PASTISFresh/DATA_S2/S2_40159.npy,PASTISFresh/ANNOTATIONS/TARGET_40159.npy
40164,PASTISFresh/DATA_S2/S2_40164.npy,PASTISFresh/ANNOTATIONS/TARGET_40164.npy
40167,PASTISFresh/DATA_S2/S2_40167.npy,PASTISFresh/ANNOTATIONS/TARGET_40167.npy
40168,PASTISFresh/DATA_S2/S2_40168.npy,PASTISFresh/ANNOTATIONS/TARGET_40168.npy
40169,PASTISFresh/DATA_S2/S2_40169.npy,PASTISFresh/ANNOTATIONS/TARGET_40169.npy
40170,PASTISFresh/DATA_S2/S2_40170.npy,PASTISFresh/ANNOTATIONS/TARGET_40170.npy
40171,PASTISFresh/DATA_S2/S2_40171.npy,PASTISFresh/ANNOTATIONS/TARGET_40171.npy
40173,PASTISFresh/DATA_S2/S2_40173.npy,PASTISFresh/ANNOTATIONS/TARGET_40173.npy
40174,PASTISFresh/DATA_S2/S2_40174.npy,PASTISFresh/ANNOTATIONS/TARGET_40174.npy
40175,PASTISFresh/DATA_S2/S2_40175.npy,PASTISFresh/ANNOTATIONS/TARGET_40175.npy
40176,PASTISFresh/DATA_S2/S2_40176.npy,PASTISFresh/ANNOTATIONS/TARGET_40176.npy
40178,PASTISFresh/DATA_S2/S2_40178.npy,PASTISFresh/ANNOTATIONS/TARGET_40178.npy
40179,PASTISFresh/DATA_S2/S2_40179.npy,PASTISFresh/ANNOTATIONS/TARGET_40179.npy
40181,PASTISFresh/DATA_S2/S2_40181.npy,PASTISFresh/ANNOTATIONS/TARGET_40181.npy
40182,PASTISFresh/DATA_S2/S2_40182.npy,PASTISFresh/ANNOTATIONS/TARGET_40182.npy
40183,PASTISFresh/DATA_S2/S2_40183.npy,PASTISFresh/ANNOTATIONS/TARGET_40183.npy
40187,PASTISFresh/DATA_S2/S2_40187.npy,PASTISFresh/ANNOTATIONS/TARGET_40187.npy
40191,PASTISFresh/DATA_S2/S2_40191.npy,PASTISFresh/ANNOTATIONS/TARGET_40191.npy
40192,PASTISFresh/DATA_S2/S2_40192.npy,PASTISFresh/ANNOTATIONS/TARGET_40192.npy
40195,PASTISFresh/DATA_S2/S2_40195.npy,PASTISFresh/ANNOTATIONS/TARGET_40195.npy
40196,PASTISFresh/DATA_S2/S2_40196.npy,PASTISFresh/ANNOTATIONS/TARGET_40196.npy
40199,PASTISFresh/DATA_S2/S2_40199.npy,PASTISFresh/ANNOTATIONS/TARGET_40199.npy
40202,PASTISFresh/DATA_S2/S2_40202.npy,PASTISFresh/ANNOTATIONS/TARGET_40202.npy
40204,PASTISFresh/DATA_S2/S2_40204.npy,PASTISFresh/ANNOTATIONS/TARGET_40204.npy
40207,PASTISFresh/DATA_S2/S2_40207.npy,PASTISFresh/ANNOTATIONS/TARGET_40207.npy
40209,PASTISFresh/DATA_S2/S2_40209.npy,PASTISFresh/ANNOTATIONS/TARGET_40209.npy
40211,PASTISFresh/DATA_S2/S2_40211.npy,PASTISFresh/ANNOTATIONS/TARGET_40211.npy
40212,PASTISFresh/DATA_S2/S2_40212.npy,PASTISFresh/ANNOTATIONS/TARGET_40212.npy
40213,PASTISFresh/DATA_S2/S2_40213.npy,PASTISFresh/ANNOTATIONS/TARGET_40213.npy
40216,PASTISFresh/DATA_S2/S2_40216.npy,PASTISFresh/ANNOTATIONS/TARGET_40216.npy
40217,PASTISFresh/DATA_S2/S2_40217.npy,PASTISFresh/ANNOTATIONS/TARGET_40217.npy
40218,PASTISFresh/DATA_S2/S2_40218.npy,PASTISFresh/ANNOTATIONS/TARGET_40218.npy
40220,PASTISFresh/DATA_S2/S2_40220.npy,PASTISFresh/ANNOTATIONS/TARGET_40220.npy
40221,PASTISFresh/DATA_S2/S2_40221.npy,PASTISFresh/ANNOTATIONS/TARGET_40221.npy
40223,PASTISFresh/DATA_S2/S2_40223.npy,PASTISFresh/ANNOTATIONS/TARGET_40223.npy
40224,PASTISFresh/DATA_S2/S2_40224.npy,PASTISFresh/ANNOTATIONS/TARGET_40224.npy
40225,PASTISFresh/DATA_S2/S2_40225.npy,PASTISFresh/ANNOTATIONS/TARGET_40225.npy
40227,PASTISFresh/DATA_S2/S2_40227.npy,PASTISFresh/ANNOTATIONS/TARGET_40227.npy
40228,PASTISFresh/DATA_S2/S2_40228.npy,PASTISFresh/ANNOTATIONS/TARGET_40228.npy
40229,PASTISFresh/DATA_S2/S2_40229.npy,PASTISFresh/ANNOTATIONS/TARGET_40229.npy
40230,PASTISFresh/DATA_S2/S2_40230.npy,PASTISFresh/ANNOTATIONS/TARGET_40230.npy
40232,PASTISFresh/DATA_S2/S2_40232.npy,PASTISFresh/ANNOTATIONS/TARGET_40232.npy
40233,PASTISFresh/DATA_S2/S2_40233.npy,PASTISFresh/ANNOTATIONS/TARGET_40233.npy
40236,PASTISFresh/DATA_S2/S2_40236.npy,PASTISFresh/ANNOTATIONS/TARGET_40236.npy
40237,PASTISFresh/DATA_S2/S2_40237.npy,PASTISFresh/ANNOTATIONS/TARGET_40237.npy
40238,PASTISFresh/DATA_S2/S2_40238.npy,PASTISFresh/ANNOTATIONS/TARGET_40238.npy
40239,PASTISFresh/DATA_S2/S2_40239.npy,PASTISFresh/ANNOTATIONS/TARGET_40239.npy
40241,PASTISFresh/DATA_S2/S2_40241.npy,PASTISFresh/ANNOTATIONS/TARGET_40241.npy
40243,PASTISFresh/DATA_S2/S2_40243.npy,PASTISFresh/ANNOTATIONS/TARGET_40243.npy
40246,PASTISFresh/DATA_S2/S2_40246.npy,PASTISFresh/ANNOTATIONS/TARGET_40246.npy
40249,PASTISFresh/DATA_S2/S2_40249.npy,PASTISFresh/ANNOTATIONS/TARGET_40249.npy
40251,PASTISFresh/DATA_S2/S2_40251.npy,PASTISFresh/ANNOTATIONS/TARGET_40251.npy
40255,PASTISFresh/DATA_S2/S2_40255.npy,PASTISFresh/ANNOTATIONS/TARGET_40255.npy
40257,PASTISFresh/DATA_S2/S2_40257.npy,PASTISFresh/ANNOTATIONS/TARGET_40257.npy
40259,PASTISFresh/DATA_S2/S2_40259.npy,PASTISFresh/ANNOTATIONS/TARGET_40259.npy
40260,PASTISFresh/DATA_S2/S2_40260.npy,PASTISFresh/ANNOTATIONS/TARGET_40260.npy
40261,PASTISFresh/DATA_S2/S2_40261.npy,PASTISFresh/ANNOTATIONS/TARGET_40261.npy
40262,PASTISFresh/DATA_S2/S2_40262.npy,PASTISFresh/ANNOTATIONS/TARGET_40262.npy
40263,PASTISFresh/DATA_S2/S2_40263.npy,PASTISFresh/ANNOTATIONS/TARGET_40263.npy
40264,PASTISFresh/DATA_S2/S2_40264.npy,PASTISFresh/ANNOTATIONS/TARGET_40264.npy
40265,PASTISFresh/DATA_S2/S2_40265.npy,PASTISFresh/ANNOTATIONS/TARGET_40265.npy
40266,PASTISFresh/DATA_S2/S2_40266.npy,PASTISFresh/ANNOTATIONS/TARGET_40266.npy
40267,PASTISFresh/DATA_S2/S2_40267.npy,PASTISFresh/ANNOTATIONS/TARGET_40267.npy
40269,PASTISFresh/DATA_S2/S2_40269.npy,PASTISFresh/ANNOTATIONS/TARGET_40269.npy
40270,PASTISFresh/DATA_S2/S2_40270.npy,PASTISFresh/ANNOTATIONS/TARGET_40270.npy
40273,PASTISFresh/DATA_S2/S2_40273.npy,PASTISFresh/ANNOTATIONS/TARGET_40273.npy
40277,PASTISFresh/DATA_S2/S2_40277.npy,PASTISFresh/ANNOTATIONS/TARGET_40277.npy
40280,PASTISFresh/DATA_S2/S2_40280.npy,PASTISFresh/ANNOTATIONS/TARGET_40280.npy
40285,PASTISFresh/DATA_S2/S2_40285.npy,PASTISFresh/ANNOTATIONS/TARGET_40285.npy
40286,PASTISFresh/DATA_S2/S2_40286.npy,PASTISFresh/ANNOTATIONS/TARGET_40286.npy
40288,PASTISFresh/DATA_S2/S2_40288.npy,PASTISFresh/ANNOTATIONS/TARGET_40288.npy
40289,PASTISFresh/DATA_S2/S2_40289.npy,PASTISFresh/ANNOTATIONS/TARGET_40289.npy
40290,PASTISFresh/DATA_S2/S2_40290.npy,PASTISFresh/ANNOTATIONS/TARGET_40290.npy
40291,PASTISFresh/DATA_S2/S2_40291.npy,PASTISFresh/ANNOTATIONS/TARGET_40291.npy
40294,PASTISFresh/DATA_S2/S2_40294.npy,PASTISFresh/ANNOTATIONS/TARGET_40294.npy
40295,PASTISFresh/DATA_S2/S2_40295.npy,PASTISFresh/ANNOTATIONS/TARGET_40295.npy
40299,PASTISFresh/DATA_S2/S2_40299.npy,PASTISFresh/ANNOTATIONS/TARGET_40299.npy
40300,PASTISFresh/DATA_S2/S2_40300.npy,PASTISFresh/ANNOTATIONS/TARGET_40300.npy
40301,PASTISFresh/DATA_S2/S2_40301.npy,PASTISFresh/ANNOTATIONS/TARGET_40301.npy
40302,PASTISFresh/DATA_S2/S2_40302.npy,PASTISFresh/ANNOTATIONS/TARGET_40302.npy
40303,PASTISFresh/DATA_S2/S2_40303.npy,PASTISFresh/ANNOTATIONS/TARGET_40303.npy
40304,PASTISFresh/DATA_S2/S2_40304.npy,PASTISFresh/ANNOTATIONS/TARGET_40304.npy
40305,PASTISFresh/DATA_S2/S2_40305.npy,PASTISFresh/ANNOTATIONS/TARGET_40305.npy
40306,PASTISFresh/DATA_S2/S2_40306.npy,PASTISFresh/ANNOTATIONS/TARGET_40306.npy
40309,PASTISFresh/DATA_S2/S2_40309.npy,PASTISFresh/ANNOTATIONS/TARGET_40309.npy
40315,PASTISFresh/DATA_S2/S2_40315.npy,PASTISFresh/ANNOTATIONS/TARGET_40315.npy
40316,PASTISFresh/DATA_S2/S2_40316.npy,PASTISFresh/ANNOTATIONS/TARGET_40316.npy
40317,PASTISFresh/DATA_S2/S2_40317.npy,PASTISFresh/ANNOTATIONS/TARGET_40317.npy
40320,PASTISFresh/DATA_S2/S2_40320.npy,PASTISFresh/ANNOTATIONS/TARGET_40320.npy
40321,PASTISFresh/DATA_S2/S2_40321.npy,PASTISFresh/ANNOTATIONS/TARGET_40321.npy
40324,PASTISFresh/DATA_S2/S2_40324.npy,PASTISFresh/ANNOTATIONS/TARGET_40324.npy
40326,PASTISFresh/DATA_S2/S2_40326.npy,PASTISFresh/ANNOTATIONS/TARGET_40326.npy
40327,PASTISFresh/DATA_S2/S2_40327.npy,PASTISFresh/ANNOTATIONS/TARGET_40327.npy
40328,PASTISFresh/DATA_S2/S2_40328.npy,PASTISFresh/ANNOTATIONS/TARGET_40328.npy
40329,PASTISFresh/DATA_S2/S2_40329.npy,PASTISFresh/ANNOTATIONS/TARGET_40329.npy
40330,PASTISFresh/DATA_S2/S2_40330.npy,PASTISFresh/ANNOTATIONS/TARGET_40330.npy
40332,PASTISFresh/DATA_S2/S2_40332.npy,PASTISFresh/ANNOTATIONS/TARGET_40332.npy
40333,PASTISFresh/DATA_S2/S2_40333.npy,PASTISFresh/ANNOTATIONS/TARGET_40333.npy
40336,PASTISFresh/DATA_S2/S2_40336.npy,PASTISFresh/ANNOTATIONS/TARGET_40336.npy
40343,PASTISFresh/DATA_S2/S2_40343.npy,PASTISFresh/ANNOTATIONS/TARGET_40343.npy
40345,PASTISFresh/DATA_S2/S2_40345.npy,PASTISFresh/ANNOTATIONS/TARGET_40345.npy
40346,PASTISFresh/DATA_S2/S2_40346.npy,PASTISFresh/ANNOTATIONS/TARGET_40346.npy
40349,PASTISFresh/DATA_S2/S2_40349.npy,PASTISFresh/ANNOTATIONS/TARGET_40349.npy
40350,PASTISFresh/DATA_S2/S2_40350.npy,PASTISFresh/ANNOTATIONS/TARGET_40350.npy
40351,PASTISFresh/DATA_S2/S2_40351.npy,PASTISFresh/ANNOTATIONS/TARGET_40351.npy
40352,PASTISFresh/DATA_S2/S2_40352.npy,PASTISFresh/ANNOTATIONS/TARGET_40352.npy
40355,PASTISFresh/DATA_S2/S2_40355.npy,PASTISFresh/ANNOTATIONS/TARGET_40355.npy
40356,PASTISFresh/DATA_S2/S2_40356.npy,PASTISFresh/ANNOTATIONS/TARGET_40356.npy
40357,PASTISFresh/DATA_S2/S2_40357.npy,PASTISFresh/ANNOTATIONS/TARGET_40357.npy
40358,PASTISFresh/DATA_S2/S2_40358.npy,PASTISFresh/ANNOTATIONS/TARGET_40358.npy
40360,PASTISFresh/DATA_S2/S2_40360.npy,PASTISFresh/ANNOTATIONS/TARGET_40360.npy
40361,PASTISFresh/DATA_S2/S2_40361.npy,PASTISFresh/ANNOTATIONS/TARGET_40361.npy
40362,PASTISFresh/DATA_S2/S2_40362.npy,PASTISFresh/ANNOTATIONS/TARGET_40362.npy
40365,PASTISFresh/DATA_S2/S2_40365.npy,PASTISFresh/ANNOTATIONS/TARGET_40365.npy
40367,PASTISFresh/DATA_S2/S2_40367.npy,PASTISFresh/ANNOTATIONS/TARGET_40367.npy
40368,PASTISFresh/DATA_S2/S2_40368.npy,PASTISFresh/ANNOTATIONS/TARGET_40368.npy
40369,PASTISFresh/DATA_S2/S2_40369.npy,PASTISFresh/ANNOTATIONS/TARGET_40369.npy
40372,PASTISFresh/DATA_S2/S2_40372.npy,PASTISFresh/ANNOTATIONS/TARGET_40372.npy
40375,PASTISFresh/DATA_S2/S2_40375.npy,PASTISFresh/ANNOTATIONS/TARGET_40375.npy
40376,PASTISFresh/DATA_S2/S2_40376.npy,PASTISFresh/ANNOTATIONS/TARGET_40376.npy
40380,PASTISFresh/DATA_S2/S2_40380.npy,PASTISFresh/ANNOTATIONS/TARGET_40380.npy
40381,PASTISFresh/DATA_S2/S2_40381.npy,PASTISFresh/ANNOTATIONS/TARGET_40381.npy
40384,PASTISFresh/DATA_S2/S2_40384.npy,PASTISFresh/ANNOTATIONS/TARGET_40384.npy
40386,PASTISFresh/DATA_S2/S2_40386.npy,PASTISFresh/ANNOTATIONS/TARGET_40386.npy
40387,PASTISFresh/DATA_S2/S2_40387.npy,PASTISFresh/ANNOTATIONS/TARGET_40387.npy
40389,PASTISFresh/DATA_S2/S2_40389.npy,PASTISFresh/ANNOTATIONS/TARGET_40389.npy
40392,PASTISFresh/DATA_S2/S2_40392.npy,PASTISFresh/ANNOTATIONS/TARGET_40392.npy
40393,PASTISFresh/DATA_S2/S2_40393.npy,PASTISFresh/ANNOTATIONS/TARGET_40393.npy
40394,PASTISFresh/DATA_S2/S2_40394.npy,PASTISFresh/ANNOTATIONS/TARGET_40394.npy
40395,PASTISFresh/DATA_S2/S2_40395.npy,PASTISFresh/ANNOTATIONS/TARGET_40395.npy
40397,PASTISFresh/DATA_S2/S2_40397.npy,PASTISFresh/ANNOTATIONS/TARGET_40397.npy
40398,PASTISFresh/DATA_S2/S2_40398.npy,PASTISFresh/ANNOTATIONS/TARGET_40398.npy
40399,PASTISFresh/DATA_S2/S2_40399.npy,PASTISFresh/ANNOTATIONS/TARGET_40399.npy
40400,PASTISFresh/DATA_S2/S2_40400.npy,PASTISFresh/ANNOTATIONS/TARGET_40400.npy
40407,PASTISFresh/DATA_S2/S2_40407.npy,PASTISFresh/ANNOTATIONS/TARGET_40407.npy
40409,PASTISFresh/DATA_S2/S2_40409.npy,PASTISFresh/ANNOTATIONS/TARGET_40409.npy
40413,PASTISFresh/DATA_S2/S2_40413.npy,PASTISFresh/ANNOTATIONS/TARGET_40413.npy
40414,PASTISFresh/DATA_S2/S2_40414.npy,PASTISFresh/ANNOTATIONS/TARGET_40414.npy
40415,PASTISFresh/DATA_S2/S2_40415.npy,PASTISFresh/ANNOTATIONS/TARGET_40415.npy
40416,PASTISFresh/DATA_S2/S2_40416.npy,PASTISFresh/ANNOTATIONS/TARGET_40416.npy
40417,PASTISFresh/DATA_S2/S2_40417.npy,PASTISFresh/ANNOTATIONS/TARGET_40417.npy
40419,PASTISFresh/DATA_S2/S2_40419.npy,PASTISFresh/ANNOTATIONS/TARGET_40419.npy
40421,PASTISFresh/DATA_S2/S2_40421.npy,PASTISFresh/ANNOTATIONS/TARGET_40421.npy
40422,PASTISFresh/DATA_S2/S2_40422.npy,PASTISFresh/ANNOTATIONS/TARGET_40422.npy
40423,PASTISFresh/DATA_S2/S2_40423.npy,PASTISFresh/ANNOTATIONS/TARGET_40423.npy
40424,PASTISFresh/DATA_S2/S2_40424.npy,PASTISFresh/ANNOTATIONS/TARGET_40424.npy
40427,PASTISFresh/DATA_S2/S2_40427.npy,PASTISFresh/ANNOTATIONS/TARGET_40427.npy
40428,PASTISFresh/DATA_S2/S2_40428.npy,PASTISFresh/ANNOTATIONS/TARGET_40428.npy
40431,PASTISFresh/DATA_S2/S2_40431.npy,PASTISFresh/ANNOTATIONS/TARGET_40431.npy
40433,PASTISFresh/DATA_S2/S2_40433.npy,PASTISFresh/ANNOTATIONS/TARGET_40433.npy
40434,PASTISFresh/DATA_S2/S2_40434.npy,PASTISFresh/ANNOTATIONS/TARGET_40434.npy
40439,PASTISFresh/DATA_S2/S2_40439.npy,PASTISFresh/ANNOTATIONS/TARGET_40439.npy
40441,PASTISFresh/DATA_S2/S2_40441.npy,PASTISFresh/ANNOTATIONS/TARGET_40441.npy
40442,PASTISFresh/DATA_S2/S2_40442.npy,PASTISFresh/ANNOTATIONS/TARGET_40442.npy
40443,PASTISFresh/DATA_S2/S2_40443.npy,PASTISFresh/ANNOTATIONS/TARGET_40443.npy
40445,PASTISFresh/DATA_S2/S2_40445.npy,PASTISFresh/ANNOTATIONS/TARGET_40445.npy
40447,PASTISFresh/DATA_S2/S2_40447.npy,PASTISFresh/ANNOTATIONS/TARGET_40447.npy
40448,PASTISFresh/DATA_S2/S2_40448.npy,PASTISFresh/ANNOTATIONS/TARGET_40448.npy
40449,PASTISFresh/DATA_S2/S2_40449.npy,PASTISFresh/ANNOTATIONS/TARGET_40449.npy
40450,PASTISFresh/DATA_S2/S2_40450.npy,PASTISFresh/ANNOTATIONS/TARGET_40450.npy
40451,PASTISFresh/DATA_S2/S2_40451.npy,PASTISFresh/ANNOTATIONS/TARGET_40451.npy
40452,PASTISFresh/DATA_S2/S2_40452.npy,PASTISFresh/ANNOTATIONS/TARGET_40452.npy
40454,PASTISFresh/DATA_S2/S2_40454.npy,PASTISFresh/ANNOTATIONS/TARGET_40454.npy
40457,PASTISFresh/DATA_S2/S2_40457.npy,PASTISFresh/ANNOTATIONS/TARGET_40457.npy
40459,PASTISFresh/DATA_S2/S2_40459.npy,PASTISFresh/ANNOTATIONS/TARGET_40459.npy
40460,PASTISFresh/DATA_S2/S2_40460.npy,PASTISFresh/ANNOTATIONS/TARGET_40460.npy
40462,PASTISFresh/DATA_S2/S2_40462.npy,PASTISFresh/ANNOTATIONS/TARGET_40462.npy
40463,PASTISFresh/DATA_S2/S2_40463.npy,PASTISFresh/ANNOTATIONS/TARGET_40463.npy
40464,PASTISFresh/DATA_S2/S2_40464.npy,PASTISFresh/ANNOTATIONS/TARGET_40464.npy
40465,PASTISFresh/DATA_S2/S2_40465.npy,PASTISFresh/ANNOTATIONS/TARGET_40465.npy
40469,PASTISFresh/DATA_S2/S2_40469.npy,PASTISFresh/ANNOTATIONS/TARGET_40469.npy
40470,PASTISFresh/DATA_S2/S2_40470.npy,PASTISFresh/ANNOTATIONS/TARGET_40470.npy
40472,PASTISFresh/DATA_S2/S2_40472.npy,PASTISFresh/ANNOTATIONS/TARGET_40472.npy
40473,PASTISFresh/DATA_S2/S2_40473.npy,PASTISFresh/ANNOTATIONS/TARGET_40473.npy
40479,PASTISFresh/DATA_S2/S2_40479.npy,PASTISFresh/ANNOTATIONS/TARGET_40479.npy
40480,PASTISFresh/DATA_S2/S2_40480.npy,PASTISFresh/ANNOTATIONS/TARGET_40480.npy
40481,PASTISFresh/DATA_S2/S2_40481.npy,PASTISFresh/ANNOTATIONS/TARGET_40481.npy
40482,PASTISFresh/DATA_S2/S2_40482.npy,PASTISFresh/ANNOTATIONS/TARGET_40482.npy
40486,PASTISFresh/DATA_S2/S2_40486.npy,PASTISFresh/ANNOTATIONS/TARGET_40486.npy
40488,PASTISFresh/DATA_S2/S2_40488.npy,PASTISFresh/ANNOTATIONS/TARGET_40488.npy
40491,PASTISFresh/DATA_S2/S2_40491.npy,PASTISFresh/ANNOTATIONS/TARGET_40491.npy
40492,PASTISFresh/DATA_S2/S2_40492.npy,PASTISFresh/ANNOTATIONS/TARGET_40492.npy
40494,PASTISFresh/DATA_S2/S2_40494.npy,PASTISFresh/ANNOTATIONS/TARGET_40494.npy
40495,PASTISFresh/DATA_S2/S2_40495.npy,PASTISFresh/ANNOTATIONS/TARGET_40495.npy
40497,PASTISFresh/DATA_S2/S2_40497.npy,PASTISFresh/ANNOTATIONS/TARGET_40497.npy
40498,PASTISFresh/DATA_S2/S2_40498.npy,PASTISFresh/ANNOTATIONS/TARGET_40498.npy
40502,PASTISFresh/DATA_S2/S2_40502.npy,PASTISFresh/ANNOTATIONS/TARGET_40502.npy
40503,PASTISFresh/DATA_S2/S2_40503.npy,PASTISFresh/ANNOTATIONS/TARGET_40503.npy
40504,PASTISFresh/DATA_S2/S2_40504.npy,PASTISFresh/ANNOTATIONS/TARGET_40504.npy
40505,PASTISFresh/DATA_S2/S2_40505.npy,PASTISFresh/ANNOTATIONS/TARGET_40505.npy
40507,PASTISFresh/DATA_S2/S2_40507.npy,PASTISFresh/ANNOTATIONS/TARGET_40507.npy
40508,PASTISFresh/DATA_S2/S2_40508.npy,PASTISFresh/ANNOTATIONS/TARGET_40508.npy
40509,PASTISFresh/DATA_S2/S2_40509.npy,PASTISFresh/ANNOTATIONS/TARGET_40509.npy
40510,PASTISFresh/DATA_S2/S2_40510.npy,PASTISFresh/ANNOTATIONS/TARGET_40510.npy
40512,PASTISFresh/DATA_S2/S2_40512.npy,PASTISFresh/ANNOTATIONS/TARGET_40512.npy
40513,PASTISFresh/DATA_S2/S2_40513.npy,PASTISFresh/ANNOTATIONS/TARGET_40513.npy
40515,PASTISFresh/DATA_S2/S2_40515.npy,PASTISFresh/ANNOTATIONS/TARGET_40515.npy
40519,PASTISFresh/DATA_S2/S2_40519.npy,PASTISFresh/ANNOTATIONS/TARGET_40519.npy
40520,PASTISFresh/DATA_S2/S2_40520.npy,PASTISFresh/ANNOTATIONS/TARGET_40520.npy
40521,PASTISFresh/DATA_S2/S2_40521.npy,PASTISFresh/ANNOTATIONS/TARGET_40521.npy
40522,PASTISFresh/DATA_S2/S2_40522.npy,PASTISFresh/ANNOTATIONS/TARGET_40522.npy
40523,PASTISFresh/DATA_S2/S2_40523.npy,PASTISFresh/ANNOTATIONS/TARGET_40523.npy
40524,PASTISFresh/DATA_S2/S2_40524.npy,PASTISFresh/ANNOTATIONS/TARGET_40524.npy
40525,PASTISFresh/DATA_S2/S2_40525.npy,PASTISFresh/ANNOTATIONS/TARGET_40525.npy
40527,PASTISFresh/DATA_S2/S2_40527.npy,PASTISFresh/ANNOTATIONS/TARGET_40527.npy
40528,PASTISFresh/DATA_S2/S2_40528.npy,PASTISFresh/ANNOTATIONS/TARGET_40528.npy
40529,PASTISFresh/DATA_S2/S2_40529.npy,PASTISFresh/ANNOTATIONS/TARGET_40529.npy
40531,PASTISFresh/DATA_S2/S2_40531.npy,PASTISFresh/ANNOTATIONS/TARGET_40531.npy
40532,PASTISFresh/DATA_S2/S2_40532.npy,PASTISFresh/ANNOTATIONS/TARGET_40532.npy
40533,PASTISFresh/DATA_S2/S2_40533.npy,PASTISFresh/ANNOTATIONS/TARGET_40533.npy
40534,PASTISFresh/DATA_S2/S2_40534.npy,PASTISFresh/ANNOTATIONS/TARGET_40534.npy
40535,PASTISFresh/DATA_S2/S2_40535.npy,PASTISFresh/ANNOTATIONS/TARGET_40535.npy
40536,PASTISFresh/DATA_S2/S2_40536.npy,PASTISFresh/ANNOTATIONS/TARGET_40536.npy
40539,PASTISFresh/DATA_S2/S2_40539.npy,PASTISFresh/ANNOTATIONS/TARGET_40539.npy
40540,PASTISFresh/DATA_S2/S2_40540.npy,PASTISFresh/ANNOTATIONS/TARGET_40540.npy
40541,PASTISFresh/DATA_S2/S2_40541.npy,PASTISFresh/ANNOTATIONS/TARGET_40541.npy
40545,PASTISFresh/DATA_S2/S2_40545.npy,PASTISFresh/ANNOTATIONS/TARGET_40545.npy
40546,PASTISFresh/DATA_S2/S2_40546.npy,PASTISFresh/ANNOTATIONS/TARGET_40546.npy
40547,PASTISFresh/DATA_S2/S2_40547.npy,PASTISFresh/ANNOTATIONS/TARGET_40547.npy
40549,PASTISFresh/DATA_S2/S2_40549.npy,PASTISFresh/ANNOTATIONS/TARGET_40549.npy
40550,PASTISFresh/DATA_S2/S2_40550.npy,PASTISFresh/ANNOTATIONS/TARGET_40550.npy
40551,PASTISFresh/DATA_S2/S2_40551.npy,PASTISFresh/ANNOTATIONS/TARGET_40551.npy
40552,PASTISFresh/DATA_S2/S2_40552.npy,PASTISFresh/ANNOTATIONS/TARGET_40552.npy
40554,PASTISFresh/DATA_S2/S2_40554.npy,PASTISFresh/ANNOTATIONS/TARGET_40554.npy
40557,PASTISFresh/DATA_S2/S2_40557.npy,PASTISFresh/ANNOTATIONS/TARGET_40557.npy
40559,PASTISFresh/DATA_S2/S2_40559.npy,PASTISFresh/ANNOTATIONS/TARGET_40559.npy
40560,PASTISFresh/DATA_S2/S2_40560.npy,PASTISFresh/ANNOTATIONS/TARGET_40560.npy
40561,PASTISFresh/DATA_S2/S2_40561.npy,PASTISFresh/ANNOTATIONS/TARGET_40561.npy
40562,PASTISFresh/DATA_S2/S2_40562.npy,PASTISFresh/ANNOTATIONS/TARGET_40562.npy
