fieldID,imagepath,labelpath
10000,PASTISFresh/DATA_S2/S2_10000.npy,PASTISFresh/ANNOTATIONS/TARGET_10000.npy
10002,PASTISFresh/DATA_S2/S2_10002.npy,PASTISFresh/ANNOTATIONS/TARGET_10002.npy
10003,PASTISFresh/DATA_S2/S2_10003.npy,PASTISFresh/ANNOTATIONS/TARGET_10003.npy
10004,PASTISFresh/DATA_S2/S2_10004.npy,PASTISFresh/ANNOTATIONS/TARGET_10004.npy
10007,PASTISFresh/DATA_S2/S2_10007.npy,PASTISFresh/ANNOTATIONS/TARGET_10007.npy
10008,PASTISFresh/DATA_S2/S2_10008.npy,PASTISFresh/ANNOTATIONS/TARGET_10008.npy
10010,PASTISFresh/DATA_S2/S2_10010.npy,PASTISFresh/ANNOTATIONS/TARGET_10010.npy
10011,PASTISFresh/DATA_S2/S2_10011.npy,PASTISFresh/ANNOTATIONS/TARGET_10011.npy
10012,PASTISFresh/DATA_S2/S2_10012.npy,PASTISFresh/ANNOTATIONS/TARGET_10012.npy
10014,PASTISFresh/DATA_S2/S2_10014.npy,PASTISFresh/ANNOTATIONS/TARGET_10014.npy
10017,PASTISFresh/DATA_S2/S2_10017.npy,PASTISFresh/ANNOTATIONS/TARGET_10017.npy
10018,PASTISFresh/DATA_S2/S2_10018.npy,PASTISFresh/ANNOTATIONS/TARGET_10018.npy
10019,PASTISFresh/DATA_S2/S2_10019.npy,PASTISFresh/ANNOTATIONS/TARGET_10019.npy
10020,PASTISFresh/DATA_S2/S2_10020.npy,PASTISFresh/ANNOTATIONS/TARGET_10020.npy
10022,PASTISFresh/DATA_S2/S2_10022.npy,PASTISFresh/ANNOTATIONS/TARGET_10022.npy
10025,PASTISFresh/DATA_S2/S2_10025.npy,PASTISFresh/ANNOTATIONS/TARGET_10025.npy
10026,PASTISFresh/DATA_S2/S2_10026.npy,PASTISFresh/ANNOTATIONS/TARGET_10026.npy
10027,PASTISFresh/DATA_S2/S2_10027.npy,PASTISFresh/ANNOTATIONS/TARGET_10027.npy
10029,PASTISFresh/DATA_S2/S2_10029.npy,PASTISFresh/ANNOTATIONS/TARGET_10029.npy
10030,PASTISFresh/DATA_S2/S2_10030.npy,PASTISFresh/ANNOTATIONS/TARGET_10030.npy
10031,PASTISFresh/DATA_S2/S2_10031.npy,PASTISFresh/ANNOTATIONS/TARGET_10031.npy
10032,PASTISFresh/DATA_S2/S2_10032.npy,PASTISFresh/ANNOTATIONS/TARGET_10032.npy
10033,PASTISFresh/DATA_S2/S2_10033.npy,PASTISFresh/ANNOTATIONS/TARGET_10033.npy
10034,PASTISFresh/DATA_S2/S2_10034.npy,PASTISFresh/ANNOTATIONS/TARGET_10034.npy
10035,PASTISFresh/DATA_S2/S2_10035.npy,PASTISFresh/ANNOTATIONS/TARGET_10035.npy
10036,PASTISFresh/DATA_S2/S2_10036.npy,PASTISFresh/ANNOTATIONS/TARGET_10036.npy
10037,PASTISFresh/DATA_S2/S2_10037.npy,PASTISFresh/ANNOTATIONS/TARGET_10037.npy
10038,PASTISFresh/DATA_S2/S2_10038.npy,PASTISFresh/ANNOTATIONS/TARGET_10038.npy
10039,PASTISFresh/DATA_S2/S2_10039.npy,PASTISFresh/ANNOTATIONS/TARGET_10039.npy
10040,PASTISFresh/DATA_S2/S2_10040.npy,PASTISFresh/ANNOTATIONS/TARGET_10040.npy
10041,PASTISFresh/DATA_S2/S2_10041.npy,PASTISFresh/ANNOTATIONS/TARGET_10041.npy
10042,PASTISFresh/DATA_S2/S2_10042.npy,PASTISFresh/ANNOTATIONS/TARGET_10042.npy
10045,PASTISFresh/DATA_S2/S2_10045.npy,PASTISFresh/ANNOTATIONS/TARGET_10045.npy
10047,PASTISFresh/DATA_S2/S2_10047.npy,PASTISFresh/ANNOTATIONS/TARGET_10047.npy
10049,PASTISFresh/DATA_S2/S2_10049.npy,PASTISFresh/ANNOTATIONS/TARGET_10049.npy
10051,PASTISFresh/DATA_S2/S2_10051.npy,PASTISFresh/ANNOTATIONS/TARGET_10051.npy
10052,PASTISFresh/DATA_S2/S2_10052.npy,PASTISFresh/ANNOTATIONS/TARGET_10052.npy
10054,PASTISFresh/DATA_S2/S2_10054.npy,PASTISFresh/ANNOTATIONS/TARGET_10054.npy
10055,PASTISFresh/DATA_S2/S2_10055.npy,PASTISFresh/ANNOTATIONS/TARGET_10055.npy
10056,PASTISFresh/DATA_S2/S2_10056.npy,PASTISFresh/ANNOTATIONS/TARGET_10056.npy
10057,PASTISFresh/DATA_S2/S2_10057.npy,PASTISFresh/ANNOTATIONS/TARGET_10057.npy
10060,PASTISFresh/DATA_S2/S2_10060.npy,PASTISFresh/ANNOTATIONS/TARGET_10060.npy
10061,PASTISFresh/DATA_S2/S2_10061.npy,PASTISFresh/ANNOTATIONS/TARGET_10061.npy
10062,PASTISFresh/DATA_S2/S2_10062.npy,PASTISFresh/ANNOTATIONS/TARGET_10062.npy
10064,PASTISFresh/DATA_S2/S2_10064.npy,PASTISFresh/ANNOTATIONS/TARGET_10064.npy
10065,PASTISFresh/DATA_S2/S2_10065.npy,PASTISFresh/ANNOTATIONS/TARGET_10065.npy
10066,PASTISFresh/DATA_S2/S2_10066.npy,PASTISFresh/ANNOTATIONS/TARGET_10066.npy
10067,PASTISFresh/DATA_S2/S2_10067.npy,PASTISFresh/ANNOTATIONS/TARGET_10067.npy
10068,PASTISFresh/DATA_S2/S2_10068.npy,PASTISFresh/ANNOTATIONS/TARGET_10068.npy
10069,PASTISFresh/DATA_S2/S2_10069.npy,PASTISFresh/ANNOTATIONS/TARGET_10069.npy
10071,PASTISFresh/DATA_S2/S2_10071.npy,PASTISFresh/ANNOTATIONS/TARGET_10071.npy
10072,PASTISFresh/DATA_S2/S2_10072.npy,PASTISFresh/ANNOTATIONS/TARGET_10072.npy
10073,PASTISFresh/DATA_S2/S2_10073.npy,PASTISFresh/ANNOTATIONS/TARGET_10073.npy
10079,PASTISFresh/DATA_S2/S2_10079.npy,PASTISFresh/ANNOTATIONS/TARGET_10079.npy
10080,PASTISFresh/DATA_S2/S2_10080.npy,PASTISFresh/ANNOTATIONS/TARGET_10080.npy
10081,PASTISFresh/DATA_S2/S2_10081.npy,PASTISFresh/ANNOTATIONS/TARGET_10081.npy
10082,PASTISFresh/DATA_S2/S2_10082.npy,PASTISFresh/ANNOTATIONS/TARGET_10082.npy
10083,PASTISFresh/DATA_S2/S2_10083.npy,PASTISFresh/ANNOTATIONS/TARGET_10083.npy
10084,PASTISFresh/DATA_S2/S2_10084.npy,PASTISFresh/ANNOTATIONS/TARGET_10084.npy
10086,PASTISFresh/DATA_S2/S2_10086.npy,PASTISFresh/ANNOTATIONS/TARGET_10086.npy
10088,PASTISFresh/DATA_S2/S2_10088.npy,PASTISFresh/ANNOTATIONS/TARGET_10088.npy
10089,PASTISFresh/DATA_S2/S2_10089.npy,PASTISFresh/ANNOTATIONS/TARGET_10089.npy
10090,PASTISFresh/DATA_S2/S2_10090.npy,PASTISFresh/ANNOTATIONS/TARGET_10090.npy
10091,PASTISFresh/DATA_S2/S2_10091.npy,PASTISFresh/ANNOTATIONS/TARGET_10091.npy
10093,PASTISFresh/DATA_S2/S2_10093.npy,PASTISFresh/ANNOTATIONS/TARGET_10093.npy
10094,PASTISFresh/DATA_S2/S2_10094.npy,PASTISFresh/ANNOTATIONS/TARGET_10094.npy
10096,PASTISFresh/DATA_S2/S2_10096.npy,PASTISFresh/ANNOTATIONS/TARGET_10096.npy
10098,PASTISFresh/DATA_S2/S2_10098.npy,PASTISFresh/ANNOTATIONS/TARGET_10098.npy
10099,PASTISFresh/DATA_S2/S2_10099.npy,PASTISFresh/ANNOTATIONS/TARGET_10099.npy
10100,PASTISFresh/DATA_S2/S2_10100.npy,PASTISFresh/ANNOTATIONS/TARGET_10100.npy
10101,PASTISFresh/DATA_S2/S2_10101.npy,PASTISFresh/ANNOTATIONS/TARGET_10101.npy
10102,PASTISFresh/DATA_S2/S2_10102.npy,PASTISFresh/ANNOTATIONS/TARGET_10102.npy
10104,PASTISFresh/DATA_S2/S2_10104.npy,PASTISFresh/ANNOTATIONS/TARGET_10104.npy
10105,PASTISFresh/DATA_S2/S2_10105.npy,PASTISFresh/ANNOTATIONS/TARGET_10105.npy
10108,PASTISFresh/DATA_S2/S2_10108.npy,PASTISFresh/ANNOTATIONS/TARGET_10108.npy
10109,PASTISFresh/DATA_S2/S2_10109.npy,PASTISFresh/ANNOTATIONS/TARGET_10109.npy
10110,PASTISFresh/DATA_S2/S2_10110.npy,PASTISFresh/ANNOTATIONS/TARGET_10110.npy
10111,PASTISFresh/DATA_S2/S2_10111.npy,PASTISFresh/ANNOTATIONS/TARGET_10111.npy
10112,PASTISFresh/DATA_S2/S2_10112.npy,PASTISFresh/ANNOTATIONS/TARGET_10112.npy
10113,PASTISFresh/DATA_S2/S2_10113.npy,PASTISFresh/ANNOTATIONS/TARGET_10113.npy
10114,PASTISFresh/DATA_S2/S2_10114.npy,PASTISFresh/ANNOTATIONS/TARGET_10114.npy
10115,PASTISFresh/DATA_S2/S2_10115.npy,PASTISFresh/ANNOTATIONS/TARGET_10115.npy
10117,PASTISFresh/DATA_S2/S2_10117.npy,PASTISFresh/ANNOTATIONS/TARGET_10117.npy
10118,PASTISFresh/DATA_S2/S2_10118.npy,PASTISFresh/ANNOTATIONS/TARGET_10118.npy
10120,PASTISFresh/DATA_S2/S2_10120.npy,PASTISFresh/ANNOTATIONS/TARGET_10120.npy
10121,PASTISFresh/DATA_S2/S2_10121.npy,PASTISFresh/ANNOTATIONS/TARGET_10121.npy
10122,PASTISFresh/DATA_S2/S2_10122.npy,PASTISFresh/ANNOTATIONS/TARGET_10122.npy
10123,PASTISFresh/DATA_S2/S2_10123.npy,PASTISFresh/ANNOTATIONS/TARGET_10123.npy
10124,PASTISFresh/DATA_S2/S2_10124.npy,PASTISFresh/ANNOTATIONS/TARGET_10124.npy
10125,PASTISFresh/DATA_S2/S2_10125.npy,PASTISFresh/ANNOTATIONS/TARGET_10125.npy
10126,PASTISFresh/DATA_S2/S2_10126.npy,PASTISFresh/ANNOTATIONS/TARGET_10126.npy
10129,PASTISFresh/DATA_S2/S2_10129.npy,PASTISFresh/ANNOTATIONS/TARGET_10129.npy
10130,PASTISFresh/DATA_S2/S2_10130.npy,PASTISFresh/ANNOTATIONS/TARGET_10130.npy
10131,PASTISFresh/DATA_S2/S2_10131.npy,PASTISFresh/ANNOTATIONS/TARGET_10131.npy
10133,PASTISFresh/DATA_S2/S2_10133.npy,PASTISFresh/ANNOTATIONS/TARGET_10133.npy
10135,PASTISFresh/DATA_S2/S2_10135.npy,PASTISFresh/ANNOTATIONS/TARGET_10135.npy
10136,PASTISFresh/DATA_S2/S2_10136.npy,PASTISFresh/ANNOTATIONS/TARGET_10136.npy
10137,PASTISFresh/DATA_S2/S2_10137.npy,PASTISFresh/ANNOTATIONS/TARGET_10137.npy
10139,PASTISFresh/DATA_S2/S2_10139.npy,PASTISFresh/ANNOTATIONS/TARGET_10139.npy
10140,PASTISFresh/DATA_S2/S2_10140.npy,PASTISFresh/ANNOTATIONS/TARGET_10140.npy
10141,PASTISFresh/DATA_S2/S2_10141.npy,PASTISFresh/ANNOTATIONS/TARGET_10141.npy
10142,PASTISFresh/DATA_S2/S2_10142.npy,PASTISFresh/ANNOTATIONS/TARGET_10142.npy
10143,PASTISFresh/DATA_S2/S2_10143.npy,PASTISFresh/ANNOTATIONS/TARGET_10143.npy
10147,PASTISFresh/DATA_S2/S2_10147.npy,PASTISFresh/ANNOTATIONS/TARGET_10147.npy
10149,PASTISFresh/DATA_S2/S2_10149.npy,PASTISFresh/ANNOTATIONS/TARGET_10149.npy
10151,PASTISFresh/DATA_S2/S2_10151.npy,PASTISFresh/ANNOTATIONS/TARGET_10151.npy
10153,PASTISFresh/DATA_S2/S2_10153.npy,PASTISFresh/ANNOTATIONS/TARGET_10153.npy
10155,PASTISFresh/DATA_S2/S2_10155.npy,PASTISFresh/ANNOTATIONS/TARGET_10155.npy
10156,PASTISFresh/DATA_S2/S2_10156.npy,PASTISFresh/ANNOTATIONS/TARGET_10156.npy
10157,PASTISFresh/DATA_S2/S2_10157.npy,PASTISFresh/ANNOTATIONS/TARGET_10157.npy
10158,PASTISFresh/DATA_S2/S2_10158.npy,PASTISFresh/ANNOTATIONS/TARGET_10158.npy
10159,PASTISFresh/DATA_S2/S2_10159.npy,PASTISFresh/ANNOTATIONS/TARGET_10159.npy
10161,PASTISFresh/DATA_S2/S2_10161.npy,PASTISFresh/ANNOTATIONS/TARGET_10161.npy
10162,PASTISFresh/DATA_S2/S2_10162.npy,PASTISFresh/ANNOTATIONS/TARGET_10162.npy
10165,PASTISFresh/DATA_S2/S2_10165.npy,PASTISFresh/ANNOTATIONS/TARGET_10165.npy
10166,PASTISFresh/DATA_S2/S2_10166.npy,PASTISFresh/ANNOTATIONS/TARGET_10166.npy
10168,PASTISFresh/DATA_S2/S2_10168.npy,PASTISFresh/ANNOTATIONS/TARGET_10168.npy
10169,PASTISFresh/DATA_S2/S2_10169.npy,PASTISFresh/ANNOTATIONS/TARGET_10169.npy
10170,PASTISFresh/DATA_S2/S2_10170.npy,PASTISFresh/ANNOTATIONS/TARGET_10170.npy
10172,PASTISFresh/DATA_S2/S2_10172.npy,PASTISFresh/ANNOTATIONS/TARGET_10172.npy
10173,PASTISFresh/DATA_S2/S2_10173.npy,PASTISFresh/ANNOTATIONS/TARGET_10173.npy
10174,PASTISFresh/DATA_S2/S2_10174.npy,PASTISFresh/ANNOTATIONS/TARGET_10174.npy
10175,PASTISFresh/DATA_S2/S2_10175.npy,PASTISFresh/ANNOTATIONS/TARGET_10175.npy
10176,PASTISFresh/DATA_S2/S2_10176.npy,PASTISFresh/ANNOTATIONS/TARGET_10176.npy
10178,PASTISFresh/DATA_S2/S2_10178.npy,PASTISFresh/ANNOTATIONS/TARGET_10178.npy
10180,PASTISFresh/DATA_S2/S2_10180.npy,PASTISFresh/ANNOTATIONS/TARGET_10180.npy
10181,PASTISFresh/DATA_S2/S2_10181.npy,PASTISFresh/ANNOTATIONS/TARGET_10181.npy
10182,PASTISFresh/DATA_S2/S2_10182.npy,PASTISFresh/ANNOTATIONS/TARGET_10182.npy
10183,PASTISFresh/DATA_S2/S2_10183.npy,PASTISFresh/ANNOTATIONS/TARGET_10183.npy
10185,PASTISFresh/DATA_S2/S2_10185.npy,PASTISFresh/ANNOTATIONS/TARGET_10185.npy
10187,PASTISFresh/DATA_S2/S2_10187.npy,PASTISFresh/ANNOTATIONS/TARGET_10187.npy
10188,PASTISFresh/DATA_S2/S2_10188.npy,PASTISFresh/ANNOTATIONS/TARGET_10188.npy
10189,PASTISFresh/DATA_S2/S2_10189.npy,PASTISFresh/ANNOTATIONS/TARGET_10189.npy
10190,PASTISFresh/DATA_S2/S2_10190.npy,PASTISFresh/ANNOTATIONS/TARGET_10190.npy
10191,PASTISFresh/DATA_S2/S2_10191.npy,PASTISFresh/ANNOTATIONS/TARGET_10191.npy
10192,PASTISFresh/DATA_S2/S2_10192.npy,PASTISFresh/ANNOTATIONS/TARGET_10192.npy
10193,PASTISFresh/DATA_S2/S2_10193.npy,PASTISFresh/ANNOTATIONS/TARGET_10193.npy
10194,PASTISFresh/DATA_S2/S2_10194.npy,PASTISFresh/ANNOTATIONS/TARGET_10194.npy
10195,PASTISFresh/DATA_S2/S2_10195.npy,PASTISFresh/ANNOTATIONS/TARGET_10195.npy
10197,PASTISFresh/DATA_S2/S2_10197.npy,PASTISFresh/ANNOTATIONS/TARGET_10197.npy
10198,PASTISFresh/DATA_S2/S2_10198.npy,PASTISFresh/ANNOTATIONS/TARGET_10198.npy
10200,PASTISFresh/DATA_S2/S2_10200.npy,PASTISFresh/ANNOTATIONS/TARGET_10200.npy
10201,PASTISFresh/DATA_S2/S2_10201.npy,PASTISFresh/ANNOTATIONS/TARGET_10201.npy
10205,PASTISFresh/DATA_S2/S2_10205.npy,PASTISFresh/ANNOTATIONS/TARGET_10205.npy
10206,PASTISFresh/DATA_S2/S2_10206.npy,PASTISFresh/ANNOTATIONS/TARGET_10206.npy
10208,PASTISFresh/DATA_S2/S2_10208.npy,PASTISFresh/ANNOTATIONS/TARGET_10208.npy
10211,PASTISFresh/DATA_S2/S2_10211.npy,PASTISFresh/ANNOTATIONS/TARGET_10211.npy
10212,PASTISFresh/DATA_S2/S2_10212.npy,PASTISFresh/ANNOTATIONS/TARGET_10212.npy
10213,PASTISFresh/DATA_S2/S2_10213.npy,PASTISFresh/ANNOTATIONS/TARGET_10213.npy
10215,PASTISFresh/DATA_S2/S2_10215.npy,PASTISFresh/ANNOTATIONS/TARGET_10215.npy
10219,PASTISFresh/DATA_S2/S2_10219.npy,PASTISFresh/ANNOTATIONS/TARGET_10219.npy
10220,PASTISFresh/DATA_S2/S2_10220.npy,PASTISFresh/ANNOTATIONS/TARGET_10220.npy
10221,PASTISFresh/DATA_S2/S2_10221.npy,PASTISFresh/ANNOTATIONS/TARGET_10221.npy
10222,PASTISFresh/DATA_S2/S2_10222.npy,PASTISFresh/ANNOTATIONS/TARGET_10222.npy
10223,PASTISFresh/DATA_S2/S2_10223.npy,PASTISFresh/ANNOTATIONS/TARGET_10223.npy
10224,PASTISFresh/DATA_S2/S2_10224.npy,PASTISFresh/ANNOTATIONS/TARGET_10224.npy
10227,PASTISFresh/DATA_S2/S2_10227.npy,PASTISFresh/ANNOTATIONS/TARGET_10227.npy
10228,PASTISFresh/DATA_S2/S2_10228.npy,PASTISFresh/ANNOTATIONS/TARGET_10228.npy
10229,PASTISFresh/DATA_S2/S2_10229.npy,PASTISFresh/ANNOTATIONS/TARGET_10229.npy
10230,PASTISFresh/DATA_S2/S2_10230.npy,PASTISFresh/ANNOTATIONS/TARGET_10230.npy
10231,PASTISFresh/DATA_S2/S2_10231.npy,PASTISFresh/ANNOTATIONS/TARGET_10231.npy
10234,PASTISFresh/DATA_S2/S2_10234.npy,PASTISFresh/ANNOTATIONS/TARGET_10234.npy
10235,PASTISFresh/DATA_S2/S2_10235.npy,PASTISFresh/ANNOTATIONS/TARGET_10235.npy
10238,PASTISFresh/DATA_S2/S2_10238.npy,PASTISFresh/ANNOTATIONS/TARGET_10238.npy
10239,PASTISFresh/DATA_S2/S2_10239.npy,PASTISFresh/ANNOTATIONS/TARGET_10239.npy
10240,PASTISFresh/DATA_S2/S2_10240.npy,PASTISFresh/ANNOTATIONS/TARGET_10240.npy
10242,PASTISFresh/DATA_S2/S2_10242.npy,PASTISFresh/ANNOTATIONS/TARGET_10242.npy
10243,PASTISFresh/DATA_S2/S2_10243.npy,PASTISFresh/ANNOTATIONS/TARGET_10243.npy
10250,PASTISFresh/DATA_S2/S2_10250.npy,PASTISFresh/ANNOTATIONS/TARGET_10250.npy
10251,PASTISFresh/DATA_S2/S2_10251.npy,PASTISFresh/ANNOTATIONS/TARGET_10251.npy
10252,PASTISFresh/DATA_S2/S2_10252.npy,PASTISFresh/ANNOTATIONS/TARGET_10252.npy
10256,PASTISFresh/DATA_S2/S2_10256.npy,PASTISFresh/ANNOTATIONS/TARGET_10256.npy
10257,PASTISFresh/DATA_S2/S2_10257.npy,PASTISFresh/ANNOTATIONS/TARGET_10257.npy
10258,PASTISFresh/DATA_S2/S2_10258.npy,PASTISFresh/ANNOTATIONS/TARGET_10258.npy
10259,PASTISFresh/DATA_S2/S2_10259.npy,PASTISFresh/ANNOTATIONS/TARGET_10259.npy
10261,PASTISFresh/DATA_S2/S2_10261.npy,PASTISFresh/ANNOTATIONS/TARGET_10261.npy
10262,PASTISFresh/DATA_S2/S2_10262.npy,PASTISFresh/ANNOTATIONS/TARGET_10262.npy
10263,PASTISFresh/DATA_S2/S2_10263.npy,PASTISFresh/ANNOTATIONS/TARGET_10263.npy
10265,PASTISFresh/DATA_S2/S2_10265.npy,PASTISFresh/ANNOTATIONS/TARGET_10265.npy
10266,PASTISFresh/DATA_S2/S2_10266.npy,PASTISFresh/ANNOTATIONS/TARGET_10266.npy
10267,PASTISFresh/DATA_S2/S2_10267.npy,PASTISFresh/ANNOTATIONS/TARGET_10267.npy
10269,PASTISFresh/DATA_S2/S2_10269.npy,PASTISFresh/ANNOTATIONS/TARGET_10269.npy
10270,PASTISFresh/DATA_S2/S2_10270.npy,PASTISFresh/ANNOTATIONS/TARGET_10270.npy
10271,PASTISFresh/DATA_S2/S2_10271.npy,PASTISFresh/ANNOTATIONS/TARGET_10271.npy
10272,PASTISFresh/DATA_S2/S2_10272.npy,PASTISFresh/ANNOTATIONS/TARGET_10272.npy
10275,PASTISFresh/DATA_S2/S2_10275.npy,PASTISFresh/ANNOTATIONS/TARGET_10275.npy
10279,PASTISFresh/DATA_S2/S2_10279.npy,PASTISFresh/ANNOTATIONS/TARGET_10279.npy
10280,PASTISFresh/DATA_S2/S2_10280.npy,PASTISFresh/ANNOTATIONS/TARGET_10280.npy
10283,PASTISFresh/DATA_S2/S2_10283.npy,PASTISFresh/ANNOTATIONS/TARGET_10283.npy
10285,PASTISFresh/DATA_S2/S2_10285.npy,PASTISFresh/ANNOTATIONS/TARGET_10285.npy
10287,PASTISFresh/DATA_S2/S2_10287.npy,PASTISFresh/ANNOTATIONS/TARGET_10287.npy
10289,PASTISFresh/DATA_S2/S2_10289.npy,PASTISFresh/ANNOTATIONS/TARGET_10289.npy
10290,PASTISFresh/DATA_S2/S2_10290.npy,PASTISFresh/ANNOTATIONS/TARGET_10290.npy
10291,PASTISFresh/DATA_S2/S2_10291.npy,PASTISFresh/ANNOTATIONS/TARGET_10291.npy
10292,PASTISFresh/DATA_S2/S2_10292.npy,PASTISFresh/ANNOTATIONS/TARGET_10292.npy
10293,PASTISFresh/DATA_S2/S2_10293.npy,PASTISFresh/ANNOTATIONS/TARGET_10293.npy
10296,PASTISFresh/DATA_S2/S2_10296.npy,PASTISFresh/ANNOTATIONS/TARGET_10296.npy
10297,PASTISFresh/DATA_S2/S2_10297.npy,PASTISFresh/ANNOTATIONS/TARGET_10297.npy
10299,PASTISFresh/DATA_S2/S2_10299.npy,PASTISFresh/ANNOTATIONS/TARGET_10299.npy
10300,PASTISFresh/DATA_S2/S2_10300.npy,PASTISFresh/ANNOTATIONS/TARGET_10300.npy
10305,PASTISFresh/DATA_S2/S2_10305.npy,PASTISFresh/ANNOTATIONS/TARGET_10305.npy
10308,PASTISFresh/DATA_S2/S2_10308.npy,PASTISFresh/ANNOTATIONS/TARGET_10308.npy
10309,PASTISFresh/DATA_S2/S2_10309.npy,PASTISFresh/ANNOTATIONS/TARGET_10309.npy
10310,PASTISFresh/DATA_S2/S2_10310.npy,PASTISFresh/ANNOTATIONS/TARGET_10310.npy
10311,PASTISFresh/DATA_S2/S2_10311.npy,PASTISFresh/ANNOTATIONS/TARGET_10311.npy
10314,PASTISFresh/DATA_S2/S2_10314.npy,PASTISFresh/ANNOTATIONS/TARGET_10314.npy
10315,PASTISFresh/DATA_S2/S2_10315.npy,PASTISFresh/ANNOTATIONS/TARGET_10315.npy
10317,PASTISFresh/DATA_S2/S2_10317.npy,PASTISFresh/ANNOTATIONS/TARGET_10317.npy
10319,PASTISFresh/DATA_S2/S2_10319.npy,PASTISFresh/ANNOTATIONS/TARGET_10319.npy
10321,PASTISFresh/DATA_S2/S2_10321.npy,PASTISFresh/ANNOTATIONS/TARGET_10321.npy
10322,PASTISFresh/DATA_S2/S2_10322.npy,PASTISFresh/ANNOTATIONS/TARGET_10322.npy
10324,PASTISFresh/DATA_S2/S2_10324.npy,PASTISFresh/ANNOTATIONS/TARGET_10324.npy
10325,PASTISFresh/DATA_S2/S2_10325.npy,PASTISFresh/ANNOTATIONS/TARGET_10325.npy
10327,PASTISFresh/DATA_S2/S2_10327.npy,PASTISFresh/ANNOTATIONS/TARGET_10327.npy
10331,PASTISFresh/DATA_S2/S2_10331.npy,PASTISFresh/ANNOTATIONS/TARGET_10331.npy
10333,PASTISFresh/DATA_S2/S2_10333.npy,PASTISFresh/ANNOTATIONS/TARGET_10333.npy
10337,PASTISFresh/DATA_S2/S2_10337.npy,PASTISFresh/ANNOTATIONS/TARGET_10337.npy
10339,PASTISFresh/DATA_S2/S2_10339.npy,PASTISFresh/ANNOTATIONS/TARGET_10339.npy
10340,PASTISFresh/DATA_S2/S2_10340.npy,PASTISFresh/ANNOTATIONS/TARGET_10340.npy
10341,PASTISFresh/DATA_S2/S2_10341.npy,PASTISFresh/ANNOTATIONS/TARGET_10341.npy
10343,PASTISFresh/DATA_S2/S2_10343.npy,PASTISFresh/ANNOTATIONS/TARGET_10343.npy
10345,PASTISFresh/DATA_S2/S2_10345.npy,PASTISFresh/ANNOTATIONS/TARGET_10345.npy
10346,PASTISFresh/DATA_S2/S2_10346.npy,PASTISFresh/ANNOTATIONS/TARGET_10346.npy
10347,PASTISFresh/DATA_S2/S2_10347.npy,PASTISFresh/ANNOTATIONS/TARGET_10347.npy
10348,PASTISFresh/DATA_S2/S2_10348.npy,PASTISFresh/ANNOTATIONS/TARGET_10348.npy
10353,PASTISFresh/DATA_S2/S2_10353.npy,PASTISFresh/ANNOTATIONS/TARGET_10353.npy
10354,PASTISFresh/DATA_S2/S2_10354.npy,PASTISFresh/ANNOTATIONS/TARGET_10354.npy
10355,PASTISFresh/DATA_S2/S2_10355.npy,PASTISFresh/ANNOTATIONS/TARGET_10355.npy
10356,PASTISFresh/DATA_S2/S2_10356.npy,PASTISFresh/ANNOTATIONS/TARGET_10356.npy
10359,PASTISFresh/DATA_S2/S2_10359.npy,PASTISFresh/ANNOTATIONS/TARGET_10359.npy
10360,PASTISFresh/DATA_S2/S2_10360.npy,PASTISFresh/ANNOTATIONS/TARGET_10360.npy
10361,PASTISFresh/DATA_S2/S2_10361.npy,PASTISFresh/ANNOTATIONS/TARGET_10361.npy
10362,PASTISFresh/DATA_S2/S2_10362.npy,PASTISFresh/ANNOTATIONS/TARGET_10362.npy
10363,PASTISFresh/DATA_S2/S2_10363.npy,PASTISFresh/ANNOTATIONS/TARGET_10363.npy
10365,PASTISFresh/DATA_S2/S2_10365.npy,PASTISFresh/ANNOTATIONS/TARGET_10365.npy
10366,PASTISFresh/DATA_S2/S2_10366.npy,PASTISFresh/ANNOTATIONS/TARGET_10366.npy
10367,PASTISFresh/DATA_S2/S2_10367.npy,PASTISFresh/ANNOTATIONS/TARGET_10367.npy
10368,PASTISFresh/DATA_S2/S2_10368.npy,PASTISFresh/ANNOTATIONS/TARGET_10368.npy
10372,PASTISFresh/DATA_S2/S2_10372.npy,PASTISFresh/ANNOTATIONS/TARGET_10372.npy
10374,PASTISFresh/DATA_S2/S2_10374.npy,PASTISFresh/ANNOTATIONS/TARGET_10374.npy
10376,PASTISFresh/DATA_S2/S2_10376.npy,PASTISFresh/ANNOTATIONS/TARGET_10376.npy
10377,PASTISFresh/DATA_S2/S2_10377.npy,PASTISFresh/ANNOTATIONS/TARGET_10377.npy
10381,PASTISFresh/DATA_S2/S2_10381.npy,PASTISFresh/ANNOTATIONS/TARGET_10381.npy
10382,PASTISFresh/DATA_S2/S2_10382.npy,PASTISFresh/ANNOTATIONS/TARGET_10382.npy
10384,PASTISFresh/DATA_S2/S2_10384.npy,PASTISFresh/ANNOTATIONS/TARGET_10384.npy
10387,PASTISFresh/DATA_S2/S2_10387.npy,PASTISFresh/ANNOTATIONS/TARGET_10387.npy
10388,PASTISFresh/DATA_S2/S2_10388.npy,PASTISFresh/ANNOTATIONS/TARGET_10388.npy
10389,PASTISFresh/DATA_S2/S2_10389.npy,PASTISFresh/ANNOTATIONS/TARGET_10389.npy
10390,PASTISFresh/DATA_S2/S2_10390.npy,PASTISFresh/ANNOTATIONS/TARGET_10390.npy
10391,PASTISFresh/DATA_S2/S2_10391.npy,PASTISFresh/ANNOTATIONS/TARGET_10391.npy
10392,PASTISFresh/DATA_S2/S2_10392.npy,PASTISFresh/ANNOTATIONS/TARGET_10392.npy
10393,PASTISFresh/DATA_S2/S2_10393.npy,PASTISFresh/ANNOTATIONS/TARGET_10393.npy
10395,PASTISFresh/DATA_S2/S2_10395.npy,PASTISFresh/ANNOTATIONS/TARGET_10395.npy
10398,PASTISFresh/DATA_S2/S2_10398.npy,PASTISFresh/ANNOTATIONS/TARGET_10398.npy
10399,PASTISFresh/DATA_S2/S2_10399.npy,PASTISFresh/ANNOTATIONS/TARGET_10399.npy
10400,PASTISFresh/DATA_S2/S2_10400.npy,PASTISFresh/ANNOTATIONS/TARGET_10400.npy
10402,PASTISFresh/DATA_S2/S2_10402.npy,PASTISFresh/ANNOTATIONS/TARGET_10402.npy
10403,PASTISFresh/DATA_S2/S2_10403.npy,PASTISFresh/ANNOTATIONS/TARGET_10403.npy
10404,PASTISFresh/DATA_S2/S2_10404.npy,PASTISFresh/ANNOTATIONS/TARGET_10404.npy
10405,PASTISFresh/DATA_S2/S2_10405.npy,PASTISFresh/ANNOTATIONS/TARGET_10405.npy
10406,PASTISFresh/DATA_S2/S2_10406.npy,PASTISFresh/ANNOTATIONS/TARGET_10406.npy
10407,PASTISFresh/DATA_S2/S2_10407.npy,PASTISFresh/ANNOTATIONS/TARGET_10407.npy
10409,PASTISFresh/DATA_S2/S2_10409.npy,PASTISFresh/ANNOTATIONS/TARGET_10409.npy
10410,PASTISFresh/DATA_S2/S2_10410.npy,PASTISFresh/ANNOTATIONS/TARGET_10410.npy
10412,PASTISFresh/DATA_S2/S2_10412.npy,PASTISFresh/ANNOTATIONS/TARGET_10412.npy
10414,PASTISFresh/DATA_S2/S2_10414.npy,PASTISFresh/ANNOTATIONS/TARGET_10414.npy
10416,PASTISFresh/DATA_S2/S2_10416.npy,PASTISFresh/ANNOTATIONS/TARGET_10416.npy
10417,PASTISFresh/DATA_S2/S2_10417.npy,PASTISFresh/ANNOTATIONS/TARGET_10417.npy
10421,PASTISFresh/DATA_S2/S2_10421.npy,PASTISFresh/ANNOTATIONS/TARGET_10421.npy
10422,PASTISFresh/DATA_S2/S2_10422.npy,PASTISFresh/ANNOTATIONS/TARGET_10422.npy
10423,PASTISFresh/DATA_S2/S2_10423.npy,PASTISFresh/ANNOTATIONS/TARGET_10423.npy
10427,PASTISFresh/DATA_S2/S2_10427.npy,PASTISFresh/ANNOTATIONS/TARGET_10427.npy
10428,PASTISFresh/DATA_S2/S2_10428.npy,PASTISFresh/ANNOTATIONS/TARGET_10428.npy
10429,PASTISFresh/DATA_S2/S2_10429.npy,PASTISFresh/ANNOTATIONS/TARGET_10429.npy
10430,PASTISFresh/DATA_S2/S2_10430.npy,PASTISFresh/ANNOTATIONS/TARGET_10430.npy
10432,PASTISFresh/DATA_S2/S2_10432.npy,PASTISFresh/ANNOTATIONS/TARGET_10432.npy
10434,PASTISFresh/DATA_S2/S2_10434.npy,PASTISFresh/ANNOTATIONS/TARGET_10434.npy
10435,PASTISFresh/DATA_S2/S2_10435.npy,PASTISFresh/ANNOTATIONS/TARGET_10435.npy
10436,PASTISFresh/DATA_S2/S2_10436.npy,PASTISFresh/ANNOTATIONS/TARGET_10436.npy
10437,PASTISFresh/DATA_S2/S2_10437.npy,PASTISFresh/ANNOTATIONS/TARGET_10437.npy
10438,PASTISFresh/DATA_S2/S2_10438.npy,PASTISFresh/ANNOTATIONS/TARGET_10438.npy
10439,PASTISFresh/DATA_S2/S2_10439.npy,PASTISFresh/ANNOTATIONS/TARGET_10439.npy
10441,PASTISFresh/DATA_S2/S2_10441.npy,PASTISFresh/ANNOTATIONS/TARGET_10441.npy
10443,PASTISFresh/DATA_S2/S2_10443.npy,PASTISFresh/ANNOTATIONS/TARGET_10443.npy
10444,PASTISFresh/DATA_S2/S2_10444.npy,PASTISFresh/ANNOTATIONS/TARGET_10444.npy
10445,PASTISFresh/DATA_S2/S2_10445.npy,PASTISFresh/ANNOTATIONS/TARGET_10445.npy
10446,PASTISFresh/DATA_S2/S2_10446.npy,PASTISFresh/ANNOTATIONS/TARGET_10446.npy
10447,PASTISFresh/DATA_S2/S2_10447.npy,PASTISFresh/ANNOTATIONS/TARGET_10447.npy
10448,PASTISFresh/DATA_S2/S2_10448.npy,PASTISFresh/ANNOTATIONS/TARGET_10448.npy
10449,PASTISFresh/DATA_S2/S2_10449.npy,PASTISFresh/ANNOTATIONS/TARGET_10449.npy
10450,PASTISFresh/DATA_S2/S2_10450.npy,PASTISFresh/ANNOTATIONS/TARGET_10450.npy
10451,PASTISFresh/DATA_S2/S2_10451.npy,PASTISFresh/ANNOTATIONS/TARGET_10451.npy
10452,PASTISFresh/DATA_S2/S2_10452.npy,PASTISFresh/ANNOTATIONS/TARGET_10452.npy
10453,PASTISFresh/DATA_S2/S2_10453.npy,PASTISFresh/ANNOTATIONS/TARGET_10453.npy
10455,PASTISFresh/DATA_S2/S2_10455.npy,PASTISFresh/ANNOTATIONS/TARGET_10455.npy
10456,PASTISFresh/DATA_S2/S2_10456.npy,PASTISFresh/ANNOTATIONS/TARGET_10456.npy
10457,PASTISFresh/DATA_S2/S2_10457.npy,PASTISFresh/ANNOTATIONS/TARGET_10457.npy
10459,PASTISFresh/DATA_S2/S2_10459.npy,PASTISFresh/ANNOTATIONS/TARGET_10459.npy
10460,PASTISFresh/DATA_S2/S2_10460.npy,PASTISFresh/ANNOTATIONS/TARGET_10460.npy
10462,PASTISFresh/DATA_S2/S2_10462.npy,PASTISFresh/ANNOTATIONS/TARGET_10462.npy
10464,PASTISFresh/DATA_S2/S2_10464.npy,PASTISFresh/ANNOTATIONS/TARGET_10464.npy
10465,PASTISFresh/DATA_S2/S2_10465.npy,PASTISFresh/ANNOTATIONS/TARGET_10465.npy
10467,PASTISFresh/DATA_S2/S2_10467.npy,PASTISFresh/ANNOTATIONS/TARGET_10467.npy
10468,PASTISFresh/DATA_S2/S2_10468.npy,PASTISFresh/ANNOTATIONS/TARGET_10468.npy
10471,PASTISFresh/DATA_S2/S2_10471.npy,PASTISFresh/ANNOTATIONS/TARGET_10471.npy
10472,PASTISFresh/DATA_S2/S2_10472.npy,PASTISFresh/ANNOTATIONS/TARGET_10472.npy
10473,PASTISFresh/DATA_S2/S2_10473.npy,PASTISFresh/ANNOTATIONS/TARGET_10473.npy
10477,PASTISFresh/DATA_S2/S2_10477.npy,PASTISFresh/ANNOTATIONS/TARGET_10477.npy
10483,PASTISFresh/DATA_S2/S2_10483.npy,PASTISFresh/ANNOTATIONS/TARGET_10483.npy
10484,PASTISFresh/DATA_S2/S2_10484.npy,PASTISFresh/ANNOTATIONS/TARGET_10484.npy
10485,PASTISFresh/DATA_S2/S2_10485.npy,PASTISFresh/ANNOTATIONS/TARGET_10485.npy
10489,PASTISFresh/DATA_S2/S2_10489.npy,PASTISFresh/ANNOTATIONS/TARGET_10489.npy
10491,PASTISFresh/DATA_S2/S2_10491.npy,PASTISFresh/ANNOTATIONS/TARGET_10491.npy
10493,PASTISFresh/DATA_S2/S2_10493.npy,PASTISFresh/ANNOTATIONS/TARGET_10493.npy
10495,PASTISFresh/DATA_S2/S2_10495.npy,PASTISFresh/ANNOTATIONS/TARGET_10495.npy
10497,PASTISFresh/DATA_S2/S2_10497.npy,PASTISFresh/ANNOTATIONS/TARGET_10497.npy
10498,PASTISFresh/DATA_S2/S2_10498.npy,PASTISFresh/ANNOTATIONS/TARGET_10498.npy
10499,PASTISFresh/DATA_S2/S2_10499.npy,PASTISFresh/ANNOTATIONS/TARGET_10499.npy
10501,PASTISFresh/DATA_S2/S2_10501.npy,PASTISFresh/ANNOTATIONS/TARGET_10501.npy
10502,PASTISFresh/DATA_S2/S2_10502.npy,PASTISFresh/ANNOTATIONS/TARGET_10502.npy
10503,PASTISFresh/DATA_S2/S2_10503.npy,PASTISFresh/ANNOTATIONS/TARGET_10503.npy
10504,PASTISFresh/DATA_S2/S2_10504.npy,PASTISFresh/ANNOTATIONS/TARGET_10504.npy
10505,PASTISFresh/DATA_S2/S2_10505.npy,PASTISFresh/ANNOTATIONS/TARGET_10505.npy
10506,PASTISFresh/DATA_S2/S2_10506.npy,PASTISFresh/ANNOTATIONS/TARGET_10506.npy
10508,PASTISFresh/DATA_S2/S2_10508.npy,PASTISFresh/ANNOTATIONS/TARGET_10508.npy
10510,PASTISFresh/DATA_S2/S2_10510.npy,PASTISFresh/ANNOTATIONS/TARGET_10510.npy
10514,PASTISFresh/DATA_S2/S2_10514.npy,PASTISFresh/ANNOTATIONS/TARGET_10514.npy
10515,PASTISFresh/DATA_S2/S2_10515.npy,PASTISFresh/ANNOTATIONS/TARGET_10515.npy
10516,PASTISFresh/DATA_S2/S2_10516.npy,PASTISFresh/ANNOTATIONS/TARGET_10516.npy
10521,PASTISFresh/DATA_S2/S2_10521.npy,PASTISFresh/ANNOTATIONS/TARGET_10521.npy
10522,PASTISFresh/DATA_S2/S2_10522.npy,PASTISFresh/ANNOTATIONS/TARGET_10522.npy
10523,PASTISFresh/DATA_S2/S2_10523.npy,PASTISFresh/ANNOTATIONS/TARGET_10523.npy
10526,PASTISFresh/DATA_S2/S2_10526.npy,PASTISFresh/ANNOTATIONS/TARGET_10526.npy
10529,PASTISFresh/DATA_S2/S2_10529.npy,PASTISFresh/ANNOTATIONS/TARGET_10529.npy
10530,PASTISFresh/DATA_S2/S2_10530.npy,PASTISFresh/ANNOTATIONS/TARGET_10530.npy
10532,PASTISFresh/DATA_S2/S2_10532.npy,PASTISFresh/ANNOTATIONS/TARGET_10532.npy
10534,PASTISFresh/DATA_S2/S2_10534.npy,PASTISFresh/ANNOTATIONS/TARGET_10534.npy
10535,PASTISFresh/DATA_S2/S2_10535.npy,PASTISFresh/ANNOTATIONS/TARGET_10535.npy
10536,PASTISFresh/DATA_S2/S2_10536.npy,PASTISFresh/ANNOTATIONS/TARGET_10536.npy
10539,PASTISFresh/DATA_S2/S2_10539.npy,PASTISFresh/ANNOTATIONS/TARGET_10539.npy
10540,PASTISFresh/DATA_S2/S2_10540.npy,PASTISFresh/ANNOTATIONS/TARGET_10540.npy
20000,PASTISFresh/DATA_S2/S2_20000.npy,PASTISFresh/ANNOTATIONS/TARGET_20000.npy
20001,PASTISFresh/DATA_S2/S2_20001.npy,PASTISFresh/ANNOTATIONS/TARGET_20001.npy
20002,PASTISFresh/DATA_S2/S2_20002.npy,PASTISFresh/ANNOTATIONS/TARGET_20002.npy
20003,PASTISFresh/DATA_S2/S2_20003.npy,PASTISFresh/ANNOTATIONS/TARGET_20003.npy
20004,PASTISFresh/DATA_S2/S2_20004.npy,PASTISFresh/ANNOTATIONS/TARGET_20004.npy
20005,PASTISFresh/DATA_S2/S2_20005.npy,PASTISFresh/ANNOTATIONS/TARGET_20005.npy
20006,PASTISFresh/DATA_S2/S2_20006.npy,PASTISFresh/ANNOTATIONS/TARGET_20006.npy
20007,PASTISFresh/DATA_S2/S2_20007.npy,PASTISFresh/ANNOTATIONS/TARGET_20007.npy
20009,PASTISFresh/DATA_S2/S2_20009.npy,PASTISFresh/ANNOTATIONS/TARGET_20009.npy
20011,PASTISFresh/DATA_S2/S2_20011.npy,PASTISFresh/ANNOTATIONS/TARGET_20011.npy
20012,PASTISFresh/DATA_S2/S2_20012.npy,PASTISFresh/ANNOTATIONS/TARGET_20012.npy
20013,PASTISFresh/DATA_S2/S2_20013.npy,PASTISFresh/ANNOTATIONS/TARGET_20013.npy
20014,PASTISFresh/DATA_S2/S2_20014.npy,PASTISFresh/ANNOTATIONS/TARGET_20014.npy
20015,PASTISFresh/DATA_S2/S2_20015.npy,PASTISFresh/ANNOTATIONS/TARGET_20015.npy
20016,PASTISFresh/DATA_S2/S2_20016.npy,PASTISFresh/ANNOTATIONS/TARGET_20016.npy
20017,PASTISFresh/DATA_S2/S2_20017.npy,PASTISFresh/ANNOTATIONS/TARGET_20017.npy
20018,PASTISFresh/DATA_S2/S2_20018.npy,PASTISFresh/ANNOTATIONS/TARGET_20018.npy
20020,PASTISFresh/DATA_S2/S2_20020.npy,PASTISFresh/ANNOTATIONS/TARGET_20020.npy
20021,PASTISFresh/DATA_S2/S2_20021.npy,PASTISFresh/ANNOTATIONS/TARGET_20021.npy
20024,PASTISFresh/DATA_S2/S2_20024.npy,PASTISFresh/ANNOTATIONS/TARGET_20024.npy
20026,PASTISFresh/DATA_S2/S2_20026.npy,PASTISFresh/ANNOTATIONS/TARGET_20026.npy
20027,PASTISFresh/DATA_S2/S2_20027.npy,PASTISFresh/ANNOTATIONS/TARGET_20027.npy
20029,PASTISFresh/DATA_S2/S2_20029.npy,PASTISFresh/ANNOTATIONS/TARGET_20029.npy
20033,PASTISFresh/DATA_S2/S2_20033.npy,PASTISFresh/ANNOTATIONS/TARGET_20033.npy
20034,PASTISFresh/DATA_S2/S2_20034.npy,PASTISFresh/ANNOTATIONS/TARGET_20034.npy
20037,PASTISFresh/DATA_S2/S2_20037.npy,PASTISFresh/ANNOTATIONS/TARGET_20037.npy
20038,PASTISFresh/DATA_S2/S2_20038.npy,PASTISFresh/ANNOTATIONS/TARGET_20038.npy
20039,PASTISFresh/DATA_S2/S2_20039.npy,PASTISFresh/ANNOTATIONS/TARGET_20039.npy
20040,PASTISFresh/DATA_S2/S2_20040.npy,PASTISFresh/ANNOTATIONS/TARGET_20040.npy
20043,PASTISFresh/DATA_S2/S2_20043.npy,PASTISFresh/ANNOTATIONS/TARGET_20043.npy
20045,PASTISFresh/DATA_S2/S2_20045.npy,PASTISFresh/ANNOTATIONS/TARGET_20045.npy
20047,PASTISFresh/DATA_S2/S2_20047.npy,PASTISFresh/ANNOTATIONS/TARGET_20047.npy
20048,PASTISFresh/DATA_S2/S2_20048.npy,PASTISFresh/ANNOTATIONS/TARGET_20048.npy
20049,PASTISFresh/DATA_S2/S2_20049.npy,PASTISFresh/ANNOTATIONS/TARGET_20049.npy
20051,PASTISFresh/DATA_S2/S2_20051.npy,PASTISFresh/ANNOTATIONS/TARGET_20051.npy
20052,PASTISFresh/DATA_S2/S2_20052.npy,PASTISFresh/ANNOTATIONS/TARGET_20052.npy
20053,PASTISFresh/DATA_S2/S2_20053.npy,PASTISFresh/ANNOTATIONS/TARGET_20053.npy
20054,PASTISFresh/DATA_S2/S2_20054.npy,PASTISFresh/ANNOTATIONS/TARGET_20054.npy
20056,PASTISFresh/DATA_S2/S2_20056.npy,PASTISFresh/ANNOTATIONS/TARGET_20056.npy
20057,PASTISFresh/DATA_S2/S2_20057.npy,PASTISFresh/ANNOTATIONS/TARGET_20057.npy
20059,PASTISFresh/DATA_S2/S2_20059.npy,PASTISFresh/ANNOTATIONS/TARGET_20059.npy
20061,PASTISFresh/DATA_S2/S2_20061.npy,PASTISFresh/ANNOTATIONS/TARGET_20061.npy
20064,PASTISFresh/DATA_S2/S2_20064.npy,PASTISFresh/ANNOTATIONS/TARGET_20064.npy
20066,PASTISFresh/DATA_S2/S2_20066.npy,PASTISFresh/ANNOTATIONS/TARGET_20066.npy
20067,PASTISFresh/DATA_S2/S2_20067.npy,PASTISFresh/ANNOTATIONS/TARGET_20067.npy
20069,PASTISFresh/DATA_S2/S2_20069.npy,PASTISFresh/ANNOTATIONS/TARGET_20069.npy
20070,PASTISFresh/DATA_S2/S2_20070.npy,PASTISFresh/ANNOTATIONS/TARGET_20070.npy
20071,PASTISFresh/DATA_S2/S2_20071.npy,PASTISFresh/ANNOTATIONS/TARGET_20071.npy
20075,PASTISFresh/DATA_S2/S2_20075.npy,PASTISFresh/ANNOTATIONS/TARGET_20075.npy
20076,PASTISFresh/DATA_S2/S2_20076.npy,PASTISFresh/ANNOTATIONS/TARGET_20076.npy
20077,PASTISFresh/DATA_S2/S2_20077.npy,PASTISFresh/ANNOTATIONS/TARGET_20077.npy
20078,PASTISFresh/DATA_S2/S2_20078.npy,PASTISFresh/ANNOTATIONS/TARGET_20078.npy
20081,PASTISFresh/DATA_S2/S2_20081.npy,PASTISFresh/ANNOTATIONS/TARGET_20081.npy
20082,PASTISFresh/DATA_S2/S2_20082.npy,PASTISFresh/ANNOTATIONS/TARGET_20082.npy
20085,PASTISFresh/DATA_S2/S2_20085.npy,PASTISFresh/ANNOTATIONS/TARGET_20085.npy
20087,PASTISFresh/DATA_S2/S2_20087.npy,PASTISFresh/ANNOTATIONS/TARGET_20087.npy
20088,PASTISFresh/DATA_S2/S2_20088.npy,PASTISFresh/ANNOTATIONS/TARGET_20088.npy
20089,PASTISFresh/DATA_S2/S2_20089.npy,PASTISFresh/ANNOTATIONS/TARGET_20089.npy
20090,PASTISFresh/DATA_S2/S2_20090.npy,PASTISFresh/ANNOTATIONS/TARGET_20090.npy
20091,PASTISFresh/DATA_S2/S2_20091.npy,PASTISFresh/ANNOTATIONS/TARGET_20091.npy
20097,PASTISFresh/DATA_S2/S2_20097.npy,PASTISFresh/ANNOTATIONS/TARGET_20097.npy
20098,PASTISFresh/DATA_S2/S2_20098.npy,PASTISFresh/ANNOTATIONS/TARGET_20098.npy
20099,PASTISFresh/DATA_S2/S2_20099.npy,PASTISFresh/ANNOTATIONS/TARGET_20099.npy
20100,PASTISFresh/DATA_S2/S2_20100.npy,PASTISFresh/ANNOTATIONS/TARGET_20100.npy
20101,PASTISFresh/DATA_S2/S2_20101.npy,PASTISFresh/ANNOTATIONS/TARGET_20101.npy
20102,PASTISFresh/DATA_S2/S2_20102.npy,PASTISFresh/ANNOTATIONS/TARGET_20102.npy
20103,PASTISFresh/DATA_S2/S2_20103.npy,PASTISFresh/ANNOTATIONS/TARGET_20103.npy
20104,PASTISFresh/DATA_S2/S2_20104.npy,PASTISFresh/ANNOTATIONS/TARGET_20104.npy
20106,PASTISFresh/DATA_S2/S2_20106.npy,PASTISFresh/ANNOTATIONS/TARGET_20106.npy
20108,PASTISFresh/DATA_S2/S2_20108.npy,PASTISFresh/ANNOTATIONS/TARGET_20108.npy
20110,PASTISFresh/DATA_S2/S2_20110.npy,PASTISFresh/ANNOTATIONS/TARGET_20110.npy
20111,PASTISFresh/DATA_S2/S2_20111.npy,PASTISFresh/ANNOTATIONS/TARGET_20111.npy
20112,PASTISFresh/DATA_S2/S2_20112.npy,PASTISFresh/ANNOTATIONS/TARGET_20112.npy
20113,PASTISFresh/DATA_S2/S2_20113.npy,PASTISFresh/ANNOTATIONS/TARGET_20113.npy
20115,PASTISFresh/DATA_S2/S2_20115.npy,PASTISFresh/ANNOTATIONS/TARGET_20115.npy
20116,PASTISFresh/DATA_S2/S2_20116.npy,PASTISFresh/ANNOTATIONS/TARGET_20116.npy
20117,PASTISFresh/DATA_S2/S2_20117.npy,PASTISFresh/ANNOTATIONS/TARGET_20117.npy
20124,PASTISFresh/DATA_S2/S2_20124.npy,PASTISFresh/ANNOTATIONS/TARGET_20124.npy
20125,PASTISFresh/DATA_S2/S2_20125.npy,PASTISFresh/ANNOTATIONS/TARGET_20125.npy
20132,PASTISFresh/DATA_S2/S2_20132.npy,PASTISFresh/ANNOTATIONS/TARGET_20132.npy
20133,PASTISFresh/DATA_S2/S2_20133.npy,PASTISFresh/ANNOTATIONS/TARGET_20133.npy
20135,PASTISFresh/DATA_S2/S2_20135.npy,PASTISFresh/ANNOTATIONS/TARGET_20135.npy
20136,PASTISFresh/DATA_S2/S2_20136.npy,PASTISFresh/ANNOTATIONS/TARGET_20136.npy
20137,PASTISFresh/DATA_S2/S2_20137.npy,PASTISFresh/ANNOTATIONS/TARGET_20137.npy
20140,PASTISFresh/DATA_S2/S2_20140.npy,PASTISFresh/ANNOTATIONS/TARGET_20140.npy
20141,PASTISFresh/DATA_S2/S2_20141.npy,PASTISFresh/ANNOTATIONS/TARGET_20141.npy
20142,PASTISFresh/DATA_S2/S2_20142.npy,PASTISFresh/ANNOTATIONS/TARGET_20142.npy
20143,PASTISFresh/DATA_S2/S2_20143.npy,PASTISFresh/ANNOTATIONS/TARGET_20143.npy
20144,PASTISFresh/DATA_S2/S2_20144.npy,PASTISFresh/ANNOTATIONS/TARGET_20144.npy
20146,PASTISFresh/DATA_S2/S2_20146.npy,PASTISFresh/ANNOTATIONS/TARGET_20146.npy
20147,PASTISFresh/DATA_S2/S2_20147.npy,PASTISFresh/ANNOTATIONS/TARGET_20147.npy
20148,PASTISFresh/DATA_S2/S2_20148.npy,PASTISFresh/ANNOTATIONS/TARGET_20148.npy
20150,PASTISFresh/DATA_S2/S2_20150.npy,PASTISFresh/ANNOTATIONS/TARGET_20150.npy
20151,PASTISFresh/DATA_S2/S2_20151.npy,PASTISFresh/ANNOTATIONS/TARGET_20151.npy
20153,PASTISFresh/DATA_S2/S2_20153.npy,PASTISFresh/ANNOTATIONS/TARGET_20153.npy
20154,PASTISFresh/DATA_S2/S2_20154.npy,PASTISFresh/ANNOTATIONS/TARGET_20154.npy
20156,PASTISFresh/DATA_S2/S2_20156.npy,PASTISFresh/ANNOTATIONS/TARGET_20156.npy
20159,PASTISFresh/DATA_S2/S2_20159.npy,PASTISFresh/ANNOTATIONS/TARGET_20159.npy
20163,PASTISFresh/DATA_S2/S2_20163.npy,PASTISFresh/ANNOTATIONS/TARGET_20163.npy
20165,PASTISFresh/DATA_S2/S2_20165.npy,PASTISFresh/ANNOTATIONS/TARGET_20165.npy
20167,PASTISFresh/DATA_S2/S2_20167.npy,PASTISFresh/ANNOTATIONS/TARGET_20167.npy
20168,PASTISFresh/DATA_S2/S2_20168.npy,PASTISFresh/ANNOTATIONS/TARGET_20168.npy
20169,PASTISFresh/DATA_S2/S2_20169.npy,PASTISFresh/ANNOTATIONS/TARGET_20169.npy
20171,PASTISFresh/DATA_S2/S2_20171.npy,PASTISFresh/ANNOTATIONS/TARGET_20171.npy
20174,PASTISFresh/DATA_S2/S2_20174.npy,PASTISFresh/ANNOTATIONS/TARGET_20174.npy
20176,PASTISFresh/DATA_S2/S2_20176.npy,PASTISFresh/ANNOTATIONS/TARGET_20176.npy
20178,PASTISFresh/DATA_S2/S2_20178.npy,PASTISFresh/ANNOTATIONS/TARGET_20178.npy
20182,PASTISFresh/DATA_S2/S2_20182.npy,PASTISFresh/ANNOTATIONS/TARGET_20182.npy
20183,PASTISFresh/DATA_S2/S2_20183.npy,PASTISFresh/ANNOTATIONS/TARGET_20183.npy
20184,PASTISFresh/DATA_S2/S2_20184.npy,PASTISFresh/ANNOTATIONS/TARGET_20184.npy
20185,PASTISFresh/DATA_S2/S2_20185.npy,PASTISFresh/ANNOTATIONS/TARGET_20185.npy
20187,PASTISFresh/DATA_S2/S2_20187.npy,PASTISFresh/ANNOTATIONS/TARGET_20187.npy
20188,PASTISFresh/DATA_S2/S2_20188.npy,PASTISFresh/ANNOTATIONS/TARGET_20188.npy
20189,PASTISFresh/DATA_S2/S2_20189.npy,PASTISFresh/ANNOTATIONS/TARGET_20189.npy
20190,PASTISFresh/DATA_S2/S2_20190.npy,PASTISFresh/ANNOTATIONS/TARGET_20190.npy
20194,PASTISFresh/DATA_S2/S2_20194.npy,PASTISFresh/ANNOTATIONS/TARGET_20194.npy
20198,PASTISFresh/DATA_S2/S2_20198.npy,PASTISFresh/ANNOTATIONS/TARGET_20198.npy
20199,PASTISFresh/DATA_S2/S2_20199.npy,PASTISFresh/ANNOTATIONS/TARGET_20199.npy
20200,PASTISFresh/DATA_S2/S2_20200.npy,PASTISFresh/ANNOTATIONS/TARGET_20200.npy
20202,PASTISFresh/DATA_S2/S2_20202.npy,PASTISFresh/ANNOTATIONS/TARGET_20202.npy
20203,PASTISFresh/DATA_S2/S2_20203.npy,PASTISFresh/ANNOTATIONS/TARGET_20203.npy
20204,PASTISFresh/DATA_S2/S2_20204.npy,PASTISFresh/ANNOTATIONS/TARGET_20204.npy
20207,PASTISFresh/DATA_S2/S2_20207.npy,PASTISFresh/ANNOTATIONS/TARGET_20207.npy
20208,PASTISFresh/DATA_S2/S2_20208.npy,PASTISFresh/ANNOTATIONS/TARGET_20208.npy
20209,PASTISFresh/DATA_S2/S2_20209.npy,PASTISFresh/ANNOTATIONS/TARGET_20209.npy
20211,PASTISFresh/DATA_S2/S2_20211.npy,PASTISFresh/ANNOTATIONS/TARGET_20211.npy
20212,PASTISFresh/DATA_S2/S2_20212.npy,PASTISFresh/ANNOTATIONS/TARGET_20212.npy
20213,PASTISFresh/DATA_S2/S2_20213.npy,PASTISFresh/ANNOTATIONS/TARGET_20213.npy
20214,PASTISFresh/DATA_S2/S2_20214.npy,PASTISFresh/ANNOTATIONS/TARGET_20214.npy
20216,PASTISFresh/DATA_S2/S2_20216.npy,PASTISFresh/ANNOTATIONS/TARGET_20216.npy
20217,PASTISFresh/DATA_S2/S2_20217.npy,PASTISFresh/ANNOTATIONS/TARGET_20217.npy
20218,PASTISFresh/DATA_S2/S2_20218.npy,PASTISFresh/ANNOTATIONS/TARGET_20218.npy
20219,PASTISFresh/DATA_S2/S2_20219.npy,PASTISFresh/ANNOTATIONS/TARGET_20219.npy
20220,PASTISFresh/DATA_S2/S2_20220.npy,PASTISFresh/ANNOTATIONS/TARGET_20220.npy
20223,PASTISFresh/DATA_S2/S2_20223.npy,PASTISFresh/ANNOTATIONS/TARGET_20223.npy
20226,PASTISFresh/DATA_S2/S2_20226.npy,PASTISFresh/ANNOTATIONS/TARGET_20226.npy
20228,PASTISFresh/DATA_S2/S2_20228.npy,PASTISFresh/ANNOTATIONS/TARGET_20228.npy
20229,PASTISFresh/DATA_S2/S2_20229.npy,PASTISFresh/ANNOTATIONS/TARGET_20229.npy
20232,PASTISFresh/DATA_S2/S2_20232.npy,PASTISFresh/ANNOTATIONS/TARGET_20232.npy
20233,PASTISFresh/DATA_S2/S2_20233.npy,PASTISFresh/ANNOTATIONS/TARGET_20233.npy
20240,PASTISFresh/DATA_S2/S2_20240.npy,PASTISFresh/ANNOTATIONS/TARGET_20240.npy
20241,PASTISFresh/DATA_S2/S2_20241.npy,PASTISFresh/ANNOTATIONS/TARGET_20241.npy
20243,PASTISFresh/DATA_S2/S2_20243.npy,PASTISFresh/ANNOTATIONS/TARGET_20243.npy
20244,PASTISFresh/DATA_S2/S2_20244.npy,PASTISFresh/ANNOTATIONS/TARGET_20244.npy
20247,PASTISFresh/DATA_S2/S2_20247.npy,PASTISFresh/ANNOTATIONS/TARGET_20247.npy
20248,PASTISFresh/DATA_S2/S2_20248.npy,PASTISFresh/ANNOTATIONS/TARGET_20248.npy
20251,PASTISFresh/DATA_S2/S2_20251.npy,PASTISFresh/ANNOTATIONS/TARGET_20251.npy
20252,PASTISFresh/DATA_S2/S2_20252.npy,PASTISFresh/ANNOTATIONS/TARGET_20252.npy
20253,PASTISFresh/DATA_S2/S2_20253.npy,PASTISFresh/ANNOTATIONS/TARGET_20253.npy
20254,PASTISFresh/DATA_S2/S2_20254.npy,PASTISFresh/ANNOTATIONS/TARGET_20254.npy
20255,PASTISFresh/DATA_S2/S2_20255.npy,PASTISFresh/ANNOTATIONS/TARGET_20255.npy
20256,PASTISFresh/DATA_S2/S2_20256.npy,PASTISFresh/ANNOTATIONS/TARGET_20256.npy
20259,PASTISFresh/DATA_S2/S2_20259.npy,PASTISFresh/ANNOTATIONS/TARGET_20259.npy
20260,PASTISFresh/DATA_S2/S2_20260.npy,PASTISFresh/ANNOTATIONS/TARGET_20260.npy
20262,PASTISFresh/DATA_S2/S2_20262.npy,PASTISFresh/ANNOTATIONS/TARGET_20262.npy
20266,PASTISFresh/DATA_S2/S2_20266.npy,PASTISFresh/ANNOTATIONS/TARGET_20266.npy
20267,PASTISFresh/DATA_S2/S2_20267.npy,PASTISFresh/ANNOTATIONS/TARGET_20267.npy
20269,PASTISFresh/DATA_S2/S2_20269.npy,PASTISFresh/ANNOTATIONS/TARGET_20269.npy
20270,PASTISFresh/DATA_S2/S2_20270.npy,PASTISFresh/ANNOTATIONS/TARGET_20270.npy
20271,PASTISFresh/DATA_S2/S2_20271.npy,PASTISFresh/ANNOTATIONS/TARGET_20271.npy
20272,PASTISFresh/DATA_S2/S2_20272.npy,PASTISFresh/ANNOTATIONS/TARGET_20272.npy
20274,PASTISFresh/DATA_S2/S2_20274.npy,PASTISFresh/ANNOTATIONS/TARGET_20274.npy
20275,PASTISFresh/DATA_S2/S2_20275.npy,PASTISFresh/ANNOTATIONS/TARGET_20275.npy
20276,PASTISFresh/DATA_S2/S2_20276.npy,PASTISFresh/ANNOTATIONS/TARGET_20276.npy
20277,PASTISFresh/DATA_S2/S2_20277.npy,PASTISFresh/ANNOTATIONS/TARGET_20277.npy
20278,PASTISFresh/DATA_S2/S2_20278.npy,PASTISFresh/ANNOTATIONS/TARGET_20278.npy
20284,PASTISFresh/DATA_S2/S2_20284.npy,PASTISFresh/ANNOTATIONS/TARGET_20284.npy
20287,PASTISFresh/DATA_S2/S2_20287.npy,PASTISFresh/ANNOTATIONS/TARGET_20287.npy
20288,PASTISFresh/DATA_S2/S2_20288.npy,PASTISFresh/ANNOTATIONS/TARGET_20288.npy
20289,PASTISFresh/DATA_S2/S2_20289.npy,PASTISFresh/ANNOTATIONS/TARGET_20289.npy
20290,PASTISFresh/DATA_S2/S2_20290.npy,PASTISFresh/ANNOTATIONS/TARGET_20290.npy
20291,PASTISFresh/DATA_S2/S2_20291.npy,PASTISFresh/ANNOTATIONS/TARGET_20291.npy
20292,PASTISFresh/DATA_S2/S2_20292.npy,PASTISFresh/ANNOTATIONS/TARGET_20292.npy
20294,PASTISFresh/DATA_S2/S2_20294.npy,PASTISFresh/ANNOTATIONS/TARGET_20294.npy
20295,PASTISFresh/DATA_S2/S2_20295.npy,PASTISFresh/ANNOTATIONS/TARGET_20295.npy
20299,PASTISFresh/DATA_S2/S2_20299.npy,PASTISFresh/ANNOTATIONS/TARGET_20299.npy
20301,PASTISFresh/DATA_S2/S2_20301.npy,PASTISFresh/ANNOTATIONS/TARGET_20301.npy
20302,PASTISFresh/DATA_S2/S2_20302.npy,PASTISFresh/ANNOTATIONS/TARGET_20302.npy
20303,PASTISFresh/DATA_S2/S2_20303.npy,PASTISFresh/ANNOTATIONS/TARGET_20303.npy
20304,PASTISFresh/DATA_S2/S2_20304.npy,PASTISFresh/ANNOTATIONS/TARGET_20304.npy
20305,PASTISFresh/DATA_S2/S2_20305.npy,PASTISFresh/ANNOTATIONS/TARGET_20305.npy
20307,PASTISFresh/DATA_S2/S2_20307.npy,PASTISFresh/ANNOTATIONS/TARGET_20307.npy
20309,PASTISFresh/DATA_S2/S2_20309.npy,PASTISFresh/ANNOTATIONS/TARGET_20309.npy
20310,PASTISFresh/DATA_S2/S2_20310.npy,PASTISFresh/ANNOTATIONS/TARGET_20310.npy
20312,PASTISFresh/DATA_S2/S2_20312.npy,PASTISFresh/ANNOTATIONS/TARGET_20312.npy
20313,PASTISFresh/DATA_S2/S2_20313.npy,PASTISFresh/ANNOTATIONS/TARGET_20313.npy
20316,PASTISFresh/DATA_S2/S2_20316.npy,PASTISFresh/ANNOTATIONS/TARGET_20316.npy
20317,PASTISFresh/DATA_S2/S2_20317.npy,PASTISFresh/ANNOTATIONS/TARGET_20317.npy
20318,PASTISFresh/DATA_S2/S2_20318.npy,PASTISFresh/ANNOTATIONS/TARGET_20318.npy
20321,PASTISFresh/DATA_S2/S2_20321.npy,PASTISFresh/ANNOTATIONS/TARGET_20321.npy
20322,PASTISFresh/DATA_S2/S2_20322.npy,PASTISFresh/ANNOTATIONS/TARGET_20322.npy
20325,PASTISFresh/DATA_S2/S2_20325.npy,PASTISFresh/ANNOTATIONS/TARGET_20325.npy
20328,PASTISFresh/DATA_S2/S2_20328.npy,PASTISFresh/ANNOTATIONS/TARGET_20328.npy
20332,PASTISFresh/DATA_S2/S2_20332.npy,PASTISFresh/ANNOTATIONS/TARGET_20332.npy
20333,PASTISFresh/DATA_S2/S2_20333.npy,PASTISFresh/ANNOTATIONS/TARGET_20333.npy
20334,PASTISFresh/DATA_S2/S2_20334.npy,PASTISFresh/ANNOTATIONS/TARGET_20334.npy
20336,PASTISFresh/DATA_S2/S2_20336.npy,PASTISFresh/ANNOTATIONS/TARGET_20336.npy
20338,PASTISFresh/DATA_S2/S2_20338.npy,PASTISFresh/ANNOTATIONS/TARGET_20338.npy
20341,PASTISFresh/DATA_S2/S2_20341.npy,PASTISFresh/ANNOTATIONS/TARGET_20341.npy
20342,PASTISFresh/DATA_S2/S2_20342.npy,PASTISFresh/ANNOTATIONS/TARGET_20342.npy
20345,PASTISFresh/DATA_S2/S2_20345.npy,PASTISFresh/ANNOTATIONS/TARGET_20345.npy
20346,PASTISFresh/DATA_S2/S2_20346.npy,PASTISFresh/ANNOTATIONS/TARGET_20346.npy
20347,PASTISFresh/DATA_S2/S2_20347.npy,PASTISFresh/ANNOTATIONS/TARGET_20347.npy
20349,PASTISFresh/DATA_S2/S2_20349.npy,PASTISFresh/ANNOTATIONS/TARGET_20349.npy
20350,PASTISFresh/DATA_S2/S2_20350.npy,PASTISFresh/ANNOTATIONS/TARGET_20350.npy
20351,PASTISFresh/DATA_S2/S2_20351.npy,PASTISFresh/ANNOTATIONS/TARGET_20351.npy
20354,PASTISFresh/DATA_S2/S2_20354.npy,PASTISFresh/ANNOTATIONS/TARGET_20354.npy
20356,PASTISFresh/DATA_S2/S2_20356.npy,PASTISFresh/ANNOTATIONS/TARGET_20356.npy
20357,PASTISFresh/DATA_S2/S2_20357.npy,PASTISFresh/ANNOTATIONS/TARGET_20357.npy
20360,PASTISFresh/DATA_S2/S2_20360.npy,PASTISFresh/ANNOTATIONS/TARGET_20360.npy
20361,PASTISFresh/DATA_S2/S2_20361.npy,PASTISFresh/ANNOTATIONS/TARGET_20361.npy
20362,PASTISFresh/DATA_S2/S2_20362.npy,PASTISFresh/ANNOTATIONS/TARGET_20362.npy
20363,PASTISFresh/DATA_S2/S2_20363.npy,PASTISFresh/ANNOTATIONS/TARGET_20363.npy
20365,PASTISFresh/DATA_S2/S2_20365.npy,PASTISFresh/ANNOTATIONS/TARGET_20365.npy
20366,PASTISFresh/DATA_S2/S2_20366.npy,PASTISFresh/ANNOTATIONS/TARGET_20366.npy
20367,PASTISFresh/DATA_S2/S2_20367.npy,PASTISFresh/ANNOTATIONS/TARGET_20367.npy
20368,PASTISFresh/DATA_S2/S2_20368.npy,PASTISFresh/ANNOTATIONS/TARGET_20368.npy
20369,PASTISFresh/DATA_S2/S2_20369.npy,PASTISFresh/ANNOTATIONS/TARGET_20369.npy
20370,PASTISFresh/DATA_S2/S2_20370.npy,PASTISFresh/ANNOTATIONS/TARGET_20370.npy
20372,PASTISFresh/DATA_S2/S2_20372.npy,PASTISFresh/ANNOTATIONS/TARGET_20372.npy
20373,PASTISFresh/DATA_S2/S2_20373.npy,PASTISFresh/ANNOTATIONS/TARGET_20373.npy
20374,PASTISFresh/DATA_S2/S2_20374.npy,PASTISFresh/ANNOTATIONS/TARGET_20374.npy
20375,PASTISFresh/DATA_S2/S2_20375.npy,PASTISFresh/ANNOTATIONS/TARGET_20375.npy
20376,PASTISFresh/DATA_S2/S2_20376.npy,PASTISFresh/ANNOTATIONS/TARGET_20376.npy
20378,PASTISFresh/DATA_S2/S2_20378.npy,PASTISFresh/ANNOTATIONS/TARGET_20378.npy
20382,PASTISFresh/DATA_S2/S2_20382.npy,PASTISFresh/ANNOTATIONS/TARGET_20382.npy
20384,PASTISFresh/DATA_S2/S2_20384.npy,PASTISFresh/ANNOTATIONS/TARGET_20384.npy
20388,PASTISFresh/DATA_S2/S2_20388.npy,PASTISFresh/ANNOTATIONS/TARGET_20388.npy
20390,PASTISFresh/DATA_S2/S2_20390.npy,PASTISFresh/ANNOTATIONS/TARGET_20390.npy
20392,PASTISFresh/DATA_S2/S2_20392.npy,PASTISFresh/ANNOTATIONS/TARGET_20392.npy
20395,PASTISFresh/DATA_S2/S2_20395.npy,PASTISFresh/ANNOTATIONS/TARGET_20395.npy
20397,PASTISFresh/DATA_S2/S2_20397.npy,PASTISFresh/ANNOTATIONS/TARGET_20397.npy
20398,PASTISFresh/DATA_S2/S2_20398.npy,PASTISFresh/ANNOTATIONS/TARGET_20398.npy
20399,PASTISFresh/DATA_S2/S2_20399.npy,PASTISFresh/ANNOTATIONS/TARGET_20399.npy
20400,PASTISFresh/DATA_S2/S2_20400.npy,PASTISFresh/ANNOTATIONS/TARGET_20400.npy
20401,PASTISFresh/DATA_S2/S2_20401.npy,PASTISFresh/ANNOTATIONS/TARGET_20401.npy
20402,PASTISFresh/DATA_S2/S2_20402.npy,PASTISFresh/ANNOTATIONS/TARGET_20402.npy
20403,PASTISFresh/DATA_S2/S2_20403.npy,PASTISFresh/ANNOTATIONS/TARGET_20403.npy
20404,PASTISFresh/DATA_S2/S2_20404.npy,PASTISFresh/ANNOTATIONS/TARGET_20404.npy
20405,PASTISFresh/DATA_S2/S2_20405.npy,PASTISFresh/ANNOTATIONS/TARGET_20405.npy
20406,PASTISFresh/DATA_S2/S2_20406.npy,PASTISFresh/ANNOTATIONS/TARGET_20406.npy
20407,PASTISFresh/DATA_S2/S2_20407.npy,PASTISFresh/ANNOTATIONS/TARGET_20407.npy
20409,PASTISFresh/DATA_S2/S2_20409.npy,PASTISFresh/ANNOTATIONS/TARGET_20409.npy
20415,PASTISFresh/DATA_S2/S2_20415.npy,PASTISFresh/ANNOTATIONS/TARGET_20415.npy
20417,PASTISFresh/DATA_S2/S2_20417.npy,PASTISFresh/ANNOTATIONS/TARGET_20417.npy
20418,PASTISFresh/DATA_S2/S2_20418.npy,PASTISFresh/ANNOTATIONS/TARGET_20418.npy
20420,PASTISFresh/DATA_S2/S2_20420.npy,PASTISFresh/ANNOTATIONS/TARGET_20420.npy
20422,PASTISFresh/DATA_S2/S2_20422.npy,PASTISFresh/ANNOTATIONS/TARGET_20422.npy
20424,PASTISFresh/DATA_S2/S2_20424.npy,PASTISFresh/ANNOTATIONS/TARGET_20424.npy
20427,PASTISFresh/DATA_S2/S2_20427.npy,PASTISFresh/ANNOTATIONS/TARGET_20427.npy
20431,PASTISFresh/DATA_S2/S2_20431.npy,PASTISFresh/ANNOTATIONS/TARGET_20431.npy
20433,PASTISFresh/DATA_S2/S2_20433.npy,PASTISFresh/ANNOTATIONS/TARGET_20433.npy
20436,PASTISFresh/DATA_S2/S2_20436.npy,PASTISFresh/ANNOTATIONS/TARGET_20436.npy
20437,PASTISFresh/DATA_S2/S2_20437.npy,PASTISFresh/ANNOTATIONS/TARGET_20437.npy
20439,PASTISFresh/DATA_S2/S2_20439.npy,PASTISFresh/ANNOTATIONS/TARGET_20439.npy
20444,PASTISFresh/DATA_S2/S2_20444.npy,PASTISFresh/ANNOTATIONS/TARGET_20444.npy
20445,PASTISFresh/DATA_S2/S2_20445.npy,PASTISFresh/ANNOTATIONS/TARGET_20445.npy
20448,PASTISFresh/DATA_S2/S2_20448.npy,PASTISFresh/ANNOTATIONS/TARGET_20448.npy
20449,PASTISFresh/DATA_S2/S2_20449.npy,PASTISFresh/ANNOTATIONS/TARGET_20449.npy
20450,PASTISFresh/DATA_S2/S2_20450.npy,PASTISFresh/ANNOTATIONS/TARGET_20450.npy
20451,PASTISFresh/DATA_S2/S2_20451.npy,PASTISFresh/ANNOTATIONS/TARGET_20451.npy
20452,PASTISFresh/DATA_S2/S2_20452.npy,PASTISFresh/ANNOTATIONS/TARGET_20452.npy
20454,PASTISFresh/DATA_S2/S2_20454.npy,PASTISFresh/ANNOTATIONS/TARGET_20454.npy
20458,PASTISFresh/DATA_S2/S2_20458.npy,PASTISFresh/ANNOTATIONS/TARGET_20458.npy
20459,PASTISFresh/DATA_S2/S2_20459.npy,PASTISFresh/ANNOTATIONS/TARGET_20459.npy
20460,PASTISFresh/DATA_S2/S2_20460.npy,PASTISFresh/ANNOTATIONS/TARGET_20460.npy
20462,PASTISFresh/DATA_S2/S2_20462.npy,PASTISFresh/ANNOTATIONS/TARGET_20462.npy
20464,PASTISFresh/DATA_S2/S2_20464.npy,PASTISFresh/ANNOTATIONS/TARGET_20464.npy
20465,PASTISFresh/DATA_S2/S2_20465.npy,PASTISFresh/ANNOTATIONS/TARGET_20465.npy
20466,PASTISFresh/DATA_S2/S2_20466.npy,PASTISFresh/ANNOTATIONS/TARGET_20466.npy
20467,PASTISFresh/DATA_S2/S2_20467.npy,PASTISFresh/ANNOTATIONS/TARGET_20467.npy
20469,PASTISFresh/DATA_S2/S2_20469.npy,PASTISFresh/ANNOTATIONS/TARGET_20469.npy
20471,PASTISFresh/DATA_S2/S2_20471.npy,PASTISFresh/ANNOTATIONS/TARGET_20471.npy
20473,PASTISFresh/DATA_S2/S2_20473.npy,PASTISFresh/ANNOTATIONS/TARGET_20473.npy
20475,PASTISFresh/DATA_S2/S2_20475.npy,PASTISFresh/ANNOTATIONS/TARGET_20475.npy
20478,PASTISFresh/DATA_S2/S2_20478.npy,PASTISFresh/ANNOTATIONS/TARGET_20478.npy
20479,PASTISFresh/DATA_S2/S2_20479.npy,PASTISFresh/ANNOTATIONS/TARGET_20479.npy
20480,PASTISFresh/DATA_S2/S2_20480.npy,PASTISFresh/ANNOTATIONS/TARGET_20480.npy
20481,PASTISFresh/DATA_S2/S2_20481.npy,PASTISFresh/ANNOTATIONS/TARGET_20481.npy
20482,PASTISFresh/DATA_S2/S2_20482.npy,PASTISFresh/ANNOTATIONS/TARGET_20482.npy
20483,PASTISFresh/DATA_S2/S2_20483.npy,PASTISFresh/ANNOTATIONS/TARGET_20483.npy
20484,PASTISFresh/DATA_S2/S2_20484.npy,PASTISFresh/ANNOTATIONS/TARGET_20484.npy
20485,PASTISFresh/DATA_S2/S2_20485.npy,PASTISFresh/ANNOTATIONS/TARGET_20485.npy
20486,PASTISFresh/DATA_S2/S2_20486.npy,PASTISFresh/ANNOTATIONS/TARGET_20486.npy
20490,PASTISFresh/DATA_S2/S2_20490.npy,PASTISFresh/ANNOTATIONS/TARGET_20490.npy
20491,PASTISFresh/DATA_S2/S2_20491.npy,PASTISFresh/ANNOTATIONS/TARGET_20491.npy
20493,PASTISFresh/DATA_S2/S2_20493.npy,PASTISFresh/ANNOTATIONS/TARGET_20493.npy
20494,PASTISFresh/DATA_S2/S2_20494.npy,PASTISFresh/ANNOTATIONS/TARGET_20494.npy
20495,PASTISFresh/DATA_S2/S2_20495.npy,PASTISFresh/ANNOTATIONS/TARGET_20495.npy
20496,PASTISFresh/DATA_S2/S2_20496.npy,PASTISFresh/ANNOTATIONS/TARGET_20496.npy
20497,PASTISFresh/DATA_S2/S2_20497.npy,PASTISFresh/ANNOTATIONS/TARGET_20497.npy
20499,PASTISFresh/DATA_S2/S2_20499.npy,PASTISFresh/ANNOTATIONS/TARGET_20499.npy
20500,PASTISFresh/DATA_S2/S2_20500.npy,PASTISFresh/ANNOTATIONS/TARGET_20500.npy
20501,PASTISFresh/DATA_S2/S2_20501.npy,PASTISFresh/ANNOTATIONS/TARGET_20501.npy
20502,PASTISFresh/DATA_S2/S2_20502.npy,PASTISFresh/ANNOTATIONS/TARGET_20502.npy
20506,PASTISFresh/DATA_S2/S2_20506.npy,PASTISFresh/ANNOTATIONS/TARGET_20506.npy
20508,PASTISFresh/DATA_S2/S2_20508.npy,PASTISFresh/ANNOTATIONS/TARGET_20508.npy
20509,PASTISFresh/DATA_S2/S2_20509.npy,PASTISFresh/ANNOTATIONS/TARGET_20509.npy
20511,PASTISFresh/DATA_S2/S2_20511.npy,PASTISFresh/ANNOTATIONS/TARGET_20511.npy
20512,PASTISFresh/DATA_S2/S2_20512.npy,PASTISFresh/ANNOTATIONS/TARGET_20512.npy
20513,PASTISFresh/DATA_S2/S2_20513.npy,PASTISFresh/ANNOTATIONS/TARGET_20513.npy
20515,PASTISFresh/DATA_S2/S2_20515.npy,PASTISFresh/ANNOTATIONS/TARGET_20515.npy
20516,PASTISFresh/DATA_S2/S2_20516.npy,PASTISFresh/ANNOTATIONS/TARGET_20516.npy
20517,PASTISFresh/DATA_S2/S2_20517.npy,PASTISFresh/ANNOTATIONS/TARGET_20517.npy
20520,PASTISFresh/DATA_S2/S2_20520.npy,PASTISFresh/ANNOTATIONS/TARGET_20520.npy
20521,PASTISFresh/DATA_S2/S2_20521.npy,PASTISFresh/ANNOTATIONS/TARGET_20521.npy
20522,PASTISFresh/DATA_S2/S2_20522.npy,PASTISFresh/ANNOTATIONS/TARGET_20522.npy
20523,PASTISFresh/DATA_S2/S2_20523.npy,PASTISFresh/ANNOTATIONS/TARGET_20523.npy
20528,PASTISFresh/DATA_S2/S2_20528.npy,PASTISFresh/ANNOTATIONS/TARGET_20528.npy
20530,PASTISFresh/DATA_S2/S2_20530.npy,PASTISFresh/ANNOTATIONS/TARGET_20530.npy
20531,PASTISFresh/DATA_S2/S2_20531.npy,PASTISFresh/ANNOTATIONS/TARGET_20531.npy
20532,PASTISFresh/DATA_S2/S2_20532.npy,PASTISFresh/ANNOTATIONS/TARGET_20532.npy
20533,PASTISFresh/DATA_S2/S2_20533.npy,PASTISFresh/ANNOTATIONS/TARGET_20533.npy
20534,PASTISFresh/DATA_S2/S2_20534.npy,PASTISFresh/ANNOTATIONS/TARGET_20534.npy
20537,PASTISFresh/DATA_S2/S2_20537.npy,PASTISFresh/ANNOTATIONS/TARGET_20537.npy
20538,PASTISFresh/DATA_S2/S2_20538.npy,PASTISFresh/ANNOTATIONS/TARGET_20538.npy
20541,PASTISFresh/DATA_S2/S2_20541.npy,PASTISFresh/ANNOTATIONS/TARGET_20541.npy
20542,PASTISFresh/DATA_S2/S2_20542.npy,PASTISFresh/ANNOTATIONS/TARGET_20542.npy
20545,PASTISFresh/DATA_S2/S2_20545.npy,PASTISFresh/ANNOTATIONS/TARGET_20545.npy
20549,PASTISFresh/DATA_S2/S2_20549.npy,PASTISFresh/ANNOTATIONS/TARGET_20549.npy
20552,PASTISFresh/DATA_S2/S2_20552.npy,PASTISFresh/ANNOTATIONS/TARGET_20552.npy
20553,PASTISFresh/DATA_S2/S2_20553.npy,PASTISFresh/ANNOTATIONS/TARGET_20553.npy
20556,PASTISFresh/DATA_S2/S2_20556.npy,PASTISFresh/ANNOTATIONS/TARGET_20556.npy
20558,PASTISFresh/DATA_S2/S2_20558.npy,PASTISFresh/ANNOTATIONS/TARGET_20558.npy
20560,PASTISFresh/DATA_S2/S2_20560.npy,PASTISFresh/ANNOTATIONS/TARGET_20560.npy
20562,PASTISFresh/DATA_S2/S2_20562.npy,PASTISFresh/ANNOTATIONS/TARGET_20562.npy
20564,PASTISFresh/DATA_S2/S2_20564.npy,PASTISFresh/ANNOTATIONS/TARGET_20564.npy
20566,PASTISFresh/DATA_S2/S2_20566.npy,PASTISFresh/ANNOTATIONS/TARGET_20566.npy
20567,PASTISFresh/DATA_S2/S2_20567.npy,PASTISFresh/ANNOTATIONS/TARGET_20567.npy
20568,PASTISFresh/DATA_S2/S2_20568.npy,PASTISFresh/ANNOTATIONS/TARGET_20568.npy
20570,PASTISFresh/DATA_S2/S2_20570.npy,PASTISFresh/ANNOTATIONS/TARGET_20570.npy
20572,PASTISFresh/DATA_S2/S2_20572.npy,PASTISFresh/ANNOTATIONS/TARGET_20572.npy
20573,PASTISFresh/DATA_S2/S2_20573.npy,PASTISFresh/ANNOTATIONS/TARGET_20573.npy
20575,PASTISFresh/DATA_S2/S2_20575.npy,PASTISFresh/ANNOTATIONS/TARGET_20575.npy
20577,PASTISFresh/DATA_S2/S2_20577.npy,PASTISFresh/ANNOTATIONS/TARGET_20577.npy
20578,PASTISFresh/DATA_S2/S2_20578.npy,PASTISFresh/ANNOTATIONS/TARGET_20578.npy
20579,PASTISFresh/DATA_S2/S2_20579.npy,PASTISFresh/ANNOTATIONS/TARGET_20579.npy
20580,PASTISFresh/DATA_S2/S2_20580.npy,PASTISFresh/ANNOTATIONS/TARGET_20580.npy
20581,PASTISFresh/DATA_S2/S2_20581.npy,PASTISFresh/ANNOTATIONS/TARGET_20581.npy
20582,PASTISFresh/DATA_S2/S2_20582.npy,PASTISFresh/ANNOTATIONS/TARGET_20582.npy
20583,PASTISFresh/DATA_S2/S2_20583.npy,PASTISFresh/ANNOTATIONS/TARGET_20583.npy
20584,PASTISFresh/DATA_S2/S2_20584.npy,PASTISFresh/ANNOTATIONS/TARGET_20584.npy
20586,PASTISFresh/DATA_S2/S2_20586.npy,PASTISFresh/ANNOTATIONS/TARGET_20586.npy
20588,PASTISFresh/DATA_S2/S2_20588.npy,PASTISFresh/ANNOTATIONS/TARGET_20588.npy
20591,PASTISFresh/DATA_S2/S2_20591.npy,PASTISFresh/ANNOTATIONS/TARGET_20591.npy
20593,PASTISFresh/DATA_S2/S2_20593.npy,PASTISFresh/ANNOTATIONS/TARGET_20593.npy
20595,PASTISFresh/DATA_S2/S2_20595.npy,PASTISFresh/ANNOTATIONS/TARGET_20595.npy
20597,PASTISFresh/DATA_S2/S2_20597.npy,PASTISFresh/ANNOTATIONS/TARGET_20597.npy
20598,PASTISFresh/DATA_S2/S2_20598.npy,PASTISFresh/ANNOTATIONS/TARGET_20598.npy
20601,PASTISFresh/DATA_S2/S2_20601.npy,PASTISFresh/ANNOTATIONS/TARGET_20601.npy
20602,PASTISFresh/DATA_S2/S2_20602.npy,PASTISFresh/ANNOTATIONS/TARGET_20602.npy
20603,PASTISFresh/DATA_S2/S2_20603.npy,PASTISFresh/ANNOTATIONS/TARGET_20603.npy
20606,PASTISFresh/DATA_S2/S2_20606.npy,PASTISFresh/ANNOTATIONS/TARGET_20606.npy
20607,PASTISFresh/DATA_S2/S2_20607.npy,PASTISFresh/ANNOTATIONS/TARGET_20607.npy
20610,PASTISFresh/DATA_S2/S2_20610.npy,PASTISFresh/ANNOTATIONS/TARGET_20610.npy
20611,PASTISFresh/DATA_S2/S2_20611.npy,PASTISFresh/ANNOTATIONS/TARGET_20611.npy
20613,PASTISFresh/DATA_S2/S2_20613.npy,PASTISFresh/ANNOTATIONS/TARGET_20613.npy
20614,PASTISFresh/DATA_S2/S2_20614.npy,PASTISFresh/ANNOTATIONS/TARGET_20614.npy
20619,PASTISFresh/DATA_S2/S2_20619.npy,PASTISFresh/ANNOTATIONS/TARGET_20619.npy
20620,PASTISFresh/DATA_S2/S2_20620.npy,PASTISFresh/ANNOTATIONS/TARGET_20620.npy
20621,PASTISFresh/DATA_S2/S2_20621.npy,PASTISFresh/ANNOTATIONS/TARGET_20621.npy
20622,PASTISFresh/DATA_S2/S2_20622.npy,PASTISFresh/ANNOTATIONS/TARGET_20622.npy
20623,PASTISFresh/DATA_S2/S2_20623.npy,PASTISFresh/ANNOTATIONS/TARGET_20623.npy
20624,PASTISFresh/DATA_S2/S2_20624.npy,PASTISFresh/ANNOTATIONS/TARGET_20624.npy
20627,PASTISFresh/DATA_S2/S2_20627.npy,PASTISFresh/ANNOTATIONS/TARGET_20627.npy
20628,PASTISFresh/DATA_S2/S2_20628.npy,PASTISFresh/ANNOTATIONS/TARGET_20628.npy
20629,PASTISFresh/DATA_S2/S2_20629.npy,PASTISFresh/ANNOTATIONS/TARGET_20629.npy
20630,PASTISFresh/DATA_S2/S2_20630.npy,PASTISFresh/ANNOTATIONS/TARGET_20630.npy
20631,PASTISFresh/DATA_S2/S2_20631.npy,PASTISFresh/ANNOTATIONS/TARGET_20631.npy
20632,PASTISFresh/DATA_S2/S2_20632.npy,PASTISFresh/ANNOTATIONS/TARGET_20632.npy
20633,PASTISFresh/DATA_S2/S2_20633.npy,PASTISFresh/ANNOTATIONS/TARGET_20633.npy
20634,PASTISFresh/DATA_S2/S2_20634.npy,PASTISFresh/ANNOTATIONS/TARGET_20634.npy
20636,PASTISFresh/DATA_S2/S2_20636.npy,PASTISFresh/ANNOTATIONS/TARGET_20636.npy
20637,PASTISFresh/DATA_S2/S2_20637.npy,PASTISFresh/ANNOTATIONS/TARGET_20637.npy
20638,PASTISFresh/DATA_S2/S2_20638.npy,PASTISFresh/ANNOTATIONS/TARGET_20638.npy
20644,PASTISFresh/DATA_S2/S2_20644.npy,PASTISFresh/ANNOTATIONS/TARGET_20644.npy
20646,PASTISFresh/DATA_S2/S2_20646.npy,PASTISFresh/ANNOTATIONS/TARGET_20646.npy
20647,PASTISFresh/DATA_S2/S2_20647.npy,PASTISFresh/ANNOTATIONS/TARGET_20647.npy
20649,PASTISFresh/DATA_S2/S2_20649.npy,PASTISFresh/ANNOTATIONS/TARGET_20649.npy
20650,PASTISFresh/DATA_S2/S2_20650.npy,PASTISFresh/ANNOTATIONS/TARGET_20650.npy
20651,PASTISFresh/DATA_S2/S2_20651.npy,PASTISFresh/ANNOTATIONS/TARGET_20651.npy
20652,PASTISFresh/DATA_S2/S2_20652.npy,PASTISFresh/ANNOTATIONS/TARGET_20652.npy
20653,PASTISFresh/DATA_S2/S2_20653.npy,PASTISFresh/ANNOTATIONS/TARGET_20653.npy
20654,PASTISFresh/DATA_S2/S2_20654.npy,PASTISFresh/ANNOTATIONS/TARGET_20654.npy
20656,PASTISFresh/DATA_S2/S2_20656.npy,PASTISFresh/ANNOTATIONS/TARGET_20656.npy
30001,PASTISFresh/DATA_S2/S2_30001.npy,PASTISFresh/ANNOTATIONS/TARGET_30001.npy
30002,PASTISFresh/DATA_S2/S2_30002.npy,PASTISFresh/ANNOTATIONS/TARGET_30002.npy
30004,PASTISFresh/DATA_S2/S2_30004.npy,PASTISFresh/ANNOTATIONS/TARGET_30004.npy
30012,PASTISFresh/DATA_S2/S2_30012.npy,PASTISFresh/ANNOTATIONS/TARGET_30012.npy
30013,PASTISFresh/DATA_S2/S2_30013.npy,PASTISFresh/ANNOTATIONS/TARGET_30013.npy
30015,PASTISFresh/DATA_S2/S2_30015.npy,PASTISFresh/ANNOTATIONS/TARGET_30015.npy
30017,PASTISFresh/DATA_S2/S2_30017.npy,PASTISFresh/ANNOTATIONS/TARGET_30017.npy
30018,PASTISFresh/DATA_S2/S2_30018.npy,PASTISFresh/ANNOTATIONS/TARGET_30018.npy
30019,PASTISFresh/DATA_S2/S2_30019.npy,PASTISFresh/ANNOTATIONS/TARGET_30019.npy
30020,PASTISFresh/DATA_S2/S2_30020.npy,PASTISFresh/ANNOTATIONS/TARGET_30020.npy
30021,PASTISFresh/DATA_S2/S2_30021.npy,PASTISFresh/ANNOTATIONS/TARGET_30021.npy
30022,PASTISFresh/DATA_S2/S2_30022.npy,PASTISFresh/ANNOTATIONS/TARGET_30022.npy
30024,PASTISFresh/DATA_S2/S2_30024.npy,PASTISFresh/ANNOTATIONS/TARGET_30024.npy
30025,PASTISFresh/DATA_S2/S2_30025.npy,PASTISFresh/ANNOTATIONS/TARGET_30025.npy
30027,PASTISFresh/DATA_S2/S2_30027.npy,PASTISFresh/ANNOTATIONS/TARGET_30027.npy
30028,PASTISFresh/DATA_S2/S2_30028.npy,PASTISFresh/ANNOTATIONS/TARGET_30028.npy
30029,PASTISFresh/DATA_S2/S2_30029.npy,PASTISFresh/ANNOTATIONS/TARGET_30029.npy
30033,PASTISFresh/DATA_S2/S2_30033.npy,PASTISFresh/ANNOTATIONS/TARGET_30033.npy
30036,PASTISFresh/DATA_S2/S2_30036.npy,PASTISFresh/ANNOTATIONS/TARGET_30036.npy
30039,PASTISFresh/DATA_S2/S2_30039.npy,PASTISFresh/ANNOTATIONS/TARGET_30039.npy
30044,PASTISFresh/DATA_S2/S2_30044.npy,PASTISFresh/ANNOTATIONS/TARGET_30044.npy
30046,PASTISFresh/DATA_S2/S2_30046.npy,PASTISFresh/ANNOTATIONS/TARGET_30046.npy
30047,PASTISFresh/DATA_S2/S2_30047.npy,PASTISFresh/ANNOTATIONS/TARGET_30047.npy
30048,PASTISFresh/DATA_S2/S2_30048.npy,PASTISFresh/ANNOTATIONS/TARGET_30048.npy
30052,PASTISFresh/DATA_S2/S2_30052.npy,PASTISFresh/ANNOTATIONS/TARGET_30052.npy
30055,PASTISFresh/DATA_S2/S2_30055.npy,PASTISFresh/ANNOTATIONS/TARGET_30055.npy
30056,PASTISFresh/DATA_S2/S2_30056.npy,PASTISFresh/ANNOTATIONS/TARGET_30056.npy
30060,PASTISFresh/DATA_S2/S2_30060.npy,PASTISFresh/ANNOTATIONS/TARGET_30060.npy
30062,PASTISFresh/DATA_S2/S2_30062.npy,PASTISFresh/ANNOTATIONS/TARGET_30062.npy
30065,PASTISFresh/DATA_S2/S2_30065.npy,PASTISFresh/ANNOTATIONS/TARGET_30065.npy
30066,PASTISFresh/DATA_S2/S2_30066.npy,PASTISFresh/ANNOTATIONS/TARGET_30066.npy
30067,PASTISFresh/DATA_S2/S2_30067.npy,PASTISFresh/ANNOTATIONS/TARGET_30067.npy
30069,PASTISFresh/DATA_S2/S2_30069.npy,PASTISFresh/ANNOTATIONS/TARGET_30069.npy
30071,PASTISFresh/DATA_S2/S2_30071.npy,PASTISFresh/ANNOTATIONS/TARGET_30071.npy
30073,PASTISFresh/DATA_S2/S2_30073.npy,PASTISFresh/ANNOTATIONS/TARGET_30073.npy
30075,PASTISFresh/DATA_S2/S2_30075.npy,PASTISFresh/ANNOTATIONS/TARGET_30075.npy
30078,PASTISFresh/DATA_S2/S2_30078.npy,PASTISFresh/ANNOTATIONS/TARGET_30078.npy
30080,PASTISFresh/DATA_S2/S2_30080.npy,PASTISFresh/ANNOTATIONS/TARGET_30080.npy
30081,PASTISFresh/DATA_S2/S2_30081.npy,PASTISFresh/ANNOTATIONS/TARGET_30081.npy
30082,PASTISFresh/DATA_S2/S2_30082.npy,PASTISFresh/ANNOTATIONS/TARGET_30082.npy
30085,PASTISFresh/DATA_S2/S2_30085.npy,PASTISFresh/ANNOTATIONS/TARGET_30085.npy
30088,PASTISFresh/DATA_S2/S2_30088.npy,PASTISFresh/ANNOTATIONS/TARGET_30088.npy
30089,PASTISFresh/DATA_S2/S2_30089.npy,PASTISFresh/ANNOTATIONS/TARGET_30089.npy
30092,PASTISFresh/DATA_S2/S2_30092.npy,PASTISFresh/ANNOTATIONS/TARGET_30092.npy
30093,PASTISFresh/DATA_S2/S2_30093.npy,PASTISFresh/ANNOTATIONS/TARGET_30093.npy
30094,PASTISFresh/DATA_S2/S2_30094.npy,PASTISFresh/ANNOTATIONS/TARGET_30094.npy
30095,PASTISFresh/DATA_S2/S2_30095.npy,PASTISFresh/ANNOTATIONS/TARGET_30095.npy
30099,PASTISFresh/DATA_S2/S2_30099.npy,PASTISFresh/ANNOTATIONS/TARGET_30099.npy
30101,PASTISFresh/DATA_S2/S2_30101.npy,PASTISFresh/ANNOTATIONS/TARGET_30101.npy
30102,PASTISFresh/DATA_S2/S2_30102.npy,PASTISFresh/ANNOTATIONS/TARGET_30102.npy
30103,PASTISFresh/DATA_S2/S2_30103.npy,PASTISFresh/ANNOTATIONS/TARGET_30103.npy
30104,PASTISFresh/DATA_S2/S2_30104.npy,PASTISFresh/ANNOTATIONS/TARGET_30104.npy
30108,PASTISFresh/DATA_S2/S2_30108.npy,PASTISFresh/ANNOTATIONS/TARGET_30108.npy
30109,PASTISFresh/DATA_S2/S2_30109.npy,PASTISFresh/ANNOTATIONS/TARGET_30109.npy
30110,PASTISFresh/DATA_S2/S2_30110.npy,PASTISFresh/ANNOTATIONS/TARGET_30110.npy
30111,PASTISFresh/DATA_S2/S2_30111.npy,PASTISFresh/ANNOTATIONS/TARGET_30111.npy
30112,PASTISFresh/DATA_S2/S2_30112.npy,PASTISFresh/ANNOTATIONS/TARGET_30112.npy
30113,PASTISFresh/DATA_S2/S2_30113.npy,PASTISFresh/ANNOTATIONS/TARGET_30113.npy
30115,PASTISFresh/DATA_S2/S2_30115.npy,PASTISFresh/ANNOTATIONS/TARGET_30115.npy
30117,PASTISFresh/DATA_S2/S2_30117.npy,PASTISFresh/ANNOTATIONS/TARGET_30117.npy
30118,PASTISFresh/DATA_S2/S2_30118.npy,PASTISFresh/ANNOTATIONS/TARGET_30118.npy
30120,PASTISFresh/DATA_S2/S2_30120.npy,PASTISFresh/ANNOTATIONS/TARGET_30120.npy
30121,PASTISFresh/DATA_S2/S2_30121.npy,PASTISFresh/ANNOTATIONS/TARGET_30121.npy
30122,PASTISFresh/DATA_S2/S2_30122.npy,PASTISFresh/ANNOTATIONS/TARGET_30122.npy
30123,PASTISFresh/DATA_S2/S2_30123.npy,PASTISFresh/ANNOTATIONS/TARGET_30123.npy
30125,PASTISFresh/DATA_S2/S2_30125.npy,PASTISFresh/ANNOTATIONS/TARGET_30125.npy
30126,PASTISFresh/DATA_S2/S2_30126.npy,PASTISFresh/ANNOTATIONS/TARGET_30126.npy
30127,PASTISFresh/DATA_S2/S2_30127.npy,PASTISFresh/ANNOTATIONS/TARGET_30127.npy
30132,PASTISFresh/DATA_S2/S2_30132.npy,PASTISFresh/ANNOTATIONS/TARGET_30132.npy
30133,PASTISFresh/DATA_S2/S2_30133.npy,PASTISFresh/ANNOTATIONS/TARGET_30133.npy
30134,PASTISFresh/DATA_S2/S2_30134.npy,PASTISFresh/ANNOTATIONS/TARGET_30134.npy
30135,PASTISFresh/DATA_S2/S2_30135.npy,PASTISFresh/ANNOTATIONS/TARGET_30135.npy
30138,PASTISFresh/DATA_S2/S2_30138.npy,PASTISFresh/ANNOTATIONS/TARGET_30138.npy
30139,PASTISFresh/DATA_S2/S2_30139.npy,PASTISFresh/ANNOTATIONS/TARGET_30139.npy
30140,PASTISFresh/DATA_S2/S2_30140.npy,PASTISFresh/ANNOTATIONS/TARGET_30140.npy
30141,PASTISFresh/DATA_S2/S2_30141.npy,PASTISFresh/ANNOTATIONS/TARGET_30141.npy
30144,PASTISFresh/DATA_S2/S2_30144.npy,PASTISFresh/ANNOTATIONS/TARGET_30144.npy
30146,PASTISFresh/DATA_S2/S2_30146.npy,PASTISFresh/ANNOTATIONS/TARGET_30146.npy
30148,PASTISFresh/DATA_S2/S2_30148.npy,PASTISFresh/ANNOTATIONS/TARGET_30148.npy
30152,PASTISFresh/DATA_S2/S2_30152.npy,PASTISFresh/ANNOTATIONS/TARGET_30152.npy
30153,PASTISFresh/DATA_S2/S2_30153.npy,PASTISFresh/ANNOTATIONS/TARGET_30153.npy
30154,PASTISFresh/DATA_S2/S2_30154.npy,PASTISFresh/ANNOTATIONS/TARGET_30154.npy
30155,PASTISFresh/DATA_S2/S2_30155.npy,PASTISFresh/ANNOTATIONS/TARGET_30155.npy
30156,PASTISFresh/DATA_S2/S2_30156.npy,PASTISFresh/ANNOTATIONS/TARGET_30156.npy
30160,PASTISFresh/DATA_S2/S2_30160.npy,PASTISFresh/ANNOTATIONS/TARGET_30160.npy
30161,PASTISFresh/DATA_S2/S2_30161.npy,PASTISFresh/ANNOTATIONS/TARGET_30161.npy
30162,PASTISFresh/DATA_S2/S2_30162.npy,PASTISFresh/ANNOTATIONS/TARGET_30162.npy
30164,PASTISFresh/DATA_S2/S2_30164.npy,PASTISFresh/ANNOTATIONS/TARGET_30164.npy
30165,PASTISFresh/DATA_S2/S2_30165.npy,PASTISFresh/ANNOTATIONS/TARGET_30165.npy
30166,PASTISFresh/DATA_S2/S2_30166.npy,PASTISFresh/ANNOTATIONS/TARGET_30166.npy
30167,PASTISFresh/DATA_S2/S2_30167.npy,PASTISFresh/ANNOTATIONS/TARGET_30167.npy
30169,PASTISFresh/DATA_S2/S2_30169.npy,PASTISFresh/ANNOTATIONS/TARGET_30169.npy
30170,PASTISFresh/DATA_S2/S2_30170.npy,PASTISFresh/ANNOTATIONS/TARGET_30170.npy
30174,PASTISFresh/DATA_S2/S2_30174.npy,PASTISFresh/ANNOTATIONS/TARGET_30174.npy
30175,PASTISFresh/DATA_S2/S2_30175.npy,PASTISFresh/ANNOTATIONS/TARGET_30175.npy
30177,PASTISFresh/DATA_S2/S2_30177.npy,PASTISFresh/ANNOTATIONS/TARGET_30177.npy
30179,PASTISFresh/DATA_S2/S2_30179.npy,PASTISFresh/ANNOTATIONS/TARGET_30179.npy
30180,PASTISFresh/DATA_S2/S2_30180.npy,PASTISFresh/ANNOTATIONS/TARGET_30180.npy
30181,PASTISFresh/DATA_S2/S2_30181.npy,PASTISFresh/ANNOTATIONS/TARGET_30181.npy
30182,PASTISFresh/DATA_S2/S2_30182.npy,PASTISFresh/ANNOTATIONS/TARGET_30182.npy
30183,PASTISFresh/DATA_S2/S2_30183.npy,PASTISFresh/ANNOTATIONS/TARGET_30183.npy
30185,PASTISFresh/DATA_S2/S2_30185.npy,PASTISFresh/ANNOTATIONS/TARGET_30185.npy
30187,PASTISFresh/DATA_S2/S2_30187.npy,PASTISFresh/ANNOTATIONS/TARGET_30187.npy
30188,PASTISFresh/DATA_S2/S2_30188.npy,PASTISFresh/ANNOTATIONS/TARGET_30188.npy
30190,PASTISFresh/DATA_S2/S2_30190.npy,PASTISFresh/ANNOTATIONS/TARGET_30190.npy
30191,PASTISFresh/DATA_S2/S2_30191.npy,PASTISFresh/ANNOTATIONS/TARGET_30191.npy
30193,PASTISFresh/DATA_S2/S2_30193.npy,PASTISFresh/ANNOTATIONS/TARGET_30193.npy
30196,PASTISFresh/DATA_S2/S2_30196.npy,PASTISFresh/ANNOTATIONS/TARGET_30196.npy
30197,PASTISFresh/DATA_S2/S2_30197.npy,PASTISFresh/ANNOTATIONS/TARGET_30197.npy
30199,PASTISFresh/DATA_S2/S2_30199.npy,PASTISFresh/ANNOTATIONS/TARGET_30199.npy
30200,PASTISFresh/DATA_S2/S2_30200.npy,PASTISFresh/ANNOTATIONS/TARGET_30200.npy
30201,PASTISFresh/DATA_S2/S2_30201.npy,PASTISFresh/ANNOTATIONS/TARGET_30201.npy
30202,PASTISFresh/DATA_S2/S2_30202.npy,PASTISFresh/ANNOTATIONS/TARGET_30202.npy
30203,PASTISFresh/DATA_S2/S2_30203.npy,PASTISFresh/ANNOTATIONS/TARGET_30203.npy
30205,PASTISFresh/DATA_S2/S2_30205.npy,PASTISFresh/ANNOTATIONS/TARGET_30205.npy
30206,PASTISFresh/DATA_S2/S2_30206.npy,PASTISFresh/ANNOTATIONS/TARGET_30206.npy
30207,PASTISFresh/DATA_S2/S2_30207.npy,PASTISFresh/ANNOTATIONS/TARGET_30207.npy
30208,PASTISFresh/DATA_S2/S2_30208.npy,PASTISFresh/ANNOTATIONS/TARGET_30208.npy
30209,PASTISFresh/DATA_S2/S2_30209.npy,PASTISFresh/ANNOTATIONS/TARGET_30209.npy
30210,PASTISFresh/DATA_S2/S2_30210.npy,PASTISFresh/ANNOTATIONS/TARGET_30210.npy
30211,PASTISFresh/DATA_S2/S2_30211.npy,PASTISFresh/ANNOTATIONS/TARGET_30211.npy
30212,PASTISFresh/DATA_S2/S2_30212.npy,PASTISFresh/ANNOTATIONS/TARGET_30212.npy
30213,PASTISFresh/DATA_S2/S2_30213.npy,PASTISFresh/ANNOTATIONS/TARGET_30213.npy
30216,PASTISFresh/DATA_S2/S2_30216.npy,PASTISFresh/ANNOTATIONS/TARGET_30216.npy
30217,PASTISFresh/DATA_S2/S2_30217.npy,PASTISFresh/ANNOTATIONS/TARGET_30217.npy
30218,PASTISFresh/DATA_S2/S2_30218.npy,PASTISFresh/ANNOTATIONS/TARGET_30218.npy
30219,PASTISFresh/DATA_S2/S2_30219.npy,PASTISFresh/ANNOTATIONS/TARGET_30219.npy
30221,PASTISFresh/DATA_S2/S2_30221.npy,PASTISFresh/ANNOTATIONS/TARGET_30221.npy
30222,PASTISFresh/DATA_S2/S2_30222.npy,PASTISFresh/ANNOTATIONS/TARGET_30222.npy
30224,PASTISFresh/DATA_S2/S2_30224.npy,PASTISFresh/ANNOTATIONS/TARGET_30224.npy
30227,PASTISFresh/DATA_S2/S2_30227.npy,PASTISFresh/ANNOTATIONS/TARGET_30227.npy
30230,PASTISFresh/DATA_S2/S2_30230.npy,PASTISFresh/ANNOTATIONS/TARGET_30230.npy
30236,PASTISFresh/DATA_S2/S2_30236.npy,PASTISFresh/ANNOTATIONS/TARGET_30236.npy
30238,PASTISFresh/DATA_S2/S2_30238.npy,PASTISFresh/ANNOTATIONS/TARGET_30238.npy
30240,PASTISFresh/DATA_S2/S2_30240.npy,PASTISFresh/ANNOTATIONS/TARGET_30240.npy
30241,PASTISFresh/DATA_S2/S2_30241.npy,PASTISFresh/ANNOTATIONS/TARGET_30241.npy
30245,PASTISFresh/DATA_S2/S2_30245.npy,PASTISFresh/ANNOTATIONS/TARGET_30245.npy
30246,PASTISFresh/DATA_S2/S2_30246.npy,PASTISFresh/ANNOTATIONS/TARGET_30246.npy
30247,PASTISFresh/DATA_S2/S2_30247.npy,PASTISFresh/ANNOTATIONS/TARGET_30247.npy
30248,PASTISFresh/DATA_S2/S2_30248.npy,PASTISFresh/ANNOTATIONS/TARGET_30248.npy
30251,PASTISFresh/DATA_S2/S2_30251.npy,PASTISFresh/ANNOTATIONS/TARGET_30251.npy
30252,PASTISFresh/DATA_S2/S2_30252.npy,PASTISFresh/ANNOTATIONS/TARGET_30252.npy
30253,PASTISFresh/DATA_S2/S2_30253.npy,PASTISFresh/ANNOTATIONS/TARGET_30253.npy
30255,PASTISFresh/DATA_S2/S2_30255.npy,PASTISFresh/ANNOTATIONS/TARGET_30255.npy
30257,PASTISFresh/DATA_S2/S2_30257.npy,PASTISFresh/ANNOTATIONS/TARGET_30257.npy
30259,PASTISFresh/DATA_S2/S2_30259.npy,PASTISFresh/ANNOTATIONS/TARGET_30259.npy
30260,PASTISFresh/DATA_S2/S2_30260.npy,PASTISFresh/ANNOTATIONS/TARGET_30260.npy
30263,PASTISFresh/DATA_S2/S2_30263.npy,PASTISFresh/ANNOTATIONS/TARGET_30263.npy
30264,PASTISFresh/DATA_S2/S2_30264.npy,PASTISFresh/ANNOTATIONS/TARGET_30264.npy
30265,PASTISFresh/DATA_S2/S2_30265.npy,PASTISFresh/ANNOTATIONS/TARGET_30265.npy
30268,PASTISFresh/DATA_S2/S2_30268.npy,PASTISFresh/ANNOTATIONS/TARGET_30268.npy
30269,PASTISFresh/DATA_S2/S2_30269.npy,PASTISFresh/ANNOTATIONS/TARGET_30269.npy
30270,PASTISFresh/DATA_S2/S2_30270.npy,PASTISFresh/ANNOTATIONS/TARGET_30270.npy
30271,PASTISFresh/DATA_S2/S2_30271.npy,PASTISFresh/ANNOTATIONS/TARGET_30271.npy
30272,PASTISFresh/DATA_S2/S2_30272.npy,PASTISFresh/ANNOTATIONS/TARGET_30272.npy
30273,PASTISFresh/DATA_S2/S2_30273.npy,PASTISFresh/ANNOTATIONS/TARGET_30273.npy
30274,PASTISFresh/DATA_S2/S2_30274.npy,PASTISFresh/ANNOTATIONS/TARGET_30274.npy
30276,PASTISFresh/DATA_S2/S2_30276.npy,PASTISFresh/ANNOTATIONS/TARGET_30276.npy
30278,PASTISFresh/DATA_S2/S2_30278.npy,PASTISFresh/ANNOTATIONS/TARGET_30278.npy
30279,PASTISFresh/DATA_S2/S2_30279.npy,PASTISFresh/ANNOTATIONS/TARGET_30279.npy
30281,PASTISFresh/DATA_S2/S2_30281.npy,PASTISFresh/ANNOTATIONS/TARGET_30281.npy
30282,PASTISFresh/DATA_S2/S2_30282.npy,PASTISFresh/ANNOTATIONS/TARGET_30282.npy
30284,PASTISFresh/DATA_S2/S2_30284.npy,PASTISFresh/ANNOTATIONS/TARGET_30284.npy
30286,PASTISFresh/DATA_S2/S2_30286.npy,PASTISFresh/ANNOTATIONS/TARGET_30286.npy
30287,PASTISFresh/DATA_S2/S2_30287.npy,PASTISFresh/ANNOTATIONS/TARGET_30287.npy
30288,PASTISFresh/DATA_S2/S2_30288.npy,PASTISFresh/ANNOTATIONS/TARGET_30288.npy
30289,PASTISFresh/DATA_S2/S2_30289.npy,PASTISFresh/ANNOTATIONS/TARGET_30289.npy
30291,PASTISFresh/DATA_S2/S2_30291.npy,PASTISFresh/ANNOTATIONS/TARGET_30291.npy
30292,PASTISFresh/DATA_S2/S2_30292.npy,PASTISFresh/ANNOTATIONS/TARGET_30292.npy
30294,PASTISFresh/DATA_S2/S2_30294.npy,PASTISFresh/ANNOTATIONS/TARGET_30294.npy
30296,PASTISFresh/DATA_S2/S2_30296.npy,PASTISFresh/ANNOTATIONS/TARGET_30296.npy
30297,PASTISFresh/DATA_S2/S2_30297.npy,PASTISFresh/ANNOTATIONS/TARGET_30297.npy
30299,PASTISFresh/DATA_S2/S2_30299.npy,PASTISFresh/ANNOTATIONS/TARGET_30299.npy
30305,PASTISFresh/DATA_S2/S2_30305.npy,PASTISFresh/ANNOTATIONS/TARGET_30305.npy
30306,PASTISFresh/DATA_S2/S2_30306.npy,PASTISFresh/ANNOTATIONS/TARGET_30306.npy
30307,PASTISFresh/DATA_S2/S2_30307.npy,PASTISFresh/ANNOTATIONS/TARGET_30307.npy
30309,PASTISFresh/DATA_S2/S2_30309.npy,PASTISFresh/ANNOTATIONS/TARGET_30309.npy
30310,PASTISFresh/DATA_S2/S2_30310.npy,PASTISFresh/ANNOTATIONS/TARGET_30310.npy
30311,PASTISFresh/DATA_S2/S2_30311.npy,PASTISFresh/ANNOTATIONS/TARGET_30311.npy
30315,PASTISFresh/DATA_S2/S2_30315.npy,PASTISFresh/ANNOTATIONS/TARGET_30315.npy
30316,PASTISFresh/DATA_S2/S2_30316.npy,PASTISFresh/ANNOTATIONS/TARGET_30316.npy
30317,PASTISFresh/DATA_S2/S2_30317.npy,PASTISFresh/ANNOTATIONS/TARGET_30317.npy
30318,PASTISFresh/DATA_S2/S2_30318.npy,PASTISFresh/ANNOTATIONS/TARGET_30318.npy
30320,PASTISFresh/DATA_S2/S2_30320.npy,PASTISFresh/ANNOTATIONS/TARGET_30320.npy
30322,PASTISFresh/DATA_S2/S2_30322.npy,PASTISFresh/ANNOTATIONS/TARGET_30322.npy
30325,PASTISFresh/DATA_S2/S2_30325.npy,PASTISFresh/ANNOTATIONS/TARGET_30325.npy
30326,PASTISFresh/DATA_S2/S2_30326.npy,PASTISFresh/ANNOTATIONS/TARGET_30326.npy
30327,PASTISFresh/DATA_S2/S2_30327.npy,PASTISFresh/ANNOTATIONS/TARGET_30327.npy
30328,PASTISFresh/DATA_S2/S2_30328.npy,PASTISFresh/ANNOTATIONS/TARGET_30328.npy
30329,PASTISFresh/DATA_S2/S2_30329.npy,PASTISFresh/ANNOTATIONS/TARGET_30329.npy
30331,PASTISFresh/DATA_S2/S2_30331.npy,PASTISFresh/ANNOTATIONS/TARGET_30331.npy
30332,PASTISFresh/DATA_S2/S2_30332.npy,PASTISFresh/ANNOTATIONS/TARGET_30332.npy
30335,PASTISFresh/DATA_S2/S2_30335.npy,PASTISFresh/ANNOTATIONS/TARGET_30335.npy
30336,PASTISFresh/DATA_S2/S2_30336.npy,PASTISFresh/ANNOTATIONS/TARGET_30336.npy
30337,PASTISFresh/DATA_S2/S2_30337.npy,PASTISFresh/ANNOTATIONS/TARGET_30337.npy
30338,PASTISFresh/DATA_S2/S2_30338.npy,PASTISFresh/ANNOTATIONS/TARGET_30338.npy
30339,PASTISFresh/DATA_S2/S2_30339.npy,PASTISFresh/ANNOTATIONS/TARGET_30339.npy
30342,PASTISFresh/DATA_S2/S2_30342.npy,PASTISFresh/ANNOTATIONS/TARGET_30342.npy
30343,PASTISFresh/DATA_S2/S2_30343.npy,PASTISFresh/ANNOTATIONS/TARGET_30343.npy
30344,PASTISFresh/DATA_S2/S2_30344.npy,PASTISFresh/ANNOTATIONS/TARGET_30344.npy
30345,PASTISFresh/DATA_S2/S2_30345.npy,PASTISFresh/ANNOTATIONS/TARGET_30345.npy
30347,PASTISFresh/DATA_S2/S2_30347.npy,PASTISFresh/ANNOTATIONS/TARGET_30347.npy
30348,PASTISFresh/DATA_S2/S2_30348.npy,PASTISFresh/ANNOTATIONS/TARGET_30348.npy
30350,PASTISFresh/DATA_S2/S2_30350.npy,PASTISFresh/ANNOTATIONS/TARGET_30350.npy
30351,PASTISFresh/DATA_S2/S2_30351.npy,PASTISFresh/ANNOTATIONS/TARGET_30351.npy
30353,PASTISFresh/DATA_S2/S2_30353.npy,PASTISFresh/ANNOTATIONS/TARGET_30353.npy
30354,PASTISFresh/DATA_S2/S2_30354.npy,PASTISFresh/ANNOTATIONS/TARGET_30354.npy
30355,PASTISFresh/DATA_S2/S2_30355.npy,PASTISFresh/ANNOTATIONS/TARGET_30355.npy
30357,PASTISFresh/DATA_S2/S2_30357.npy,PASTISFresh/ANNOTATIONS/TARGET_30357.npy
30358,PASTISFresh/DATA_S2/S2_30358.npy,PASTISFresh/ANNOTATIONS/TARGET_30358.npy
30359,PASTISFresh/DATA_S2/S2_30359.npy,PASTISFresh/ANNOTATIONS/TARGET_30359.npy
30362,PASTISFresh/DATA_S2/S2_30362.npy,PASTISFresh/ANNOTATIONS/TARGET_30362.npy
30363,PASTISFresh/DATA_S2/S2_30363.npy,PASTISFresh/ANNOTATIONS/TARGET_30363.npy
30364,PASTISFresh/DATA_S2/S2_30364.npy,PASTISFresh/ANNOTATIONS/TARGET_30364.npy
30367,PASTISFresh/DATA_S2/S2_30367.npy,PASTISFresh/ANNOTATIONS/TARGET_30367.npy
30369,PASTISFresh/DATA_S2/S2_30369.npy,PASTISFresh/ANNOTATIONS/TARGET_30369.npy
30370,PASTISFresh/DATA_S2/S2_30370.npy,PASTISFresh/ANNOTATIONS/TARGET_30370.npy
30371,PASTISFresh/DATA_S2/S2_30371.npy,PASTISFresh/ANNOTATIONS/TARGET_30371.npy
30376,PASTISFresh/DATA_S2/S2_30376.npy,PASTISFresh/ANNOTATIONS/TARGET_30376.npy
30377,PASTISFresh/DATA_S2/S2_30377.npy,PASTISFresh/ANNOTATIONS/TARGET_30377.npy
30378,PASTISFresh/DATA_S2/S2_30378.npy,PASTISFresh/ANNOTATIONS/TARGET_30378.npy
30379,PASTISFresh/DATA_S2/S2_30379.npy,PASTISFresh/ANNOTATIONS/TARGET_30379.npy
30380,PASTISFresh/DATA_S2/S2_30380.npy,PASTISFresh/ANNOTATIONS/TARGET_30380.npy
30381,PASTISFresh/DATA_S2/S2_30381.npy,PASTISFresh/ANNOTATIONS/TARGET_30381.npy
30382,PASTISFresh/DATA_S2/S2_30382.npy,PASTISFresh/ANNOTATIONS/TARGET_30382.npy
30386,PASTISFresh/DATA_S2/S2_30386.npy,PASTISFresh/ANNOTATIONS/TARGET_30386.npy
30387,PASTISFresh/DATA_S2/S2_30387.npy,PASTISFresh/ANNOTATIONS/TARGET_30387.npy
30389,PASTISFresh/DATA_S2/S2_30389.npy,PASTISFresh/ANNOTATIONS/TARGET_30389.npy
30390,PASTISFresh/DATA_S2/S2_30390.npy,PASTISFresh/ANNOTATIONS/TARGET_30390.npy
30391,PASTISFresh/DATA_S2/S2_30391.npy,PASTISFresh/ANNOTATIONS/TARGET_30391.npy
30393,PASTISFresh/DATA_S2/S2_30393.npy,PASTISFresh/ANNOTATIONS/TARGET_30393.npy
30394,PASTISFresh/DATA_S2/S2_30394.npy,PASTISFresh/ANNOTATIONS/TARGET_30394.npy
30395,PASTISFresh/DATA_S2/S2_30395.npy,PASTISFresh/ANNOTATIONS/TARGET_30395.npy
30396,PASTISFresh/DATA_S2/S2_30396.npy,PASTISFresh/ANNOTATIONS/TARGET_30396.npy
30397,PASTISFresh/DATA_S2/S2_30397.npy,PASTISFresh/ANNOTATIONS/TARGET_30397.npy
30399,PASTISFresh/DATA_S2/S2_30399.npy,PASTISFresh/ANNOTATIONS/TARGET_30399.npy
30401,PASTISFresh/DATA_S2/S2_30401.npy,PASTISFresh/ANNOTATIONS/TARGET_30401.npy
30402,PASTISFresh/DATA_S2/S2_30402.npy,PASTISFresh/ANNOTATIONS/TARGET_30402.npy
30405,PASTISFresh/DATA_S2/S2_30405.npy,PASTISFresh/ANNOTATIONS/TARGET_30405.npy
30406,PASTISFresh/DATA_S2/S2_30406.npy,PASTISFresh/ANNOTATIONS/TARGET_30406.npy
30407,PASTISFresh/DATA_S2/S2_30407.npy,PASTISFresh/ANNOTATIONS/TARGET_30407.npy
30409,PASTISFresh/DATA_S2/S2_30409.npy,PASTISFresh/ANNOTATIONS/TARGET_30409.npy
30410,PASTISFresh/DATA_S2/S2_30410.npy,PASTISFresh/ANNOTATIONS/TARGET_30410.npy
30411,PASTISFresh/DATA_S2/S2_30411.npy,PASTISFresh/ANNOTATIONS/TARGET_30411.npy
30414,PASTISFresh/DATA_S2/S2_30414.npy,PASTISFresh/ANNOTATIONS/TARGET_30414.npy
30415,PASTISFresh/DATA_S2/S2_30415.npy,PASTISFresh/ANNOTATIONS/TARGET_30415.npy
30416,PASTISFresh/DATA_S2/S2_30416.npy,PASTISFresh/ANNOTATIONS/TARGET_30416.npy
30421,PASTISFresh/DATA_S2/S2_30421.npy,PASTISFresh/ANNOTATIONS/TARGET_30421.npy
30426,PASTISFresh/DATA_S2/S2_30426.npy,PASTISFresh/ANNOTATIONS/TARGET_30426.npy
30427,PASTISFresh/DATA_S2/S2_30427.npy,PASTISFresh/ANNOTATIONS/TARGET_30427.npy
30428,PASTISFresh/DATA_S2/S2_30428.npy,PASTISFresh/ANNOTATIONS/TARGET_30428.npy
30429,PASTISFresh/DATA_S2/S2_30429.npy,PASTISFresh/ANNOTATIONS/TARGET_30429.npy
30430,PASTISFresh/DATA_S2/S2_30430.npy,PASTISFresh/ANNOTATIONS/TARGET_30430.npy
30433,PASTISFresh/DATA_S2/S2_30433.npy,PASTISFresh/ANNOTATIONS/TARGET_30433.npy
30434,PASTISFresh/DATA_S2/S2_30434.npy,PASTISFresh/ANNOTATIONS/TARGET_30434.npy
30435,PASTISFresh/DATA_S2/S2_30435.npy,PASTISFresh/ANNOTATIONS/TARGET_30435.npy
30439,PASTISFresh/DATA_S2/S2_30439.npy,PASTISFresh/ANNOTATIONS/TARGET_30439.npy
30440,PASTISFresh/DATA_S2/S2_30440.npy,PASTISFresh/ANNOTATIONS/TARGET_30440.npy
30442,PASTISFresh/DATA_S2/S2_30442.npy,PASTISFresh/ANNOTATIONS/TARGET_30442.npy
30444,PASTISFresh/DATA_S2/S2_30444.npy,PASTISFresh/ANNOTATIONS/TARGET_30444.npy
30446,PASTISFresh/DATA_S2/S2_30446.npy,PASTISFresh/ANNOTATIONS/TARGET_30446.npy
30447,PASTISFresh/DATA_S2/S2_30447.npy,PASTISFresh/ANNOTATIONS/TARGET_30447.npy
30448,PASTISFresh/DATA_S2/S2_30448.npy,PASTISFresh/ANNOTATIONS/TARGET_30448.npy
30451,PASTISFresh/DATA_S2/S2_30451.npy,PASTISFresh/ANNOTATIONS/TARGET_30451.npy
30454,PASTISFresh/DATA_S2/S2_30454.npy,PASTISFresh/ANNOTATIONS/TARGET_30454.npy
30455,PASTISFresh/DATA_S2/S2_30455.npy,PASTISFresh/ANNOTATIONS/TARGET_30455.npy
30456,PASTISFresh/DATA_S2/S2_30456.npy,PASTISFresh/ANNOTATIONS/TARGET_30456.npy
30457,PASTISFresh/DATA_S2/S2_30457.npy,PASTISFresh/ANNOTATIONS/TARGET_30457.npy
30458,PASTISFresh/DATA_S2/S2_30458.npy,PASTISFresh/ANNOTATIONS/TARGET_30458.npy
30459,PASTISFresh/DATA_S2/S2_30459.npy,PASTISFresh/ANNOTATIONS/TARGET_30459.npy
30460,PASTISFresh/DATA_S2/S2_30460.npy,PASTISFresh/ANNOTATIONS/TARGET_30460.npy
30462,PASTISFresh/DATA_S2/S2_30462.npy,PASTISFresh/ANNOTATIONS/TARGET_30462.npy
30463,PASTISFresh/DATA_S2/S2_30463.npy,PASTISFresh/ANNOTATIONS/TARGET_30463.npy
30465,PASTISFresh/DATA_S2/S2_30465.npy,PASTISFresh/ANNOTATIONS/TARGET_30465.npy
30467,PASTISFresh/DATA_S2/S2_30467.npy,PASTISFresh/ANNOTATIONS/TARGET_30467.npy
30468,PASTISFresh/DATA_S2/S2_30468.npy,PASTISFresh/ANNOTATIONS/TARGET_30468.npy
30469,PASTISFresh/DATA_S2/S2_30469.npy,PASTISFresh/ANNOTATIONS/TARGET_30469.npy
30470,PASTISFresh/DATA_S2/S2_30470.npy,PASTISFresh/ANNOTATIONS/TARGET_30470.npy
30472,PASTISFresh/DATA_S2/S2_30472.npy,PASTISFresh/ANNOTATIONS/TARGET_30472.npy
30473,PASTISFresh/DATA_S2/S2_30473.npy,PASTISFresh/ANNOTATIONS/TARGET_30473.npy
30474,PASTISFresh/DATA_S2/S2_30474.npy,PASTISFresh/ANNOTATIONS/TARGET_30474.npy
30476,PASTISFresh/DATA_S2/S2_30476.npy,PASTISFresh/ANNOTATIONS/TARGET_30476.npy
30477,PASTISFresh/DATA_S2/S2_30477.npy,PASTISFresh/ANNOTATIONS/TARGET_30477.npy
30478,PASTISFresh/DATA_S2/S2_30478.npy,PASTISFresh/ANNOTATIONS/TARGET_30478.npy
30479,PASTISFresh/DATA_S2/S2_30479.npy,PASTISFresh/ANNOTATIONS/TARGET_30479.npy
30480,PASTISFresh/DATA_S2/S2_30480.npy,PASTISFresh/ANNOTATIONS/TARGET_30480.npy
30481,PASTISFresh/DATA_S2/S2_30481.npy,PASTISFresh/ANNOTATIONS/TARGET_30481.npy
30482,PASTISFresh/DATA_S2/S2_30482.npy,PASTISFresh/ANNOTATIONS/TARGET_30482.npy
30485,PASTISFresh/DATA_S2/S2_30485.npy,PASTISFresh/ANNOTATIONS/TARGET_30485.npy
30486,PASTISFresh/DATA_S2/S2_30486.npy,PASTISFresh/ANNOTATIONS/TARGET_30486.npy
30489,PASTISFresh/DATA_S2/S2_30489.npy,PASTISFresh/ANNOTATIONS/TARGET_30489.npy
30491,PASTISFresh/DATA_S2/S2_30491.npy,PASTISFresh/ANNOTATIONS/TARGET_30491.npy
30493,PASTISFresh/DATA_S2/S2_30493.npy,PASTISFresh/ANNOTATIONS/TARGET_30493.npy
30494,PASTISFresh/DATA_S2/S2_30494.npy,PASTISFresh/ANNOTATIONS/TARGET_30494.npy
30498,PASTISFresh/DATA_S2/S2_30498.npy,PASTISFresh/ANNOTATIONS/TARGET_30498.npy
30500,PASTISFresh/DATA_S2/S2_30500.npy,PASTISFresh/ANNOTATIONS/TARGET_30500.npy
30502,PASTISFresh/DATA_S2/S2_30502.npy,PASTISFresh/ANNOTATIONS/TARGET_30502.npy
30505,PASTISFresh/DATA_S2/S2_30505.npy,PASTISFresh/ANNOTATIONS/TARGET_30505.npy
30506,PASTISFresh/DATA_S2/S2_30506.npy,PASTISFresh/ANNOTATIONS/TARGET_30506.npy
30508,PASTISFresh/DATA_S2/S2_30508.npy,PASTISFresh/ANNOTATIONS/TARGET_30508.npy
30509,PASTISFresh/DATA_S2/S2_30509.npy,PASTISFresh/ANNOTATIONS/TARGET_30509.npy
30512,PASTISFresh/DATA_S2/S2_30512.npy,PASTISFresh/ANNOTATIONS/TARGET_30512.npy
30516,PASTISFresh/DATA_S2/S2_30516.npy,PASTISFresh/ANNOTATIONS/TARGET_30516.npy
30518,PASTISFresh/DATA_S2/S2_30518.npy,PASTISFresh/ANNOTATIONS/TARGET_30518.npy
30519,PASTISFresh/DATA_S2/S2_30519.npy,PASTISFresh/ANNOTATIONS/TARGET_30519.npy
30526,PASTISFresh/DATA_S2/S2_30526.npy,PASTISFresh/ANNOTATIONS/TARGET_30526.npy
30527,PASTISFresh/DATA_S2/S2_30527.npy,PASTISFresh/ANNOTATIONS/TARGET_30527.npy
30529,PASTISFresh/DATA_S2/S2_30529.npy,PASTISFresh/ANNOTATIONS/TARGET_30529.npy
30531,PASTISFresh/DATA_S2/S2_30531.npy,PASTISFresh/ANNOTATIONS/TARGET_30531.npy
30533,PASTISFresh/DATA_S2/S2_30533.npy,PASTISFresh/ANNOTATIONS/TARGET_30533.npy
30536,PASTISFresh/DATA_S2/S2_30536.npy,PASTISFresh/ANNOTATIONS/TARGET_30536.npy
30537,PASTISFresh/DATA_S2/S2_30537.npy,PASTISFresh/ANNOTATIONS/TARGET_30537.npy
30539,PASTISFresh/DATA_S2/S2_30539.npy,PASTISFresh/ANNOTATIONS/TARGET_30539.npy
30541,PASTISFresh/DATA_S2/S2_30541.npy,PASTISFresh/ANNOTATIONS/TARGET_30541.npy
30542,PASTISFresh/DATA_S2/S2_30542.npy,PASTISFresh/ANNOTATIONS/TARGET_30542.npy
30544,PASTISFresh/DATA_S2/S2_30544.npy,PASTISFresh/ANNOTATIONS/TARGET_30544.npy
30548,PASTISFresh/DATA_S2/S2_30548.npy,PASTISFresh/ANNOTATIONS/TARGET_30548.npy
30549,PASTISFresh/DATA_S2/S2_30549.npy,PASTISFresh/ANNOTATIONS/TARGET_30549.npy
30550,PASTISFresh/DATA_S2/S2_30550.npy,PASTISFresh/ANNOTATIONS/TARGET_30550.npy
30551,PASTISFresh/DATA_S2/S2_30551.npy,PASTISFresh/ANNOTATIONS/TARGET_30551.npy
30552,PASTISFresh/DATA_S2/S2_30552.npy,PASTISFresh/ANNOTATIONS/TARGET_30552.npy
30556,PASTISFresh/DATA_S2/S2_30556.npy,PASTISFresh/ANNOTATIONS/TARGET_30556.npy
30557,PASTISFresh/DATA_S2/S2_30557.npy,PASTISFresh/ANNOTATIONS/TARGET_30557.npy
30562,PASTISFresh/DATA_S2/S2_30562.npy,PASTISFresh/ANNOTATIONS/TARGET_30562.npy
30565,PASTISFresh/DATA_S2/S2_30565.npy,PASTISFresh/ANNOTATIONS/TARGET_30565.npy
30566,PASTISFresh/DATA_S2/S2_30566.npy,PASTISFresh/ANNOTATIONS/TARGET_30566.npy
30567,PASTISFresh/DATA_S2/S2_30567.npy,PASTISFresh/ANNOTATIONS/TARGET_30567.npy
30568,PASTISFresh/DATA_S2/S2_30568.npy,PASTISFresh/ANNOTATIONS/TARGET_30568.npy
30569,PASTISFresh/DATA_S2/S2_30569.npy,PASTISFresh/ANNOTATIONS/TARGET_30569.npy
30570,PASTISFresh/DATA_S2/S2_30570.npy,PASTISFresh/ANNOTATIONS/TARGET_30570.npy
30571,PASTISFresh/DATA_S2/S2_30571.npy,PASTISFresh/ANNOTATIONS/TARGET_30571.npy
30572,PASTISFresh/DATA_S2/S2_30572.npy,PASTISFresh/ANNOTATIONS/TARGET_30572.npy
30575,PASTISFresh/DATA_S2/S2_30575.npy,PASTISFresh/ANNOTATIONS/TARGET_30575.npy
30576,PASTISFresh/DATA_S2/S2_30576.npy,PASTISFresh/ANNOTATIONS/TARGET_30576.npy
30578,PASTISFresh/DATA_S2/S2_30578.npy,PASTISFresh/ANNOTATIONS/TARGET_30578.npy
30579,PASTISFresh/DATA_S2/S2_30579.npy,PASTISFresh/ANNOTATIONS/TARGET_30579.npy
30580,PASTISFresh/DATA_S2/S2_30580.npy,PASTISFresh/ANNOTATIONS/TARGET_30580.npy
30581,PASTISFresh/DATA_S2/S2_30581.npy,PASTISFresh/ANNOTATIONS/TARGET_30581.npy
30582,PASTISFresh/DATA_S2/S2_30582.npy,PASTISFresh/ANNOTATIONS/TARGET_30582.npy
30584,PASTISFresh/DATA_S2/S2_30584.npy,PASTISFresh/ANNOTATIONS/TARGET_30584.npy
30587,PASTISFresh/DATA_S2/S2_30587.npy,PASTISFresh/ANNOTATIONS/TARGET_30587.npy
30588,PASTISFresh/DATA_S2/S2_30588.npy,PASTISFresh/ANNOTATIONS/TARGET_30588.npy
30589,PASTISFresh/DATA_S2/S2_30589.npy,PASTISFresh/ANNOTATIONS/TARGET_30589.npy
30590,PASTISFresh/DATA_S2/S2_30590.npy,PASTISFresh/ANNOTATIONS/TARGET_30590.npy
30591,PASTISFresh/DATA_S2/S2_30591.npy,PASTISFresh/ANNOTATIONS/TARGET_30591.npy
30592,PASTISFresh/DATA_S2/S2_30592.npy,PASTISFresh/ANNOTATIONS/TARGET_30592.npy
30594,PASTISFresh/DATA_S2/S2_30594.npy,PASTISFresh/ANNOTATIONS/TARGET_30594.npy
30595,PASTISFresh/DATA_S2/S2_30595.npy,PASTISFresh/ANNOTATIONS/TARGET_30595.npy
30596,PASTISFresh/DATA_S2/S2_30596.npy,PASTISFresh/ANNOTATIONS/TARGET_30596.npy
30597,PASTISFresh/DATA_S2/S2_30597.npy,PASTISFresh/ANNOTATIONS/TARGET_30597.npy
30598,PASTISFresh/DATA_S2/S2_30598.npy,PASTISFresh/ANNOTATIONS/TARGET_30598.npy
30599,PASTISFresh/DATA_S2/S2_30599.npy,PASTISFresh/ANNOTATIONS/TARGET_30599.npy
30602,PASTISFresh/DATA_S2/S2_30602.npy,PASTISFresh/ANNOTATIONS/TARGET_30602.npy
30604,PASTISFresh/DATA_S2/S2_30604.npy,PASTISFresh/ANNOTATIONS/TARGET_30604.npy
30605,PASTISFresh/DATA_S2/S2_30605.npy,PASTISFresh/ANNOTATIONS/TARGET_30605.npy
30607,PASTISFresh/DATA_S2/S2_30607.npy,PASTISFresh/ANNOTATIONS/TARGET_30607.npy
30608,PASTISFresh/DATA_S2/S2_30608.npy,PASTISFresh/ANNOTATIONS/TARGET_30608.npy
30613,PASTISFresh/DATA_S2/S2_30613.npy,PASTISFresh/ANNOTATIONS/TARGET_30613.npy
30614,PASTISFresh/DATA_S2/S2_30614.npy,PASTISFresh/ANNOTATIONS/TARGET_30614.npy
30615,PASTISFresh/DATA_S2/S2_30615.npy,PASTISFresh/ANNOTATIONS/TARGET_30615.npy
30616,PASTISFresh/DATA_S2/S2_30616.npy,PASTISFresh/ANNOTATIONS/TARGET_30616.npy
30620,PASTISFresh/DATA_S2/S2_30620.npy,PASTISFresh/ANNOTATIONS/TARGET_30620.npy
30621,PASTISFresh/DATA_S2/S2_30621.npy,PASTISFresh/ANNOTATIONS/TARGET_30621.npy
30622,PASTISFresh/DATA_S2/S2_30622.npy,PASTISFresh/ANNOTATIONS/TARGET_30622.npy
30624,PASTISFresh/DATA_S2/S2_30624.npy,PASTISFresh/ANNOTATIONS/TARGET_30624.npy
30626,PASTISFresh/DATA_S2/S2_30626.npy,PASTISFresh/ANNOTATIONS/TARGET_30626.npy
30630,PASTISFresh/DATA_S2/S2_30630.npy,PASTISFresh/ANNOTATIONS/TARGET_30630.npy
30632,PASTISFresh/DATA_S2/S2_30632.npy,PASTISFresh/ANNOTATIONS/TARGET_30632.npy
30633,PASTISFresh/DATA_S2/S2_30633.npy,PASTISFresh/ANNOTATIONS/TARGET_30633.npy
30634,PASTISFresh/DATA_S2/S2_30634.npy,PASTISFresh/ANNOTATIONS/TARGET_30634.npy
30635,PASTISFresh/DATA_S2/S2_30635.npy,PASTISFresh/ANNOTATIONS/TARGET_30635.npy
30636,PASTISFresh/DATA_S2/S2_30636.npy,PASTISFresh/ANNOTATIONS/TARGET_30636.npy
30637,PASTISFresh/DATA_S2/S2_30637.npy,PASTISFresh/ANNOTATIONS/TARGET_30637.npy
30639,PASTISFresh/DATA_S2/S2_30639.npy,PASTISFresh/ANNOTATIONS/TARGET_30639.npy
30640,PASTISFresh/DATA_S2/S2_30640.npy,PASTISFresh/ANNOTATIONS/TARGET_30640.npy
30642,PASTISFresh/DATA_S2/S2_30642.npy,PASTISFresh/ANNOTATIONS/TARGET_30642.npy
30644,PASTISFresh/DATA_S2/S2_30644.npy,PASTISFresh/ANNOTATIONS/TARGET_30644.npy
30645,PASTISFresh/DATA_S2/S2_30645.npy,PASTISFresh/ANNOTATIONS/TARGET_30645.npy
30646,PASTISFresh/DATA_S2/S2_30646.npy,PASTISFresh/ANNOTATIONS/TARGET_30646.npy
30647,PASTISFresh/DATA_S2/S2_30647.npy,PASTISFresh/ANNOTATIONS/TARGET_30647.npy
30652,PASTISFresh/DATA_S2/S2_30652.npy,PASTISFresh/ANNOTATIONS/TARGET_30652.npy
30658,PASTISFresh/DATA_S2/S2_30658.npy,PASTISFresh/ANNOTATIONS/TARGET_30658.npy
30659,PASTISFresh/DATA_S2/S2_30659.npy,PASTISFresh/ANNOTATIONS/TARGET_30659.npy
30660,PASTISFresh/DATA_S2/S2_30660.npy,PASTISFresh/ANNOTATIONS/TARGET_30660.npy
30661,PASTISFresh/DATA_S2/S2_30661.npy,PASTISFresh/ANNOTATIONS/TARGET_30661.npy
30663,PASTISFresh/DATA_S2/S2_30663.npy,PASTISFresh/ANNOTATIONS/TARGET_30663.npy
30664,PASTISFresh/DATA_S2/S2_30664.npy,PASTISFresh/ANNOTATIONS/TARGET_30664.npy
30665,PASTISFresh/DATA_S2/S2_30665.npy,PASTISFresh/ANNOTATIONS/TARGET_30665.npy
30670,PASTISFresh/DATA_S2/S2_30670.npy,PASTISFresh/ANNOTATIONS/TARGET_30670.npy
30671,PASTISFresh/DATA_S2/S2_30671.npy,PASTISFresh/ANNOTATIONS/TARGET_30671.npy
30672,PASTISFresh/DATA_S2/S2_30672.npy,PASTISFresh/ANNOTATIONS/TARGET_30672.npy
30674,PASTISFresh/DATA_S2/S2_30674.npy,PASTISFresh/ANNOTATIONS/TARGET_30674.npy
30675,PASTISFresh/DATA_S2/S2_30675.npy,PASTISFresh/ANNOTATIONS/TARGET_30675.npy
30678,PASTISFresh/DATA_S2/S2_30678.npy,PASTISFresh/ANNOTATIONS/TARGET_30678.npy
30680,PASTISFresh/DATA_S2/S2_30680.npy,PASTISFresh/ANNOTATIONS/TARGET_30680.npy
30684,PASTISFresh/DATA_S2/S2_30684.npy,PASTISFresh/ANNOTATIONS/TARGET_30684.npy
30688,PASTISFresh/DATA_S2/S2_30688.npy,PASTISFresh/ANNOTATIONS/TARGET_30688.npy
30689,PASTISFresh/DATA_S2/S2_30689.npy,PASTISFresh/ANNOTATIONS/TARGET_30689.npy
30690,PASTISFresh/DATA_S2/S2_30690.npy,PASTISFresh/ANNOTATIONS/TARGET_30690.npy
30691,PASTISFresh/DATA_S2/S2_30691.npy,PASTISFresh/ANNOTATIONS/TARGET_30691.npy
30692,PASTISFresh/DATA_S2/S2_30692.npy,PASTISFresh/ANNOTATIONS/TARGET_30692.npy
30696,PASTISFresh/DATA_S2/S2_30696.npy,PASTISFresh/ANNOTATIONS/TARGET_30696.npy
30697,PASTISFresh/DATA_S2/S2_30697.npy,PASTISFresh/ANNOTATIONS/TARGET_30697.npy
30704,PASTISFresh/DATA_S2/S2_30704.npy,PASTISFresh/ANNOTATIONS/TARGET_30704.npy
30705,PASTISFresh/DATA_S2/S2_30705.npy,PASTISFresh/ANNOTATIONS/TARGET_30705.npy
30706,PASTISFresh/DATA_S2/S2_30706.npy,PASTISFresh/ANNOTATIONS/TARGET_30706.npy
30707,PASTISFresh/DATA_S2/S2_30707.npy,PASTISFresh/ANNOTATIONS/TARGET_30707.npy
30708,PASTISFresh/DATA_S2/S2_30708.npy,PASTISFresh/ANNOTATIONS/TARGET_30708.npy
30710,PASTISFresh/DATA_S2/S2_30710.npy,PASTISFresh/ANNOTATIONS/TARGET_30710.npy
30712,PASTISFresh/DATA_S2/S2_30712.npy,PASTISFresh/ANNOTATIONS/TARGET_30712.npy
30713,PASTISFresh/DATA_S2/S2_30713.npy,PASTISFresh/ANNOTATIONS/TARGET_30713.npy
30714,PASTISFresh/DATA_S2/S2_30714.npy,PASTISFresh/ANNOTATIONS/TARGET_30714.npy
30715,PASTISFresh/DATA_S2/S2_30715.npy,PASTISFresh/ANNOTATIONS/TARGET_30715.npy
30717,PASTISFresh/DATA_S2/S2_30717.npy,PASTISFresh/ANNOTATIONS/TARGET_30717.npy
30718,PASTISFresh/DATA_S2/S2_30718.npy,PASTISFresh/ANNOTATIONS/TARGET_30718.npy
30719,PASTISFresh/DATA_S2/S2_30719.npy,PASTISFresh/ANNOTATIONS/TARGET_30719.npy
30720,PASTISFresh/DATA_S2/S2_30720.npy,PASTISFresh/ANNOTATIONS/TARGET_30720.npy
30721,PASTISFresh/DATA_S2/S2_30721.npy,PASTISFresh/ANNOTATIONS/TARGET_30721.npy
30722,PASTISFresh/DATA_S2/S2_30722.npy,PASTISFresh/ANNOTATIONS/TARGET_30722.npy
30728,PASTISFresh/DATA_S2/S2_30728.npy,PASTISFresh/ANNOTATIONS/TARGET_30728.npy
30729,PASTISFresh/DATA_S2/S2_30729.npy,PASTISFresh/ANNOTATIONS/TARGET_30729.npy
30730,PASTISFresh/DATA_S2/S2_30730.npy,PASTISFresh/ANNOTATIONS/TARGET_30730.npy
30735,PASTISFresh/DATA_S2/S2_30735.npy,PASTISFresh/ANNOTATIONS/TARGET_30735.npy
40002,PASTISFresh/DATA_S2/S2_40002.npy,PASTISFresh/ANNOTATIONS/TARGET_40002.npy
40003,PASTISFresh/DATA_S2/S2_40003.npy,PASTISFresh/ANNOTATIONS/TARGET_40003.npy
40005,PASTISFresh/DATA_S2/S2_40005.npy,PASTISFresh/ANNOTATIONS/TARGET_40005.npy
40007,PASTISFresh/DATA_S2/S2_40007.npy,PASTISFresh/ANNOTATIONS/TARGET_40007.npy
40009,PASTISFresh/DATA_S2/S2_40009.npy,PASTISFresh/ANNOTATIONS/TARGET_40009.npy
40010,PASTISFresh/DATA_S2/S2_40010.npy,PASTISFresh/ANNOTATIONS/TARGET_40010.npy
40012,PASTISFresh/DATA_S2/S2_40012.npy,PASTISFresh/ANNOTATIONS/TARGET_40012.npy
40015,PASTISFresh/DATA_S2/S2_40015.npy,PASTISFresh/ANNOTATIONS/TARGET_40015.npy
40016,PASTISFresh/DATA_S2/S2_40016.npy,PASTISFresh/ANNOTATIONS/TARGET_40016.npy
40018,PASTISFresh/DATA_S2/S2_40018.npy,PASTISFresh/ANNOTATIONS/TARGET_40018.npy
40019,PASTISFresh/DATA_S2/S2_40019.npy,PASTISFresh/ANNOTATIONS/TARGET_40019.npy
40025,PASTISFresh/DATA_S2/S2_40025.npy,PASTISFresh/ANNOTATIONS/TARGET_40025.npy
40028,PASTISFresh/DATA_S2/S2_40028.npy,PASTISFresh/ANNOTATIONS/TARGET_40028.npy
40030,PASTISFresh/DATA_S2/S2_40030.npy,PASTISFresh/ANNOTATIONS/TARGET_40030.npy
40031,PASTISFresh/DATA_S2/S2_40031.npy,PASTISFresh/ANNOTATIONS/TARGET_40031.npy
40032,PASTISFresh/DATA_S2/S2_40032.npy,PASTISFresh/ANNOTATIONS/TARGET_40032.npy
40033,PASTISFresh/DATA_S2/S2_40033.npy,PASTISFresh/ANNOTATIONS/TARGET_40033.npy
40034,PASTISFresh/DATA_S2/S2_40034.npy,PASTISFresh/ANNOTATIONS/TARGET_40034.npy
40035,PASTISFresh/DATA_S2/S2_40035.npy,PASTISFresh/ANNOTATIONS/TARGET_40035.npy
40036,PASTISFresh/DATA_S2/S2_40036.npy,PASTISFresh/ANNOTATIONS/TARGET_40036.npy
40037,PASTISFresh/DATA_S2/S2_40037.npy,PASTISFresh/ANNOTATIONS/TARGET_40037.npy
40038,PASTISFresh/DATA_S2/S2_40038.npy,PASTISFresh/ANNOTATIONS/TARGET_40038.npy
40039,PASTISFresh/DATA_S2/S2_40039.npy,PASTISFresh/ANNOTATIONS/TARGET_40039.npy
40040,PASTISFresh/DATA_S2/S2_40040.npy,PASTISFresh/ANNOTATIONS/TARGET_40040.npy
40042,PASTISFresh/DATA_S2/S2_40042.npy,PASTISFresh/ANNOTATIONS/TARGET_40042.npy
40044,PASTISFresh/DATA_S2/S2_40044.npy,PASTISFresh/ANNOTATIONS/TARGET_40044.npy
40045,PASTISFresh/DATA_S2/S2_40045.npy,PASTISFresh/ANNOTATIONS/TARGET_40045.npy
40048,PASTISFresh/DATA_S2/S2_40048.npy,PASTISFresh/ANNOTATIONS/TARGET_40048.npy
40049,PASTISFresh/DATA_S2/S2_40049.npy,PASTISFresh/ANNOTATIONS/TARGET_40049.npy
40051,PASTISFresh/DATA_S2/S2_40051.npy,PASTISFresh/ANNOTATIONS/TARGET_40051.npy
40052,PASTISFresh/DATA_S2/S2_40052.npy,PASTISFresh/ANNOTATIONS/TARGET_40052.npy
40053,PASTISFresh/DATA_S2/S2_40053.npy,PASTISFresh/ANNOTATIONS/TARGET_40053.npy
40055,PASTISFresh/DATA_S2/S2_40055.npy,PASTISFresh/ANNOTATIONS/TARGET_40055.npy
40056,PASTISFresh/DATA_S2/S2_40056.npy,PASTISFresh/ANNOTATIONS/TARGET_40056.npy
40057,PASTISFresh/DATA_S2/S2_40057.npy,PASTISFresh/ANNOTATIONS/TARGET_40057.npy
40058,PASTISFresh/DATA_S2/S2_40058.npy,PASTISFresh/ANNOTATIONS/TARGET_40058.npy
40059,PASTISFresh/DATA_S2/S2_40059.npy,PASTISFresh/ANNOTATIONS/TARGET_40059.npy
40060,PASTISFresh/DATA_S2/S2_40060.npy,PASTISFresh/ANNOTATIONS/TARGET_40060.npy
40061,PASTISFresh/DATA_S2/S2_40061.npy,PASTISFresh/ANNOTATIONS/TARGET_40061.npy
40064,PASTISFresh/DATA_S2/S2_40064.npy,PASTISFresh/ANNOTATIONS/TARGET_40064.npy
40065,PASTISFresh/DATA_S2/S2_40065.npy,PASTISFresh/ANNOTATIONS/TARGET_40065.npy
40067,PASTISFresh/DATA_S2/S2_40067.npy,PASTISFresh/ANNOTATIONS/TARGET_40067.npy
40068,PASTISFresh/DATA_S2/S2_40068.npy,PASTISFresh/ANNOTATIONS/TARGET_40068.npy
40069,PASTISFresh/DATA_S2/S2_40069.npy,PASTISFresh/ANNOTATIONS/TARGET_40069.npy
40072,PASTISFresh/DATA_S2/S2_40072.npy,PASTISFresh/ANNOTATIONS/TARGET_40072.npy
40074,PASTISFresh/DATA_S2/S2_40074.npy,PASTISFresh/ANNOTATIONS/TARGET_40074.npy
40075,PASTISFresh/DATA_S2/S2_40075.npy,PASTISFresh/ANNOTATIONS/TARGET_40075.npy
40079,PASTISFresh/DATA_S2/S2_40079.npy,PASTISFresh/ANNOTATIONS/TARGET_40079.npy
40080,PASTISFresh/DATA_S2/S2_40080.npy,PASTISFresh/ANNOTATIONS/TARGET_40080.npy
40081,PASTISFresh/DATA_S2/S2_40081.npy,PASTISFresh/ANNOTATIONS/TARGET_40081.npy
40082,PASTISFresh/DATA_S2/S2_40082.npy,PASTISFresh/ANNOTATIONS/TARGET_40082.npy
40083,PASTISFresh/DATA_S2/S2_40083.npy,PASTISFresh/ANNOTATIONS/TARGET_40083.npy
40086,PASTISFresh/DATA_S2/S2_40086.npy,PASTISFresh/ANNOTATIONS/TARGET_40086.npy
40088,PASTISFresh/DATA_S2/S2_40088.npy,PASTISFresh/ANNOTATIONS/TARGET_40088.npy
40089,PASTISFresh/DATA_S2/S2_40089.npy,PASTISFresh/ANNOTATIONS/TARGET_40089.npy
40091,PASTISFresh/DATA_S2/S2_40091.npy,PASTISFresh/ANNOTATIONS/TARGET_40091.npy
40093,PASTISFresh/DATA_S2/S2_40093.npy,PASTISFresh/ANNOTATIONS/TARGET_40093.npy
40094,PASTISFresh/DATA_S2/S2_40094.npy,PASTISFresh/ANNOTATIONS/TARGET_40094.npy
40095,PASTISFresh/DATA_S2/S2_40095.npy,PASTISFresh/ANNOTATIONS/TARGET_40095.npy
40096,PASTISFresh/DATA_S2/S2_40096.npy,PASTISFresh/ANNOTATIONS/TARGET_40096.npy
40098,PASTISFresh/DATA_S2/S2_40098.npy,PASTISFresh/ANNOTATIONS/TARGET_40098.npy
40100,PASTISFresh/DATA_S2/S2_40100.npy,PASTISFresh/ANNOTATIONS/TARGET_40100.npy
40103,PASTISFresh/DATA_S2/S2_40103.npy,PASTISFresh/ANNOTATIONS/TARGET_40103.npy
40104,PASTISFresh/DATA_S2/S2_40104.npy,PASTISFresh/ANNOTATIONS/TARGET_40104.npy
40105,PASTISFresh/DATA_S2/S2_40105.npy,PASTISFresh/ANNOTATIONS/TARGET_40105.npy
40108,PASTISFresh/DATA_S2/S2_40108.npy,PASTISFresh/ANNOTATIONS/TARGET_40108.npy
40109,PASTISFresh/DATA_S2/S2_40109.npy,PASTISFresh/ANNOTATIONS/TARGET_40109.npy
40110,PASTISFresh/DATA_S2/S2_40110.npy,PASTISFresh/ANNOTATIONS/TARGET_40110.npy
40111,PASTISFresh/DATA_S2/S2_40111.npy,PASTISFresh/ANNOTATIONS/TARGET_40111.npy
40114,PASTISFresh/DATA_S2/S2_40114.npy,PASTISFresh/ANNOTATIONS/TARGET_40114.npy
40116,PASTISFresh/DATA_S2/S2_40116.npy,PASTISFresh/ANNOTATIONS/TARGET_40116.npy
40118,PASTISFresh/DATA_S2/S2_40118.npy,PASTISFresh/ANNOTATIONS/TARGET_40118.npy
40120,PASTISFresh/DATA_S2/S2_40120.npy,PASTISFresh/ANNOTATIONS/TARGET_40120.npy
40121,PASTISFresh/DATA_S2/S2_40121.npy,PASTISFresh/ANNOTATIONS/TARGET_40121.npy
40122,PASTISFresh/DATA_S2/S2_40122.npy,PASTISFresh/ANNOTATIONS/TARGET_40122.npy
40125,PASTISFresh/DATA_S2/S2_40125.npy,PASTISFresh/ANNOTATIONS/TARGET_40125.npy
40126,PASTISFresh/DATA_S2/S2_40126.npy,PASTISFresh/ANNOTATIONS/TARGET_40126.npy
40127,PASTISFresh/DATA_S2/S2_40127.npy,PASTISFresh/ANNOTATIONS/TARGET_40127.npy
40128,PASTISFresh/DATA_S2/S2_40128.npy,PASTISFresh/ANNOTATIONS/TARGET_40128.npy
40131,PASTISFresh/DATA_S2/S2_40131.npy,PASTISFresh/ANNOTATIONS/TARGET_40131.npy
40133,PASTISFresh/DATA_S2/S2_40133.npy,PASTISFresh/ANNOTATIONS/TARGET_40133.npy
40141,PASTISFresh/DATA_S2/S2_40141.npy,PASTISFresh/ANNOTATIONS/TARGET_40141.npy
40143,PASTISFresh/DATA_S2/S2_40143.npy,PASTISFresh/ANNOTATIONS/TARGET_40143.npy
40144,PASTISFresh/DATA_S2/S2_40144.npy,PASTISFresh/ANNOTATIONS/TARGET_40144.npy
40148,PASTISFresh/DATA_S2/S2_40148.npy,PASTISFresh/ANNOTATIONS/TARGET_40148.npy
40149,PASTISFresh/DATA_S2/S2_40149.npy,PASTISFresh/ANNOTATIONS/TARGET_40149.npy
40151,PASTISFresh/DATA_S2/S2_40151.npy,PASTISFresh/ANNOTATIONS/TARGET_40151.npy
40153,PASTISFresh/DATA_S2/S2_40153.npy,PASTISFresh/ANNOTATIONS/TARGET_40153.npy
40156,PASTISFresh/DATA_S2/S2_40156.npy,PASTISFresh/ANNOTATIONS/TARGET_40156.npy
40157,PASTISFresh/DATA_S2/S2_40157.npy,PASTISFresh/ANNOTATIONS/TARGET_40157.npy
40158,PASTISFresh/DATA_S2/S2_40158.npy,PASTISFresh/ANNOTATIONS/TARGET_40158.npy
40159,PASTISFresh/DATA_S2/S2_40159.npy,PASTISFresh/ANNOTATIONS/TARGET_40159.npy
40163,PASTISFresh/DATA_S2/S2_40163.npy,PASTISFresh/ANNOTATIONS/TARGET_40163.npy
40168,PASTISFresh/DATA_S2/S2_40168.npy,PASTISFresh/ANNOTATIONS/TARGET_40168.npy
40169,PASTISFresh/DATA_S2/S2_40169.npy,PASTISFresh/ANNOTATIONS/TARGET_40169.npy
40172,PASTISFresh/DATA_S2/S2_40172.npy,PASTISFresh/ANNOTATIONS/TARGET_40172.npy
40173,PASTISFresh/DATA_S2/S2_40173.npy,PASTISFresh/ANNOTATIONS/TARGET_40173.npy
40175,PASTISFresh/DATA_S2/S2_40175.npy,PASTISFresh/ANNOTATIONS/TARGET_40175.npy
40176,PASTISFresh/DATA_S2/S2_40176.npy,PASTISFresh/ANNOTATIONS/TARGET_40176.npy
40177,PASTISFresh/DATA_S2/S2_40177.npy,PASTISFresh/ANNOTATIONS/TARGET_40177.npy
40179,PASTISFresh/DATA_S2/S2_40179.npy,PASTISFresh/ANNOTATIONS/TARGET_40179.npy
40180,PASTISFresh/DATA_S2/S2_40180.npy,PASTISFresh/ANNOTATIONS/TARGET_40180.npy
40181,PASTISFresh/DATA_S2/S2_40181.npy,PASTISFresh/ANNOTATIONS/TARGET_40181.npy
40182,PASTISFresh/DATA_S2/S2_40182.npy,PASTISFresh/ANNOTATIONS/TARGET_40182.npy
40183,PASTISFresh/DATA_S2/S2_40183.npy,PASTISFresh/ANNOTATIONS/TARGET_40183.npy
40185,PASTISFresh/DATA_S2/S2_40185.npy,PASTISFresh/ANNOTATIONS/TARGET_40185.npy
40187,PASTISFresh/DATA_S2/S2_40187.npy,PASTISFresh/ANNOTATIONS/TARGET_40187.npy
40191,PASTISFresh/DATA_S2/S2_40191.npy,PASTISFresh/ANNOTATIONS/TARGET_40191.npy
40192,PASTISFresh/DATA_S2/S2_40192.npy,PASTISFresh/ANNOTATIONS/TARGET_40192.npy
40194,PASTISFresh/DATA_S2/S2_40194.npy,PASTISFresh/ANNOTATIONS/TARGET_40194.npy
40195,PASTISFresh/DATA_S2/S2_40195.npy,PASTISFresh/ANNOTATIONS/TARGET_40195.npy
40196,PASTISFresh/DATA_S2/S2_40196.npy,PASTISFresh/ANNOTATIONS/TARGET_40196.npy
40198,PASTISFresh/DATA_S2/S2_40198.npy,PASTISFresh/ANNOTATIONS/TARGET_40198.npy
40200,PASTISFresh/DATA_S2/S2_40200.npy,PASTISFresh/ANNOTATIONS/TARGET_40200.npy
40201,PASTISFresh/DATA_S2/S2_40201.npy,PASTISFresh/ANNOTATIONS/TARGET_40201.npy
40202,PASTISFresh/DATA_S2/S2_40202.npy,PASTISFresh/ANNOTATIONS/TARGET_40202.npy
40203,PASTISFresh/DATA_S2/S2_40203.npy,PASTISFresh/ANNOTATIONS/TARGET_40203.npy
40205,PASTISFresh/DATA_S2/S2_40205.npy,PASTISFresh/ANNOTATIONS/TARGET_40205.npy
40207,PASTISFresh/DATA_S2/S2_40207.npy,PASTISFresh/ANNOTATIONS/TARGET_40207.npy
40209,PASTISFresh/DATA_S2/S2_40209.npy,PASTISFresh/ANNOTATIONS/TARGET_40209.npy
40210,PASTISFresh/DATA_S2/S2_40210.npy,PASTISFresh/ANNOTATIONS/TARGET_40210.npy
40211,PASTISFresh/DATA_S2/S2_40211.npy,PASTISFresh/ANNOTATIONS/TARGET_40211.npy
40212,PASTISFresh/DATA_S2/S2_40212.npy,PASTISFresh/ANNOTATIONS/TARGET_40212.npy
40213,PASTISFresh/DATA_S2/S2_40213.npy,PASTISFresh/ANNOTATIONS/TARGET_40213.npy
40214,PASTISFresh/DATA_S2/S2_40214.npy,PASTISFresh/ANNOTATIONS/TARGET_40214.npy
40215,PASTISFresh/DATA_S2/S2_40215.npy,PASTISFresh/ANNOTATIONS/TARGET_40215.npy
40216,PASTISFresh/DATA_S2/S2_40216.npy,PASTISFresh/ANNOTATIONS/TARGET_40216.npy
40218,PASTISFresh/DATA_S2/S2_40218.npy,PASTISFresh/ANNOTATIONS/TARGET_40218.npy
40220,PASTISFresh/DATA_S2/S2_40220.npy,PASTISFresh/ANNOTATIONS/TARGET_40220.npy
40221,PASTISFresh/DATA_S2/S2_40221.npy,PASTISFresh/ANNOTATIONS/TARGET_40221.npy
40223,PASTISFresh/DATA_S2/S2_40223.npy,PASTISFresh/ANNOTATIONS/TARGET_40223.npy
40224,PASTISFresh/DATA_S2/S2_40224.npy,PASTISFresh/ANNOTATIONS/TARGET_40224.npy
40225,PASTISFresh/DATA_S2/S2_40225.npy,PASTISFresh/ANNOTATIONS/TARGET_40225.npy
40227,PASTISFresh/DATA_S2/S2_40227.npy,PASTISFresh/ANNOTATIONS/TARGET_40227.npy
40228,PASTISFresh/DATA_S2/S2_40228.npy,PASTISFresh/ANNOTATIONS/TARGET_40228.npy
40232,PASTISFresh/DATA_S2/S2_40232.npy,PASTISFresh/ANNOTATIONS/TARGET_40232.npy
40233,PASTISFresh/DATA_S2/S2_40233.npy,PASTISFresh/ANNOTATIONS/TARGET_40233.npy
40234,PASTISFresh/DATA_S2/S2_40234.npy,PASTISFresh/ANNOTATIONS/TARGET_40234.npy
40235,PASTISFresh/DATA_S2/S2_40235.npy,PASTISFresh/ANNOTATIONS/TARGET_40235.npy
40236,PASTISFresh/DATA_S2/S2_40236.npy,PASTISFresh/ANNOTATIONS/TARGET_40236.npy
40239,PASTISFresh/DATA_S2/S2_40239.npy,PASTISFresh/ANNOTATIONS/TARGET_40239.npy
40240,PASTISFresh/DATA_S2/S2_40240.npy,PASTISFresh/ANNOTATIONS/TARGET_40240.npy
40241,PASTISFresh/DATA_S2/S2_40241.npy,PASTISFresh/ANNOTATIONS/TARGET_40241.npy
40242,PASTISFresh/DATA_S2/S2_40242.npy,PASTISFresh/ANNOTATIONS/TARGET_40242.npy
40244,PASTISFresh/DATA_S2/S2_40244.npy,PASTISFresh/ANNOTATIONS/TARGET_40244.npy
40245,PASTISFresh/DATA_S2/S2_40245.npy,PASTISFresh/ANNOTATIONS/TARGET_40245.npy
40246,PASTISFresh/DATA_S2/S2_40246.npy,PASTISFresh/ANNOTATIONS/TARGET_40246.npy
40248,PASTISFresh/DATA_S2/S2_40248.npy,PASTISFresh/ANNOTATIONS/TARGET_40248.npy
40251,PASTISFresh/DATA_S2/S2_40251.npy,PASTISFresh/ANNOTATIONS/TARGET_40251.npy
40252,PASTISFresh/DATA_S2/S2_40252.npy,PASTISFresh/ANNOTATIONS/TARGET_40252.npy
40257,PASTISFresh/DATA_S2/S2_40257.npy,PASTISFresh/ANNOTATIONS/TARGET_40257.npy
40261,PASTISFresh/DATA_S2/S2_40261.npy,PASTISFresh/ANNOTATIONS/TARGET_40261.npy
40263,PASTISFresh/DATA_S2/S2_40263.npy,PASTISFresh/ANNOTATIONS/TARGET_40263.npy
40264,PASTISFresh/DATA_S2/S2_40264.npy,PASTISFresh/ANNOTATIONS/TARGET_40264.npy
40265,PASTISFresh/DATA_S2/S2_40265.npy,PASTISFresh/ANNOTATIONS/TARGET_40265.npy
40266,PASTISFresh/DATA_S2/S2_40266.npy,PASTISFresh/ANNOTATIONS/TARGET_40266.npy
40271,PASTISFresh/DATA_S2/S2_40271.npy,PASTISFresh/ANNOTATIONS/TARGET_40271.npy
40273,PASTISFresh/DATA_S2/S2_40273.npy,PASTISFresh/ANNOTATIONS/TARGET_40273.npy
40275,PASTISFresh/DATA_S2/S2_40275.npy,PASTISFresh/ANNOTATIONS/TARGET_40275.npy
40280,PASTISFresh/DATA_S2/S2_40280.npy,PASTISFresh/ANNOTATIONS/TARGET_40280.npy
40282,PASTISFresh/DATA_S2/S2_40282.npy,PASTISFresh/ANNOTATIONS/TARGET_40282.npy
40285,PASTISFresh/DATA_S2/S2_40285.npy,PASTISFresh/ANNOTATIONS/TARGET_40285.npy
40286,PASTISFresh/DATA_S2/S2_40286.npy,PASTISFresh/ANNOTATIONS/TARGET_40286.npy
40288,PASTISFresh/DATA_S2/S2_40288.npy,PASTISFresh/ANNOTATIONS/TARGET_40288.npy
40290,PASTISFresh/DATA_S2/S2_40290.npy,PASTISFresh/ANNOTATIONS/TARGET_40290.npy
40291,PASTISFresh/DATA_S2/S2_40291.npy,PASTISFresh/ANNOTATIONS/TARGET_40291.npy
40293,PASTISFresh/DATA_S2/S2_40293.npy,PASTISFresh/ANNOTATIONS/TARGET_40293.npy
40294,PASTISFresh/DATA_S2/S2_40294.npy,PASTISFresh/ANNOTATIONS/TARGET_40294.npy
40295,PASTISFresh/DATA_S2/S2_40295.npy,PASTISFresh/ANNOTATIONS/TARGET_40295.npy
40297,PASTISFresh/DATA_S2/S2_40297.npy,PASTISFresh/ANNOTATIONS/TARGET_40297.npy
40299,PASTISFresh/DATA_S2/S2_40299.npy,PASTISFresh/ANNOTATIONS/TARGET_40299.npy
40301,PASTISFresh/DATA_S2/S2_40301.npy,PASTISFresh/ANNOTATIONS/TARGET_40301.npy
40302,PASTISFresh/DATA_S2/S2_40302.npy,PASTISFresh/ANNOTATIONS/TARGET_40302.npy
40304,PASTISFresh/DATA_S2/S2_40304.npy,PASTISFresh/ANNOTATIONS/TARGET_40304.npy
40305,PASTISFresh/DATA_S2/S2_40305.npy,PASTISFresh/ANNOTATIONS/TARGET_40305.npy
40306,PASTISFresh/DATA_S2/S2_40306.npy,PASTISFresh/ANNOTATIONS/TARGET_40306.npy
40307,PASTISFresh/DATA_S2/S2_40307.npy,PASTISFresh/ANNOTATIONS/TARGET_40307.npy
40309,PASTISFresh/DATA_S2/S2_40309.npy,PASTISFresh/ANNOTATIONS/TARGET_40309.npy
40314,PASTISFresh/DATA_S2/S2_40314.npy,PASTISFresh/ANNOTATIONS/TARGET_40314.npy
40315,PASTISFresh/DATA_S2/S2_40315.npy,PASTISFresh/ANNOTATIONS/TARGET_40315.npy
40317,PASTISFresh/DATA_S2/S2_40317.npy,PASTISFresh/ANNOTATIONS/TARGET_40317.npy
40321,PASTISFresh/DATA_S2/S2_40321.npy,PASTISFresh/ANNOTATIONS/TARGET_40321.npy
40326,PASTISFresh/DATA_S2/S2_40326.npy,PASTISFresh/ANNOTATIONS/TARGET_40326.npy
40327,PASTISFresh/DATA_S2/S2_40327.npy,PASTISFresh/ANNOTATIONS/TARGET_40327.npy
40329,PASTISFresh/DATA_S2/S2_40329.npy,PASTISFresh/ANNOTATIONS/TARGET_40329.npy
40332,PASTISFresh/DATA_S2/S2_40332.npy,PASTISFresh/ANNOTATIONS/TARGET_40332.npy
40334,PASTISFresh/DATA_S2/S2_40334.npy,PASTISFresh/ANNOTATIONS/TARGET_40334.npy
40335,PASTISFresh/DATA_S2/S2_40335.npy,PASTISFresh/ANNOTATIONS/TARGET_40335.npy
40337,PASTISFresh/DATA_S2/S2_40337.npy,PASTISFresh/ANNOTATIONS/TARGET_40337.npy
40340,PASTISFresh/DATA_S2/S2_40340.npy,PASTISFresh/ANNOTATIONS/TARGET_40340.npy
40341,PASTISFresh/DATA_S2/S2_40341.npy,PASTISFresh/ANNOTATIONS/TARGET_40341.npy
40343,PASTISFresh/DATA_S2/S2_40343.npy,PASTISFresh/ANNOTATIONS/TARGET_40343.npy
40344,PASTISFresh/DATA_S2/S2_40344.npy,PASTISFresh/ANNOTATIONS/TARGET_40344.npy
40345,PASTISFresh/DATA_S2/S2_40345.npy,PASTISFresh/ANNOTATIONS/TARGET_40345.npy
40346,PASTISFresh/DATA_S2/S2_40346.npy,PASTISFresh/ANNOTATIONS/TARGET_40346.npy
40350,PASTISFresh/DATA_S2/S2_40350.npy,PASTISFresh/ANNOTATIONS/TARGET_40350.npy
40351,PASTISFresh/DATA_S2/S2_40351.npy,PASTISFresh/ANNOTATIONS/TARGET_40351.npy
40354,PASTISFresh/DATA_S2/S2_40354.npy,PASTISFresh/ANNOTATIONS/TARGET_40354.npy
40355,PASTISFresh/DATA_S2/S2_40355.npy,PASTISFresh/ANNOTATIONS/TARGET_40355.npy
40356,PASTISFresh/DATA_S2/S2_40356.npy,PASTISFresh/ANNOTATIONS/TARGET_40356.npy
40357,PASTISFresh/DATA_S2/S2_40357.npy,PASTISFresh/ANNOTATIONS/TARGET_40357.npy
40358,PASTISFresh/DATA_S2/S2_40358.npy,PASTISFresh/ANNOTATIONS/TARGET_40358.npy
40359,PASTISFresh/DATA_S2/S2_40359.npy,PASTISFresh/ANNOTATIONS/TARGET_40359.npy
40361,PASTISFresh/DATA_S2/S2_40361.npy,PASTISFresh/ANNOTATIONS/TARGET_40361.npy
40362,PASTISFresh/DATA_S2/S2_40362.npy,PASTISFresh/ANNOTATIONS/TARGET_40362.npy
40363,PASTISFresh/DATA_S2/S2_40363.npy,PASTISFresh/ANNOTATIONS/TARGET_40363.npy
40366,PASTISFresh/DATA_S2/S2_40366.npy,PASTISFresh/ANNOTATIONS/TARGET_40366.npy
40367,PASTISFresh/DATA_S2/S2_40367.npy,PASTISFresh/ANNOTATIONS/TARGET_40367.npy
40368,PASTISFresh/DATA_S2/S2_40368.npy,PASTISFresh/ANNOTATIONS/TARGET_40368.npy
40369,PASTISFresh/DATA_S2/S2_40369.npy,PASTISFresh/ANNOTATIONS/TARGET_40369.npy
40370,PASTISFresh/DATA_S2/S2_40370.npy,PASTISFresh/ANNOTATIONS/TARGET_40370.npy
40375,PASTISFresh/DATA_S2/S2_40375.npy,PASTISFresh/ANNOTATIONS/TARGET_40375.npy
40376,PASTISFresh/DATA_S2/S2_40376.npy,PASTISFresh/ANNOTATIONS/TARGET_40376.npy
40378,PASTISFresh/DATA_S2/S2_40378.npy,PASTISFresh/ANNOTATIONS/TARGET_40378.npy
40379,PASTISFresh/DATA_S2/S2_40379.npy,PASTISFresh/ANNOTATIONS/TARGET_40379.npy
40380,PASTISFresh/DATA_S2/S2_40380.npy,PASTISFresh/ANNOTATIONS/TARGET_40380.npy
40384,PASTISFresh/DATA_S2/S2_40384.npy,PASTISFresh/ANNOTATIONS/TARGET_40384.npy
40385,PASTISFresh/DATA_S2/S2_40385.npy,PASTISFresh/ANNOTATIONS/TARGET_40385.npy
40388,PASTISFresh/DATA_S2/S2_40388.npy,PASTISFresh/ANNOTATIONS/TARGET_40388.npy
40390,PASTISFresh/DATA_S2/S2_40390.npy,PASTISFresh/ANNOTATIONS/TARGET_40390.npy
40393,PASTISFresh/DATA_S2/S2_40393.npy,PASTISFresh/ANNOTATIONS/TARGET_40393.npy
40394,PASTISFresh/DATA_S2/S2_40394.npy,PASTISFresh/ANNOTATIONS/TARGET_40394.npy
40395,PASTISFresh/DATA_S2/S2_40395.npy,PASTISFresh/ANNOTATIONS/TARGET_40395.npy
40400,PASTISFresh/DATA_S2/S2_40400.npy,PASTISFresh/ANNOTATIONS/TARGET_40400.npy
40401,PASTISFresh/DATA_S2/S2_40401.npy,PASTISFresh/ANNOTATIONS/TARGET_40401.npy
40402,PASTISFresh/DATA_S2/S2_40402.npy,PASTISFresh/ANNOTATIONS/TARGET_40402.npy
40404,PASTISFresh/DATA_S2/S2_40404.npy,PASTISFresh/ANNOTATIONS/TARGET_40404.npy
40406,PASTISFresh/DATA_S2/S2_40406.npy,PASTISFresh/ANNOTATIONS/TARGET_40406.npy
40407,PASTISFresh/DATA_S2/S2_40407.npy,PASTISFresh/ANNOTATIONS/TARGET_40407.npy
40408,PASTISFresh/DATA_S2/S2_40408.npy,PASTISFresh/ANNOTATIONS/TARGET_40408.npy
40411,PASTISFresh/DATA_S2/S2_40411.npy,PASTISFresh/ANNOTATIONS/TARGET_40411.npy
40413,PASTISFresh/DATA_S2/S2_40413.npy,PASTISFresh/ANNOTATIONS/TARGET_40413.npy
40414,PASTISFresh/DATA_S2/S2_40414.npy,PASTISFresh/ANNOTATIONS/TARGET_40414.npy
40417,PASTISFresh/DATA_S2/S2_40417.npy,PASTISFresh/ANNOTATIONS/TARGET_40417.npy
40418,PASTISFresh/DATA_S2/S2_40418.npy,PASTISFresh/ANNOTATIONS/TARGET_40418.npy
40420,PASTISFresh/DATA_S2/S2_40420.npy,PASTISFresh/ANNOTATIONS/TARGET_40420.npy
40422,PASTISFresh/DATA_S2/S2_40422.npy,PASTISFresh/ANNOTATIONS/TARGET_40422.npy
40423,PASTISFresh/DATA_S2/S2_40423.npy,PASTISFresh/ANNOTATIONS/TARGET_40423.npy
40424,PASTISFresh/DATA_S2/S2_40424.npy,PASTISFresh/ANNOTATIONS/TARGET_40424.npy
40425,PASTISFresh/DATA_S2/S2_40425.npy,PASTISFresh/ANNOTATIONS/TARGET_40425.npy
40428,PASTISFresh/DATA_S2/S2_40428.npy,PASTISFresh/ANNOTATIONS/TARGET_40428.npy
40431,PASTISFresh/DATA_S2/S2_40431.npy,PASTISFresh/ANNOTATIONS/TARGET_40431.npy
40432,PASTISFresh/DATA_S2/S2_40432.npy,PASTISFresh/ANNOTATIONS/TARGET_40432.npy
40433,PASTISFresh/DATA_S2/S2_40433.npy,PASTISFresh/ANNOTATIONS/TARGET_40433.npy
40434,PASTISFresh/DATA_S2/S2_40434.npy,PASTISFresh/ANNOTATIONS/TARGET_40434.npy
40436,PASTISFresh/DATA_S2/S2_40436.npy,PASTISFresh/ANNOTATIONS/TARGET_40436.npy
40439,PASTISFresh/DATA_S2/S2_40439.npy,PASTISFresh/ANNOTATIONS/TARGET_40439.npy
40441,PASTISFresh/DATA_S2/S2_40441.npy,PASTISFresh/ANNOTATIONS/TARGET_40441.npy
40442,PASTISFresh/DATA_S2/S2_40442.npy,PASTISFresh/ANNOTATIONS/TARGET_40442.npy
40446,PASTISFresh/DATA_S2/S2_40446.npy,PASTISFresh/ANNOTATIONS/TARGET_40446.npy
40447,PASTISFresh/DATA_S2/S2_40447.npy,PASTISFresh/ANNOTATIONS/TARGET_40447.npy
40448,PASTISFresh/DATA_S2/S2_40448.npy,PASTISFresh/ANNOTATIONS/TARGET_40448.npy
40452,PASTISFresh/DATA_S2/S2_40452.npy,PASTISFresh/ANNOTATIONS/TARGET_40452.npy
40459,PASTISFresh/DATA_S2/S2_40459.npy,PASTISFresh/ANNOTATIONS/TARGET_40459.npy
40460,PASTISFresh/DATA_S2/S2_40460.npy,PASTISFresh/ANNOTATIONS/TARGET_40460.npy
40461,PASTISFresh/DATA_S2/S2_40461.npy,PASTISFresh/ANNOTATIONS/TARGET_40461.npy
40462,PASTISFresh/DATA_S2/S2_40462.npy,PASTISFresh/ANNOTATIONS/TARGET_40462.npy
40469,PASTISFresh/DATA_S2/S2_40469.npy,PASTISFresh/ANNOTATIONS/TARGET_40469.npy
40470,PASTISFresh/DATA_S2/S2_40470.npy,PASTISFresh/ANNOTATIONS/TARGET_40470.npy
40473,PASTISFresh/DATA_S2/S2_40473.npy,PASTISFresh/ANNOTATIONS/TARGET_40473.npy
40474,PASTISFresh/DATA_S2/S2_40474.npy,PASTISFresh/ANNOTATIONS/TARGET_40474.npy
40475,PASTISFresh/DATA_S2/S2_40475.npy,PASTISFresh/ANNOTATIONS/TARGET_40475.npy
40479,PASTISFresh/DATA_S2/S2_40479.npy,PASTISFresh/ANNOTATIONS/TARGET_40479.npy
40481,PASTISFresh/DATA_S2/S2_40481.npy,PASTISFresh/ANNOTATIONS/TARGET_40481.npy
40482,PASTISFresh/DATA_S2/S2_40482.npy,PASTISFresh/ANNOTATIONS/TARGET_40482.npy
40483,PASTISFresh/DATA_S2/S2_40483.npy,PASTISFresh/ANNOTATIONS/TARGET_40483.npy
40484,PASTISFresh/DATA_S2/S2_40484.npy,PASTISFresh/ANNOTATIONS/TARGET_40484.npy
40486,PASTISFresh/DATA_S2/S2_40486.npy,PASTISFresh/ANNOTATIONS/TARGET_40486.npy
40487,PASTISFresh/DATA_S2/S2_40487.npy,PASTISFresh/ANNOTATIONS/TARGET_40487.npy
40488,PASTISFresh/DATA_S2/S2_40488.npy,PASTISFresh/ANNOTATIONS/TARGET_40488.npy
40490,PASTISFresh/DATA_S2/S2_40490.npy,PASTISFresh/ANNOTATIONS/TARGET_40490.npy
40491,PASTISFresh/DATA_S2/S2_40491.npy,PASTISFresh/ANNOTATIONS/TARGET_40491.npy
40492,PASTISFresh/DATA_S2/S2_40492.npy,PASTISFresh/ANNOTATIONS/TARGET_40492.npy
40494,PASTISFresh/DATA_S2/S2_40494.npy,PASTISFresh/ANNOTATIONS/TARGET_40494.npy
40495,PASTISFresh/DATA_S2/S2_40495.npy,PASTISFresh/ANNOTATIONS/TARGET_40495.npy
40496,PASTISFresh/DATA_S2/S2_40496.npy,PASTISFresh/ANNOTATIONS/TARGET_40496.npy
40497,PASTISFresh/DATA_S2/S2_40497.npy,PASTISFresh/ANNOTATIONS/TARGET_40497.npy
40498,PASTISFresh/DATA_S2/S2_40498.npy,PASTISFresh/ANNOTATIONS/TARGET_40498.npy
40499,PASTISFresh/DATA_S2/S2_40499.npy,PASTISFresh/ANNOTATIONS/TARGET_40499.npy
40500,PASTISFresh/DATA_S2/S2_40500.npy,PASTISFresh/ANNOTATIONS/TARGET_40500.npy
40502,PASTISFresh/DATA_S2/S2_40502.npy,PASTISFresh/ANNOTATIONS/TARGET_40502.npy
40503,PASTISFresh/DATA_S2/S2_40503.npy,PASTISFresh/ANNOTATIONS/TARGET_40503.npy
40504,PASTISFresh/DATA_S2/S2_40504.npy,PASTISFresh/ANNOTATIONS/TARGET_40504.npy
40505,PASTISFresh/DATA_S2/S2_40505.npy,PASTISFresh/ANNOTATIONS/TARGET_40505.npy
40506,PASTISFresh/DATA_S2/S2_40506.npy,PASTISFresh/ANNOTATIONS/TARGET_40506.npy
40507,PASTISFresh/DATA_S2/S2_40507.npy,PASTISFresh/ANNOTATIONS/TARGET_40507.npy
40508,PASTISFresh/DATA_S2/S2_40508.npy,PASTISFresh/ANNOTATIONS/TARGET_40508.npy
40509,PASTISFresh/DATA_S2/S2_40509.npy,PASTISFresh/ANNOTATIONS/TARGET_40509.npy
40511,PASTISFresh/DATA_S2/S2_40511.npy,PASTISFresh/ANNOTATIONS/TARGET_40511.npy
40512,PASTISFresh/DATA_S2/S2_40512.npy,PASTISFresh/ANNOTATIONS/TARGET_40512.npy
40513,PASTISFresh/DATA_S2/S2_40513.npy,PASTISFresh/ANNOTATIONS/TARGET_40513.npy
40515,PASTISFresh/DATA_S2/S2_40515.npy,PASTISFresh/ANNOTATIONS/TARGET_40515.npy
40517,PASTISFresh/DATA_S2/S2_40517.npy,PASTISFresh/ANNOTATIONS/TARGET_40517.npy
40518,PASTISFresh/DATA_S2/S2_40518.npy,PASTISFresh/ANNOTATIONS/TARGET_40518.npy
40519,PASTISFresh/DATA_S2/S2_40519.npy,PASTISFresh/ANNOTATIONS/TARGET_40519.npy
40520,PASTISFresh/DATA_S2/S2_40520.npy,PASTISFresh/ANNOTATIONS/TARGET_40520.npy
40521,PASTISFresh/DATA_S2/S2_40521.npy,PASTISFresh/ANNOTATIONS/TARGET_40521.npy
40523,PASTISFresh/DATA_S2/S2_40523.npy,PASTISFresh/ANNOTATIONS/TARGET_40523.npy
40524,PASTISFresh/DATA_S2/S2_40524.npy,PASTISFresh/ANNOTATIONS/TARGET_40524.npy
40528,PASTISFresh/DATA_S2/S2_40528.npy,PASTISFresh/ANNOTATIONS/TARGET_40528.npy
40531,PASTISFresh/DATA_S2/S2_40531.npy,PASTISFresh/ANNOTATIONS/TARGET_40531.npy
40532,PASTISFresh/DATA_S2/S2_40532.npy,PASTISFresh/ANNOTATIONS/TARGET_40532.npy
40533,PASTISFresh/DATA_S2/S2_40533.npy,PASTISFresh/ANNOTATIONS/TARGET_40533.npy
40535,PASTISFresh/DATA_S2/S2_40535.npy,PASTISFresh/ANNOTATIONS/TARGET_40535.npy
40538,PASTISFresh/DATA_S2/S2_40538.npy,PASTISFresh/ANNOTATIONS/TARGET_40538.npy
40545,PASTISFresh/DATA_S2/S2_40545.npy,PASTISFresh/ANNOTATIONS/TARGET_40545.npy
40547,PASTISFresh/DATA_S2/S2_40547.npy,PASTISFresh/ANNOTATIONS/TARGET_40547.npy
40548,PASTISFresh/DATA_S2/S2_40548.npy,PASTISFresh/ANNOTATIONS/TARGET_40548.npy
40550,PASTISFresh/DATA_S2/S2_40550.npy,PASTISFresh/ANNOTATIONS/TARGET_40550.npy
40551,PASTISFresh/DATA_S2/S2_40551.npy,PASTISFresh/ANNOTATIONS/TARGET_40551.npy
40552,PASTISFresh/DATA_S2/S2_40552.npy,PASTISFresh/ANNOTATIONS/TARGET_40552.npy
40553,PASTISFresh/DATA_S2/S2_40553.npy,PASTISFresh/ANNOTATIONS/TARGET_40553.npy
40554,PASTISFresh/DATA_S2/S2_40554.npy,PASTISFresh/ANNOTATIONS/TARGET_40554.npy
40557,PASTISFresh/DATA_S2/S2_40557.npy,PASTISFresh/ANNOTATIONS/TARGET_40557.npy
40559,PASTISFresh/DATA_S2/S2_40559.npy,PASTISFresh/ANNOTATIONS/TARGET_40559.npy
40562,PASTISFresh/DATA_S2/S2_40562.npy,PASTISFresh/ANNOTATIONS/TARGET_40562.npy
