fieldID,imagepath,labelpath
10000,PASTISFresh/DATA_S2/S2_10000.npy,PASTISFresh/ANNOTATIONS/TARGET_10000.npy
10001,PASTISFresh/DATA_S2/S2_10001.npy,PASTISFresh/ANNOTATIONS/TARGET_10001.npy
10003,PASTISFresh/DATA_S2/S2_10003.npy,PASTISFresh/ANNOTATIONS/TARGET_10003.npy
10007,PASTISFresh/DATA_S2/S2_10007.npy,PASTISFresh/ANNOTATIONS/TARGET_10007.npy
10010,PASTISFresh/DATA_S2/S2_10010.npy,PASTISFresh/ANNOTATIONS/TARGET_10010.npy
10012,PASTISFresh/DATA_S2/S2_10012.npy,PASTISFresh/ANNOTATIONS/TARGET_10012.npy
10015,PASTISFresh/DATA_S2/S2_10015.npy,PASTISFresh/ANNOTATIONS/TARGET_10015.npy
10017,PASTISFresh/DATA_S2/S2_10017.npy,PASTISFresh/ANNOTATIONS/TARGET_10017.npy
10018,PASTISFresh/DATA_S2/S2_10018.npy,PASTISFresh/ANNOTATIONS/TARGET_10018.npy
10021,PASTISFresh/DATA_S2/S2_10021.npy,PASTISFresh/ANNOTATIONS/TARGET_10021.npy
10022,PASTISFresh/DATA_S2/S2_10022.npy,PASTISFresh/ANNOTATIONS/TARGET_10022.npy
10025,PASTISFresh/DATA_S2/S2_10025.npy,PASTISFresh/ANNOTATIONS/TARGET_10025.npy
10029,PASTISFresh/DATA_S2/S2_10029.npy,PASTISFresh/ANNOTATIONS/TARGET_10029.npy
10030,PASTISFresh/DATA_S2/S2_10030.npy,PASTISFresh/ANNOTATIONS/TARGET_10030.npy
10031,PASTISFresh/DATA_S2/S2_10031.npy,PASTISFresh/ANNOTATIONS/TARGET_10031.npy
10032,PASTISFresh/DATA_S2/S2_10032.npy,PASTISFresh/ANNOTATIONS/TARGET_10032.npy
10033,PASTISFresh/DATA_S2/S2_10033.npy,PASTISFresh/ANNOTATIONS/TARGET_10033.npy
10037,PASTISFresh/DATA_S2/S2_10037.npy,PASTISFresh/ANNOTATIONS/TARGET_10037.npy
10040,PASTISFresh/DATA_S2/S2_10040.npy,PASTISFresh/ANNOTATIONS/TARGET_10040.npy
10041,PASTISFresh/DATA_S2/S2_10041.npy,PASTISFresh/ANNOTATIONS/TARGET_10041.npy
10042,PASTISFresh/DATA_S2/S2_10042.npy,PASTISFresh/ANNOTATIONS/TARGET_10042.npy
10046,PASTISFresh/DATA_S2/S2_10046.npy,PASTISFresh/ANNOTATIONS/TARGET_10046.npy
10047,PASTISFresh/DATA_S2/S2_10047.npy,PASTISFresh/ANNOTATIONS/TARGET_10047.npy
10048,PASTISFresh/DATA_S2/S2_10048.npy,PASTISFresh/ANNOTATIONS/TARGET_10048.npy
10052,PASTISFresh/DATA_S2/S2_10052.npy,PASTISFresh/ANNOTATIONS/TARGET_10052.npy
10054,PASTISFresh/DATA_S2/S2_10054.npy,PASTISFresh/ANNOTATIONS/TARGET_10054.npy
10056,PASTISFresh/DATA_S2/S2_10056.npy,PASTISFresh/ANNOTATIONS/TARGET_10056.npy
10057,PASTISFresh/DATA_S2/S2_10057.npy,PASTISFresh/ANNOTATIONS/TARGET_10057.npy
10058,PASTISFresh/DATA_S2/S2_10058.npy,PASTISFresh/ANNOTATIONS/TARGET_10058.npy
10059,PASTISFresh/DATA_S2/S2_10059.npy,PASTISFresh/ANNOTATIONS/TARGET_10059.npy
10060,PASTISFresh/DATA_S2/S2_10060.npy,PASTISFresh/ANNOTATIONS/TARGET_10060.npy
10061,PASTISFresh/DATA_S2/S2_10061.npy,PASTISFresh/ANNOTATIONS/TARGET_10061.npy
10064,PASTISFresh/DATA_S2/S2_10064.npy,PASTISFresh/ANNOTATIONS/TARGET_10064.npy
10065,PASTISFresh/DATA_S2/S2_10065.npy,PASTISFresh/ANNOTATIONS/TARGET_10065.npy
10067,PASTISFresh/DATA_S2/S2_10067.npy,PASTISFresh/ANNOTATIONS/TARGET_10067.npy
10068,PASTISFresh/DATA_S2/S2_10068.npy,PASTISFresh/ANNOTATIONS/TARGET_10068.npy
10070,PASTISFresh/DATA_S2/S2_10070.npy,PASTISFresh/ANNOTATIONS/TARGET_10070.npy
10071,PASTISFresh/DATA_S2/S2_10071.npy,PASTISFresh/ANNOTATIONS/TARGET_10071.npy
10073,PASTISFresh/DATA_S2/S2_10073.npy,PASTISFresh/ANNOTATIONS/TARGET_10073.npy
10075,PASTISFresh/DATA_S2/S2_10075.npy,PASTISFresh/ANNOTATIONS/TARGET_10075.npy
10078,PASTISFresh/DATA_S2/S2_10078.npy,PASTISFresh/ANNOTATIONS/TARGET_10078.npy
10079,PASTISFresh/DATA_S2/S2_10079.npy,PASTISFresh/ANNOTATIONS/TARGET_10079.npy
10080,PASTISFresh/DATA_S2/S2_10080.npy,PASTISFresh/ANNOTATIONS/TARGET_10080.npy
10082,PASTISFresh/DATA_S2/S2_10082.npy,PASTISFresh/ANNOTATIONS/TARGET_10082.npy
10083,PASTISFresh/DATA_S2/S2_10083.npy,PASTISFresh/ANNOTATIONS/TARGET_10083.npy
10084,PASTISFresh/DATA_S2/S2_10084.npy,PASTISFresh/ANNOTATIONS/TARGET_10084.npy
10086,PASTISFresh/DATA_S2/S2_10086.npy,PASTISFresh/ANNOTATIONS/TARGET_10086.npy
10087,PASTISFresh/DATA_S2/S2_10087.npy,PASTISFresh/ANNOTATIONS/TARGET_10087.npy
10089,PASTISFresh/DATA_S2/S2_10089.npy,PASTISFresh/ANNOTATIONS/TARGET_10089.npy
10091,PASTISFresh/DATA_S2/S2_10091.npy,PASTISFresh/ANNOTATIONS/TARGET_10091.npy
10093,PASTISFresh/DATA_S2/S2_10093.npy,PASTISFresh/ANNOTATIONS/TARGET_10093.npy
10094,PASTISFresh/DATA_S2/S2_10094.npy,PASTISFresh/ANNOTATIONS/TARGET_10094.npy
10096,PASTISFresh/DATA_S2/S2_10096.npy,PASTISFresh/ANNOTATIONS/TARGET_10096.npy
10098,PASTISFresh/DATA_S2/S2_10098.npy,PASTISFresh/ANNOTATIONS/TARGET_10098.npy
10101,PASTISFresh/DATA_S2/S2_10101.npy,PASTISFresh/ANNOTATIONS/TARGET_10101.npy
10102,PASTISFresh/DATA_S2/S2_10102.npy,PASTISFresh/ANNOTATIONS/TARGET_10102.npy
10104,PASTISFresh/DATA_S2/S2_10104.npy,PASTISFresh/ANNOTATIONS/TARGET_10104.npy
10105,PASTISFresh/DATA_S2/S2_10105.npy,PASTISFresh/ANNOTATIONS/TARGET_10105.npy
10106,PASTISFresh/DATA_S2/S2_10106.npy,PASTISFresh/ANNOTATIONS/TARGET_10106.npy
10107,PASTISFresh/DATA_S2/S2_10107.npy,PASTISFresh/ANNOTATIONS/TARGET_10107.npy
10108,PASTISFresh/DATA_S2/S2_10108.npy,PASTISFresh/ANNOTATIONS/TARGET_10108.npy
10109,PASTISFresh/DATA_S2/S2_10109.npy,PASTISFresh/ANNOTATIONS/TARGET_10109.npy
10110,PASTISFresh/DATA_S2/S2_10110.npy,PASTISFresh/ANNOTATIONS/TARGET_10110.npy
10111,PASTISFresh/DATA_S2/S2_10111.npy,PASTISFresh/ANNOTATIONS/TARGET_10111.npy
10112,PASTISFresh/DATA_S2/S2_10112.npy,PASTISFresh/ANNOTATIONS/TARGET_10112.npy
10114,PASTISFresh/DATA_S2/S2_10114.npy,PASTISFresh/ANNOTATIONS/TARGET_10114.npy
10115,PASTISFresh/DATA_S2/S2_10115.npy,PASTISFresh/ANNOTATIONS/TARGET_10115.npy
10117,PASTISFresh/DATA_S2/S2_10117.npy,PASTISFresh/ANNOTATIONS/TARGET_10117.npy
10118,PASTISFresh/DATA_S2/S2_10118.npy,PASTISFresh/ANNOTATIONS/TARGET_10118.npy
10120,PASTISFresh/DATA_S2/S2_10120.npy,PASTISFresh/ANNOTATIONS/TARGET_10120.npy
10121,PASTISFresh/DATA_S2/S2_10121.npy,PASTISFresh/ANNOTATIONS/TARGET_10121.npy
10125,PASTISFresh/DATA_S2/S2_10125.npy,PASTISFresh/ANNOTATIONS/TARGET_10125.npy
10127,PASTISFresh/DATA_S2/S2_10127.npy,PASTISFresh/ANNOTATIONS/TARGET_10127.npy
10129,PASTISFresh/DATA_S2/S2_10129.npy,PASTISFresh/ANNOTATIONS/TARGET_10129.npy
10130,PASTISFresh/DATA_S2/S2_10130.npy,PASTISFresh/ANNOTATIONS/TARGET_10130.npy
10131,PASTISFresh/DATA_S2/S2_10131.npy,PASTISFresh/ANNOTATIONS/TARGET_10131.npy
10132,PASTISFresh/DATA_S2/S2_10132.npy,PASTISFresh/ANNOTATIONS/TARGET_10132.npy
10133,PASTISFresh/DATA_S2/S2_10133.npy,PASTISFresh/ANNOTATIONS/TARGET_10133.npy
10136,PASTISFresh/DATA_S2/S2_10136.npy,PASTISFresh/ANNOTATIONS/TARGET_10136.npy
10137,PASTISFresh/DATA_S2/S2_10137.npy,PASTISFresh/ANNOTATIONS/TARGET_10137.npy
10139,PASTISFresh/DATA_S2/S2_10139.npy,PASTISFresh/ANNOTATIONS/TARGET_10139.npy
10141,PASTISFresh/DATA_S2/S2_10141.npy,PASTISFresh/ANNOTATIONS/TARGET_10141.npy
10142,PASTISFresh/DATA_S2/S2_10142.npy,PASTISFresh/ANNOTATIONS/TARGET_10142.npy
10144,PASTISFresh/DATA_S2/S2_10144.npy,PASTISFresh/ANNOTATIONS/TARGET_10144.npy
10145,PASTISFresh/DATA_S2/S2_10145.npy,PASTISFresh/ANNOTATIONS/TARGET_10145.npy
10147,PASTISFresh/DATA_S2/S2_10147.npy,PASTISFresh/ANNOTATIONS/TARGET_10147.npy
10148,PASTISFresh/DATA_S2/S2_10148.npy,PASTISFresh/ANNOTATIONS/TARGET_10148.npy
10150,PASTISFresh/DATA_S2/S2_10150.npy,PASTISFresh/ANNOTATIONS/TARGET_10150.npy
10151,PASTISFresh/DATA_S2/S2_10151.npy,PASTISFresh/ANNOTATIONS/TARGET_10151.npy
10152,PASTISFresh/DATA_S2/S2_10152.npy,PASTISFresh/ANNOTATIONS/TARGET_10152.npy
10153,PASTISFresh/DATA_S2/S2_10153.npy,PASTISFresh/ANNOTATIONS/TARGET_10153.npy
10154,PASTISFresh/DATA_S2/S2_10154.npy,PASTISFresh/ANNOTATIONS/TARGET_10154.npy
10155,PASTISFresh/DATA_S2/S2_10155.npy,PASTISFresh/ANNOTATIONS/TARGET_10155.npy
10156,PASTISFresh/DATA_S2/S2_10156.npy,PASTISFresh/ANNOTATIONS/TARGET_10156.npy
10157,PASTISFresh/DATA_S2/S2_10157.npy,PASTISFresh/ANNOTATIONS/TARGET_10157.npy
10158,PASTISFresh/DATA_S2/S2_10158.npy,PASTISFresh/ANNOTATIONS/TARGET_10158.npy
10160,PASTISFresh/DATA_S2/S2_10160.npy,PASTISFresh/ANNOTATIONS/TARGET_10160.npy
10162,PASTISFresh/DATA_S2/S2_10162.npy,PASTISFresh/ANNOTATIONS/TARGET_10162.npy
10163,PASTISFresh/DATA_S2/S2_10163.npy,PASTISFresh/ANNOTATIONS/TARGET_10163.npy
10167,PASTISFresh/DATA_S2/S2_10167.npy,PASTISFresh/ANNOTATIONS/TARGET_10167.npy
10168,PASTISFresh/DATA_S2/S2_10168.npy,PASTISFresh/ANNOTATIONS/TARGET_10168.npy
10169,PASTISFresh/DATA_S2/S2_10169.npy,PASTISFresh/ANNOTATIONS/TARGET_10169.npy
10171,PASTISFresh/DATA_S2/S2_10171.npy,PASTISFresh/ANNOTATIONS/TARGET_10171.npy
10172,PASTISFresh/DATA_S2/S2_10172.npy,PASTISFresh/ANNOTATIONS/TARGET_10172.npy
10174,PASTISFresh/DATA_S2/S2_10174.npy,PASTISFresh/ANNOTATIONS/TARGET_10174.npy
10176,PASTISFresh/DATA_S2/S2_10176.npy,PASTISFresh/ANNOTATIONS/TARGET_10176.npy
10178,PASTISFresh/DATA_S2/S2_10178.npy,PASTISFresh/ANNOTATIONS/TARGET_10178.npy
10180,PASTISFresh/DATA_S2/S2_10180.npy,PASTISFresh/ANNOTATIONS/TARGET_10180.npy
10181,PASTISFresh/DATA_S2/S2_10181.npy,PASTISFresh/ANNOTATIONS/TARGET_10181.npy
10182,PASTISFresh/DATA_S2/S2_10182.npy,PASTISFresh/ANNOTATIONS/TARGET_10182.npy
10183,PASTISFresh/DATA_S2/S2_10183.npy,PASTISFresh/ANNOTATIONS/TARGET_10183.npy
10184,PASTISFresh/DATA_S2/S2_10184.npy,PASTISFresh/ANNOTATIONS/TARGET_10184.npy
10187,PASTISFresh/DATA_S2/S2_10187.npy,PASTISFresh/ANNOTATIONS/TARGET_10187.npy
10188,PASTISFresh/DATA_S2/S2_10188.npy,PASTISFresh/ANNOTATIONS/TARGET_10188.npy
10190,PASTISFresh/DATA_S2/S2_10190.npy,PASTISFresh/ANNOTATIONS/TARGET_10190.npy
10191,PASTISFresh/DATA_S2/S2_10191.npy,PASTISFresh/ANNOTATIONS/TARGET_10191.npy
10193,PASTISFresh/DATA_S2/S2_10193.npy,PASTISFresh/ANNOTATIONS/TARGET_10193.npy
10194,PASTISFresh/DATA_S2/S2_10194.npy,PASTISFresh/ANNOTATIONS/TARGET_10194.npy
10195,PASTISFresh/DATA_S2/S2_10195.npy,PASTISFresh/ANNOTATIONS/TARGET_10195.npy
10196,PASTISFresh/DATA_S2/S2_10196.npy,PASTISFresh/ANNOTATIONS/TARGET_10196.npy
10197,PASTISFresh/DATA_S2/S2_10197.npy,PASTISFresh/ANNOTATIONS/TARGET_10197.npy
10200,PASTISFresh/DATA_S2/S2_10200.npy,PASTISFresh/ANNOTATIONS/TARGET_10200.npy
10201,PASTISFresh/DATA_S2/S2_10201.npy,PASTISFresh/ANNOTATIONS/TARGET_10201.npy
10202,PASTISFresh/DATA_S2/S2_10202.npy,PASTISFresh/ANNOTATIONS/TARGET_10202.npy
10203,PASTISFresh/DATA_S2/S2_10203.npy,PASTISFresh/ANNOTATIONS/TARGET_10203.npy
10205,PASTISFresh/DATA_S2/S2_10205.npy,PASTISFresh/ANNOTATIONS/TARGET_10205.npy
10206,PASTISFresh/DATA_S2/S2_10206.npy,PASTISFresh/ANNOTATIONS/TARGET_10206.npy
10207,PASTISFresh/DATA_S2/S2_10207.npy,PASTISFresh/ANNOTATIONS/TARGET_10207.npy
10209,PASTISFresh/DATA_S2/S2_10209.npy,PASTISFresh/ANNOTATIONS/TARGET_10209.npy
10210,PASTISFresh/DATA_S2/S2_10210.npy,PASTISFresh/ANNOTATIONS/TARGET_10210.npy
10211,PASTISFresh/DATA_S2/S2_10211.npy,PASTISFresh/ANNOTATIONS/TARGET_10211.npy
10212,PASTISFresh/DATA_S2/S2_10212.npy,PASTISFresh/ANNOTATIONS/TARGET_10212.npy
10213,PASTISFresh/DATA_S2/S2_10213.npy,PASTISFresh/ANNOTATIONS/TARGET_10213.npy
10215,PASTISFresh/DATA_S2/S2_10215.npy,PASTISFresh/ANNOTATIONS/TARGET_10215.npy
10216,PASTISFresh/DATA_S2/S2_10216.npy,PASTISFresh/ANNOTATIONS/TARGET_10216.npy
10218,PASTISFresh/DATA_S2/S2_10218.npy,PASTISFresh/ANNOTATIONS/TARGET_10218.npy
10220,PASTISFresh/DATA_S2/S2_10220.npy,PASTISFresh/ANNOTATIONS/TARGET_10220.npy
10221,PASTISFresh/DATA_S2/S2_10221.npy,PASTISFresh/ANNOTATIONS/TARGET_10221.npy
10222,PASTISFresh/DATA_S2/S2_10222.npy,PASTISFresh/ANNOTATIONS/TARGET_10222.npy
10224,PASTISFresh/DATA_S2/S2_10224.npy,PASTISFresh/ANNOTATIONS/TARGET_10224.npy
10225,PASTISFresh/DATA_S2/S2_10225.npy,PASTISFresh/ANNOTATIONS/TARGET_10225.npy
10227,PASTISFresh/DATA_S2/S2_10227.npy,PASTISFresh/ANNOTATIONS/TARGET_10227.npy
10229,PASTISFresh/DATA_S2/S2_10229.npy,PASTISFresh/ANNOTATIONS/TARGET_10229.npy
10230,PASTISFresh/DATA_S2/S2_10230.npy,PASTISFresh/ANNOTATIONS/TARGET_10230.npy
10232,PASTISFresh/DATA_S2/S2_10232.npy,PASTISFresh/ANNOTATIONS/TARGET_10232.npy
10233,PASTISFresh/DATA_S2/S2_10233.npy,PASTISFresh/ANNOTATIONS/TARGET_10233.npy
10237,PASTISFresh/DATA_S2/S2_10237.npy,PASTISFresh/ANNOTATIONS/TARGET_10237.npy
10238,PASTISFresh/DATA_S2/S2_10238.npy,PASTISFresh/ANNOTATIONS/TARGET_10238.npy
10239,PASTISFresh/DATA_S2/S2_10239.npy,PASTISFresh/ANNOTATIONS/TARGET_10239.npy
10240,PASTISFresh/DATA_S2/S2_10240.npy,PASTISFresh/ANNOTATIONS/TARGET_10240.npy
10242,PASTISFresh/DATA_S2/S2_10242.npy,PASTISFresh/ANNOTATIONS/TARGET_10242.npy
10243,PASTISFresh/DATA_S2/S2_10243.npy,PASTISFresh/ANNOTATIONS/TARGET_10243.npy
10246,PASTISFresh/DATA_S2/S2_10246.npy,PASTISFresh/ANNOTATIONS/TARGET_10246.npy
10247,PASTISFresh/DATA_S2/S2_10247.npy,PASTISFresh/ANNOTATIONS/TARGET_10247.npy
10249,PASTISFresh/DATA_S2/S2_10249.npy,PASTISFresh/ANNOTATIONS/TARGET_10249.npy
10250,PASTISFresh/DATA_S2/S2_10250.npy,PASTISFresh/ANNOTATIONS/TARGET_10250.npy
10251,PASTISFresh/DATA_S2/S2_10251.npy,PASTISFresh/ANNOTATIONS/TARGET_10251.npy
10252,PASTISFresh/DATA_S2/S2_10252.npy,PASTISFresh/ANNOTATIONS/TARGET_10252.npy
10255,PASTISFresh/DATA_S2/S2_10255.npy,PASTISFresh/ANNOTATIONS/TARGET_10255.npy
10258,PASTISFresh/DATA_S2/S2_10258.npy,PASTISFresh/ANNOTATIONS/TARGET_10258.npy
10259,PASTISFresh/DATA_S2/S2_10259.npy,PASTISFresh/ANNOTATIONS/TARGET_10259.npy
10260,PASTISFresh/DATA_S2/S2_10260.npy,PASTISFresh/ANNOTATIONS/TARGET_10260.npy
10262,PASTISFresh/DATA_S2/S2_10262.npy,PASTISFresh/ANNOTATIONS/TARGET_10262.npy
10266,PASTISFresh/DATA_S2/S2_10266.npy,PASTISFresh/ANNOTATIONS/TARGET_10266.npy
10267,PASTISFresh/DATA_S2/S2_10267.npy,PASTISFresh/ANNOTATIONS/TARGET_10267.npy
10268,PASTISFresh/DATA_S2/S2_10268.npy,PASTISFresh/ANNOTATIONS/TARGET_10268.npy
10269,PASTISFresh/DATA_S2/S2_10269.npy,PASTISFresh/ANNOTATIONS/TARGET_10269.npy
10270,PASTISFresh/DATA_S2/S2_10270.npy,PASTISFresh/ANNOTATIONS/TARGET_10270.npy
10275,PASTISFresh/DATA_S2/S2_10275.npy,PASTISFresh/ANNOTATIONS/TARGET_10275.npy
10277,PASTISFresh/DATA_S2/S2_10277.npy,PASTISFresh/ANNOTATIONS/TARGET_10277.npy
10279,PASTISFresh/DATA_S2/S2_10279.npy,PASTISFresh/ANNOTATIONS/TARGET_10279.npy
10280,PASTISFresh/DATA_S2/S2_10280.npy,PASTISFresh/ANNOTATIONS/TARGET_10280.npy
10281,PASTISFresh/DATA_S2/S2_10281.npy,PASTISFresh/ANNOTATIONS/TARGET_10281.npy
10282,PASTISFresh/DATA_S2/S2_10282.npy,PASTISFresh/ANNOTATIONS/TARGET_10282.npy
10283,PASTISFresh/DATA_S2/S2_10283.npy,PASTISFresh/ANNOTATIONS/TARGET_10283.npy
10284,PASTISFresh/DATA_S2/S2_10284.npy,PASTISFresh/ANNOTATIONS/TARGET_10284.npy
10285,PASTISFresh/DATA_S2/S2_10285.npy,PASTISFresh/ANNOTATIONS/TARGET_10285.npy
10289,PASTISFresh/DATA_S2/S2_10289.npy,PASTISFresh/ANNOTATIONS/TARGET_10289.npy
10291,PASTISFresh/DATA_S2/S2_10291.npy,PASTISFresh/ANNOTATIONS/TARGET_10291.npy
10292,PASTISFresh/DATA_S2/S2_10292.npy,PASTISFresh/ANNOTATIONS/TARGET_10292.npy
10294,PASTISFresh/DATA_S2/S2_10294.npy,PASTISFresh/ANNOTATIONS/TARGET_10294.npy
10295,PASTISFresh/DATA_S2/S2_10295.npy,PASTISFresh/ANNOTATIONS/TARGET_10295.npy
10297,PASTISFresh/DATA_S2/S2_10297.npy,PASTISFresh/ANNOTATIONS/TARGET_10297.npy
10298,PASTISFresh/DATA_S2/S2_10298.npy,PASTISFresh/ANNOTATIONS/TARGET_10298.npy
10300,PASTISFresh/DATA_S2/S2_10300.npy,PASTISFresh/ANNOTATIONS/TARGET_10300.npy
10304,PASTISFresh/DATA_S2/S2_10304.npy,PASTISFresh/ANNOTATIONS/TARGET_10304.npy
10305,PASTISFresh/DATA_S2/S2_10305.npy,PASTISFresh/ANNOTATIONS/TARGET_10305.npy
10306,PASTISFresh/DATA_S2/S2_10306.npy,PASTISFresh/ANNOTATIONS/TARGET_10306.npy
10307,PASTISFresh/DATA_S2/S2_10307.npy,PASTISFresh/ANNOTATIONS/TARGET_10307.npy
10308,PASTISFresh/DATA_S2/S2_10308.npy,PASTISFresh/ANNOTATIONS/TARGET_10308.npy
10309,PASTISFresh/DATA_S2/S2_10309.npy,PASTISFresh/ANNOTATIONS/TARGET_10309.npy
10310,PASTISFresh/DATA_S2/S2_10310.npy,PASTISFresh/ANNOTATIONS/TARGET_10310.npy
10311,PASTISFresh/DATA_S2/S2_10311.npy,PASTISFresh/ANNOTATIONS/TARGET_10311.npy
10313,PASTISFresh/DATA_S2/S2_10313.npy,PASTISFresh/ANNOTATIONS/TARGET_10313.npy
10314,PASTISFresh/DATA_S2/S2_10314.npy,PASTISFresh/ANNOTATIONS/TARGET_10314.npy
10319,PASTISFresh/DATA_S2/S2_10319.npy,PASTISFresh/ANNOTATIONS/TARGET_10319.npy
10320,PASTISFresh/DATA_S2/S2_10320.npy,PASTISFresh/ANNOTATIONS/TARGET_10320.npy
10321,PASTISFresh/DATA_S2/S2_10321.npy,PASTISFresh/ANNOTATIONS/TARGET_10321.npy
10322,PASTISFresh/DATA_S2/S2_10322.npy,PASTISFresh/ANNOTATIONS/TARGET_10322.npy
10323,PASTISFresh/DATA_S2/S2_10323.npy,PASTISFresh/ANNOTATIONS/TARGET_10323.npy
10324,PASTISFresh/DATA_S2/S2_10324.npy,PASTISFresh/ANNOTATIONS/TARGET_10324.npy
10325,PASTISFresh/DATA_S2/S2_10325.npy,PASTISFresh/ANNOTATIONS/TARGET_10325.npy
10326,PASTISFresh/DATA_S2/S2_10326.npy,PASTISFresh/ANNOTATIONS/TARGET_10326.npy
10327,PASTISFresh/DATA_S2/S2_10327.npy,PASTISFresh/ANNOTATIONS/TARGET_10327.npy
10329,PASTISFresh/DATA_S2/S2_10329.npy,PASTISFresh/ANNOTATIONS/TARGET_10329.npy
10331,PASTISFresh/DATA_S2/S2_10331.npy,PASTISFresh/ANNOTATIONS/TARGET_10331.npy
10332,PASTISFresh/DATA_S2/S2_10332.npy,PASTISFresh/ANNOTATIONS/TARGET_10332.npy
10333,PASTISFresh/DATA_S2/S2_10333.npy,PASTISFresh/ANNOTATIONS/TARGET_10333.npy
10334,PASTISFresh/DATA_S2/S2_10334.npy,PASTISFresh/ANNOTATIONS/TARGET_10334.npy
10336,PASTISFresh/DATA_S2/S2_10336.npy,PASTISFresh/ANNOTATIONS/TARGET_10336.npy
10337,PASTISFresh/DATA_S2/S2_10337.npy,PASTISFresh/ANNOTATIONS/TARGET_10337.npy
10340,PASTISFresh/DATA_S2/S2_10340.npy,PASTISFresh/ANNOTATIONS/TARGET_10340.npy
10341,PASTISFresh/DATA_S2/S2_10341.npy,PASTISFresh/ANNOTATIONS/TARGET_10341.npy
10345,PASTISFresh/DATA_S2/S2_10345.npy,PASTISFresh/ANNOTATIONS/TARGET_10345.npy
10346,PASTISFresh/DATA_S2/S2_10346.npy,PASTISFresh/ANNOTATIONS/TARGET_10346.npy
10347,PASTISFresh/DATA_S2/S2_10347.npy,PASTISFresh/ANNOTATIONS/TARGET_10347.npy
10348,PASTISFresh/DATA_S2/S2_10348.npy,PASTISFresh/ANNOTATIONS/TARGET_10348.npy
10353,PASTISFresh/DATA_S2/S2_10353.npy,PASTISFresh/ANNOTATIONS/TARGET_10353.npy
10354,PASTISFresh/DATA_S2/S2_10354.npy,PASTISFresh/ANNOTATIONS/TARGET_10354.npy
10355,PASTISFresh/DATA_S2/S2_10355.npy,PASTISFresh/ANNOTATIONS/TARGET_10355.npy
10359,PASTISFresh/DATA_S2/S2_10359.npy,PASTISFresh/ANNOTATIONS/TARGET_10359.npy
10360,PASTISFresh/DATA_S2/S2_10360.npy,PASTISFresh/ANNOTATIONS/TARGET_10360.npy
10361,PASTISFresh/DATA_S2/S2_10361.npy,PASTISFresh/ANNOTATIONS/TARGET_10361.npy
10362,PASTISFresh/DATA_S2/S2_10362.npy,PASTISFresh/ANNOTATIONS/TARGET_10362.npy
10363,PASTISFresh/DATA_S2/S2_10363.npy,PASTISFresh/ANNOTATIONS/TARGET_10363.npy
10366,PASTISFresh/DATA_S2/S2_10366.npy,PASTISFresh/ANNOTATIONS/TARGET_10366.npy
10367,PASTISFresh/DATA_S2/S2_10367.npy,PASTISFresh/ANNOTATIONS/TARGET_10367.npy
10370,PASTISFresh/DATA_S2/S2_10370.npy,PASTISFresh/ANNOTATIONS/TARGET_10370.npy
10372,PASTISFresh/DATA_S2/S2_10372.npy,PASTISFresh/ANNOTATIONS/TARGET_10372.npy
10373,PASTISFresh/DATA_S2/S2_10373.npy,PASTISFresh/ANNOTATIONS/TARGET_10373.npy
10374,PASTISFresh/DATA_S2/S2_10374.npy,PASTISFresh/ANNOTATIONS/TARGET_10374.npy
10375,PASTISFresh/DATA_S2/S2_10375.npy,PASTISFresh/ANNOTATIONS/TARGET_10375.npy
10376,PASTISFresh/DATA_S2/S2_10376.npy,PASTISFresh/ANNOTATIONS/TARGET_10376.npy
10377,PASTISFresh/DATA_S2/S2_10377.npy,PASTISFresh/ANNOTATIONS/TARGET_10377.npy
10378,PASTISFresh/DATA_S2/S2_10378.npy,PASTISFresh/ANNOTATIONS/TARGET_10378.npy
10381,PASTISFresh/DATA_S2/S2_10381.npy,PASTISFresh/ANNOTATIONS/TARGET_10381.npy
10382,PASTISFresh/DATA_S2/S2_10382.npy,PASTISFresh/ANNOTATIONS/TARGET_10382.npy
10383,PASTISFresh/DATA_S2/S2_10383.npy,PASTISFresh/ANNOTATIONS/TARGET_10383.npy
10384,PASTISFresh/DATA_S2/S2_10384.npy,PASTISFresh/ANNOTATIONS/TARGET_10384.npy
10389,PASTISFresh/DATA_S2/S2_10389.npy,PASTISFresh/ANNOTATIONS/TARGET_10389.npy
10390,PASTISFresh/DATA_S2/S2_10390.npy,PASTISFresh/ANNOTATIONS/TARGET_10390.npy
10392,PASTISFresh/DATA_S2/S2_10392.npy,PASTISFresh/ANNOTATIONS/TARGET_10392.npy
10393,PASTISFresh/DATA_S2/S2_10393.npy,PASTISFresh/ANNOTATIONS/TARGET_10393.npy
10394,PASTISFresh/DATA_S2/S2_10394.npy,PASTISFresh/ANNOTATIONS/TARGET_10394.npy
10395,PASTISFresh/DATA_S2/S2_10395.npy,PASTISFresh/ANNOTATIONS/TARGET_10395.npy
10398,PASTISFresh/DATA_S2/S2_10398.npy,PASTISFresh/ANNOTATIONS/TARGET_10398.npy
10399,PASTISFresh/DATA_S2/S2_10399.npy,PASTISFresh/ANNOTATIONS/TARGET_10399.npy
10401,PASTISFresh/DATA_S2/S2_10401.npy,PASTISFresh/ANNOTATIONS/TARGET_10401.npy
10402,PASTISFresh/DATA_S2/S2_10402.npy,PASTISFresh/ANNOTATIONS/TARGET_10402.npy
10403,PASTISFresh/DATA_S2/S2_10403.npy,PASTISFresh/ANNOTATIONS/TARGET_10403.npy
10407,PASTISFresh/DATA_S2/S2_10407.npy,PASTISFresh/ANNOTATIONS/TARGET_10407.npy
10409,PASTISFresh/DATA_S2/S2_10409.npy,PASTISFresh/ANNOTATIONS/TARGET_10409.npy
10412,PASTISFresh/DATA_S2/S2_10412.npy,PASTISFresh/ANNOTATIONS/TARGET_10412.npy
10413,PASTISFresh/DATA_S2/S2_10413.npy,PASTISFresh/ANNOTATIONS/TARGET_10413.npy
10416,PASTISFresh/DATA_S2/S2_10416.npy,PASTISFresh/ANNOTATIONS/TARGET_10416.npy
10422,PASTISFresh/DATA_S2/S2_10422.npy,PASTISFresh/ANNOTATIONS/TARGET_10422.npy
10425,PASTISFresh/DATA_S2/S2_10425.npy,PASTISFresh/ANNOTATIONS/TARGET_10425.npy
10426,PASTISFresh/DATA_S2/S2_10426.npy,PASTISFresh/ANNOTATIONS/TARGET_10426.npy
10428,PASTISFresh/DATA_S2/S2_10428.npy,PASTISFresh/ANNOTATIONS/TARGET_10428.npy
10430,PASTISFresh/DATA_S2/S2_10430.npy,PASTISFresh/ANNOTATIONS/TARGET_10430.npy
10431,PASTISFresh/DATA_S2/S2_10431.npy,PASTISFresh/ANNOTATIONS/TARGET_10431.npy
10435,PASTISFresh/DATA_S2/S2_10435.npy,PASTISFresh/ANNOTATIONS/TARGET_10435.npy
10436,PASTISFresh/DATA_S2/S2_10436.npy,PASTISFresh/ANNOTATIONS/TARGET_10436.npy
10438,PASTISFresh/DATA_S2/S2_10438.npy,PASTISFresh/ANNOTATIONS/TARGET_10438.npy
10439,PASTISFresh/DATA_S2/S2_10439.npy,PASTISFresh/ANNOTATIONS/TARGET_10439.npy
10441,PASTISFresh/DATA_S2/S2_10441.npy,PASTISFresh/ANNOTATIONS/TARGET_10441.npy
10442,PASTISFresh/DATA_S2/S2_10442.npy,PASTISFresh/ANNOTATIONS/TARGET_10442.npy
10443,PASTISFresh/DATA_S2/S2_10443.npy,PASTISFresh/ANNOTATIONS/TARGET_10443.npy
10444,PASTISFresh/DATA_S2/S2_10444.npy,PASTISFresh/ANNOTATIONS/TARGET_10444.npy
10447,PASTISFresh/DATA_S2/S2_10447.npy,PASTISFresh/ANNOTATIONS/TARGET_10447.npy
10448,PASTISFresh/DATA_S2/S2_10448.npy,PASTISFresh/ANNOTATIONS/TARGET_10448.npy
10449,PASTISFresh/DATA_S2/S2_10449.npy,PASTISFresh/ANNOTATIONS/TARGET_10449.npy
10450,PASTISFresh/DATA_S2/S2_10450.npy,PASTISFresh/ANNOTATIONS/TARGET_10450.npy
10451,PASTISFresh/DATA_S2/S2_10451.npy,PASTISFresh/ANNOTATIONS/TARGET_10451.npy
10453,PASTISFresh/DATA_S2/S2_10453.npy,PASTISFresh/ANNOTATIONS/TARGET_10453.npy
10454,PASTISFresh/DATA_S2/S2_10454.npy,PASTISFresh/ANNOTATIONS/TARGET_10454.npy
10455,PASTISFresh/DATA_S2/S2_10455.npy,PASTISFresh/ANNOTATIONS/TARGET_10455.npy
10456,PASTISFresh/DATA_S2/S2_10456.npy,PASTISFresh/ANNOTATIONS/TARGET_10456.npy
10457,PASTISFresh/DATA_S2/S2_10457.npy,PASTISFresh/ANNOTATIONS/TARGET_10457.npy
10459,PASTISFresh/DATA_S2/S2_10459.npy,PASTISFresh/ANNOTATIONS/TARGET_10459.npy
10460,PASTISFresh/DATA_S2/S2_10460.npy,PASTISFresh/ANNOTATIONS/TARGET_10460.npy
10461,PASTISFresh/DATA_S2/S2_10461.npy,PASTISFresh/ANNOTATIONS/TARGET_10461.npy
10462,PASTISFresh/DATA_S2/S2_10462.npy,PASTISFresh/ANNOTATIONS/TARGET_10462.npy
10468,PASTISFresh/DATA_S2/S2_10468.npy,PASTISFresh/ANNOTATIONS/TARGET_10468.npy
10471,PASTISFresh/DATA_S2/S2_10471.npy,PASTISFresh/ANNOTATIONS/TARGET_10471.npy
10472,PASTISFresh/DATA_S2/S2_10472.npy,PASTISFresh/ANNOTATIONS/TARGET_10472.npy
10473,PASTISFresh/DATA_S2/S2_10473.npy,PASTISFresh/ANNOTATIONS/TARGET_10473.npy
10476,PASTISFresh/DATA_S2/S2_10476.npy,PASTISFresh/ANNOTATIONS/TARGET_10476.npy
10477,PASTISFresh/DATA_S2/S2_10477.npy,PASTISFresh/ANNOTATIONS/TARGET_10477.npy
10480,PASTISFresh/DATA_S2/S2_10480.npy,PASTISFresh/ANNOTATIONS/TARGET_10480.npy
10481,PASTISFresh/DATA_S2/S2_10481.npy,PASTISFresh/ANNOTATIONS/TARGET_10481.npy
10485,PASTISFresh/DATA_S2/S2_10485.npy,PASTISFresh/ANNOTATIONS/TARGET_10485.npy
10486,PASTISFresh/DATA_S2/S2_10486.npy,PASTISFresh/ANNOTATIONS/TARGET_10486.npy
10487,PASTISFresh/DATA_S2/S2_10487.npy,PASTISFresh/ANNOTATIONS/TARGET_10487.npy
10488,PASTISFresh/DATA_S2/S2_10488.npy,PASTISFresh/ANNOTATIONS/TARGET_10488.npy
10490,PASTISFresh/DATA_S2/S2_10490.npy,PASTISFresh/ANNOTATIONS/TARGET_10490.npy
10491,PASTISFresh/DATA_S2/S2_10491.npy,PASTISFresh/ANNOTATIONS/TARGET_10491.npy
10493,PASTISFresh/DATA_S2/S2_10493.npy,PASTISFresh/ANNOTATIONS/TARGET_10493.npy
10497,PASTISFresh/DATA_S2/S2_10497.npy,PASTISFresh/ANNOTATIONS/TARGET_10497.npy
10501,PASTISFresh/DATA_S2/S2_10501.npy,PASTISFresh/ANNOTATIONS/TARGET_10501.npy
10502,PASTISFresh/DATA_S2/S2_10502.npy,PASTISFresh/ANNOTATIONS/TARGET_10502.npy
10503,PASTISFresh/DATA_S2/S2_10503.npy,PASTISFresh/ANNOTATIONS/TARGET_10503.npy
10506,PASTISFresh/DATA_S2/S2_10506.npy,PASTISFresh/ANNOTATIONS/TARGET_10506.npy
10508,PASTISFresh/DATA_S2/S2_10508.npy,PASTISFresh/ANNOTATIONS/TARGET_10508.npy
10509,PASTISFresh/DATA_S2/S2_10509.npy,PASTISFresh/ANNOTATIONS/TARGET_10509.npy
10510,PASTISFresh/DATA_S2/S2_10510.npy,PASTISFresh/ANNOTATIONS/TARGET_10510.npy
10511,PASTISFresh/DATA_S2/S2_10511.npy,PASTISFresh/ANNOTATIONS/TARGET_10511.npy
10513,PASTISFresh/DATA_S2/S2_10513.npy,PASTISFresh/ANNOTATIONS/TARGET_10513.npy
10514,PASTISFresh/DATA_S2/S2_10514.npy,PASTISFresh/ANNOTATIONS/TARGET_10514.npy
10515,PASTISFresh/DATA_S2/S2_10515.npy,PASTISFresh/ANNOTATIONS/TARGET_10515.npy
10517,PASTISFresh/DATA_S2/S2_10517.npy,PASTISFresh/ANNOTATIONS/TARGET_10517.npy
10519,PASTISFresh/DATA_S2/S2_10519.npy,PASTISFresh/ANNOTATIONS/TARGET_10519.npy
10520,PASTISFresh/DATA_S2/S2_10520.npy,PASTISFresh/ANNOTATIONS/TARGET_10520.npy
10526,PASTISFresh/DATA_S2/S2_10526.npy,PASTISFresh/ANNOTATIONS/TARGET_10526.npy
10527,PASTISFresh/DATA_S2/S2_10527.npy,PASTISFresh/ANNOTATIONS/TARGET_10527.npy
10528,PASTISFresh/DATA_S2/S2_10528.npy,PASTISFresh/ANNOTATIONS/TARGET_10528.npy
10529,PASTISFresh/DATA_S2/S2_10529.npy,PASTISFresh/ANNOTATIONS/TARGET_10529.npy
10530,PASTISFresh/DATA_S2/S2_10530.npy,PASTISFresh/ANNOTATIONS/TARGET_10530.npy
10531,PASTISFresh/DATA_S2/S2_10531.npy,PASTISFresh/ANNOTATIONS/TARGET_10531.npy
10532,PASTISFresh/DATA_S2/S2_10532.npy,PASTISFresh/ANNOTATIONS/TARGET_10532.npy
10535,PASTISFresh/DATA_S2/S2_10535.npy,PASTISFresh/ANNOTATIONS/TARGET_10535.npy
10536,PASTISFresh/DATA_S2/S2_10536.npy,PASTISFresh/ANNOTATIONS/TARGET_10536.npy
20000,PASTISFresh/DATA_S2/S2_20000.npy,PASTISFresh/ANNOTATIONS/TARGET_20000.npy
20004,PASTISFresh/DATA_S2/S2_20004.npy,PASTISFresh/ANNOTATIONS/TARGET_20004.npy
20005,PASTISFresh/DATA_S2/S2_20005.npy,PASTISFresh/ANNOTATIONS/TARGET_20005.npy
20009,PASTISFresh/DATA_S2/S2_20009.npy,PASTISFresh/ANNOTATIONS/TARGET_20009.npy
20011,PASTISFresh/DATA_S2/S2_20011.npy,PASTISFresh/ANNOTATIONS/TARGET_20011.npy
20012,PASTISFresh/DATA_S2/S2_20012.npy,PASTISFresh/ANNOTATIONS/TARGET_20012.npy
20017,PASTISFresh/DATA_S2/S2_20017.npy,PASTISFresh/ANNOTATIONS/TARGET_20017.npy
20018,PASTISFresh/DATA_S2/S2_20018.npy,PASTISFresh/ANNOTATIONS/TARGET_20018.npy
20019,PASTISFresh/DATA_S2/S2_20019.npy,PASTISFresh/ANNOTATIONS/TARGET_20019.npy
20020,PASTISFresh/DATA_S2/S2_20020.npy,PASTISFresh/ANNOTATIONS/TARGET_20020.npy
20021,PASTISFresh/DATA_S2/S2_20021.npy,PASTISFresh/ANNOTATIONS/TARGET_20021.npy
20022,PASTISFresh/DATA_S2/S2_20022.npy,PASTISFresh/ANNOTATIONS/TARGET_20022.npy
20023,PASTISFresh/DATA_S2/S2_20023.npy,PASTISFresh/ANNOTATIONS/TARGET_20023.npy
20024,PASTISFresh/DATA_S2/S2_20024.npy,PASTISFresh/ANNOTATIONS/TARGET_20024.npy
20026,PASTISFresh/DATA_S2/S2_20026.npy,PASTISFresh/ANNOTATIONS/TARGET_20026.npy
20027,PASTISFresh/DATA_S2/S2_20027.npy,PASTISFresh/ANNOTATIONS/TARGET_20027.npy
20028,PASTISFresh/DATA_S2/S2_20028.npy,PASTISFresh/ANNOTATIONS/TARGET_20028.npy
20029,PASTISFresh/DATA_S2/S2_20029.npy,PASTISFresh/ANNOTATIONS/TARGET_20029.npy
20031,PASTISFresh/DATA_S2/S2_20031.npy,PASTISFresh/ANNOTATIONS/TARGET_20031.npy
20033,PASTISFresh/DATA_S2/S2_20033.npy,PASTISFresh/ANNOTATIONS/TARGET_20033.npy
20034,PASTISFresh/DATA_S2/S2_20034.npy,PASTISFresh/ANNOTATIONS/TARGET_20034.npy
20038,PASTISFresh/DATA_S2/S2_20038.npy,PASTISFresh/ANNOTATIONS/TARGET_20038.npy
20039,PASTISFresh/DATA_S2/S2_20039.npy,PASTISFresh/ANNOTATIONS/TARGET_20039.npy
20042,PASTISFresh/DATA_S2/S2_20042.npy,PASTISFresh/ANNOTATIONS/TARGET_20042.npy
20045,PASTISFresh/DATA_S2/S2_20045.npy,PASTISFresh/ANNOTATIONS/TARGET_20045.npy
20047,PASTISFresh/DATA_S2/S2_20047.npy,PASTISFresh/ANNOTATIONS/TARGET_20047.npy
20048,PASTISFresh/DATA_S2/S2_20048.npy,PASTISFresh/ANNOTATIONS/TARGET_20048.npy
20052,PASTISFresh/DATA_S2/S2_20052.npy,PASTISFresh/ANNOTATIONS/TARGET_20052.npy
20053,PASTISFresh/DATA_S2/S2_20053.npy,PASTISFresh/ANNOTATIONS/TARGET_20053.npy
20054,PASTISFresh/DATA_S2/S2_20054.npy,PASTISFresh/ANNOTATIONS/TARGET_20054.npy
20058,PASTISFresh/DATA_S2/S2_20058.npy,PASTISFresh/ANNOTATIONS/TARGET_20058.npy
20060,PASTISFresh/DATA_S2/S2_20060.npy,PASTISFresh/ANNOTATIONS/TARGET_20060.npy
20061,PASTISFresh/DATA_S2/S2_20061.npy,PASTISFresh/ANNOTATIONS/TARGET_20061.npy
20062,PASTISFresh/DATA_S2/S2_20062.npy,PASTISFresh/ANNOTATIONS/TARGET_20062.npy
20063,PASTISFresh/DATA_S2/S2_20063.npy,PASTISFresh/ANNOTATIONS/TARGET_20063.npy
20064,PASTISFresh/DATA_S2/S2_20064.npy,PASTISFresh/ANNOTATIONS/TARGET_20064.npy
20066,PASTISFresh/DATA_S2/S2_20066.npy,PASTISFresh/ANNOTATIONS/TARGET_20066.npy
20067,PASTISFresh/DATA_S2/S2_20067.npy,PASTISFresh/ANNOTATIONS/TARGET_20067.npy
20068,PASTISFresh/DATA_S2/S2_20068.npy,PASTISFresh/ANNOTATIONS/TARGET_20068.npy
20069,PASTISFresh/DATA_S2/S2_20069.npy,PASTISFresh/ANNOTATIONS/TARGET_20069.npy
20070,PASTISFresh/DATA_S2/S2_20070.npy,PASTISFresh/ANNOTATIONS/TARGET_20070.npy
20071,PASTISFresh/DATA_S2/S2_20071.npy,PASTISFresh/ANNOTATIONS/TARGET_20071.npy
20076,PASTISFresh/DATA_S2/S2_20076.npy,PASTISFresh/ANNOTATIONS/TARGET_20076.npy
20077,PASTISFresh/DATA_S2/S2_20077.npy,PASTISFresh/ANNOTATIONS/TARGET_20077.npy
20078,PASTISFresh/DATA_S2/S2_20078.npy,PASTISFresh/ANNOTATIONS/TARGET_20078.npy
20080,PASTISFresh/DATA_S2/S2_20080.npy,PASTISFresh/ANNOTATIONS/TARGET_20080.npy
20081,PASTISFresh/DATA_S2/S2_20081.npy,PASTISFresh/ANNOTATIONS/TARGET_20081.npy
20084,PASTISFresh/DATA_S2/S2_20084.npy,PASTISFresh/ANNOTATIONS/TARGET_20084.npy
20085,PASTISFresh/DATA_S2/S2_20085.npy,PASTISFresh/ANNOTATIONS/TARGET_20085.npy
20087,PASTISFresh/DATA_S2/S2_20087.npy,PASTISFresh/ANNOTATIONS/TARGET_20087.npy
20089,PASTISFresh/DATA_S2/S2_20089.npy,PASTISFresh/ANNOTATIONS/TARGET_20089.npy
20091,PASTISFresh/DATA_S2/S2_20091.npy,PASTISFresh/ANNOTATIONS/TARGET_20091.npy
20094,PASTISFresh/DATA_S2/S2_20094.npy,PASTISFresh/ANNOTATIONS/TARGET_20094.npy
20097,PASTISFresh/DATA_S2/S2_20097.npy,PASTISFresh/ANNOTATIONS/TARGET_20097.npy
20098,PASTISFresh/DATA_S2/S2_20098.npy,PASTISFresh/ANNOTATIONS/TARGET_20098.npy
20099,PASTISFresh/DATA_S2/S2_20099.npy,PASTISFresh/ANNOTATIONS/TARGET_20099.npy
20100,PASTISFresh/DATA_S2/S2_20100.npy,PASTISFresh/ANNOTATIONS/TARGET_20100.npy
20103,PASTISFresh/DATA_S2/S2_20103.npy,PASTISFresh/ANNOTATIONS/TARGET_20103.npy
20104,PASTISFresh/DATA_S2/S2_20104.npy,PASTISFresh/ANNOTATIONS/TARGET_20104.npy
20109,PASTISFresh/DATA_S2/S2_20109.npy,PASTISFresh/ANNOTATIONS/TARGET_20109.npy
20111,PASTISFresh/DATA_S2/S2_20111.npy,PASTISFresh/ANNOTATIONS/TARGET_20111.npy
20112,PASTISFresh/DATA_S2/S2_20112.npy,PASTISFresh/ANNOTATIONS/TARGET_20112.npy
20114,PASTISFresh/DATA_S2/S2_20114.npy,PASTISFresh/ANNOTATIONS/TARGET_20114.npy
20115,PASTISFresh/DATA_S2/S2_20115.npy,PASTISFresh/ANNOTATIONS/TARGET_20115.npy
20116,PASTISFresh/DATA_S2/S2_20116.npy,PASTISFresh/ANNOTATIONS/TARGET_20116.npy
20117,PASTISFresh/DATA_S2/S2_20117.npy,PASTISFresh/ANNOTATIONS/TARGET_20117.npy
20118,PASTISFresh/DATA_S2/S2_20118.npy,PASTISFresh/ANNOTATIONS/TARGET_20118.npy
20122,PASTISFresh/DATA_S2/S2_20122.npy,PASTISFresh/ANNOTATIONS/TARGET_20122.npy
20123,PASTISFresh/DATA_S2/S2_20123.npy,PASTISFresh/ANNOTATIONS/TARGET_20123.npy
20124,PASTISFresh/DATA_S2/S2_20124.npy,PASTISFresh/ANNOTATIONS/TARGET_20124.npy
20127,PASTISFresh/DATA_S2/S2_20127.npy,PASTISFresh/ANNOTATIONS/TARGET_20127.npy
20128,PASTISFresh/DATA_S2/S2_20128.npy,PASTISFresh/ANNOTATIONS/TARGET_20128.npy
20130,PASTISFresh/DATA_S2/S2_20130.npy,PASTISFresh/ANNOTATIONS/TARGET_20130.npy
20131,PASTISFresh/DATA_S2/S2_20131.npy,PASTISFresh/ANNOTATIONS/TARGET_20131.npy
20133,PASTISFresh/DATA_S2/S2_20133.npy,PASTISFresh/ANNOTATIONS/TARGET_20133.npy
20135,PASTISFresh/DATA_S2/S2_20135.npy,PASTISFresh/ANNOTATIONS/TARGET_20135.npy
20136,PASTISFresh/DATA_S2/S2_20136.npy,PASTISFresh/ANNOTATIONS/TARGET_20136.npy
20137,PASTISFresh/DATA_S2/S2_20137.npy,PASTISFresh/ANNOTATIONS/TARGET_20137.npy
20139,PASTISFresh/DATA_S2/S2_20139.npy,PASTISFresh/ANNOTATIONS/TARGET_20139.npy
20141,PASTISFresh/DATA_S2/S2_20141.npy,PASTISFresh/ANNOTATIONS/TARGET_20141.npy
20142,PASTISFresh/DATA_S2/S2_20142.npy,PASTISFresh/ANNOTATIONS/TARGET_20142.npy
20145,PASTISFresh/DATA_S2/S2_20145.npy,PASTISFresh/ANNOTATIONS/TARGET_20145.npy
20146,PASTISFresh/DATA_S2/S2_20146.npy,PASTISFresh/ANNOTATIONS/TARGET_20146.npy
20147,PASTISFresh/DATA_S2/S2_20147.npy,PASTISFresh/ANNOTATIONS/TARGET_20147.npy
20148,PASTISFresh/DATA_S2/S2_20148.npy,PASTISFresh/ANNOTATIONS/TARGET_20148.npy
20149,PASTISFresh/DATA_S2/S2_20149.npy,PASTISFresh/ANNOTATIONS/TARGET_20149.npy
20151,PASTISFresh/DATA_S2/S2_20151.npy,PASTISFresh/ANNOTATIONS/TARGET_20151.npy
20153,PASTISFresh/DATA_S2/S2_20153.npy,PASTISFresh/ANNOTATIONS/TARGET_20153.npy
20154,PASTISFresh/DATA_S2/S2_20154.npy,PASTISFresh/ANNOTATIONS/TARGET_20154.npy
20155,PASTISFresh/DATA_S2/S2_20155.npy,PASTISFresh/ANNOTATIONS/TARGET_20155.npy
20159,PASTISFresh/DATA_S2/S2_20159.npy,PASTISFresh/ANNOTATIONS/TARGET_20159.npy
20160,PASTISFresh/DATA_S2/S2_20160.npy,PASTISFresh/ANNOTATIONS/TARGET_20160.npy
20163,PASTISFresh/DATA_S2/S2_20163.npy,PASTISFresh/ANNOTATIONS/TARGET_20163.npy
20164,PASTISFresh/DATA_S2/S2_20164.npy,PASTISFresh/ANNOTATIONS/TARGET_20164.npy
20165,PASTISFresh/DATA_S2/S2_20165.npy,PASTISFresh/ANNOTATIONS/TARGET_20165.npy
20166,PASTISFresh/DATA_S2/S2_20166.npy,PASTISFresh/ANNOTATIONS/TARGET_20166.npy
20167,PASTISFresh/DATA_S2/S2_20167.npy,PASTISFresh/ANNOTATIONS/TARGET_20167.npy
20168,PASTISFresh/DATA_S2/S2_20168.npy,PASTISFresh/ANNOTATIONS/TARGET_20168.npy
20172,PASTISFresh/DATA_S2/S2_20172.npy,PASTISFresh/ANNOTATIONS/TARGET_20172.npy
20174,PASTISFresh/DATA_S2/S2_20174.npy,PASTISFresh/ANNOTATIONS/TARGET_20174.npy
20176,PASTISFresh/DATA_S2/S2_20176.npy,PASTISFresh/ANNOTATIONS/TARGET_20176.npy
20180,PASTISFresh/DATA_S2/S2_20180.npy,PASTISFresh/ANNOTATIONS/TARGET_20180.npy
20181,PASTISFresh/DATA_S2/S2_20181.npy,PASTISFresh/ANNOTATIONS/TARGET_20181.npy
20182,PASTISFresh/DATA_S2/S2_20182.npy,PASTISFresh/ANNOTATIONS/TARGET_20182.npy
20183,PASTISFresh/DATA_S2/S2_20183.npy,PASTISFresh/ANNOTATIONS/TARGET_20183.npy
20184,PASTISFresh/DATA_S2/S2_20184.npy,PASTISFresh/ANNOTATIONS/TARGET_20184.npy
20188,PASTISFresh/DATA_S2/S2_20188.npy,PASTISFresh/ANNOTATIONS/TARGET_20188.npy
20189,PASTISFresh/DATA_S2/S2_20189.npy,PASTISFresh/ANNOTATIONS/TARGET_20189.npy
20190,PASTISFresh/DATA_S2/S2_20190.npy,PASTISFresh/ANNOTATIONS/TARGET_20190.npy
20192,PASTISFresh/DATA_S2/S2_20192.npy,PASTISFresh/ANNOTATIONS/TARGET_20192.npy
20193,PASTISFresh/DATA_S2/S2_20193.npy,PASTISFresh/ANNOTATIONS/TARGET_20193.npy
20194,PASTISFresh/DATA_S2/S2_20194.npy,PASTISFresh/ANNOTATIONS/TARGET_20194.npy
20195,PASTISFresh/DATA_S2/S2_20195.npy,PASTISFresh/ANNOTATIONS/TARGET_20195.npy
20199,PASTISFresh/DATA_S2/S2_20199.npy,PASTISFresh/ANNOTATIONS/TARGET_20199.npy
20201,PASTISFresh/DATA_S2/S2_20201.npy,PASTISFresh/ANNOTATIONS/TARGET_20201.npy
20202,PASTISFresh/DATA_S2/S2_20202.npy,PASTISFresh/ANNOTATIONS/TARGET_20202.npy
20203,PASTISFresh/DATA_S2/S2_20203.npy,PASTISFresh/ANNOTATIONS/TARGET_20203.npy
20205,PASTISFresh/DATA_S2/S2_20205.npy,PASTISFresh/ANNOTATIONS/TARGET_20205.npy
20206,PASTISFresh/DATA_S2/S2_20206.npy,PASTISFresh/ANNOTATIONS/TARGET_20206.npy
20207,PASTISFresh/DATA_S2/S2_20207.npy,PASTISFresh/ANNOTATIONS/TARGET_20207.npy
20210,PASTISFresh/DATA_S2/S2_20210.npy,PASTISFresh/ANNOTATIONS/TARGET_20210.npy
20212,PASTISFresh/DATA_S2/S2_20212.npy,PASTISFresh/ANNOTATIONS/TARGET_20212.npy
20213,PASTISFresh/DATA_S2/S2_20213.npy,PASTISFresh/ANNOTATIONS/TARGET_20213.npy
20214,PASTISFresh/DATA_S2/S2_20214.npy,PASTISFresh/ANNOTATIONS/TARGET_20214.npy
20217,PASTISFresh/DATA_S2/S2_20217.npy,PASTISFresh/ANNOTATIONS/TARGET_20217.npy
20218,PASTISFresh/DATA_S2/S2_20218.npy,PASTISFresh/ANNOTATIONS/TARGET_20218.npy
20219,PASTISFresh/DATA_S2/S2_20219.npy,PASTISFresh/ANNOTATIONS/TARGET_20219.npy
20220,PASTISFresh/DATA_S2/S2_20220.npy,PASTISFresh/ANNOTATIONS/TARGET_20220.npy
20222,PASTISFresh/DATA_S2/S2_20222.npy,PASTISFresh/ANNOTATIONS/TARGET_20222.npy
20223,PASTISFresh/DATA_S2/S2_20223.npy,PASTISFresh/ANNOTATIONS/TARGET_20223.npy
20224,PASTISFresh/DATA_S2/S2_20224.npy,PASTISFresh/ANNOTATIONS/TARGET_20224.npy
20225,PASTISFresh/DATA_S2/S2_20225.npy,PASTISFresh/ANNOTATIONS/TARGET_20225.npy
20227,PASTISFresh/DATA_S2/S2_20227.npy,PASTISFresh/ANNOTATIONS/TARGET_20227.npy
20229,PASTISFresh/DATA_S2/S2_20229.npy,PASTISFresh/ANNOTATIONS/TARGET_20229.npy
20231,PASTISFresh/DATA_S2/S2_20231.npy,PASTISFresh/ANNOTATIONS/TARGET_20231.npy
20232,PASTISFresh/DATA_S2/S2_20232.npy,PASTISFresh/ANNOTATIONS/TARGET_20232.npy
20235,PASTISFresh/DATA_S2/S2_20235.npy,PASTISFresh/ANNOTATIONS/TARGET_20235.npy
20238,PASTISFresh/DATA_S2/S2_20238.npy,PASTISFresh/ANNOTATIONS/TARGET_20238.npy
20240,PASTISFresh/DATA_S2/S2_20240.npy,PASTISFresh/ANNOTATIONS/TARGET_20240.npy
20241,PASTISFresh/DATA_S2/S2_20241.npy,PASTISFresh/ANNOTATIONS/TARGET_20241.npy
20242,PASTISFresh/DATA_S2/S2_20242.npy,PASTISFresh/ANNOTATIONS/TARGET_20242.npy
20243,PASTISFresh/DATA_S2/S2_20243.npy,PASTISFresh/ANNOTATIONS/TARGET_20243.npy
20244,PASTISFresh/DATA_S2/S2_20244.npy,PASTISFresh/ANNOTATIONS/TARGET_20244.npy
20245,PASTISFresh/DATA_S2/S2_20245.npy,PASTISFresh/ANNOTATIONS/TARGET_20245.npy
20247,PASTISFresh/DATA_S2/S2_20247.npy,PASTISFresh/ANNOTATIONS/TARGET_20247.npy
20248,PASTISFresh/DATA_S2/S2_20248.npy,PASTISFresh/ANNOTATIONS/TARGET_20248.npy
20249,PASTISFresh/DATA_S2/S2_20249.npy,PASTISFresh/ANNOTATIONS/TARGET_20249.npy
20251,PASTISFresh/DATA_S2/S2_20251.npy,PASTISFresh/ANNOTATIONS/TARGET_20251.npy
20252,PASTISFresh/DATA_S2/S2_20252.npy,PASTISFresh/ANNOTATIONS/TARGET_20252.npy
20253,PASTISFresh/DATA_S2/S2_20253.npy,PASTISFresh/ANNOTATIONS/TARGET_20253.npy
20254,PASTISFresh/DATA_S2/S2_20254.npy,PASTISFresh/ANNOTATIONS/TARGET_20254.npy
20255,PASTISFresh/DATA_S2/S2_20255.npy,PASTISFresh/ANNOTATIONS/TARGET_20255.npy
20256,PASTISFresh/DATA_S2/S2_20256.npy,PASTISFresh/ANNOTATIONS/TARGET_20256.npy
20257,PASTISFresh/DATA_S2/S2_20257.npy,PASTISFresh/ANNOTATIONS/TARGET_20257.npy
20259,PASTISFresh/DATA_S2/S2_20259.npy,PASTISFresh/ANNOTATIONS/TARGET_20259.npy
20262,PASTISFresh/DATA_S2/S2_20262.npy,PASTISFresh/ANNOTATIONS/TARGET_20262.npy
20263,PASTISFresh/DATA_S2/S2_20263.npy,PASTISFresh/ANNOTATIONS/TARGET_20263.npy
20265,PASTISFresh/DATA_S2/S2_20265.npy,PASTISFresh/ANNOTATIONS/TARGET_20265.npy
20270,PASTISFresh/DATA_S2/S2_20270.npy,PASTISFresh/ANNOTATIONS/TARGET_20270.npy
20271,PASTISFresh/DATA_S2/S2_20271.npy,PASTISFresh/ANNOTATIONS/TARGET_20271.npy
20272,PASTISFresh/DATA_S2/S2_20272.npy,PASTISFresh/ANNOTATIONS/TARGET_20272.npy
20274,PASTISFresh/DATA_S2/S2_20274.npy,PASTISFresh/ANNOTATIONS/TARGET_20274.npy
20276,PASTISFresh/DATA_S2/S2_20276.npy,PASTISFresh/ANNOTATIONS/TARGET_20276.npy
20277,PASTISFresh/DATA_S2/S2_20277.npy,PASTISFresh/ANNOTATIONS/TARGET_20277.npy
20278,PASTISFresh/DATA_S2/S2_20278.npy,PASTISFresh/ANNOTATIONS/TARGET_20278.npy
20280,PASTISFresh/DATA_S2/S2_20280.npy,PASTISFresh/ANNOTATIONS/TARGET_20280.npy
20281,PASTISFresh/DATA_S2/S2_20281.npy,PASTISFresh/ANNOTATIONS/TARGET_20281.npy
20282,PASTISFresh/DATA_S2/S2_20282.npy,PASTISFresh/ANNOTATIONS/TARGET_20282.npy
20283,PASTISFresh/DATA_S2/S2_20283.npy,PASTISFresh/ANNOTATIONS/TARGET_20283.npy
20284,PASTISFresh/DATA_S2/S2_20284.npy,PASTISFresh/ANNOTATIONS/TARGET_20284.npy
20285,PASTISFresh/DATA_S2/S2_20285.npy,PASTISFresh/ANNOTATIONS/TARGET_20285.npy
20286,PASTISFresh/DATA_S2/S2_20286.npy,PASTISFresh/ANNOTATIONS/TARGET_20286.npy
20287,PASTISFresh/DATA_S2/S2_20287.npy,PASTISFresh/ANNOTATIONS/TARGET_20287.npy
20288,PASTISFresh/DATA_S2/S2_20288.npy,PASTISFresh/ANNOTATIONS/TARGET_20288.npy
20290,PASTISFresh/DATA_S2/S2_20290.npy,PASTISFresh/ANNOTATIONS/TARGET_20290.npy
20291,PASTISFresh/DATA_S2/S2_20291.npy,PASTISFresh/ANNOTATIONS/TARGET_20291.npy
20292,PASTISFresh/DATA_S2/S2_20292.npy,PASTISFresh/ANNOTATIONS/TARGET_20292.npy
20295,PASTISFresh/DATA_S2/S2_20295.npy,PASTISFresh/ANNOTATIONS/TARGET_20295.npy
20297,PASTISFresh/DATA_S2/S2_20297.npy,PASTISFresh/ANNOTATIONS/TARGET_20297.npy
20298,PASTISFresh/DATA_S2/S2_20298.npy,PASTISFresh/ANNOTATIONS/TARGET_20298.npy
20299,PASTISFresh/DATA_S2/S2_20299.npy,PASTISFresh/ANNOTATIONS/TARGET_20299.npy
20301,PASTISFresh/DATA_S2/S2_20301.npy,PASTISFresh/ANNOTATIONS/TARGET_20301.npy
20302,PASTISFresh/DATA_S2/S2_20302.npy,PASTISFresh/ANNOTATIONS/TARGET_20302.npy
20303,PASTISFresh/DATA_S2/S2_20303.npy,PASTISFresh/ANNOTATIONS/TARGET_20303.npy
20304,PASTISFresh/DATA_S2/S2_20304.npy,PASTISFresh/ANNOTATIONS/TARGET_20304.npy
20305,PASTISFresh/DATA_S2/S2_20305.npy,PASTISFresh/ANNOTATIONS/TARGET_20305.npy
20307,PASTISFresh/DATA_S2/S2_20307.npy,PASTISFresh/ANNOTATIONS/TARGET_20307.npy
20310,PASTISFresh/DATA_S2/S2_20310.npy,PASTISFresh/ANNOTATIONS/TARGET_20310.npy
20311,PASTISFresh/DATA_S2/S2_20311.npy,PASTISFresh/ANNOTATIONS/TARGET_20311.npy
20312,PASTISFresh/DATA_S2/S2_20312.npy,PASTISFresh/ANNOTATIONS/TARGET_20312.npy
20313,PASTISFresh/DATA_S2/S2_20313.npy,PASTISFresh/ANNOTATIONS/TARGET_20313.npy
20314,PASTISFresh/DATA_S2/S2_20314.npy,PASTISFresh/ANNOTATIONS/TARGET_20314.npy
20315,PASTISFresh/DATA_S2/S2_20315.npy,PASTISFresh/ANNOTATIONS/TARGET_20315.npy
20318,PASTISFresh/DATA_S2/S2_20318.npy,PASTISFresh/ANNOTATIONS/TARGET_20318.npy
20319,PASTISFresh/DATA_S2/S2_20319.npy,PASTISFresh/ANNOTATIONS/TARGET_20319.npy
20320,PASTISFresh/DATA_S2/S2_20320.npy,PASTISFresh/ANNOTATIONS/TARGET_20320.npy
20321,PASTISFresh/DATA_S2/S2_20321.npy,PASTISFresh/ANNOTATIONS/TARGET_20321.npy
20322,PASTISFresh/DATA_S2/S2_20322.npy,PASTISFresh/ANNOTATIONS/TARGET_20322.npy
20325,PASTISFresh/DATA_S2/S2_20325.npy,PASTISFresh/ANNOTATIONS/TARGET_20325.npy
20326,PASTISFresh/DATA_S2/S2_20326.npy,PASTISFresh/ANNOTATIONS/TARGET_20326.npy
20330,PASTISFresh/DATA_S2/S2_20330.npy,PASTISFresh/ANNOTATIONS/TARGET_20330.npy
20332,PASTISFresh/DATA_S2/S2_20332.npy,PASTISFresh/ANNOTATIONS/TARGET_20332.npy
20334,PASTISFresh/DATA_S2/S2_20334.npy,PASTISFresh/ANNOTATIONS/TARGET_20334.npy
20336,PASTISFresh/DATA_S2/S2_20336.npy,PASTISFresh/ANNOTATIONS/TARGET_20336.npy
20338,PASTISFresh/DATA_S2/S2_20338.npy,PASTISFresh/ANNOTATIONS/TARGET_20338.npy
20340,PASTISFresh/DATA_S2/S2_20340.npy,PASTISFresh/ANNOTATIONS/TARGET_20340.npy
20342,PASTISFresh/DATA_S2/S2_20342.npy,PASTISFresh/ANNOTATIONS/TARGET_20342.npy
20343,PASTISFresh/DATA_S2/S2_20343.npy,PASTISFresh/ANNOTATIONS/TARGET_20343.npy
20344,PASTISFresh/DATA_S2/S2_20344.npy,PASTISFresh/ANNOTATIONS/TARGET_20344.npy
20345,PASTISFresh/DATA_S2/S2_20345.npy,PASTISFresh/ANNOTATIONS/TARGET_20345.npy
20346,PASTISFresh/DATA_S2/S2_20346.npy,PASTISFresh/ANNOTATIONS/TARGET_20346.npy
20347,PASTISFresh/DATA_S2/S2_20347.npy,PASTISFresh/ANNOTATIONS/TARGET_20347.npy
20349,PASTISFresh/DATA_S2/S2_20349.npy,PASTISFresh/ANNOTATIONS/TARGET_20349.npy
20350,PASTISFresh/DATA_S2/S2_20350.npy,PASTISFresh/ANNOTATIONS/TARGET_20350.npy
20351,PASTISFresh/DATA_S2/S2_20351.npy,PASTISFresh/ANNOTATIONS/TARGET_20351.npy
20353,PASTISFresh/DATA_S2/S2_20353.npy,PASTISFresh/ANNOTATIONS/TARGET_20353.npy
20354,PASTISFresh/DATA_S2/S2_20354.npy,PASTISFresh/ANNOTATIONS/TARGET_20354.npy
20356,PASTISFresh/DATA_S2/S2_20356.npy,PASTISFresh/ANNOTATIONS/TARGET_20356.npy
20358,PASTISFresh/DATA_S2/S2_20358.npy,PASTISFresh/ANNOTATIONS/TARGET_20358.npy
20359,PASTISFresh/DATA_S2/S2_20359.npy,PASTISFresh/ANNOTATIONS/TARGET_20359.npy
20361,PASTISFresh/DATA_S2/S2_20361.npy,PASTISFresh/ANNOTATIONS/TARGET_20361.npy
20362,PASTISFresh/DATA_S2/S2_20362.npy,PASTISFresh/ANNOTATIONS/TARGET_20362.npy
20364,PASTISFresh/DATA_S2/S2_20364.npy,PASTISFresh/ANNOTATIONS/TARGET_20364.npy
20367,PASTISFresh/DATA_S2/S2_20367.npy,PASTISFresh/ANNOTATIONS/TARGET_20367.npy
20369,PASTISFresh/DATA_S2/S2_20369.npy,PASTISFresh/ANNOTATIONS/TARGET_20369.npy
20373,PASTISFresh/DATA_S2/S2_20373.npy,PASTISFresh/ANNOTATIONS/TARGET_20373.npy
20378,PASTISFresh/DATA_S2/S2_20378.npy,PASTISFresh/ANNOTATIONS/TARGET_20378.npy
20380,PASTISFresh/DATA_S2/S2_20380.npy,PASTISFresh/ANNOTATIONS/TARGET_20380.npy
20384,PASTISFresh/DATA_S2/S2_20384.npy,PASTISFresh/ANNOTATIONS/TARGET_20384.npy
20385,PASTISFresh/DATA_S2/S2_20385.npy,PASTISFresh/ANNOTATIONS/TARGET_20385.npy
20386,PASTISFresh/DATA_S2/S2_20386.npy,PASTISFresh/ANNOTATIONS/TARGET_20386.npy
20388,PASTISFresh/DATA_S2/S2_20388.npy,PASTISFresh/ANNOTATIONS/TARGET_20388.npy
20389,PASTISFresh/DATA_S2/S2_20389.npy,PASTISFresh/ANNOTATIONS/TARGET_20389.npy
20390,PASTISFresh/DATA_S2/S2_20390.npy,PASTISFresh/ANNOTATIONS/TARGET_20390.npy
20392,PASTISFresh/DATA_S2/S2_20392.npy,PASTISFresh/ANNOTATIONS/TARGET_20392.npy
20394,PASTISFresh/DATA_S2/S2_20394.npy,PASTISFresh/ANNOTATIONS/TARGET_20394.npy
20395,PASTISFresh/DATA_S2/S2_20395.npy,PASTISFresh/ANNOTATIONS/TARGET_20395.npy
20397,PASTISFresh/DATA_S2/S2_20397.npy,PASTISFresh/ANNOTATIONS/TARGET_20397.npy
20398,PASTISFresh/DATA_S2/S2_20398.npy,PASTISFresh/ANNOTATIONS/TARGET_20398.npy
20399,PASTISFresh/DATA_S2/S2_20399.npy,PASTISFresh/ANNOTATIONS/TARGET_20399.npy
20401,PASTISFresh/DATA_S2/S2_20401.npy,PASTISFresh/ANNOTATIONS/TARGET_20401.npy
20402,PASTISFresh/DATA_S2/S2_20402.npy,PASTISFresh/ANNOTATIONS/TARGET_20402.npy
20403,PASTISFresh/DATA_S2/S2_20403.npy,PASTISFresh/ANNOTATIONS/TARGET_20403.npy
20405,PASTISFresh/DATA_S2/S2_20405.npy,PASTISFresh/ANNOTATIONS/TARGET_20405.npy
20406,PASTISFresh/DATA_S2/S2_20406.npy,PASTISFresh/ANNOTATIONS/TARGET_20406.npy
20407,PASTISFresh/DATA_S2/S2_20407.npy,PASTISFresh/ANNOTATIONS/TARGET_20407.npy
20408,PASTISFresh/DATA_S2/S2_20408.npy,PASTISFresh/ANNOTATIONS/TARGET_20408.npy
20409,PASTISFresh/DATA_S2/S2_20409.npy,PASTISFresh/ANNOTATIONS/TARGET_20409.npy
20411,PASTISFresh/DATA_S2/S2_20411.npy,PASTISFresh/ANNOTATIONS/TARGET_20411.npy
20412,PASTISFresh/DATA_S2/S2_20412.npy,PASTISFresh/ANNOTATIONS/TARGET_20412.npy
20413,PASTISFresh/DATA_S2/S2_20413.npy,PASTISFresh/ANNOTATIONS/TARGET_20413.npy
20414,PASTISFresh/DATA_S2/S2_20414.npy,PASTISFresh/ANNOTATIONS/TARGET_20414.npy
20415,PASTISFresh/DATA_S2/S2_20415.npy,PASTISFresh/ANNOTATIONS/TARGET_20415.npy
20416,PASTISFresh/DATA_S2/S2_20416.npy,PASTISFresh/ANNOTATIONS/TARGET_20416.npy
20417,PASTISFresh/DATA_S2/S2_20417.npy,PASTISFresh/ANNOTATIONS/TARGET_20417.npy
20418,PASTISFresh/DATA_S2/S2_20418.npy,PASTISFresh/ANNOTATIONS/TARGET_20418.npy
20421,PASTISFresh/DATA_S2/S2_20421.npy,PASTISFresh/ANNOTATIONS/TARGET_20421.npy
20423,PASTISFresh/DATA_S2/S2_20423.npy,PASTISFresh/ANNOTATIONS/TARGET_20423.npy
20424,PASTISFresh/DATA_S2/S2_20424.npy,PASTISFresh/ANNOTATIONS/TARGET_20424.npy
20427,PASTISFresh/DATA_S2/S2_20427.npy,PASTISFresh/ANNOTATIONS/TARGET_20427.npy
20430,PASTISFresh/DATA_S2/S2_20430.npy,PASTISFresh/ANNOTATIONS/TARGET_20430.npy
20432,PASTISFresh/DATA_S2/S2_20432.npy,PASTISFresh/ANNOTATIONS/TARGET_20432.npy
20437,PASTISFresh/DATA_S2/S2_20437.npy,PASTISFresh/ANNOTATIONS/TARGET_20437.npy
20439,PASTISFresh/DATA_S2/S2_20439.npy,PASTISFresh/ANNOTATIONS/TARGET_20439.npy
20440,PASTISFresh/DATA_S2/S2_20440.npy,PASTISFresh/ANNOTATIONS/TARGET_20440.npy
20441,PASTISFresh/DATA_S2/S2_20441.npy,PASTISFresh/ANNOTATIONS/TARGET_20441.npy
20443,PASTISFresh/DATA_S2/S2_20443.npy,PASTISFresh/ANNOTATIONS/TARGET_20443.npy
20445,PASTISFresh/DATA_S2/S2_20445.npy,PASTISFresh/ANNOTATIONS/TARGET_20445.npy
20448,PASTISFresh/DATA_S2/S2_20448.npy,PASTISFresh/ANNOTATIONS/TARGET_20448.npy
20449,PASTISFresh/DATA_S2/S2_20449.npy,PASTISFresh/ANNOTATIONS/TARGET_20449.npy
20451,PASTISFresh/DATA_S2/S2_20451.npy,PASTISFresh/ANNOTATIONS/TARGET_20451.npy
20452,PASTISFresh/DATA_S2/S2_20452.npy,PASTISFresh/ANNOTATIONS/TARGET_20452.npy
20454,PASTISFresh/DATA_S2/S2_20454.npy,PASTISFresh/ANNOTATIONS/TARGET_20454.npy
20458,PASTISFresh/DATA_S2/S2_20458.npy,PASTISFresh/ANNOTATIONS/TARGET_20458.npy
20459,PASTISFresh/DATA_S2/S2_20459.npy,PASTISFresh/ANNOTATIONS/TARGET_20459.npy
20462,PASTISFresh/DATA_S2/S2_20462.npy,PASTISFresh/ANNOTATIONS/TARGET_20462.npy
20463,PASTISFresh/DATA_S2/S2_20463.npy,PASTISFresh/ANNOTATIONS/TARGET_20463.npy
20464,PASTISFresh/DATA_S2/S2_20464.npy,PASTISFresh/ANNOTATIONS/TARGET_20464.npy
20465,PASTISFresh/DATA_S2/S2_20465.npy,PASTISFresh/ANNOTATIONS/TARGET_20465.npy
20466,PASTISFresh/DATA_S2/S2_20466.npy,PASTISFresh/ANNOTATIONS/TARGET_20466.npy
20467,PASTISFresh/DATA_S2/S2_20467.npy,PASTISFresh/ANNOTATIONS/TARGET_20467.npy
20468,PASTISFresh/DATA_S2/S2_20468.npy,PASTISFresh/ANNOTATIONS/TARGET_20468.npy
20469,PASTISFresh/DATA_S2/S2_20469.npy,PASTISFresh/ANNOTATIONS/TARGET_20469.npy
20473,PASTISFresh/DATA_S2/S2_20473.npy,PASTISFresh/ANNOTATIONS/TARGET_20473.npy
20474,PASTISFresh/DATA_S2/S2_20474.npy,PASTISFresh/ANNOTATIONS/TARGET_20474.npy
20475,PASTISFresh/DATA_S2/S2_20475.npy,PASTISFresh/ANNOTATIONS/TARGET_20475.npy
20478,PASTISFresh/DATA_S2/S2_20478.npy,PASTISFresh/ANNOTATIONS/TARGET_20478.npy
20479,PASTISFresh/DATA_S2/S2_20479.npy,PASTISFresh/ANNOTATIONS/TARGET_20479.npy
20482,PASTISFresh/DATA_S2/S2_20482.npy,PASTISFresh/ANNOTATIONS/TARGET_20482.npy
20483,PASTISFresh/DATA_S2/S2_20483.npy,PASTISFresh/ANNOTATIONS/TARGET_20483.npy
20484,PASTISFresh/DATA_S2/S2_20484.npy,PASTISFresh/ANNOTATIONS/TARGET_20484.npy
20486,PASTISFresh/DATA_S2/S2_20486.npy,PASTISFresh/ANNOTATIONS/TARGET_20486.npy
20489,PASTISFresh/DATA_S2/S2_20489.npy,PASTISFresh/ANNOTATIONS/TARGET_20489.npy
20492,PASTISFresh/DATA_S2/S2_20492.npy,PASTISFresh/ANNOTATIONS/TARGET_20492.npy
20493,PASTISFresh/DATA_S2/S2_20493.npy,PASTISFresh/ANNOTATIONS/TARGET_20493.npy
20496,PASTISFresh/DATA_S2/S2_20496.npy,PASTISFresh/ANNOTATIONS/TARGET_20496.npy
20497,PASTISFresh/DATA_S2/S2_20497.npy,PASTISFresh/ANNOTATIONS/TARGET_20497.npy
20498,PASTISFresh/DATA_S2/S2_20498.npy,PASTISFresh/ANNOTATIONS/TARGET_20498.npy
20499,PASTISFresh/DATA_S2/S2_20499.npy,PASTISFresh/ANNOTATIONS/TARGET_20499.npy
20500,PASTISFresh/DATA_S2/S2_20500.npy,PASTISFresh/ANNOTATIONS/TARGET_20500.npy
20502,PASTISFresh/DATA_S2/S2_20502.npy,PASTISFresh/ANNOTATIONS/TARGET_20502.npy
20508,PASTISFresh/DATA_S2/S2_20508.npy,PASTISFresh/ANNOTATIONS/TARGET_20508.npy
20509,PASTISFresh/DATA_S2/S2_20509.npy,PASTISFresh/ANNOTATIONS/TARGET_20509.npy
20511,PASTISFresh/DATA_S2/S2_20511.npy,PASTISFresh/ANNOTATIONS/TARGET_20511.npy
20512,PASTISFresh/DATA_S2/S2_20512.npy,PASTISFresh/ANNOTATIONS/TARGET_20512.npy
20513,PASTISFresh/DATA_S2/S2_20513.npy,PASTISFresh/ANNOTATIONS/TARGET_20513.npy
20514,PASTISFresh/DATA_S2/S2_20514.npy,PASTISFresh/ANNOTATIONS/TARGET_20514.npy
20515,PASTISFresh/DATA_S2/S2_20515.npy,PASTISFresh/ANNOTATIONS/TARGET_20515.npy
20516,PASTISFresh/DATA_S2/S2_20516.npy,PASTISFresh/ANNOTATIONS/TARGET_20516.npy
20517,PASTISFresh/DATA_S2/S2_20517.npy,PASTISFresh/ANNOTATIONS/TARGET_20517.npy
20519,PASTISFresh/DATA_S2/S2_20519.npy,PASTISFresh/ANNOTATIONS/TARGET_20519.npy
20520,PASTISFresh/DATA_S2/S2_20520.npy,PASTISFresh/ANNOTATIONS/TARGET_20520.npy
20521,PASTISFresh/DATA_S2/S2_20521.npy,PASTISFresh/ANNOTATIONS/TARGET_20521.npy
20523,PASTISFresh/DATA_S2/S2_20523.npy,PASTISFresh/ANNOTATIONS/TARGET_20523.npy
20524,PASTISFresh/DATA_S2/S2_20524.npy,PASTISFresh/ANNOTATIONS/TARGET_20524.npy
20525,PASTISFresh/DATA_S2/S2_20525.npy,PASTISFresh/ANNOTATIONS/TARGET_20525.npy
20527,PASTISFresh/DATA_S2/S2_20527.npy,PASTISFresh/ANNOTATIONS/TARGET_20527.npy
20528,PASTISFresh/DATA_S2/S2_20528.npy,PASTISFresh/ANNOTATIONS/TARGET_20528.npy
20529,PASTISFresh/DATA_S2/S2_20529.npy,PASTISFresh/ANNOTATIONS/TARGET_20529.npy
20530,PASTISFresh/DATA_S2/S2_20530.npy,PASTISFresh/ANNOTATIONS/TARGET_20530.npy
20532,PASTISFresh/DATA_S2/S2_20532.npy,PASTISFresh/ANNOTATIONS/TARGET_20532.npy
20533,PASTISFresh/DATA_S2/S2_20533.npy,PASTISFresh/ANNOTATIONS/TARGET_20533.npy
20535,PASTISFresh/DATA_S2/S2_20535.npy,PASTISFresh/ANNOTATIONS/TARGET_20535.npy
20537,PASTISFresh/DATA_S2/S2_20537.npy,PASTISFresh/ANNOTATIONS/TARGET_20537.npy
20538,PASTISFresh/DATA_S2/S2_20538.npy,PASTISFresh/ANNOTATIONS/TARGET_20538.npy
20539,PASTISFresh/DATA_S2/S2_20539.npy,PASTISFresh/ANNOTATIONS/TARGET_20539.npy
20543,PASTISFresh/DATA_S2/S2_20543.npy,PASTISFresh/ANNOTATIONS/TARGET_20543.npy
20545,PASTISFresh/DATA_S2/S2_20545.npy,PASTISFresh/ANNOTATIONS/TARGET_20545.npy
20547,PASTISFresh/DATA_S2/S2_20547.npy,PASTISFresh/ANNOTATIONS/TARGET_20547.npy
20550,PASTISFresh/DATA_S2/S2_20550.npy,PASTISFresh/ANNOTATIONS/TARGET_20550.npy
20552,PASTISFresh/DATA_S2/S2_20552.npy,PASTISFresh/ANNOTATIONS/TARGET_20552.npy
20553,PASTISFresh/DATA_S2/S2_20553.npy,PASTISFresh/ANNOTATIONS/TARGET_20553.npy
20557,PASTISFresh/DATA_S2/S2_20557.npy,PASTISFresh/ANNOTATIONS/TARGET_20557.npy
20558,PASTISFresh/DATA_S2/S2_20558.npy,PASTISFresh/ANNOTATIONS/TARGET_20558.npy
20560,PASTISFresh/DATA_S2/S2_20560.npy,PASTISFresh/ANNOTATIONS/TARGET_20560.npy
20561,PASTISFresh/DATA_S2/S2_20561.npy,PASTISFresh/ANNOTATIONS/TARGET_20561.npy
20563,PASTISFresh/DATA_S2/S2_20563.npy,PASTISFresh/ANNOTATIONS/TARGET_20563.npy
20565,PASTISFresh/DATA_S2/S2_20565.npy,PASTISFresh/ANNOTATIONS/TARGET_20565.npy
20566,PASTISFresh/DATA_S2/S2_20566.npy,PASTISFresh/ANNOTATIONS/TARGET_20566.npy
20567,PASTISFresh/DATA_S2/S2_20567.npy,PASTISFresh/ANNOTATIONS/TARGET_20567.npy
20568,PASTISFresh/DATA_S2/S2_20568.npy,PASTISFresh/ANNOTATIONS/TARGET_20568.npy
20572,PASTISFresh/DATA_S2/S2_20572.npy,PASTISFresh/ANNOTATIONS/TARGET_20572.npy
20573,PASTISFresh/DATA_S2/S2_20573.npy,PASTISFresh/ANNOTATIONS/TARGET_20573.npy
20575,PASTISFresh/DATA_S2/S2_20575.npy,PASTISFresh/ANNOTATIONS/TARGET_20575.npy
20576,PASTISFresh/DATA_S2/S2_20576.npy,PASTISFresh/ANNOTATIONS/TARGET_20576.npy
20577,PASTISFresh/DATA_S2/S2_20577.npy,PASTISFresh/ANNOTATIONS/TARGET_20577.npy
20579,PASTISFresh/DATA_S2/S2_20579.npy,PASTISFresh/ANNOTATIONS/TARGET_20579.npy
20580,PASTISFresh/DATA_S2/S2_20580.npy,PASTISFresh/ANNOTATIONS/TARGET_20580.npy
20581,PASTISFresh/DATA_S2/S2_20581.npy,PASTISFresh/ANNOTATIONS/TARGET_20581.npy
20582,PASTISFresh/DATA_S2/S2_20582.npy,PASTISFresh/ANNOTATIONS/TARGET_20582.npy
20583,PASTISFresh/DATA_S2/S2_20583.npy,PASTISFresh/ANNOTATIONS/TARGET_20583.npy
20584,PASTISFresh/DATA_S2/S2_20584.npy,PASTISFresh/ANNOTATIONS/TARGET_20584.npy
20585,PASTISFresh/DATA_S2/S2_20585.npy,PASTISFresh/ANNOTATIONS/TARGET_20585.npy
20587,PASTISFresh/DATA_S2/S2_20587.npy,PASTISFresh/ANNOTATIONS/TARGET_20587.npy
20588,PASTISFresh/DATA_S2/S2_20588.npy,PASTISFresh/ANNOTATIONS/TARGET_20588.npy
20589,PASTISFresh/DATA_S2/S2_20589.npy,PASTISFresh/ANNOTATIONS/TARGET_20589.npy
20590,PASTISFresh/DATA_S2/S2_20590.npy,PASTISFresh/ANNOTATIONS/TARGET_20590.npy
20591,PASTISFresh/DATA_S2/S2_20591.npy,PASTISFresh/ANNOTATIONS/TARGET_20591.npy
20593,PASTISFresh/DATA_S2/S2_20593.npy,PASTISFresh/ANNOTATIONS/TARGET_20593.npy
20595,PASTISFresh/DATA_S2/S2_20595.npy,PASTISFresh/ANNOTATIONS/TARGET_20595.npy
20596,PASTISFresh/DATA_S2/S2_20596.npy,PASTISFresh/ANNOTATIONS/TARGET_20596.npy
20598,PASTISFresh/DATA_S2/S2_20598.npy,PASTISFresh/ANNOTATIONS/TARGET_20598.npy
20600,PASTISFresh/DATA_S2/S2_20600.npy,PASTISFresh/ANNOTATIONS/TARGET_20600.npy
20601,PASTISFresh/DATA_S2/S2_20601.npy,PASTISFresh/ANNOTATIONS/TARGET_20601.npy
20604,PASTISFresh/DATA_S2/S2_20604.npy,PASTISFresh/ANNOTATIONS/TARGET_20604.npy
20605,PASTISFresh/DATA_S2/S2_20605.npy,PASTISFresh/ANNOTATIONS/TARGET_20605.npy
20607,PASTISFresh/DATA_S2/S2_20607.npy,PASTISFresh/ANNOTATIONS/TARGET_20607.npy
20609,PASTISFresh/DATA_S2/S2_20609.npy,PASTISFresh/ANNOTATIONS/TARGET_20609.npy
20611,PASTISFresh/DATA_S2/S2_20611.npy,PASTISFresh/ANNOTATIONS/TARGET_20611.npy
20613,PASTISFresh/DATA_S2/S2_20613.npy,PASTISFresh/ANNOTATIONS/TARGET_20613.npy
20614,PASTISFresh/DATA_S2/S2_20614.npy,PASTISFresh/ANNOTATIONS/TARGET_20614.npy
20615,PASTISFresh/DATA_S2/S2_20615.npy,PASTISFresh/ANNOTATIONS/TARGET_20615.npy
20618,PASTISFresh/DATA_S2/S2_20618.npy,PASTISFresh/ANNOTATIONS/TARGET_20618.npy
20619,PASTISFresh/DATA_S2/S2_20619.npy,PASTISFresh/ANNOTATIONS/TARGET_20619.npy
20620,PASTISFresh/DATA_S2/S2_20620.npy,PASTISFresh/ANNOTATIONS/TARGET_20620.npy
20622,PASTISFresh/DATA_S2/S2_20622.npy,PASTISFresh/ANNOTATIONS/TARGET_20622.npy
20623,PASTISFresh/DATA_S2/S2_20623.npy,PASTISFresh/ANNOTATIONS/TARGET_20623.npy
20624,PASTISFresh/DATA_S2/S2_20624.npy,PASTISFresh/ANNOTATIONS/TARGET_20624.npy
20626,PASTISFresh/DATA_S2/S2_20626.npy,PASTISFresh/ANNOTATIONS/TARGET_20626.npy
20628,PASTISFresh/DATA_S2/S2_20628.npy,PASTISFresh/ANNOTATIONS/TARGET_20628.npy
20629,PASTISFresh/DATA_S2/S2_20629.npy,PASTISFresh/ANNOTATIONS/TARGET_20629.npy
20630,PASTISFresh/DATA_S2/S2_20630.npy,PASTISFresh/ANNOTATIONS/TARGET_20630.npy
20631,PASTISFresh/DATA_S2/S2_20631.npy,PASTISFresh/ANNOTATIONS/TARGET_20631.npy
20633,PASTISFresh/DATA_S2/S2_20633.npy,PASTISFresh/ANNOTATIONS/TARGET_20633.npy
20634,PASTISFresh/DATA_S2/S2_20634.npy,PASTISFresh/ANNOTATIONS/TARGET_20634.npy
20636,PASTISFresh/DATA_S2/S2_20636.npy,PASTISFresh/ANNOTATIONS/TARGET_20636.npy
20637,PASTISFresh/DATA_S2/S2_20637.npy,PASTISFresh/ANNOTATIONS/TARGET_20637.npy
20638,PASTISFresh/DATA_S2/S2_20638.npy,PASTISFresh/ANNOTATIONS/TARGET_20638.npy
20640,PASTISFresh/DATA_S2/S2_20640.npy,PASTISFresh/ANNOTATIONS/TARGET_20640.npy
20644,PASTISFresh/DATA_S2/S2_20644.npy,PASTISFresh/ANNOTATIONS/TARGET_20644.npy
20646,PASTISFresh/DATA_S2/S2_20646.npy,PASTISFresh/ANNOTATIONS/TARGET_20646.npy
20647,PASTISFresh/DATA_S2/S2_20647.npy,PASTISFresh/ANNOTATIONS/TARGET_20647.npy
20649,PASTISFresh/DATA_S2/S2_20649.npy,PASTISFresh/ANNOTATIONS/TARGET_20649.npy
20654,PASTISFresh/DATA_S2/S2_20654.npy,PASTISFresh/ANNOTATIONS/TARGET_20654.npy
20655,PASTISFresh/DATA_S2/S2_20655.npy,PASTISFresh/ANNOTATIONS/TARGET_20655.npy
20656,PASTISFresh/DATA_S2/S2_20656.npy,PASTISFresh/ANNOTATIONS/TARGET_20656.npy
20657,PASTISFresh/DATA_S2/S2_20657.npy,PASTISFresh/ANNOTATIONS/TARGET_20657.npy
30000,PASTISFresh/DATA_S2/S2_30000.npy,PASTISFresh/ANNOTATIONS/TARGET_30000.npy
30001,PASTISFresh/DATA_S2/S2_30001.npy,PASTISFresh/ANNOTATIONS/TARGET_30001.npy
30002,PASTISFresh/DATA_S2/S2_30002.npy,PASTISFresh/ANNOTATIONS/TARGET_30002.npy
30003,PASTISFresh/DATA_S2/S2_30003.npy,PASTISFresh/ANNOTATIONS/TARGET_30003.npy
30004,PASTISFresh/DATA_S2/S2_30004.npy,PASTISFresh/ANNOTATIONS/TARGET_30004.npy
30007,PASTISFresh/DATA_S2/S2_30007.npy,PASTISFresh/ANNOTATIONS/TARGET_30007.npy
30010,PASTISFresh/DATA_S2/S2_30010.npy,PASTISFresh/ANNOTATIONS/TARGET_30010.npy
30012,PASTISFresh/DATA_S2/S2_30012.npy,PASTISFresh/ANNOTATIONS/TARGET_30012.npy
30013,PASTISFresh/DATA_S2/S2_30013.npy,PASTISFresh/ANNOTATIONS/TARGET_30013.npy
30014,PASTISFresh/DATA_S2/S2_30014.npy,PASTISFresh/ANNOTATIONS/TARGET_30014.npy
30017,PASTISFresh/DATA_S2/S2_30017.npy,PASTISFresh/ANNOTATIONS/TARGET_30017.npy
30018,PASTISFresh/DATA_S2/S2_30018.npy,PASTISFresh/ANNOTATIONS/TARGET_30018.npy
30019,PASTISFresh/DATA_S2/S2_30019.npy,PASTISFresh/ANNOTATIONS/TARGET_30019.npy
30020,PASTISFresh/DATA_S2/S2_30020.npy,PASTISFresh/ANNOTATIONS/TARGET_30020.npy
30024,PASTISFresh/DATA_S2/S2_30024.npy,PASTISFresh/ANNOTATIONS/TARGET_30024.npy
30025,PASTISFresh/DATA_S2/S2_30025.npy,PASTISFresh/ANNOTATIONS/TARGET_30025.npy
30027,PASTISFresh/DATA_S2/S2_30027.npy,PASTISFresh/ANNOTATIONS/TARGET_30027.npy
30028,PASTISFresh/DATA_S2/S2_30028.npy,PASTISFresh/ANNOTATIONS/TARGET_30028.npy
30029,PASTISFresh/DATA_S2/S2_30029.npy,PASTISFresh/ANNOTATIONS/TARGET_30029.npy
30030,PASTISFresh/DATA_S2/S2_30030.npy,PASTISFresh/ANNOTATIONS/TARGET_30030.npy
30031,PASTISFresh/DATA_S2/S2_30031.npy,PASTISFresh/ANNOTATIONS/TARGET_30031.npy
30033,PASTISFresh/DATA_S2/S2_30033.npy,PASTISFresh/ANNOTATIONS/TARGET_30033.npy
30036,PASTISFresh/DATA_S2/S2_30036.npy,PASTISFresh/ANNOTATIONS/TARGET_30036.npy
30037,PASTISFresh/DATA_S2/S2_30037.npy,PASTISFresh/ANNOTATIONS/TARGET_30037.npy
30038,PASTISFresh/DATA_S2/S2_30038.npy,PASTISFresh/ANNOTATIONS/TARGET_30038.npy
30040,PASTISFresh/DATA_S2/S2_30040.npy,PASTISFresh/ANNOTATIONS/TARGET_30040.npy
30041,PASTISFresh/DATA_S2/S2_30041.npy,PASTISFresh/ANNOTATIONS/TARGET_30041.npy
30042,PASTISFresh/DATA_S2/S2_30042.npy,PASTISFresh/ANNOTATIONS/TARGET_30042.npy
30043,PASTISFresh/DATA_S2/S2_30043.npy,PASTISFresh/ANNOTATIONS/TARGET_30043.npy
30045,PASTISFresh/DATA_S2/S2_30045.npy,PASTISFresh/ANNOTATIONS/TARGET_30045.npy
30046,PASTISFresh/DATA_S2/S2_30046.npy,PASTISFresh/ANNOTATIONS/TARGET_30046.npy
30047,PASTISFresh/DATA_S2/S2_30047.npy,PASTISFresh/ANNOTATIONS/TARGET_30047.npy
30048,PASTISFresh/DATA_S2/S2_30048.npy,PASTISFresh/ANNOTATIONS/TARGET_30048.npy
30052,PASTISFresh/DATA_S2/S2_30052.npy,PASTISFresh/ANNOTATIONS/TARGET_30052.npy
30055,PASTISFresh/DATA_S2/S2_30055.npy,PASTISFresh/ANNOTATIONS/TARGET_30055.npy
30058,PASTISFresh/DATA_S2/S2_30058.npy,PASTISFresh/ANNOTATIONS/TARGET_30058.npy
30059,PASTISFresh/DATA_S2/S2_30059.npy,PASTISFresh/ANNOTATIONS/TARGET_30059.npy
30060,PASTISFresh/DATA_S2/S2_30060.npy,PASTISFresh/ANNOTATIONS/TARGET_30060.npy
30061,PASTISFresh/DATA_S2/S2_30061.npy,PASTISFresh/ANNOTATIONS/TARGET_30061.npy
30064,PASTISFresh/DATA_S2/S2_30064.npy,PASTISFresh/ANNOTATIONS/TARGET_30064.npy
30066,PASTISFresh/DATA_S2/S2_30066.npy,PASTISFresh/ANNOTATIONS/TARGET_30066.npy
30069,PASTISFresh/DATA_S2/S2_30069.npy,PASTISFresh/ANNOTATIONS/TARGET_30069.npy
30071,PASTISFresh/DATA_S2/S2_30071.npy,PASTISFresh/ANNOTATIONS/TARGET_30071.npy
30072,PASTISFresh/DATA_S2/S2_30072.npy,PASTISFresh/ANNOTATIONS/TARGET_30072.npy
30075,PASTISFresh/DATA_S2/S2_30075.npy,PASTISFresh/ANNOTATIONS/TARGET_30075.npy
30076,PASTISFresh/DATA_S2/S2_30076.npy,PASTISFresh/ANNOTATIONS/TARGET_30076.npy
30079,PASTISFresh/DATA_S2/S2_30079.npy,PASTISFresh/ANNOTATIONS/TARGET_30079.npy
30080,PASTISFresh/DATA_S2/S2_30080.npy,PASTISFresh/ANNOTATIONS/TARGET_30080.npy
30082,PASTISFresh/DATA_S2/S2_30082.npy,PASTISFresh/ANNOTATIONS/TARGET_30082.npy
30083,PASTISFresh/DATA_S2/S2_30083.npy,PASTISFresh/ANNOTATIONS/TARGET_30083.npy
30084,PASTISFresh/DATA_S2/S2_30084.npy,PASTISFresh/ANNOTATIONS/TARGET_30084.npy
30085,PASTISFresh/DATA_S2/S2_30085.npy,PASTISFresh/ANNOTATIONS/TARGET_30085.npy
30086,PASTISFresh/DATA_S2/S2_30086.npy,PASTISFresh/ANNOTATIONS/TARGET_30086.npy
30087,PASTISFresh/DATA_S2/S2_30087.npy,PASTISFresh/ANNOTATIONS/TARGET_30087.npy
30088,PASTISFresh/DATA_S2/S2_30088.npy,PASTISFresh/ANNOTATIONS/TARGET_30088.npy
30089,PASTISFresh/DATA_S2/S2_30089.npy,PASTISFresh/ANNOTATIONS/TARGET_30089.npy
30093,PASTISFresh/DATA_S2/S2_30093.npy,PASTISFresh/ANNOTATIONS/TARGET_30093.npy
30101,PASTISFresh/DATA_S2/S2_30101.npy,PASTISFresh/ANNOTATIONS/TARGET_30101.npy
30103,PASTISFresh/DATA_S2/S2_30103.npy,PASTISFresh/ANNOTATIONS/TARGET_30103.npy
30104,PASTISFresh/DATA_S2/S2_30104.npy,PASTISFresh/ANNOTATIONS/TARGET_30104.npy
30106,PASTISFresh/DATA_S2/S2_30106.npy,PASTISFresh/ANNOTATIONS/TARGET_30106.npy
30108,PASTISFresh/DATA_S2/S2_30108.npy,PASTISFresh/ANNOTATIONS/TARGET_30108.npy
30109,PASTISFresh/DATA_S2/S2_30109.npy,PASTISFresh/ANNOTATIONS/TARGET_30109.npy
30110,PASTISFresh/DATA_S2/S2_30110.npy,PASTISFresh/ANNOTATIONS/TARGET_30110.npy
30111,PASTISFresh/DATA_S2/S2_30111.npy,PASTISFresh/ANNOTATIONS/TARGET_30111.npy
30112,PASTISFresh/DATA_S2/S2_30112.npy,PASTISFresh/ANNOTATIONS/TARGET_30112.npy
30113,PASTISFresh/DATA_S2/S2_30113.npy,PASTISFresh/ANNOTATIONS/TARGET_30113.npy
30114,PASTISFresh/DATA_S2/S2_30114.npy,PASTISFresh/ANNOTATIONS/TARGET_30114.npy
30115,PASTISFresh/DATA_S2/S2_30115.npy,PASTISFresh/ANNOTATIONS/TARGET_30115.npy
30117,PASTISFresh/DATA_S2/S2_30117.npy,PASTISFresh/ANNOTATIONS/TARGET_30117.npy
30118,PASTISFresh/DATA_S2/S2_30118.npy,PASTISFresh/ANNOTATIONS/TARGET_30118.npy
30119,PASTISFresh/DATA_S2/S2_30119.npy,PASTISFresh/ANNOTATIONS/TARGET_30119.npy
30124,PASTISFresh/DATA_S2/S2_30124.npy,PASTISFresh/ANNOTATIONS/TARGET_30124.npy
30125,PASTISFresh/DATA_S2/S2_30125.npy,PASTISFresh/ANNOTATIONS/TARGET_30125.npy
30126,PASTISFresh/DATA_S2/S2_30126.npy,PASTISFresh/ANNOTATIONS/TARGET_30126.npy
30127,PASTISFresh/DATA_S2/S2_30127.npy,PASTISFresh/ANNOTATIONS/TARGET_30127.npy
30132,PASTISFresh/DATA_S2/S2_30132.npy,PASTISFresh/ANNOTATIONS/TARGET_30132.npy
30135,PASTISFresh/DATA_S2/S2_30135.npy,PASTISFresh/ANNOTATIONS/TARGET_30135.npy
30138,PASTISFresh/DATA_S2/S2_30138.npy,PASTISFresh/ANNOTATIONS/TARGET_30138.npy
30139,PASTISFresh/DATA_S2/S2_30139.npy,PASTISFresh/ANNOTATIONS/TARGET_30139.npy
30140,PASTISFresh/DATA_S2/S2_30140.npy,PASTISFresh/ANNOTATIONS/TARGET_30140.npy
30142,PASTISFresh/DATA_S2/S2_30142.npy,PASTISFresh/ANNOTATIONS/TARGET_30142.npy
30144,PASTISFresh/DATA_S2/S2_30144.npy,PASTISFresh/ANNOTATIONS/TARGET_30144.npy
30145,PASTISFresh/DATA_S2/S2_30145.npy,PASTISFresh/ANNOTATIONS/TARGET_30145.npy
30146,PASTISFresh/DATA_S2/S2_30146.npy,PASTISFresh/ANNOTATIONS/TARGET_30146.npy
30148,PASTISFresh/DATA_S2/S2_30148.npy,PASTISFresh/ANNOTATIONS/TARGET_30148.npy
30149,PASTISFresh/DATA_S2/S2_30149.npy,PASTISFresh/ANNOTATIONS/TARGET_30149.npy
30151,PASTISFresh/DATA_S2/S2_30151.npy,PASTISFresh/ANNOTATIONS/TARGET_30151.npy
30153,PASTISFresh/DATA_S2/S2_30153.npy,PASTISFresh/ANNOTATIONS/TARGET_30153.npy
30154,PASTISFresh/DATA_S2/S2_30154.npy,PASTISFresh/ANNOTATIONS/TARGET_30154.npy
30155,PASTISFresh/DATA_S2/S2_30155.npy,PASTISFresh/ANNOTATIONS/TARGET_30155.npy
30156,PASTISFresh/DATA_S2/S2_30156.npy,PASTISFresh/ANNOTATIONS/TARGET_30156.npy
30157,PASTISFresh/DATA_S2/S2_30157.npy,PASTISFresh/ANNOTATIONS/TARGET_30157.npy
30158,PASTISFresh/DATA_S2/S2_30158.npy,PASTISFresh/ANNOTATIONS/TARGET_30158.npy
30160,PASTISFresh/DATA_S2/S2_30160.npy,PASTISFresh/ANNOTATIONS/TARGET_30160.npy
30161,PASTISFresh/DATA_S2/S2_30161.npy,PASTISFresh/ANNOTATIONS/TARGET_30161.npy
30162,PASTISFresh/DATA_S2/S2_30162.npy,PASTISFresh/ANNOTATIONS/TARGET_30162.npy
30163,PASTISFresh/DATA_S2/S2_30163.npy,PASTISFresh/ANNOTATIONS/TARGET_30163.npy
30164,PASTISFresh/DATA_S2/S2_30164.npy,PASTISFresh/ANNOTATIONS/TARGET_30164.npy
30165,PASTISFresh/DATA_S2/S2_30165.npy,PASTISFresh/ANNOTATIONS/TARGET_30165.npy
30166,PASTISFresh/DATA_S2/S2_30166.npy,PASTISFresh/ANNOTATIONS/TARGET_30166.npy
30167,PASTISFresh/DATA_S2/S2_30167.npy,PASTISFresh/ANNOTATIONS/TARGET_30167.npy
30169,PASTISFresh/DATA_S2/S2_30169.npy,PASTISFresh/ANNOTATIONS/TARGET_30169.npy
30170,PASTISFresh/DATA_S2/S2_30170.npy,PASTISFresh/ANNOTATIONS/TARGET_30170.npy
30171,PASTISFresh/DATA_S2/S2_30171.npy,PASTISFresh/ANNOTATIONS/TARGET_30171.npy
30173,PASTISFresh/DATA_S2/S2_30173.npy,PASTISFresh/ANNOTATIONS/TARGET_30173.npy
30174,PASTISFresh/DATA_S2/S2_30174.npy,PASTISFresh/ANNOTATIONS/TARGET_30174.npy
30175,PASTISFresh/DATA_S2/S2_30175.npy,PASTISFresh/ANNOTATIONS/TARGET_30175.npy
30176,PASTISFresh/DATA_S2/S2_30176.npy,PASTISFresh/ANNOTATIONS/TARGET_30176.npy
30177,PASTISFresh/DATA_S2/S2_30177.npy,PASTISFresh/ANNOTATIONS/TARGET_30177.npy
30179,PASTISFresh/DATA_S2/S2_30179.npy,PASTISFresh/ANNOTATIONS/TARGET_30179.npy
30180,PASTISFresh/DATA_S2/S2_30180.npy,PASTISFresh/ANNOTATIONS/TARGET_30180.npy
30184,PASTISFresh/DATA_S2/S2_30184.npy,PASTISFresh/ANNOTATIONS/TARGET_30184.npy
30185,PASTISFresh/DATA_S2/S2_30185.npy,PASTISFresh/ANNOTATIONS/TARGET_30185.npy
30186,PASTISFresh/DATA_S2/S2_30186.npy,PASTISFresh/ANNOTATIONS/TARGET_30186.npy
30187,PASTISFresh/DATA_S2/S2_30187.npy,PASTISFresh/ANNOTATIONS/TARGET_30187.npy
30189,PASTISFresh/DATA_S2/S2_30189.npy,PASTISFresh/ANNOTATIONS/TARGET_30189.npy
30190,PASTISFresh/DATA_S2/S2_30190.npy,PASTISFresh/ANNOTATIONS/TARGET_30190.npy
30191,PASTISFresh/DATA_S2/S2_30191.npy,PASTISFresh/ANNOTATIONS/TARGET_30191.npy
30192,PASTISFresh/DATA_S2/S2_30192.npy,PASTISFresh/ANNOTATIONS/TARGET_30192.npy
30194,PASTISFresh/DATA_S2/S2_30194.npy,PASTISFresh/ANNOTATIONS/TARGET_30194.npy
30195,PASTISFresh/DATA_S2/S2_30195.npy,PASTISFresh/ANNOTATIONS/TARGET_30195.npy
30196,PASTISFresh/DATA_S2/S2_30196.npy,PASTISFresh/ANNOTATIONS/TARGET_30196.npy
30198,PASTISFresh/DATA_S2/S2_30198.npy,PASTISFresh/ANNOTATIONS/TARGET_30198.npy
30200,PASTISFresh/DATA_S2/S2_30200.npy,PASTISFresh/ANNOTATIONS/TARGET_30200.npy
30201,PASTISFresh/DATA_S2/S2_30201.npy,PASTISFresh/ANNOTATIONS/TARGET_30201.npy
30202,PASTISFresh/DATA_S2/S2_30202.npy,PASTISFresh/ANNOTATIONS/TARGET_30202.npy
30203,PASTISFresh/DATA_S2/S2_30203.npy,PASTISFresh/ANNOTATIONS/TARGET_30203.npy
30206,PASTISFresh/DATA_S2/S2_30206.npy,PASTISFresh/ANNOTATIONS/TARGET_30206.npy
30208,PASTISFresh/DATA_S2/S2_30208.npy,PASTISFresh/ANNOTATIONS/TARGET_30208.npy
30209,PASTISFresh/DATA_S2/S2_30209.npy,PASTISFresh/ANNOTATIONS/TARGET_30209.npy
30210,PASTISFresh/DATA_S2/S2_30210.npy,PASTISFresh/ANNOTATIONS/TARGET_30210.npy
30211,PASTISFresh/DATA_S2/S2_30211.npy,PASTISFresh/ANNOTATIONS/TARGET_30211.npy
30212,PASTISFresh/DATA_S2/S2_30212.npy,PASTISFresh/ANNOTATIONS/TARGET_30212.npy
30213,PASTISFresh/DATA_S2/S2_30213.npy,PASTISFresh/ANNOTATIONS/TARGET_30213.npy
30215,PASTISFresh/DATA_S2/S2_30215.npy,PASTISFresh/ANNOTATIONS/TARGET_30215.npy
30216,PASTISFresh/DATA_S2/S2_30216.npy,PASTISFresh/ANNOTATIONS/TARGET_30216.npy
30217,PASTISFresh/DATA_S2/S2_30217.npy,PASTISFresh/ANNOTATIONS/TARGET_30217.npy
30218,PASTISFresh/DATA_S2/S2_30218.npy,PASTISFresh/ANNOTATIONS/TARGET_30218.npy
30221,PASTISFresh/DATA_S2/S2_30221.npy,PASTISFresh/ANNOTATIONS/TARGET_30221.npy
30222,PASTISFresh/DATA_S2/S2_30222.npy,PASTISFresh/ANNOTATIONS/TARGET_30222.npy
30223,PASTISFresh/DATA_S2/S2_30223.npy,PASTISFresh/ANNOTATIONS/TARGET_30223.npy
30224,PASTISFresh/DATA_S2/S2_30224.npy,PASTISFresh/ANNOTATIONS/TARGET_30224.npy
30226,PASTISFresh/DATA_S2/S2_30226.npy,PASTISFresh/ANNOTATIONS/TARGET_30226.npy
30230,PASTISFresh/DATA_S2/S2_30230.npy,PASTISFresh/ANNOTATIONS/TARGET_30230.npy
30231,PASTISFresh/DATA_S2/S2_30231.npy,PASTISFresh/ANNOTATIONS/TARGET_30231.npy
30239,PASTISFresh/DATA_S2/S2_30239.npy,PASTISFresh/ANNOTATIONS/TARGET_30239.npy
30240,PASTISFresh/DATA_S2/S2_30240.npy,PASTISFresh/ANNOTATIONS/TARGET_30240.npy
30243,PASTISFresh/DATA_S2/S2_30243.npy,PASTISFresh/ANNOTATIONS/TARGET_30243.npy
30244,PASTISFresh/DATA_S2/S2_30244.npy,PASTISFresh/ANNOTATIONS/TARGET_30244.npy
30245,PASTISFresh/DATA_S2/S2_30245.npy,PASTISFresh/ANNOTATIONS/TARGET_30245.npy
30246,PASTISFresh/DATA_S2/S2_30246.npy,PASTISFresh/ANNOTATIONS/TARGET_30246.npy
30248,PASTISFresh/DATA_S2/S2_30248.npy,PASTISFresh/ANNOTATIONS/TARGET_30248.npy
30249,PASTISFresh/DATA_S2/S2_30249.npy,PASTISFresh/ANNOTATIONS/TARGET_30249.npy
30254,PASTISFresh/DATA_S2/S2_30254.npy,PASTISFresh/ANNOTATIONS/TARGET_30254.npy
30255,PASTISFresh/DATA_S2/S2_30255.npy,PASTISFresh/ANNOTATIONS/TARGET_30255.npy
30257,PASTISFresh/DATA_S2/S2_30257.npy,PASTISFresh/ANNOTATIONS/TARGET_30257.npy
30258,PASTISFresh/DATA_S2/S2_30258.npy,PASTISFresh/ANNOTATIONS/TARGET_30258.npy
30259,PASTISFresh/DATA_S2/S2_30259.npy,PASTISFresh/ANNOTATIONS/TARGET_30259.npy
30260,PASTISFresh/DATA_S2/S2_30260.npy,PASTISFresh/ANNOTATIONS/TARGET_30260.npy
30262,PASTISFresh/DATA_S2/S2_30262.npy,PASTISFresh/ANNOTATIONS/TARGET_30262.npy
30267,PASTISFresh/DATA_S2/S2_30267.npy,PASTISFresh/ANNOTATIONS/TARGET_30267.npy
30268,PASTISFresh/DATA_S2/S2_30268.npy,PASTISFresh/ANNOTATIONS/TARGET_30268.npy
30269,PASTISFresh/DATA_S2/S2_30269.npy,PASTISFresh/ANNOTATIONS/TARGET_30269.npy
30270,PASTISFresh/DATA_S2/S2_30270.npy,PASTISFresh/ANNOTATIONS/TARGET_30270.npy
30271,PASTISFresh/DATA_S2/S2_30271.npy,PASTISFresh/ANNOTATIONS/TARGET_30271.npy
30272,PASTISFresh/DATA_S2/S2_30272.npy,PASTISFresh/ANNOTATIONS/TARGET_30272.npy
30273,PASTISFresh/DATA_S2/S2_30273.npy,PASTISFresh/ANNOTATIONS/TARGET_30273.npy
30275,PASTISFresh/DATA_S2/S2_30275.npy,PASTISFresh/ANNOTATIONS/TARGET_30275.npy
30276,PASTISFresh/DATA_S2/S2_30276.npy,PASTISFresh/ANNOTATIONS/TARGET_30276.npy
30277,PASTISFresh/DATA_S2/S2_30277.npy,PASTISFresh/ANNOTATIONS/TARGET_30277.npy
30278,PASTISFresh/DATA_S2/S2_30278.npy,PASTISFresh/ANNOTATIONS/TARGET_30278.npy
30279,PASTISFresh/DATA_S2/S2_30279.npy,PASTISFresh/ANNOTATIONS/TARGET_30279.npy
30282,PASTISFresh/DATA_S2/S2_30282.npy,PASTISFresh/ANNOTATIONS/TARGET_30282.npy
30285,PASTISFresh/DATA_S2/S2_30285.npy,PASTISFresh/ANNOTATIONS/TARGET_30285.npy
30287,PASTISFresh/DATA_S2/S2_30287.npy,PASTISFresh/ANNOTATIONS/TARGET_30287.npy
30288,PASTISFresh/DATA_S2/S2_30288.npy,PASTISFresh/ANNOTATIONS/TARGET_30288.npy
30290,PASTISFresh/DATA_S2/S2_30290.npy,PASTISFresh/ANNOTATIONS/TARGET_30290.npy
30291,PASTISFresh/DATA_S2/S2_30291.npy,PASTISFresh/ANNOTATIONS/TARGET_30291.npy
30292,PASTISFresh/DATA_S2/S2_30292.npy,PASTISFresh/ANNOTATIONS/TARGET_30292.npy
30295,PASTISFresh/DATA_S2/S2_30295.npy,PASTISFresh/ANNOTATIONS/TARGET_30295.npy
30296,PASTISFresh/DATA_S2/S2_30296.npy,PASTISFresh/ANNOTATIONS/TARGET_30296.npy
30297,PASTISFresh/DATA_S2/S2_30297.npy,PASTISFresh/ANNOTATIONS/TARGET_30297.npy
30298,PASTISFresh/DATA_S2/S2_30298.npy,PASTISFresh/ANNOTATIONS/TARGET_30298.npy
30300,PASTISFresh/DATA_S2/S2_30300.npy,PASTISFresh/ANNOTATIONS/TARGET_30300.npy
30306,PASTISFresh/DATA_S2/S2_30306.npy,PASTISFresh/ANNOTATIONS/TARGET_30306.npy
30308,PASTISFresh/DATA_S2/S2_30308.npy,PASTISFresh/ANNOTATIONS/TARGET_30308.npy
30310,PASTISFresh/DATA_S2/S2_30310.npy,PASTISFresh/ANNOTATIONS/TARGET_30310.npy
30313,PASTISFresh/DATA_S2/S2_30313.npy,PASTISFresh/ANNOTATIONS/TARGET_30313.npy
30316,PASTISFresh/DATA_S2/S2_30316.npy,PASTISFresh/ANNOTATIONS/TARGET_30316.npy
30318,PASTISFresh/DATA_S2/S2_30318.npy,PASTISFresh/ANNOTATIONS/TARGET_30318.npy
30319,PASTISFresh/DATA_S2/S2_30319.npy,PASTISFresh/ANNOTATIONS/TARGET_30319.npy
30320,PASTISFresh/DATA_S2/S2_30320.npy,PASTISFresh/ANNOTATIONS/TARGET_30320.npy
30321,PASTISFresh/DATA_S2/S2_30321.npy,PASTISFresh/ANNOTATIONS/TARGET_30321.npy
30322,PASTISFresh/DATA_S2/S2_30322.npy,PASTISFresh/ANNOTATIONS/TARGET_30322.npy
30323,PASTISFresh/DATA_S2/S2_30323.npy,PASTISFresh/ANNOTATIONS/TARGET_30323.npy
30325,PASTISFresh/DATA_S2/S2_30325.npy,PASTISFresh/ANNOTATIONS/TARGET_30325.npy
30326,PASTISFresh/DATA_S2/S2_30326.npy,PASTISFresh/ANNOTATIONS/TARGET_30326.npy
30327,PASTISFresh/DATA_S2/S2_30327.npy,PASTISFresh/ANNOTATIONS/TARGET_30327.npy
30328,PASTISFresh/DATA_S2/S2_30328.npy,PASTISFresh/ANNOTATIONS/TARGET_30328.npy
30329,PASTISFresh/DATA_S2/S2_30329.npy,PASTISFresh/ANNOTATIONS/TARGET_30329.npy
30330,PASTISFresh/DATA_S2/S2_30330.npy,PASTISFresh/ANNOTATIONS/TARGET_30330.npy
30331,PASTISFresh/DATA_S2/S2_30331.npy,PASTISFresh/ANNOTATIONS/TARGET_30331.npy
30332,PASTISFresh/DATA_S2/S2_30332.npy,PASTISFresh/ANNOTATIONS/TARGET_30332.npy
30333,PASTISFresh/DATA_S2/S2_30333.npy,PASTISFresh/ANNOTATIONS/TARGET_30333.npy
30334,PASTISFresh/DATA_S2/S2_30334.npy,PASTISFresh/ANNOTATIONS/TARGET_30334.npy
30335,PASTISFresh/DATA_S2/S2_30335.npy,PASTISFresh/ANNOTATIONS/TARGET_30335.npy
30336,PASTISFresh/DATA_S2/S2_30336.npy,PASTISFresh/ANNOTATIONS/TARGET_30336.npy
30338,PASTISFresh/DATA_S2/S2_30338.npy,PASTISFresh/ANNOTATIONS/TARGET_30338.npy
30343,PASTISFresh/DATA_S2/S2_30343.npy,PASTISFresh/ANNOTATIONS/TARGET_30343.npy
30344,PASTISFresh/DATA_S2/S2_30344.npy,PASTISFresh/ANNOTATIONS/TARGET_30344.npy
30345,PASTISFresh/DATA_S2/S2_30345.npy,PASTISFresh/ANNOTATIONS/TARGET_30345.npy
30348,PASTISFresh/DATA_S2/S2_30348.npy,PASTISFresh/ANNOTATIONS/TARGET_30348.npy
30349,PASTISFresh/DATA_S2/S2_30349.npy,PASTISFresh/ANNOTATIONS/TARGET_30349.npy
30350,PASTISFresh/DATA_S2/S2_30350.npy,PASTISFresh/ANNOTATIONS/TARGET_30350.npy
30351,PASTISFresh/DATA_S2/S2_30351.npy,PASTISFresh/ANNOTATIONS/TARGET_30351.npy
30352,PASTISFresh/DATA_S2/S2_30352.npy,PASTISFresh/ANNOTATIONS/TARGET_30352.npy
30354,PASTISFresh/DATA_S2/S2_30354.npy,PASTISFresh/ANNOTATIONS/TARGET_30354.npy
30355,PASTISFresh/DATA_S2/S2_30355.npy,PASTISFresh/ANNOTATIONS/TARGET_30355.npy
30356,PASTISFresh/DATA_S2/S2_30356.npy,PASTISFresh/ANNOTATIONS/TARGET_30356.npy
30358,PASTISFresh/DATA_S2/S2_30358.npy,PASTISFresh/ANNOTATIONS/TARGET_30358.npy
30360,PASTISFresh/DATA_S2/S2_30360.npy,PASTISFresh/ANNOTATIONS/TARGET_30360.npy
30361,PASTISFresh/DATA_S2/S2_30361.npy,PASTISFresh/ANNOTATIONS/TARGET_30361.npy
30362,PASTISFresh/DATA_S2/S2_30362.npy,PASTISFresh/ANNOTATIONS/TARGET_30362.npy
30363,PASTISFresh/DATA_S2/S2_30363.npy,PASTISFresh/ANNOTATIONS/TARGET_30363.npy
30364,PASTISFresh/DATA_S2/S2_30364.npy,PASTISFresh/ANNOTATIONS/TARGET_30364.npy
30366,PASTISFresh/DATA_S2/S2_30366.npy,PASTISFresh/ANNOTATIONS/TARGET_30366.npy
30367,PASTISFresh/DATA_S2/S2_30367.npy,PASTISFresh/ANNOTATIONS/TARGET_30367.npy
30368,PASTISFresh/DATA_S2/S2_30368.npy,PASTISFresh/ANNOTATIONS/TARGET_30368.npy
30370,PASTISFresh/DATA_S2/S2_30370.npy,PASTISFresh/ANNOTATIONS/TARGET_30370.npy
30371,PASTISFresh/DATA_S2/S2_30371.npy,PASTISFresh/ANNOTATIONS/TARGET_30371.npy
30372,PASTISFresh/DATA_S2/S2_30372.npy,PASTISFresh/ANNOTATIONS/TARGET_30372.npy
30373,PASTISFresh/DATA_S2/S2_30373.npy,PASTISFresh/ANNOTATIONS/TARGET_30373.npy
30377,PASTISFresh/DATA_S2/S2_30377.npy,PASTISFresh/ANNOTATIONS/TARGET_30377.npy
30378,PASTISFresh/DATA_S2/S2_30378.npy,PASTISFresh/ANNOTATIONS/TARGET_30378.npy
30379,PASTISFresh/DATA_S2/S2_30379.npy,PASTISFresh/ANNOTATIONS/TARGET_30379.npy
30380,PASTISFresh/DATA_S2/S2_30380.npy,PASTISFresh/ANNOTATIONS/TARGET_30380.npy
30381,PASTISFresh/DATA_S2/S2_30381.npy,PASTISFresh/ANNOTATIONS/TARGET_30381.npy
30382,PASTISFresh/DATA_S2/S2_30382.npy,PASTISFresh/ANNOTATIONS/TARGET_30382.npy
30385,PASTISFresh/DATA_S2/S2_30385.npy,PASTISFresh/ANNOTATIONS/TARGET_30385.npy
30386,PASTISFresh/DATA_S2/S2_30386.npy,PASTISFresh/ANNOTATIONS/TARGET_30386.npy
30387,PASTISFresh/DATA_S2/S2_30387.npy,PASTISFresh/ANNOTATIONS/TARGET_30387.npy
30388,PASTISFresh/DATA_S2/S2_30388.npy,PASTISFresh/ANNOTATIONS/TARGET_30388.npy
30389,PASTISFresh/DATA_S2/S2_30389.npy,PASTISFresh/ANNOTATIONS/TARGET_30389.npy
30391,PASTISFresh/DATA_S2/S2_30391.npy,PASTISFresh/ANNOTATIONS/TARGET_30391.npy
30392,PASTISFresh/DATA_S2/S2_30392.npy,PASTISFresh/ANNOTATIONS/TARGET_30392.npy
30394,PASTISFresh/DATA_S2/S2_30394.npy,PASTISFresh/ANNOTATIONS/TARGET_30394.npy
30397,PASTISFresh/DATA_S2/S2_30397.npy,PASTISFresh/ANNOTATIONS/TARGET_30397.npy
30399,PASTISFresh/DATA_S2/S2_30399.npy,PASTISFresh/ANNOTATIONS/TARGET_30399.npy
30402,PASTISFresh/DATA_S2/S2_30402.npy,PASTISFresh/ANNOTATIONS/TARGET_30402.npy
30405,PASTISFresh/DATA_S2/S2_30405.npy,PASTISFresh/ANNOTATIONS/TARGET_30405.npy
30406,PASTISFresh/DATA_S2/S2_30406.npy,PASTISFresh/ANNOTATIONS/TARGET_30406.npy
30409,PASTISFresh/DATA_S2/S2_30409.npy,PASTISFresh/ANNOTATIONS/TARGET_30409.npy
30410,PASTISFresh/DATA_S2/S2_30410.npy,PASTISFresh/ANNOTATIONS/TARGET_30410.npy
30411,PASTISFresh/DATA_S2/S2_30411.npy,PASTISFresh/ANNOTATIONS/TARGET_30411.npy
30414,PASTISFresh/DATA_S2/S2_30414.npy,PASTISFresh/ANNOTATIONS/TARGET_30414.npy
30416,PASTISFresh/DATA_S2/S2_30416.npy,PASTISFresh/ANNOTATIONS/TARGET_30416.npy
30418,PASTISFresh/DATA_S2/S2_30418.npy,PASTISFresh/ANNOTATIONS/TARGET_30418.npy
30419,PASTISFresh/DATA_S2/S2_30419.npy,PASTISFresh/ANNOTATIONS/TARGET_30419.npy
30421,PASTISFresh/DATA_S2/S2_30421.npy,PASTISFresh/ANNOTATIONS/TARGET_30421.npy
30426,PASTISFresh/DATA_S2/S2_30426.npy,PASTISFresh/ANNOTATIONS/TARGET_30426.npy
30427,PASTISFresh/DATA_S2/S2_30427.npy,PASTISFresh/ANNOTATIONS/TARGET_30427.npy
30428,PASTISFresh/DATA_S2/S2_30428.npy,PASTISFresh/ANNOTATIONS/TARGET_30428.npy
30429,PASTISFresh/DATA_S2/S2_30429.npy,PASTISFresh/ANNOTATIONS/TARGET_30429.npy
30433,PASTISFresh/DATA_S2/S2_30433.npy,PASTISFresh/ANNOTATIONS/TARGET_30433.npy
30435,PASTISFresh/DATA_S2/S2_30435.npy,PASTISFresh/ANNOTATIONS/TARGET_30435.npy
30436,PASTISFresh/DATA_S2/S2_30436.npy,PASTISFresh/ANNOTATIONS/TARGET_30436.npy
30437,PASTISFresh/DATA_S2/S2_30437.npy,PASTISFresh/ANNOTATIONS/TARGET_30437.npy
30439,PASTISFresh/DATA_S2/S2_30439.npy,PASTISFresh/ANNOTATIONS/TARGET_30439.npy
30442,PASTISFresh/DATA_S2/S2_30442.npy,PASTISFresh/ANNOTATIONS/TARGET_30442.npy
30443,PASTISFresh/DATA_S2/S2_30443.npy,PASTISFresh/ANNOTATIONS/TARGET_30443.npy
30445,PASTISFresh/DATA_S2/S2_30445.npy,PASTISFresh/ANNOTATIONS/TARGET_30445.npy
30446,PASTISFresh/DATA_S2/S2_30446.npy,PASTISFresh/ANNOTATIONS/TARGET_30446.npy
30447,PASTISFresh/DATA_S2/S2_30447.npy,PASTISFresh/ANNOTATIONS/TARGET_30447.npy
30450,PASTISFresh/DATA_S2/S2_30450.npy,PASTISFresh/ANNOTATIONS/TARGET_30450.npy
30451,PASTISFresh/DATA_S2/S2_30451.npy,PASTISFresh/ANNOTATIONS/TARGET_30451.npy
30452,PASTISFresh/DATA_S2/S2_30452.npy,PASTISFresh/ANNOTATIONS/TARGET_30452.npy
30454,PASTISFresh/DATA_S2/S2_30454.npy,PASTISFresh/ANNOTATIONS/TARGET_30454.npy
30455,PASTISFresh/DATA_S2/S2_30455.npy,PASTISFresh/ANNOTATIONS/TARGET_30455.npy
30457,PASTISFresh/DATA_S2/S2_30457.npy,PASTISFresh/ANNOTATIONS/TARGET_30457.npy
30458,PASTISFresh/DATA_S2/S2_30458.npy,PASTISFresh/ANNOTATIONS/TARGET_30458.npy
30459,PASTISFresh/DATA_S2/S2_30459.npy,PASTISFresh/ANNOTATIONS/TARGET_30459.npy
30461,PASTISFresh/DATA_S2/S2_30461.npy,PASTISFresh/ANNOTATIONS/TARGET_30461.npy
30462,PASTISFresh/DATA_S2/S2_30462.npy,PASTISFresh/ANNOTATIONS/TARGET_30462.npy
30465,PASTISFresh/DATA_S2/S2_30465.npy,PASTISFresh/ANNOTATIONS/TARGET_30465.npy
30469,PASTISFresh/DATA_S2/S2_30469.npy,PASTISFresh/ANNOTATIONS/TARGET_30469.npy
30470,PASTISFresh/DATA_S2/S2_30470.npy,PASTISFresh/ANNOTATIONS/TARGET_30470.npy
30471,PASTISFresh/DATA_S2/S2_30471.npy,PASTISFresh/ANNOTATIONS/TARGET_30471.npy
30472,PASTISFresh/DATA_S2/S2_30472.npy,PASTISFresh/ANNOTATIONS/TARGET_30472.npy
30474,PASTISFresh/DATA_S2/S2_30474.npy,PASTISFresh/ANNOTATIONS/TARGET_30474.npy
30475,PASTISFresh/DATA_S2/S2_30475.npy,PASTISFresh/ANNOTATIONS/TARGET_30475.npy
30477,PASTISFresh/DATA_S2/S2_30477.npy,PASTISFresh/ANNOTATIONS/TARGET_30477.npy
30478,PASTISFresh/DATA_S2/S2_30478.npy,PASTISFresh/ANNOTATIONS/TARGET_30478.npy
30479,PASTISFresh/DATA_S2/S2_30479.npy,PASTISFresh/ANNOTATIONS/TARGET_30479.npy
30483,PASTISFresh/DATA_S2/S2_30483.npy,PASTISFresh/ANNOTATIONS/TARGET_30483.npy
30485,PASTISFresh/DATA_S2/S2_30485.npy,PASTISFresh/ANNOTATIONS/TARGET_30485.npy
30486,PASTISFresh/DATA_S2/S2_30486.npy,PASTISFresh/ANNOTATIONS/TARGET_30486.npy
30489,PASTISFresh/DATA_S2/S2_30489.npy,PASTISFresh/ANNOTATIONS/TARGET_30489.npy
30491,PASTISFresh/DATA_S2/S2_30491.npy,PASTISFresh/ANNOTATIONS/TARGET_30491.npy
30494,PASTISFresh/DATA_S2/S2_30494.npy,PASTISFresh/ANNOTATIONS/TARGET_30494.npy
30495,PASTISFresh/DATA_S2/S2_30495.npy,PASTISFresh/ANNOTATIONS/TARGET_30495.npy
30496,PASTISFresh/DATA_S2/S2_30496.npy,PASTISFresh/ANNOTATIONS/TARGET_30496.npy
30497,PASTISFresh/DATA_S2/S2_30497.npy,PASTISFresh/ANNOTATIONS/TARGET_30497.npy
30498,PASTISFresh/DATA_S2/S2_30498.npy,PASTISFresh/ANNOTATIONS/TARGET_30498.npy
30499,PASTISFresh/DATA_S2/S2_30499.npy,PASTISFresh/ANNOTATIONS/TARGET_30499.npy
30500,PASTISFresh/DATA_S2/S2_30500.npy,PASTISFresh/ANNOTATIONS/TARGET_30500.npy
30501,PASTISFresh/DATA_S2/S2_30501.npy,PASTISFresh/ANNOTATIONS/TARGET_30501.npy
30504,PASTISFresh/DATA_S2/S2_30504.npy,PASTISFresh/ANNOTATIONS/TARGET_30504.npy
30505,PASTISFresh/DATA_S2/S2_30505.npy,PASTISFresh/ANNOTATIONS/TARGET_30505.npy
30506,PASTISFresh/DATA_S2/S2_30506.npy,PASTISFresh/ANNOTATIONS/TARGET_30506.npy
30507,PASTISFresh/DATA_S2/S2_30507.npy,PASTISFresh/ANNOTATIONS/TARGET_30507.npy
30513,PASTISFresh/DATA_S2/S2_30513.npy,PASTISFresh/ANNOTATIONS/TARGET_30513.npy
30516,PASTISFresh/DATA_S2/S2_30516.npy,PASTISFresh/ANNOTATIONS/TARGET_30516.npy
30519,PASTISFresh/DATA_S2/S2_30519.npy,PASTISFresh/ANNOTATIONS/TARGET_30519.npy
30523,PASTISFresh/DATA_S2/S2_30523.npy,PASTISFresh/ANNOTATIONS/TARGET_30523.npy
30525,PASTISFresh/DATA_S2/S2_30525.npy,PASTISFresh/ANNOTATIONS/TARGET_30525.npy
30527,PASTISFresh/DATA_S2/S2_30527.npy,PASTISFresh/ANNOTATIONS/TARGET_30527.npy
30528,PASTISFresh/DATA_S2/S2_30528.npy,PASTISFresh/ANNOTATIONS/TARGET_30528.npy
30529,PASTISFresh/DATA_S2/S2_30529.npy,PASTISFresh/ANNOTATIONS/TARGET_30529.npy
30530,PASTISFresh/DATA_S2/S2_30530.npy,PASTISFresh/ANNOTATIONS/TARGET_30530.npy
30531,PASTISFresh/DATA_S2/S2_30531.npy,PASTISFresh/ANNOTATIONS/TARGET_30531.npy
30532,PASTISFresh/DATA_S2/S2_30532.npy,PASTISFresh/ANNOTATIONS/TARGET_30532.npy
30533,PASTISFresh/DATA_S2/S2_30533.npy,PASTISFresh/ANNOTATIONS/TARGET_30533.npy
30536,PASTISFresh/DATA_S2/S2_30536.npy,PASTISFresh/ANNOTATIONS/TARGET_30536.npy
30537,PASTISFresh/DATA_S2/S2_30537.npy,PASTISFresh/ANNOTATIONS/TARGET_30537.npy
30539,PASTISFresh/DATA_S2/S2_30539.npy,PASTISFresh/ANNOTATIONS/TARGET_30539.npy
30542,PASTISFresh/DATA_S2/S2_30542.npy,PASTISFresh/ANNOTATIONS/TARGET_30542.npy
30545,PASTISFresh/DATA_S2/S2_30545.npy,PASTISFresh/ANNOTATIONS/TARGET_30545.npy
30546,PASTISFresh/DATA_S2/S2_30546.npy,PASTISFresh/ANNOTATIONS/TARGET_30546.npy
30548,PASTISFresh/DATA_S2/S2_30548.npy,PASTISFresh/ANNOTATIONS/TARGET_30548.npy
30549,PASTISFresh/DATA_S2/S2_30549.npy,PASTISFresh/ANNOTATIONS/TARGET_30549.npy
30551,PASTISFresh/DATA_S2/S2_30551.npy,PASTISFresh/ANNOTATIONS/TARGET_30551.npy
30556,PASTISFresh/DATA_S2/S2_30556.npy,PASTISFresh/ANNOTATIONS/TARGET_30556.npy
30557,PASTISFresh/DATA_S2/S2_30557.npy,PASTISFresh/ANNOTATIONS/TARGET_30557.npy
30558,PASTISFresh/DATA_S2/S2_30558.npy,PASTISFresh/ANNOTATIONS/TARGET_30558.npy
30559,PASTISFresh/DATA_S2/S2_30559.npy,PASTISFresh/ANNOTATIONS/TARGET_30559.npy
30561,PASTISFresh/DATA_S2/S2_30561.npy,PASTISFresh/ANNOTATIONS/TARGET_30561.npy
30562,PASTISFresh/DATA_S2/S2_30562.npy,PASTISFresh/ANNOTATIONS/TARGET_30562.npy
30563,PASTISFresh/DATA_S2/S2_30563.npy,PASTISFresh/ANNOTATIONS/TARGET_30563.npy
30565,PASTISFresh/DATA_S2/S2_30565.npy,PASTISFresh/ANNOTATIONS/TARGET_30565.npy
30566,PASTISFresh/DATA_S2/S2_30566.npy,PASTISFresh/ANNOTATIONS/TARGET_30566.npy
30567,PASTISFresh/DATA_S2/S2_30567.npy,PASTISFresh/ANNOTATIONS/TARGET_30567.npy
30571,PASTISFresh/DATA_S2/S2_30571.npy,PASTISFresh/ANNOTATIONS/TARGET_30571.npy
30573,PASTISFresh/DATA_S2/S2_30573.npy,PASTISFresh/ANNOTATIONS/TARGET_30573.npy
30574,PASTISFresh/DATA_S2/S2_30574.npy,PASTISFresh/ANNOTATIONS/TARGET_30574.npy
30576,PASTISFresh/DATA_S2/S2_30576.npy,PASTISFresh/ANNOTATIONS/TARGET_30576.npy
30578,PASTISFresh/DATA_S2/S2_30578.npy,PASTISFresh/ANNOTATIONS/TARGET_30578.npy
30579,PASTISFresh/DATA_S2/S2_30579.npy,PASTISFresh/ANNOTATIONS/TARGET_30579.npy
30580,PASTISFresh/DATA_S2/S2_30580.npy,PASTISFresh/ANNOTATIONS/TARGET_30580.npy
30581,PASTISFresh/DATA_S2/S2_30581.npy,PASTISFresh/ANNOTATIONS/TARGET_30581.npy
30586,PASTISFresh/DATA_S2/S2_30586.npy,PASTISFresh/ANNOTATIONS/TARGET_30586.npy
30588,PASTISFresh/DATA_S2/S2_30588.npy,PASTISFresh/ANNOTATIONS/TARGET_30588.npy
30589,PASTISFresh/DATA_S2/S2_30589.npy,PASTISFresh/ANNOTATIONS/TARGET_30589.npy
30590,PASTISFresh/DATA_S2/S2_30590.npy,PASTISFresh/ANNOTATIONS/TARGET_30590.npy
30591,PASTISFresh/DATA_S2/S2_30591.npy,PASTISFresh/ANNOTATIONS/TARGET_30591.npy
30592,PASTISFresh/DATA_S2/S2_30592.npy,PASTISFresh/ANNOTATIONS/TARGET_30592.npy
30596,PASTISFresh/DATA_S2/S2_30596.npy,PASTISFresh/ANNOTATIONS/TARGET_30596.npy
30597,PASTISFresh/DATA_S2/S2_30597.npy,PASTISFresh/ANNOTATIONS/TARGET_30597.npy
30598,PASTISFresh/DATA_S2/S2_30598.npy,PASTISFresh/ANNOTATIONS/TARGET_30598.npy
30599,PASTISFresh/DATA_S2/S2_30599.npy,PASTISFresh/ANNOTATIONS/TARGET_30599.npy
30602,PASTISFresh/DATA_S2/S2_30602.npy,PASTISFresh/ANNOTATIONS/TARGET_30602.npy
30604,PASTISFresh/DATA_S2/S2_30604.npy,PASTISFresh/ANNOTATIONS/TARGET_30604.npy
30607,PASTISFresh/DATA_S2/S2_30607.npy,PASTISFresh/ANNOTATIONS/TARGET_30607.npy
30608,PASTISFresh/DATA_S2/S2_30608.npy,PASTISFresh/ANNOTATIONS/TARGET_30608.npy
30611,PASTISFresh/DATA_S2/S2_30611.npy,PASTISFresh/ANNOTATIONS/TARGET_30611.npy
30614,PASTISFresh/DATA_S2/S2_30614.npy,PASTISFresh/ANNOTATIONS/TARGET_30614.npy
30615,PASTISFresh/DATA_S2/S2_30615.npy,PASTISFresh/ANNOTATIONS/TARGET_30615.npy
30616,PASTISFresh/DATA_S2/S2_30616.npy,PASTISFresh/ANNOTATIONS/TARGET_30616.npy
30618,PASTISFresh/DATA_S2/S2_30618.npy,PASTISFresh/ANNOTATIONS/TARGET_30618.npy
30619,PASTISFresh/DATA_S2/S2_30619.npy,PASTISFresh/ANNOTATIONS/TARGET_30619.npy
30620,PASTISFresh/DATA_S2/S2_30620.npy,PASTISFresh/ANNOTATIONS/TARGET_30620.npy
30621,PASTISFresh/DATA_S2/S2_30621.npy,PASTISFresh/ANNOTATIONS/TARGET_30621.npy
30622,PASTISFresh/DATA_S2/S2_30622.npy,PASTISFresh/ANNOTATIONS/TARGET_30622.npy
30626,PASTISFresh/DATA_S2/S2_30626.npy,PASTISFresh/ANNOTATIONS/TARGET_30626.npy
30627,PASTISFresh/DATA_S2/S2_30627.npy,PASTISFresh/ANNOTATIONS/TARGET_30627.npy
30631,PASTISFresh/DATA_S2/S2_30631.npy,PASTISFresh/ANNOTATIONS/TARGET_30631.npy
30632,PASTISFresh/DATA_S2/S2_30632.npy,PASTISFresh/ANNOTATIONS/TARGET_30632.npy
30633,PASTISFresh/DATA_S2/S2_30633.npy,PASTISFresh/ANNOTATIONS/TARGET_30633.npy
30634,PASTISFresh/DATA_S2/S2_30634.npy,PASTISFresh/ANNOTATIONS/TARGET_30634.npy
30635,PASTISFresh/DATA_S2/S2_30635.npy,PASTISFresh/ANNOTATIONS/TARGET_30635.npy
30636,PASTISFresh/DATA_S2/S2_30636.npy,PASTISFresh/ANNOTATIONS/TARGET_30636.npy
30639,PASTISFresh/DATA_S2/S2_30639.npy,PASTISFresh/ANNOTATIONS/TARGET_30639.npy
30640,PASTISFresh/DATA_S2/S2_30640.npy,PASTISFresh/ANNOTATIONS/TARGET_30640.npy
30641,PASTISFresh/DATA_S2/S2_30641.npy,PASTISFresh/ANNOTATIONS/TARGET_30641.npy
30642,PASTISFresh/DATA_S2/S2_30642.npy,PASTISFresh/ANNOTATIONS/TARGET_30642.npy
30643,PASTISFresh/DATA_S2/S2_30643.npy,PASTISFresh/ANNOTATIONS/TARGET_30643.npy
30644,PASTISFresh/DATA_S2/S2_30644.npy,PASTISFresh/ANNOTATIONS/TARGET_30644.npy
30646,PASTISFresh/DATA_S2/S2_30646.npy,PASTISFresh/ANNOTATIONS/TARGET_30646.npy
30652,PASTISFresh/DATA_S2/S2_30652.npy,PASTISFresh/ANNOTATIONS/TARGET_30652.npy
30653,PASTISFresh/DATA_S2/S2_30653.npy,PASTISFresh/ANNOTATIONS/TARGET_30653.npy
30656,PASTISFresh/DATA_S2/S2_30656.npy,PASTISFresh/ANNOTATIONS/TARGET_30656.npy
30659,PASTISFresh/DATA_S2/S2_30659.npy,PASTISFresh/ANNOTATIONS/TARGET_30659.npy
30660,PASTISFresh/DATA_S2/S2_30660.npy,PASTISFresh/ANNOTATIONS/TARGET_30660.npy
30661,PASTISFresh/DATA_S2/S2_30661.npy,PASTISFresh/ANNOTATIONS/TARGET_30661.npy
30662,PASTISFresh/DATA_S2/S2_30662.npy,PASTISFresh/ANNOTATIONS/TARGET_30662.npy
30663,PASTISFresh/DATA_S2/S2_30663.npy,PASTISFresh/ANNOTATIONS/TARGET_30663.npy
30664,PASTISFresh/DATA_S2/S2_30664.npy,PASTISFresh/ANNOTATIONS/TARGET_30664.npy
30667,PASTISFresh/DATA_S2/S2_30667.npy,PASTISFresh/ANNOTATIONS/TARGET_30667.npy
30670,PASTISFresh/DATA_S2/S2_30670.npy,PASTISFresh/ANNOTATIONS/TARGET_30670.npy
30671,PASTISFresh/DATA_S2/S2_30671.npy,PASTISFresh/ANNOTATIONS/TARGET_30671.npy
30672,PASTISFresh/DATA_S2/S2_30672.npy,PASTISFresh/ANNOTATIONS/TARGET_30672.npy
30674,PASTISFresh/DATA_S2/S2_30674.npy,PASTISFresh/ANNOTATIONS/TARGET_30674.npy
30675,PASTISFresh/DATA_S2/S2_30675.npy,PASTISFresh/ANNOTATIONS/TARGET_30675.npy
30676,PASTISFresh/DATA_S2/S2_30676.npy,PASTISFresh/ANNOTATIONS/TARGET_30676.npy
30677,PASTISFresh/DATA_S2/S2_30677.npy,PASTISFresh/ANNOTATIONS/TARGET_30677.npy
30679,PASTISFresh/DATA_S2/S2_30679.npy,PASTISFresh/ANNOTATIONS/TARGET_30679.npy
30688,PASTISFresh/DATA_S2/S2_30688.npy,PASTISFresh/ANNOTATIONS/TARGET_30688.npy
30689,PASTISFresh/DATA_S2/S2_30689.npy,PASTISFresh/ANNOTATIONS/TARGET_30689.npy
30690,PASTISFresh/DATA_S2/S2_30690.npy,PASTISFresh/ANNOTATIONS/TARGET_30690.npy
30691,PASTISFresh/DATA_S2/S2_30691.npy,PASTISFresh/ANNOTATIONS/TARGET_30691.npy
30692,PASTISFresh/DATA_S2/S2_30692.npy,PASTISFresh/ANNOTATIONS/TARGET_30692.npy
30693,PASTISFresh/DATA_S2/S2_30693.npy,PASTISFresh/ANNOTATIONS/TARGET_30693.npy
30695,PASTISFresh/DATA_S2/S2_30695.npy,PASTISFresh/ANNOTATIONS/TARGET_30695.npy
30696,PASTISFresh/DATA_S2/S2_30696.npy,PASTISFresh/ANNOTATIONS/TARGET_30696.npy
30697,PASTISFresh/DATA_S2/S2_30697.npy,PASTISFresh/ANNOTATIONS/TARGET_30697.npy
30699,PASTISFresh/DATA_S2/S2_30699.npy,PASTISFresh/ANNOTATIONS/TARGET_30699.npy
30700,PASTISFresh/DATA_S2/S2_30700.npy,PASTISFresh/ANNOTATIONS/TARGET_30700.npy
30701,PASTISFresh/DATA_S2/S2_30701.npy,PASTISFresh/ANNOTATIONS/TARGET_30701.npy
30706,PASTISFresh/DATA_S2/S2_30706.npy,PASTISFresh/ANNOTATIONS/TARGET_30706.npy
30707,PASTISFresh/DATA_S2/S2_30707.npy,PASTISFresh/ANNOTATIONS/TARGET_30707.npy
30708,PASTISFresh/DATA_S2/S2_30708.npy,PASTISFresh/ANNOTATIONS/TARGET_30708.npy
30709,PASTISFresh/DATA_S2/S2_30709.npy,PASTISFresh/ANNOTATIONS/TARGET_30709.npy
30710,PASTISFresh/DATA_S2/S2_30710.npy,PASTISFresh/ANNOTATIONS/TARGET_30710.npy
30711,PASTISFresh/DATA_S2/S2_30711.npy,PASTISFresh/ANNOTATIONS/TARGET_30711.npy
30712,PASTISFresh/DATA_S2/S2_30712.npy,PASTISFresh/ANNOTATIONS/TARGET_30712.npy
30713,PASTISFresh/DATA_S2/S2_30713.npy,PASTISFresh/ANNOTATIONS/TARGET_30713.npy
30718,PASTISFresh/DATA_S2/S2_30718.npy,PASTISFresh/ANNOTATIONS/TARGET_30718.npy
30721,PASTISFresh/DATA_S2/S2_30721.npy,PASTISFresh/ANNOTATIONS/TARGET_30721.npy
30722,PASTISFresh/DATA_S2/S2_30722.npy,PASTISFresh/ANNOTATIONS/TARGET_30722.npy
30723,PASTISFresh/DATA_S2/S2_30723.npy,PASTISFresh/ANNOTATIONS/TARGET_30723.npy
30725,PASTISFresh/DATA_S2/S2_30725.npy,PASTISFresh/ANNOTATIONS/TARGET_30725.npy
30728,PASTISFresh/DATA_S2/S2_30728.npy,PASTISFresh/ANNOTATIONS/TARGET_30728.npy
30730,PASTISFresh/DATA_S2/S2_30730.npy,PASTISFresh/ANNOTATIONS/TARGET_30730.npy
30732,PASTISFresh/DATA_S2/S2_30732.npy,PASTISFresh/ANNOTATIONS/TARGET_30732.npy
30733,PASTISFresh/DATA_S2/S2_30733.npy,PASTISFresh/ANNOTATIONS/TARGET_30733.npy
30735,PASTISFresh/DATA_S2/S2_30735.npy,PASTISFresh/ANNOTATIONS/TARGET_30735.npy
30737,PASTISFresh/DATA_S2/S2_30737.npy,PASTISFresh/ANNOTATIONS/TARGET_30737.npy
40000,PASTISFresh/DATA_S2/S2_40000.npy,PASTISFresh/ANNOTATIONS/TARGET_40000.npy
40001,PASTISFresh/DATA_S2/S2_40001.npy,PASTISFresh/ANNOTATIONS/TARGET_40001.npy
40002,PASTISFresh/DATA_S2/S2_40002.npy,PASTISFresh/ANNOTATIONS/TARGET_40002.npy
40005,PASTISFresh/DATA_S2/S2_40005.npy,PASTISFresh/ANNOTATIONS/TARGET_40005.npy
40006,PASTISFresh/DATA_S2/S2_40006.npy,PASTISFresh/ANNOTATIONS/TARGET_40006.npy
40007,PASTISFresh/DATA_S2/S2_40007.npy,PASTISFresh/ANNOTATIONS/TARGET_40007.npy
40011,PASTISFresh/DATA_S2/S2_40011.npy,PASTISFresh/ANNOTATIONS/TARGET_40011.npy
40012,PASTISFresh/DATA_S2/S2_40012.npy,PASTISFresh/ANNOTATIONS/TARGET_40012.npy
40014,PASTISFresh/DATA_S2/S2_40014.npy,PASTISFresh/ANNOTATIONS/TARGET_40014.npy
40021,PASTISFresh/DATA_S2/S2_40021.npy,PASTISFresh/ANNOTATIONS/TARGET_40021.npy
40022,PASTISFresh/DATA_S2/S2_40022.npy,PASTISFresh/ANNOTATIONS/TARGET_40022.npy
40023,PASTISFresh/DATA_S2/S2_40023.npy,PASTISFresh/ANNOTATIONS/TARGET_40023.npy
40025,PASTISFresh/DATA_S2/S2_40025.npy,PASTISFresh/ANNOTATIONS/TARGET_40025.npy
40027,PASTISFresh/DATA_S2/S2_40027.npy,PASTISFresh/ANNOTATIONS/TARGET_40027.npy
40030,PASTISFresh/DATA_S2/S2_40030.npy,PASTISFresh/ANNOTATIONS/TARGET_40030.npy
40031,PASTISFresh/DATA_S2/S2_40031.npy,PASTISFresh/ANNOTATIONS/TARGET_40031.npy
40033,PASTISFresh/DATA_S2/S2_40033.npy,PASTISFresh/ANNOTATIONS/TARGET_40033.npy
40035,PASTISFresh/DATA_S2/S2_40035.npy,PASTISFresh/ANNOTATIONS/TARGET_40035.npy
40037,PASTISFresh/DATA_S2/S2_40037.npy,PASTISFresh/ANNOTATIONS/TARGET_40037.npy
40039,PASTISFresh/DATA_S2/S2_40039.npy,PASTISFresh/ANNOTATIONS/TARGET_40039.npy
40042,PASTISFresh/DATA_S2/S2_40042.npy,PASTISFresh/ANNOTATIONS/TARGET_40042.npy
40043,PASTISFresh/DATA_S2/S2_40043.npy,PASTISFresh/ANNOTATIONS/TARGET_40043.npy
40044,PASTISFresh/DATA_S2/S2_40044.npy,PASTISFresh/ANNOTATIONS/TARGET_40044.npy
40045,PASTISFresh/DATA_S2/S2_40045.npy,PASTISFresh/ANNOTATIONS/TARGET_40045.npy
40046,PASTISFresh/DATA_S2/S2_40046.npy,PASTISFresh/ANNOTATIONS/TARGET_40046.npy
40048,PASTISFresh/DATA_S2/S2_40048.npy,PASTISFresh/ANNOTATIONS/TARGET_40048.npy
40049,PASTISFresh/DATA_S2/S2_40049.npy,PASTISFresh/ANNOTATIONS/TARGET_40049.npy
40054,PASTISFresh/DATA_S2/S2_40054.npy,PASTISFresh/ANNOTATIONS/TARGET_40054.npy
40056,PASTISFresh/DATA_S2/S2_40056.npy,PASTISFresh/ANNOTATIONS/TARGET_40056.npy
40057,PASTISFresh/DATA_S2/S2_40057.npy,PASTISFresh/ANNOTATIONS/TARGET_40057.npy
40058,PASTISFresh/DATA_S2/S2_40058.npy,PASTISFresh/ANNOTATIONS/TARGET_40058.npy
40059,PASTISFresh/DATA_S2/S2_40059.npy,PASTISFresh/ANNOTATIONS/TARGET_40059.npy
40060,PASTISFresh/DATA_S2/S2_40060.npy,PASTISFresh/ANNOTATIONS/TARGET_40060.npy
40063,PASTISFresh/DATA_S2/S2_40063.npy,PASTISFresh/ANNOTATIONS/TARGET_40063.npy
40065,PASTISFresh/DATA_S2/S2_40065.npy,PASTISFresh/ANNOTATIONS/TARGET_40065.npy
40067,PASTISFresh/DATA_S2/S2_40067.npy,PASTISFresh/ANNOTATIONS/TARGET_40067.npy
40068,PASTISFresh/DATA_S2/S2_40068.npy,PASTISFresh/ANNOTATIONS/TARGET_40068.npy
40069,PASTISFresh/DATA_S2/S2_40069.npy,PASTISFresh/ANNOTATIONS/TARGET_40069.npy
40070,PASTISFresh/DATA_S2/S2_40070.npy,PASTISFresh/ANNOTATIONS/TARGET_40070.npy
40072,PASTISFresh/DATA_S2/S2_40072.npy,PASTISFresh/ANNOTATIONS/TARGET_40072.npy
40073,PASTISFresh/DATA_S2/S2_40073.npy,PASTISFresh/ANNOTATIONS/TARGET_40073.npy
40074,PASTISFresh/DATA_S2/S2_40074.npy,PASTISFresh/ANNOTATIONS/TARGET_40074.npy
40078,PASTISFresh/DATA_S2/S2_40078.npy,PASTISFresh/ANNOTATIONS/TARGET_40078.npy
40079,PASTISFresh/DATA_S2/S2_40079.npy,PASTISFresh/ANNOTATIONS/TARGET_40079.npy
40081,PASTISFresh/DATA_S2/S2_40081.npy,PASTISFresh/ANNOTATIONS/TARGET_40081.npy
40084,PASTISFresh/DATA_S2/S2_40084.npy,PASTISFresh/ANNOTATIONS/TARGET_40084.npy
40085,PASTISFresh/DATA_S2/S2_40085.npy,PASTISFresh/ANNOTATIONS/TARGET_40085.npy
40087,PASTISFresh/DATA_S2/S2_40087.npy,PASTISFresh/ANNOTATIONS/TARGET_40087.npy
40090,PASTISFresh/DATA_S2/S2_40090.npy,PASTISFresh/ANNOTATIONS/TARGET_40090.npy
40091,PASTISFresh/DATA_S2/S2_40091.npy,PASTISFresh/ANNOTATIONS/TARGET_40091.npy
40093,PASTISFresh/DATA_S2/S2_40093.npy,PASTISFresh/ANNOTATIONS/TARGET_40093.npy
40094,PASTISFresh/DATA_S2/S2_40094.npy,PASTISFresh/ANNOTATIONS/TARGET_40094.npy
40095,PASTISFresh/DATA_S2/S2_40095.npy,PASTISFresh/ANNOTATIONS/TARGET_40095.npy
40097,PASTISFresh/DATA_S2/S2_40097.npy,PASTISFresh/ANNOTATIONS/TARGET_40097.npy
40098,PASTISFresh/DATA_S2/S2_40098.npy,PASTISFresh/ANNOTATIONS/TARGET_40098.npy
40099,PASTISFresh/DATA_S2/S2_40099.npy,PASTISFresh/ANNOTATIONS/TARGET_40099.npy
40100,PASTISFresh/DATA_S2/S2_40100.npy,PASTISFresh/ANNOTATIONS/TARGET_40100.npy
40106,PASTISFresh/DATA_S2/S2_40106.npy,PASTISFresh/ANNOTATIONS/TARGET_40106.npy
40107,PASTISFresh/DATA_S2/S2_40107.npy,PASTISFresh/ANNOTATIONS/TARGET_40107.npy
40114,PASTISFresh/DATA_S2/S2_40114.npy,PASTISFresh/ANNOTATIONS/TARGET_40114.npy
40116,PASTISFresh/DATA_S2/S2_40116.npy,PASTISFresh/ANNOTATIONS/TARGET_40116.npy
40117,PASTISFresh/DATA_S2/S2_40117.npy,PASTISFresh/ANNOTATIONS/TARGET_40117.npy
40120,PASTISFresh/DATA_S2/S2_40120.npy,PASTISFresh/ANNOTATIONS/TARGET_40120.npy
40121,PASTISFresh/DATA_S2/S2_40121.npy,PASTISFresh/ANNOTATIONS/TARGET_40121.npy
40122,PASTISFresh/DATA_S2/S2_40122.npy,PASTISFresh/ANNOTATIONS/TARGET_40122.npy
40125,PASTISFresh/DATA_S2/S2_40125.npy,PASTISFresh/ANNOTATIONS/TARGET_40125.npy
40126,PASTISFresh/DATA_S2/S2_40126.npy,PASTISFresh/ANNOTATIONS/TARGET_40126.npy
40127,PASTISFresh/DATA_S2/S2_40127.npy,PASTISFresh/ANNOTATIONS/TARGET_40127.npy
40129,PASTISFresh/DATA_S2/S2_40129.npy,PASTISFresh/ANNOTATIONS/TARGET_40129.npy
40131,PASTISFresh/DATA_S2/S2_40131.npy,PASTISFresh/ANNOTATIONS/TARGET_40131.npy
40132,PASTISFresh/DATA_S2/S2_40132.npy,PASTISFresh/ANNOTATIONS/TARGET_40132.npy
40133,PASTISFresh/DATA_S2/S2_40133.npy,PASTISFresh/ANNOTATIONS/TARGET_40133.npy
40134,PASTISFresh/DATA_S2/S2_40134.npy,PASTISFresh/ANNOTATIONS/TARGET_40134.npy
40136,PASTISFresh/DATA_S2/S2_40136.npy,PASTISFresh/ANNOTATIONS/TARGET_40136.npy
40138,PASTISFresh/DATA_S2/S2_40138.npy,PASTISFresh/ANNOTATIONS/TARGET_40138.npy
40141,PASTISFresh/DATA_S2/S2_40141.npy,PASTISFresh/ANNOTATIONS/TARGET_40141.npy
40142,PASTISFresh/DATA_S2/S2_40142.npy,PASTISFresh/ANNOTATIONS/TARGET_40142.npy
40143,PASTISFresh/DATA_S2/S2_40143.npy,PASTISFresh/ANNOTATIONS/TARGET_40143.npy
40144,PASTISFresh/DATA_S2/S2_40144.npy,PASTISFresh/ANNOTATIONS/TARGET_40144.npy
40145,PASTISFresh/DATA_S2/S2_40145.npy,PASTISFresh/ANNOTATIONS/TARGET_40145.npy
40146,PASTISFresh/DATA_S2/S2_40146.npy,PASTISFresh/ANNOTATIONS/TARGET_40146.npy
40149,PASTISFresh/DATA_S2/S2_40149.npy,PASTISFresh/ANNOTATIONS/TARGET_40149.npy
40151,PASTISFresh/DATA_S2/S2_40151.npy,PASTISFresh/ANNOTATIONS/TARGET_40151.npy
40153,PASTISFresh/DATA_S2/S2_40153.npy,PASTISFresh/ANNOTATIONS/TARGET_40153.npy
40157,PASTISFresh/DATA_S2/S2_40157.npy,PASTISFresh/ANNOTATIONS/TARGET_40157.npy
40160,PASTISFresh/DATA_S2/S2_40160.npy,PASTISFresh/ANNOTATIONS/TARGET_40160.npy
40161,PASTISFresh/DATA_S2/S2_40161.npy,PASTISFresh/ANNOTATIONS/TARGET_40161.npy
40162,PASTISFresh/DATA_S2/S2_40162.npy,PASTISFresh/ANNOTATIONS/TARGET_40162.npy
40163,PASTISFresh/DATA_S2/S2_40163.npy,PASTISFresh/ANNOTATIONS/TARGET_40163.npy
40165,PASTISFresh/DATA_S2/S2_40165.npy,PASTISFresh/ANNOTATIONS/TARGET_40165.npy
40166,PASTISFresh/DATA_S2/S2_40166.npy,PASTISFresh/ANNOTATIONS/TARGET_40166.npy
40172,PASTISFresh/DATA_S2/S2_40172.npy,PASTISFresh/ANNOTATIONS/TARGET_40172.npy
40173,PASTISFresh/DATA_S2/S2_40173.npy,PASTISFresh/ANNOTATIONS/TARGET_40173.npy
40175,PASTISFresh/DATA_S2/S2_40175.npy,PASTISFresh/ANNOTATIONS/TARGET_40175.npy
40177,PASTISFresh/DATA_S2/S2_40177.npy,PASTISFresh/ANNOTATIONS/TARGET_40177.npy
40179,PASTISFresh/DATA_S2/S2_40179.npy,PASTISFresh/ANNOTATIONS/TARGET_40179.npy
40180,PASTISFresh/DATA_S2/S2_40180.npy,PASTISFresh/ANNOTATIONS/TARGET_40180.npy
40181,PASTISFresh/DATA_S2/S2_40181.npy,PASTISFresh/ANNOTATIONS/TARGET_40181.npy
40182,PASTISFresh/DATA_S2/S2_40182.npy,PASTISFresh/ANNOTATIONS/TARGET_40182.npy
40184,PASTISFresh/DATA_S2/S2_40184.npy,PASTISFresh/ANNOTATIONS/TARGET_40184.npy
40185,PASTISFresh/DATA_S2/S2_40185.npy,PASTISFresh/ANNOTATIONS/TARGET_40185.npy
40186,PASTISFresh/DATA_S2/S2_40186.npy,PASTISFresh/ANNOTATIONS/TARGET_40186.npy
40188,PASTISFresh/DATA_S2/S2_40188.npy,PASTISFresh/ANNOTATIONS/TARGET_40188.npy
40189,PASTISFresh/DATA_S2/S2_40189.npy,PASTISFresh/ANNOTATIONS/TARGET_40189.npy
40190,PASTISFresh/DATA_S2/S2_40190.npy,PASTISFresh/ANNOTATIONS/TARGET_40190.npy
40194,PASTISFresh/DATA_S2/S2_40194.npy,PASTISFresh/ANNOTATIONS/TARGET_40194.npy
40195,PASTISFresh/DATA_S2/S2_40195.npy,PASTISFresh/ANNOTATIONS/TARGET_40195.npy
40197,PASTISFresh/DATA_S2/S2_40197.npy,PASTISFresh/ANNOTATIONS/TARGET_40197.npy
40198,PASTISFresh/DATA_S2/S2_40198.npy,PASTISFresh/ANNOTATIONS/TARGET_40198.npy
40200,PASTISFresh/DATA_S2/S2_40200.npy,PASTISFresh/ANNOTATIONS/TARGET_40200.npy
40201,PASTISFresh/DATA_S2/S2_40201.npy,PASTISFresh/ANNOTATIONS/TARGET_40201.npy
40203,PASTISFresh/DATA_S2/S2_40203.npy,PASTISFresh/ANNOTATIONS/TARGET_40203.npy
40205,PASTISFresh/DATA_S2/S2_40205.npy,PASTISFresh/ANNOTATIONS/TARGET_40205.npy
40206,PASTISFresh/DATA_S2/S2_40206.npy,PASTISFresh/ANNOTATIONS/TARGET_40206.npy
40207,PASTISFresh/DATA_S2/S2_40207.npy,PASTISFresh/ANNOTATIONS/TARGET_40207.npy
40208,PASTISFresh/DATA_S2/S2_40208.npy,PASTISFresh/ANNOTATIONS/TARGET_40208.npy
40209,PASTISFresh/DATA_S2/S2_40209.npy,PASTISFresh/ANNOTATIONS/TARGET_40209.npy
40210,PASTISFresh/DATA_S2/S2_40210.npy,PASTISFresh/ANNOTATIONS/TARGET_40210.npy
40211,PASTISFresh/DATA_S2/S2_40211.npy,PASTISFresh/ANNOTATIONS/TARGET_40211.npy
40212,PASTISFresh/DATA_S2/S2_40212.npy,PASTISFresh/ANNOTATIONS/TARGET_40212.npy
40214,PASTISFresh/DATA_S2/S2_40214.npy,PASTISFresh/ANNOTATIONS/TARGET_40214.npy
40215,PASTISFresh/DATA_S2/S2_40215.npy,PASTISFresh/ANNOTATIONS/TARGET_40215.npy
40219,PASTISFresh/DATA_S2/S2_40219.npy,PASTISFresh/ANNOTATIONS/TARGET_40219.npy
40220,PASTISFresh/DATA_S2/S2_40220.npy,PASTISFresh/ANNOTATIONS/TARGET_40220.npy
40222,PASTISFresh/DATA_S2/S2_40222.npy,PASTISFresh/ANNOTATIONS/TARGET_40222.npy
40223,PASTISFresh/DATA_S2/S2_40223.npy,PASTISFresh/ANNOTATIONS/TARGET_40223.npy
40226,PASTISFresh/DATA_S2/S2_40226.npy,PASTISFresh/ANNOTATIONS/TARGET_40226.npy
40231,PASTISFresh/DATA_S2/S2_40231.npy,PASTISFresh/ANNOTATIONS/TARGET_40231.npy
40234,PASTISFresh/DATA_S2/S2_40234.npy,PASTISFresh/ANNOTATIONS/TARGET_40234.npy
40235,PASTISFresh/DATA_S2/S2_40235.npy,PASTISFresh/ANNOTATIONS/TARGET_40235.npy
40236,PASTISFresh/DATA_S2/S2_40236.npy,PASTISFresh/ANNOTATIONS/TARGET_40236.npy
40240,PASTISFresh/DATA_S2/S2_40240.npy,PASTISFresh/ANNOTATIONS/TARGET_40240.npy
40242,PASTISFresh/DATA_S2/S2_40242.npy,PASTISFresh/ANNOTATIONS/TARGET_40242.npy
40244,PASTISFresh/DATA_S2/S2_40244.npy,PASTISFresh/ANNOTATIONS/TARGET_40244.npy
40245,PASTISFresh/DATA_S2/S2_40245.npy,PASTISFresh/ANNOTATIONS/TARGET_40245.npy
40247,PASTISFresh/DATA_S2/S2_40247.npy,PASTISFresh/ANNOTATIONS/TARGET_40247.npy
40248,PASTISFresh/DATA_S2/S2_40248.npy,PASTISFresh/ANNOTATIONS/TARGET_40248.npy
40250,PASTISFresh/DATA_S2/S2_40250.npy,PASTISFresh/ANNOTATIONS/TARGET_40250.npy
40252,PASTISFresh/DATA_S2/S2_40252.npy,PASTISFresh/ANNOTATIONS/TARGET_40252.npy
40253,PASTISFresh/DATA_S2/S2_40253.npy,PASTISFresh/ANNOTATIONS/TARGET_40253.npy
40254,PASTISFresh/DATA_S2/S2_40254.npy,PASTISFresh/ANNOTATIONS/TARGET_40254.npy
40256,PASTISFresh/DATA_S2/S2_40256.npy,PASTISFresh/ANNOTATIONS/TARGET_40256.npy
40258,PASTISFresh/DATA_S2/S2_40258.npy,PASTISFresh/ANNOTATIONS/TARGET_40258.npy
40261,PASTISFresh/DATA_S2/S2_40261.npy,PASTISFresh/ANNOTATIONS/TARGET_40261.npy
40264,PASTISFresh/DATA_S2/S2_40264.npy,PASTISFresh/ANNOTATIONS/TARGET_40264.npy
40266,PASTISFresh/DATA_S2/S2_40266.npy,PASTISFresh/ANNOTATIONS/TARGET_40266.npy
40268,PASTISFresh/DATA_S2/S2_40268.npy,PASTISFresh/ANNOTATIONS/TARGET_40268.npy
40271,PASTISFresh/DATA_S2/S2_40271.npy,PASTISFresh/ANNOTATIONS/TARGET_40271.npy
40272,PASTISFresh/DATA_S2/S2_40272.npy,PASTISFresh/ANNOTATIONS/TARGET_40272.npy
40273,PASTISFresh/DATA_S2/S2_40273.npy,PASTISFresh/ANNOTATIONS/TARGET_40273.npy
40274,PASTISFresh/DATA_S2/S2_40274.npy,PASTISFresh/ANNOTATIONS/TARGET_40274.npy
40275,PASTISFresh/DATA_S2/S2_40275.npy,PASTISFresh/ANNOTATIONS/TARGET_40275.npy
40276,PASTISFresh/DATA_S2/S2_40276.npy,PASTISFresh/ANNOTATIONS/TARGET_40276.npy
40278,PASTISFresh/DATA_S2/S2_40278.npy,PASTISFresh/ANNOTATIONS/TARGET_40278.npy
40279,PASTISFresh/DATA_S2/S2_40279.npy,PASTISFresh/ANNOTATIONS/TARGET_40279.npy
40281,PASTISFresh/DATA_S2/S2_40281.npy,PASTISFresh/ANNOTATIONS/TARGET_40281.npy
40282,PASTISFresh/DATA_S2/S2_40282.npy,PASTISFresh/ANNOTATIONS/TARGET_40282.npy
40283,PASTISFresh/DATA_S2/S2_40283.npy,PASTISFresh/ANNOTATIONS/TARGET_40283.npy
40284,PASTISFresh/DATA_S2/S2_40284.npy,PASTISFresh/ANNOTATIONS/TARGET_40284.npy
40285,PASTISFresh/DATA_S2/S2_40285.npy,PASTISFresh/ANNOTATIONS/TARGET_40285.npy
40286,PASTISFresh/DATA_S2/S2_40286.npy,PASTISFresh/ANNOTATIONS/TARGET_40286.npy
40290,PASTISFresh/DATA_S2/S2_40290.npy,PASTISFresh/ANNOTATIONS/TARGET_40290.npy
40291,PASTISFresh/DATA_S2/S2_40291.npy,PASTISFresh/ANNOTATIONS/TARGET_40291.npy
40293,PASTISFresh/DATA_S2/S2_40293.npy,PASTISFresh/ANNOTATIONS/TARGET_40293.npy
40295,PASTISFresh/DATA_S2/S2_40295.npy,PASTISFresh/ANNOTATIONS/TARGET_40295.npy
40296,PASTISFresh/DATA_S2/S2_40296.npy,PASTISFresh/ANNOTATIONS/TARGET_40296.npy
40297,PASTISFresh/DATA_S2/S2_40297.npy,PASTISFresh/ANNOTATIONS/TARGET_40297.npy
40298,PASTISFresh/DATA_S2/S2_40298.npy,PASTISFresh/ANNOTATIONS/TARGET_40298.npy
40299,PASTISFresh/DATA_S2/S2_40299.npy,PASTISFresh/ANNOTATIONS/TARGET_40299.npy
40302,PASTISFresh/DATA_S2/S2_40302.npy,PASTISFresh/ANNOTATIONS/TARGET_40302.npy
40304,PASTISFresh/DATA_S2/S2_40304.npy,PASTISFresh/ANNOTATIONS/TARGET_40304.npy
40305,PASTISFresh/DATA_S2/S2_40305.npy,PASTISFresh/ANNOTATIONS/TARGET_40305.npy
40307,PASTISFresh/DATA_S2/S2_40307.npy,PASTISFresh/ANNOTATIONS/TARGET_40307.npy
40308,PASTISFresh/DATA_S2/S2_40308.npy,PASTISFresh/ANNOTATIONS/TARGET_40308.npy
40309,PASTISFresh/DATA_S2/S2_40309.npy,PASTISFresh/ANNOTATIONS/TARGET_40309.npy
40310,PASTISFresh/DATA_S2/S2_40310.npy,PASTISFresh/ANNOTATIONS/TARGET_40310.npy
40311,PASTISFresh/DATA_S2/S2_40311.npy,PASTISFresh/ANNOTATIONS/TARGET_40311.npy
40312,PASTISFresh/DATA_S2/S2_40312.npy,PASTISFresh/ANNOTATIONS/TARGET_40312.npy
40313,PASTISFresh/DATA_S2/S2_40313.npy,PASTISFresh/ANNOTATIONS/TARGET_40313.npy
40314,PASTISFresh/DATA_S2/S2_40314.npy,PASTISFresh/ANNOTATIONS/TARGET_40314.npy
40315,PASTISFresh/DATA_S2/S2_40315.npy,PASTISFresh/ANNOTATIONS/TARGET_40315.npy
40318,PASTISFresh/DATA_S2/S2_40318.npy,PASTISFresh/ANNOTATIONS/TARGET_40318.npy
40319,PASTISFresh/DATA_S2/S2_40319.npy,PASTISFresh/ANNOTATIONS/TARGET_40319.npy
40321,PASTISFresh/DATA_S2/S2_40321.npy,PASTISFresh/ANNOTATIONS/TARGET_40321.npy
40322,PASTISFresh/DATA_S2/S2_40322.npy,PASTISFresh/ANNOTATIONS/TARGET_40322.npy
40325,PASTISFresh/DATA_S2/S2_40325.npy,PASTISFresh/ANNOTATIONS/TARGET_40325.npy
40326,PASTISFresh/DATA_S2/S2_40326.npy,PASTISFresh/ANNOTATIONS/TARGET_40326.npy
40327,PASTISFresh/DATA_S2/S2_40327.npy,PASTISFresh/ANNOTATIONS/TARGET_40327.npy
40329,PASTISFresh/DATA_S2/S2_40329.npy,PASTISFresh/ANNOTATIONS/TARGET_40329.npy
40331,PASTISFresh/DATA_S2/S2_40331.npy,PASTISFresh/ANNOTATIONS/TARGET_40331.npy
40334,PASTISFresh/DATA_S2/S2_40334.npy,PASTISFresh/ANNOTATIONS/TARGET_40334.npy
40335,PASTISFresh/DATA_S2/S2_40335.npy,PASTISFresh/ANNOTATIONS/TARGET_40335.npy
40337,PASTISFresh/DATA_S2/S2_40337.npy,PASTISFresh/ANNOTATIONS/TARGET_40337.npy
40338,PASTISFresh/DATA_S2/S2_40338.npy,PASTISFresh/ANNOTATIONS/TARGET_40338.npy
40339,PASTISFresh/DATA_S2/S2_40339.npy,PASTISFresh/ANNOTATIONS/TARGET_40339.npy
40340,PASTISFresh/DATA_S2/S2_40340.npy,PASTISFresh/ANNOTATIONS/TARGET_40340.npy
40341,PASTISFresh/DATA_S2/S2_40341.npy,PASTISFresh/ANNOTATIONS/TARGET_40341.npy
40342,PASTISFresh/DATA_S2/S2_40342.npy,PASTISFresh/ANNOTATIONS/TARGET_40342.npy
40344,PASTISFresh/DATA_S2/S2_40344.npy,PASTISFresh/ANNOTATIONS/TARGET_40344.npy
40345,PASTISFresh/DATA_S2/S2_40345.npy,PASTISFresh/ANNOTATIONS/TARGET_40345.npy
40347,PASTISFresh/DATA_S2/S2_40347.npy,PASTISFresh/ANNOTATIONS/TARGET_40347.npy
40348,PASTISFresh/DATA_S2/S2_40348.npy,PASTISFresh/ANNOTATIONS/TARGET_40348.npy
40350,PASTISFresh/DATA_S2/S2_40350.npy,PASTISFresh/ANNOTATIONS/TARGET_40350.npy
40351,PASTISFresh/DATA_S2/S2_40351.npy,PASTISFresh/ANNOTATIONS/TARGET_40351.npy
40353,PASTISFresh/DATA_S2/S2_40353.npy,PASTISFresh/ANNOTATIONS/TARGET_40353.npy
40354,PASTISFresh/DATA_S2/S2_40354.npy,PASTISFresh/ANNOTATIONS/TARGET_40354.npy
40356,PASTISFresh/DATA_S2/S2_40356.npy,PASTISFresh/ANNOTATIONS/TARGET_40356.npy
40357,PASTISFresh/DATA_S2/S2_40357.npy,PASTISFresh/ANNOTATIONS/TARGET_40357.npy
40358,PASTISFresh/DATA_S2/S2_40358.npy,PASTISFresh/ANNOTATIONS/TARGET_40358.npy
40359,PASTISFresh/DATA_S2/S2_40359.npy,PASTISFresh/ANNOTATIONS/TARGET_40359.npy
40363,PASTISFresh/DATA_S2/S2_40363.npy,PASTISFresh/ANNOTATIONS/TARGET_40363.npy
40364,PASTISFresh/DATA_S2/S2_40364.npy,PASTISFresh/ANNOTATIONS/TARGET_40364.npy
40366,PASTISFresh/DATA_S2/S2_40366.npy,PASTISFresh/ANNOTATIONS/TARGET_40366.npy
40370,PASTISFresh/DATA_S2/S2_40370.npy,PASTISFresh/ANNOTATIONS/TARGET_40370.npy
40371,PASTISFresh/DATA_S2/S2_40371.npy,PASTISFresh/ANNOTATIONS/TARGET_40371.npy
40374,PASTISFresh/DATA_S2/S2_40374.npy,PASTISFresh/ANNOTATIONS/TARGET_40374.npy
40377,PASTISFresh/DATA_S2/S2_40377.npy,PASTISFresh/ANNOTATIONS/TARGET_40377.npy
40378,PASTISFresh/DATA_S2/S2_40378.npy,PASTISFresh/ANNOTATIONS/TARGET_40378.npy
40379,PASTISFresh/DATA_S2/S2_40379.npy,PASTISFresh/ANNOTATIONS/TARGET_40379.npy
40380,PASTISFresh/DATA_S2/S2_40380.npy,PASTISFresh/ANNOTATIONS/TARGET_40380.npy
40382,PASTISFresh/DATA_S2/S2_40382.npy,PASTISFresh/ANNOTATIONS/TARGET_40382.npy
40383,PASTISFresh/DATA_S2/S2_40383.npy,PASTISFresh/ANNOTATIONS/TARGET_40383.npy
40384,PASTISFresh/DATA_S2/S2_40384.npy,PASTISFresh/ANNOTATIONS/TARGET_40384.npy
40385,PASTISFresh/DATA_S2/S2_40385.npy,PASTISFresh/ANNOTATIONS/TARGET_40385.npy
40388,PASTISFresh/DATA_S2/S2_40388.npy,PASTISFresh/ANNOTATIONS/TARGET_40388.npy
40390,PASTISFresh/DATA_S2/S2_40390.npy,PASTISFresh/ANNOTATIONS/TARGET_40390.npy
40391,PASTISFresh/DATA_S2/S2_40391.npy,PASTISFresh/ANNOTATIONS/TARGET_40391.npy
40393,PASTISFresh/DATA_S2/S2_40393.npy,PASTISFresh/ANNOTATIONS/TARGET_40393.npy
40394,PASTISFresh/DATA_S2/S2_40394.npy,PASTISFresh/ANNOTATIONS/TARGET_40394.npy
40396,PASTISFresh/DATA_S2/S2_40396.npy,PASTISFresh/ANNOTATIONS/TARGET_40396.npy
40401,PASTISFresh/DATA_S2/S2_40401.npy,PASTISFresh/ANNOTATIONS/TARGET_40401.npy
40402,PASTISFresh/DATA_S2/S2_40402.npy,PASTISFresh/ANNOTATIONS/TARGET_40402.npy
40404,PASTISFresh/DATA_S2/S2_40404.npy,PASTISFresh/ANNOTATIONS/TARGET_40404.npy
40405,PASTISFresh/DATA_S2/S2_40405.npy,PASTISFresh/ANNOTATIONS/TARGET_40405.npy
40406,PASTISFresh/DATA_S2/S2_40406.npy,PASTISFresh/ANNOTATIONS/TARGET_40406.npy
40408,PASTISFresh/DATA_S2/S2_40408.npy,PASTISFresh/ANNOTATIONS/TARGET_40408.npy
40411,PASTISFresh/DATA_S2/S2_40411.npy,PASTISFresh/ANNOTATIONS/TARGET_40411.npy
40412,PASTISFresh/DATA_S2/S2_40412.npy,PASTISFresh/ANNOTATIONS/TARGET_40412.npy
40418,PASTISFresh/DATA_S2/S2_40418.npy,PASTISFresh/ANNOTATIONS/TARGET_40418.npy
40420,PASTISFresh/DATA_S2/S2_40420.npy,PASTISFresh/ANNOTATIONS/TARGET_40420.npy
40422,PASTISFresh/DATA_S2/S2_40422.npy,PASTISFresh/ANNOTATIONS/TARGET_40422.npy
40425,PASTISFresh/DATA_S2/S2_40425.npy,PASTISFresh/ANNOTATIONS/TARGET_40425.npy
40426,PASTISFresh/DATA_S2/S2_40426.npy,PASTISFresh/ANNOTATIONS/TARGET_40426.npy
40429,PASTISFresh/DATA_S2/S2_40429.npy,PASTISFresh/ANNOTATIONS/TARGET_40429.npy
40430,PASTISFresh/DATA_S2/S2_40430.npy,PASTISFresh/ANNOTATIONS/TARGET_40430.npy
40431,PASTISFresh/DATA_S2/S2_40431.npy,PASTISFresh/ANNOTATIONS/TARGET_40431.npy
40432,PASTISFresh/DATA_S2/S2_40432.npy,PASTISFresh/ANNOTATIONS/TARGET_40432.npy
40435,PASTISFresh/DATA_S2/S2_40435.npy,PASTISFresh/ANNOTATIONS/TARGET_40435.npy
40436,PASTISFresh/DATA_S2/S2_40436.npy,PASTISFresh/ANNOTATIONS/TARGET_40436.npy
40437,PASTISFresh/DATA_S2/S2_40437.npy,PASTISFresh/ANNOTATIONS/TARGET_40437.npy
40438,PASTISFresh/DATA_S2/S2_40438.npy,PASTISFresh/ANNOTATIONS/TARGET_40438.npy
40440,PASTISFresh/DATA_S2/S2_40440.npy,PASTISFresh/ANNOTATIONS/TARGET_40440.npy
40442,PASTISFresh/DATA_S2/S2_40442.npy,PASTISFresh/ANNOTATIONS/TARGET_40442.npy
40444,PASTISFresh/DATA_S2/S2_40444.npy,PASTISFresh/ANNOTATIONS/TARGET_40444.npy
40446,PASTISFresh/DATA_S2/S2_40446.npy,PASTISFresh/ANNOTATIONS/TARGET_40446.npy
40448,PASTISFresh/DATA_S2/S2_40448.npy,PASTISFresh/ANNOTATIONS/TARGET_40448.npy
40453,PASTISFresh/DATA_S2/S2_40453.npy,PASTISFresh/ANNOTATIONS/TARGET_40453.npy
40455,PASTISFresh/DATA_S2/S2_40455.npy,PASTISFresh/ANNOTATIONS/TARGET_40455.npy
40456,PASTISFresh/DATA_S2/S2_40456.npy,PASTISFresh/ANNOTATIONS/TARGET_40456.npy
40458,PASTISFresh/DATA_S2/S2_40458.npy,PASTISFresh/ANNOTATIONS/TARGET_40458.npy
40460,PASTISFresh/DATA_S2/S2_40460.npy,PASTISFresh/ANNOTATIONS/TARGET_40460.npy
40461,PASTISFresh/DATA_S2/S2_40461.npy,PASTISFresh/ANNOTATIONS/TARGET_40461.npy
40466,PASTISFresh/DATA_S2/S2_40466.npy,PASTISFresh/ANNOTATIONS/TARGET_40466.npy
40467,PASTISFresh/DATA_S2/S2_40467.npy,PASTISFresh/ANNOTATIONS/TARGET_40467.npy
40468,PASTISFresh/DATA_S2/S2_40468.npy,PASTISFresh/ANNOTATIONS/TARGET_40468.npy
40469,PASTISFresh/DATA_S2/S2_40469.npy,PASTISFresh/ANNOTATIONS/TARGET_40469.npy
40470,PASTISFresh/DATA_S2/S2_40470.npy,PASTISFresh/ANNOTATIONS/TARGET_40470.npy
40471,PASTISFresh/DATA_S2/S2_40471.npy,PASTISFresh/ANNOTATIONS/TARGET_40471.npy
40474,PASTISFresh/DATA_S2/S2_40474.npy,PASTISFresh/ANNOTATIONS/TARGET_40474.npy
40475,PASTISFresh/DATA_S2/S2_40475.npy,PASTISFresh/ANNOTATIONS/TARGET_40475.npy
40476,PASTISFresh/DATA_S2/S2_40476.npy,PASTISFresh/ANNOTATIONS/TARGET_40476.npy
40477,PASTISFresh/DATA_S2/S2_40477.npy,PASTISFresh/ANNOTATIONS/TARGET_40477.npy
40478,PASTISFresh/DATA_S2/S2_40478.npy,PASTISFresh/ANNOTATIONS/TARGET_40478.npy
40479,PASTISFresh/DATA_S2/S2_40479.npy,PASTISFresh/ANNOTATIONS/TARGET_40479.npy
40483,PASTISFresh/DATA_S2/S2_40483.npy,PASTISFresh/ANNOTATIONS/TARGET_40483.npy
40484,PASTISFresh/DATA_S2/S2_40484.npy,PASTISFresh/ANNOTATIONS/TARGET_40484.npy
40485,PASTISFresh/DATA_S2/S2_40485.npy,PASTISFresh/ANNOTATIONS/TARGET_40485.npy
40487,PASTISFresh/DATA_S2/S2_40487.npy,PASTISFresh/ANNOTATIONS/TARGET_40487.npy
40489,PASTISFresh/DATA_S2/S2_40489.npy,PASTISFresh/ANNOTATIONS/TARGET_40489.npy
40490,PASTISFresh/DATA_S2/S2_40490.npy,PASTISFresh/ANNOTATIONS/TARGET_40490.npy
40492,PASTISFresh/DATA_S2/S2_40492.npy,PASTISFresh/ANNOTATIONS/TARGET_40492.npy
40493,PASTISFresh/DATA_S2/S2_40493.npy,PASTISFresh/ANNOTATIONS/TARGET_40493.npy
40494,PASTISFresh/DATA_S2/S2_40494.npy,PASTISFresh/ANNOTATIONS/TARGET_40494.npy
40495,PASTISFresh/DATA_S2/S2_40495.npy,PASTISFresh/ANNOTATIONS/TARGET_40495.npy
40496,PASTISFresh/DATA_S2/S2_40496.npy,PASTISFresh/ANNOTATIONS/TARGET_40496.npy
40498,PASTISFresh/DATA_S2/S2_40498.npy,PASTISFresh/ANNOTATIONS/TARGET_40498.npy
40499,PASTISFresh/DATA_S2/S2_40499.npy,PASTISFresh/ANNOTATIONS/TARGET_40499.npy
40500,PASTISFresh/DATA_S2/S2_40500.npy,PASTISFresh/ANNOTATIONS/TARGET_40500.npy
40501,PASTISFresh/DATA_S2/S2_40501.npy,PASTISFresh/ANNOTATIONS/TARGET_40501.npy
40503,PASTISFresh/DATA_S2/S2_40503.npy,PASTISFresh/ANNOTATIONS/TARGET_40503.npy
40506,PASTISFresh/DATA_S2/S2_40506.npy,PASTISFresh/ANNOTATIONS/TARGET_40506.npy
40508,PASTISFresh/DATA_S2/S2_40508.npy,PASTISFresh/ANNOTATIONS/TARGET_40508.npy
40511,PASTISFresh/DATA_S2/S2_40511.npy,PASTISFresh/ANNOTATIONS/TARGET_40511.npy
40513,PASTISFresh/DATA_S2/S2_40513.npy,PASTISFresh/ANNOTATIONS/TARGET_40513.npy
40514,PASTISFresh/DATA_S2/S2_40514.npy,PASTISFresh/ANNOTATIONS/TARGET_40514.npy
40516,PASTISFresh/DATA_S2/S2_40516.npy,PASTISFresh/ANNOTATIONS/TARGET_40516.npy
40517,PASTISFresh/DATA_S2/S2_40517.npy,PASTISFresh/ANNOTATIONS/TARGET_40517.npy
40518,PASTISFresh/DATA_S2/S2_40518.npy,PASTISFresh/ANNOTATIONS/TARGET_40518.npy
40519,PASTISFresh/DATA_S2/S2_40519.npy,PASTISFresh/ANNOTATIONS/TARGET_40519.npy
40521,PASTISFresh/DATA_S2/S2_40521.npy,PASTISFresh/ANNOTATIONS/TARGET_40521.npy
40523,PASTISFresh/DATA_S2/S2_40523.npy,PASTISFresh/ANNOTATIONS/TARGET_40523.npy
40524,PASTISFresh/DATA_S2/S2_40524.npy,PASTISFresh/ANNOTATIONS/TARGET_40524.npy
40526,PASTISFresh/DATA_S2/S2_40526.npy,PASTISFresh/ANNOTATIONS/TARGET_40526.npy
40530,PASTISFresh/DATA_S2/S2_40530.npy,PASTISFresh/ANNOTATIONS/TARGET_40530.npy
40531,PASTISFresh/DATA_S2/S2_40531.npy,PASTISFresh/ANNOTATIONS/TARGET_40531.npy
40532,PASTISFresh/DATA_S2/S2_40532.npy,PASTISFresh/ANNOTATIONS/TARGET_40532.npy
40533,PASTISFresh/DATA_S2/S2_40533.npy,PASTISFresh/ANNOTATIONS/TARGET_40533.npy
40537,PASTISFresh/DATA_S2/S2_40537.npy,PASTISFresh/ANNOTATIONS/TARGET_40537.npy
40538,PASTISFresh/DATA_S2/S2_40538.npy,PASTISFresh/ANNOTATIONS/TARGET_40538.npy
40542,PASTISFresh/DATA_S2/S2_40542.npy,PASTISFresh/ANNOTATIONS/TARGET_40542.npy
40543,PASTISFresh/DATA_S2/S2_40543.npy,PASTISFresh/ANNOTATIONS/TARGET_40543.npy
40544,PASTISFresh/DATA_S2/S2_40544.npy,PASTISFresh/ANNOTATIONS/TARGET_40544.npy
40547,PASTISFresh/DATA_S2/S2_40547.npy,PASTISFresh/ANNOTATIONS/TARGET_40547.npy
40548,PASTISFresh/DATA_S2/S2_40548.npy,PASTISFresh/ANNOTATIONS/TARGET_40548.npy
40550,PASTISFresh/DATA_S2/S2_40550.npy,PASTISFresh/ANNOTATIONS/TARGET_40550.npy
40552,PASTISFresh/DATA_S2/S2_40552.npy,PASTISFresh/ANNOTATIONS/TARGET_40552.npy
40553,PASTISFresh/DATA_S2/S2_40553.npy,PASTISFresh/ANNOTATIONS/TARGET_40553.npy
40555,PASTISFresh/DATA_S2/S2_40555.npy,PASTISFresh/ANNOTATIONS/TARGET_40555.npy
40556,PASTISFresh/DATA_S2/S2_40556.npy,PASTISFresh/ANNOTATIONS/TARGET_40556.npy
40558,PASTISFresh/DATA_S2/S2_40558.npy,PASTISFresh/ANNOTATIONS/TARGET_40558.npy
40559,PASTISFresh/DATA_S2/S2_40559.npy,PASTISFresh/ANNOTATIONS/TARGET_40559.npy
