fieldID,imagepath,labelpath
10000,PASTISFresh/DATA_S2/S2_10000.npy,PASTISFresh/ANNOTATIONS/TARGET_10000.npy
10001,PASTISFresh/DATA_S2/S2_10001.npy,PASTISFresh/ANNOTATIONS/TARGET_10001.npy
10005,PASTISFresh/DATA_S2/S2_10005.npy,PASTISFresh/ANNOTATIONS/TARGET_10005.npy
10006,PASTISFresh/DATA_S2/S2_10006.npy,PASTISFresh/ANNOTATIONS/TARGET_10006.npy
10007,PASTISFresh/DATA_S2/S2_10007.npy,PASTISFresh/ANNOTATIONS/TARGET_10007.npy
10009,PASTISFresh/DATA_S2/S2_10009.npy,PASTISFresh/ANNOTATIONS/TARGET_10009.npy
10013,PASTISFresh/DATA_S2/S2_10013.npy,PASTISFresh/ANNOTATIONS/TARGET_10013.npy
10015,PASTISFresh/DATA_S2/S2_10015.npy,PASTISFresh/ANNOTATIONS/TARGET_10015.npy
10016,PASTISFresh/DATA_S2/S2_10016.npy,PASTISFresh/ANNOTATIONS/TARGET_10016.npy
10021,PASTISFresh/DATA_S2/S2_10021.npy,PASTISFresh/ANNOTATIONS/TARGET_10021.npy
10023,PASTISFresh/DATA_S2/S2_10023.npy,PASTISFresh/ANNOTATIONS/TARGET_10023.npy
10024,PASTISFresh/DATA_S2/S2_10024.npy,PASTISFresh/ANNOTATIONS/TARGET_10024.npy
10028,PASTISFresh/DATA_S2/S2_10028.npy,PASTISFresh/ANNOTATIONS/TARGET_10028.npy
10030,PASTISFresh/DATA_S2/S2_10030.npy,PASTISFresh/ANNOTATIONS/TARGET_10030.npy
10033,PASTISFresh/DATA_S2/S2_10033.npy,PASTISFresh/ANNOTATIONS/TARGET_10033.npy
10040,PASTISFresh/DATA_S2/S2_10040.npy,PASTISFresh/ANNOTATIONS/TARGET_10040.npy
10041,PASTISFresh/DATA_S2/S2_10041.npy,PASTISFresh/ANNOTATIONS/TARGET_10041.npy
10043,PASTISFresh/DATA_S2/S2_10043.npy,PASTISFresh/ANNOTATIONS/TARGET_10043.npy
10044,PASTISFresh/DATA_S2/S2_10044.npy,PASTISFresh/ANNOTATIONS/TARGET_10044.npy
10046,PASTISFresh/DATA_S2/S2_10046.npy,PASTISFresh/ANNOTATIONS/TARGET_10046.npy
10048,PASTISFresh/DATA_S2/S2_10048.npy,PASTISFresh/ANNOTATIONS/TARGET_10048.npy
10050,PASTISFresh/DATA_S2/S2_10050.npy,PASTISFresh/ANNOTATIONS/TARGET_10050.npy
10053,PASTISFresh/DATA_S2/S2_10053.npy,PASTISFresh/ANNOTATIONS/TARGET_10053.npy
10054,PASTISFresh/DATA_S2/S2_10054.npy,PASTISFresh/ANNOTATIONS/TARGET_10054.npy
10056,PASTISFresh/DATA_S2/S2_10056.npy,PASTISFresh/ANNOTATIONS/TARGET_10056.npy
10057,PASTISFresh/DATA_S2/S2_10057.npy,PASTISFresh/ANNOTATIONS/TARGET_10057.npy
10058,PASTISFresh/DATA_S2/S2_10058.npy,PASTISFresh/ANNOTATIONS/TARGET_10058.npy
10059,PASTISFresh/DATA_S2/S2_10059.npy,PASTISFresh/ANNOTATIONS/TARGET_10059.npy
10060,PASTISFresh/DATA_S2/S2_10060.npy,PASTISFresh/ANNOTATIONS/TARGET_10060.npy
10063,PASTISFresh/DATA_S2/S2_10063.npy,PASTISFresh/ANNOTATIONS/TARGET_10063.npy
10064,PASTISFresh/DATA_S2/S2_10064.npy,PASTISFresh/ANNOTATIONS/TARGET_10064.npy
10065,PASTISFresh/DATA_S2/S2_10065.npy,PASTISFresh/ANNOTATIONS/TARGET_10065.npy
10068,PASTISFresh/DATA_S2/S2_10068.npy,PASTISFresh/ANNOTATIONS/TARGET_10068.npy
10070,PASTISFresh/DATA_S2/S2_10070.npy,PASTISFresh/ANNOTATIONS/TARGET_10070.npy
10071,PASTISFresh/DATA_S2/S2_10071.npy,PASTISFresh/ANNOTATIONS/TARGET_10071.npy
10074,PASTISFresh/DATA_S2/S2_10074.npy,PASTISFresh/ANNOTATIONS/TARGET_10074.npy
10075,PASTISFresh/DATA_S2/S2_10075.npy,PASTISFresh/ANNOTATIONS/TARGET_10075.npy
10076,PASTISFresh/DATA_S2/S2_10076.npy,PASTISFresh/ANNOTATIONS/TARGET_10076.npy
10077,PASTISFresh/DATA_S2/S2_10077.npy,PASTISFresh/ANNOTATIONS/TARGET_10077.npy
10078,PASTISFresh/DATA_S2/S2_10078.npy,PASTISFresh/ANNOTATIONS/TARGET_10078.npy
10079,PASTISFresh/DATA_S2/S2_10079.npy,PASTISFresh/ANNOTATIONS/TARGET_10079.npy
10085,PASTISFresh/DATA_S2/S2_10085.npy,PASTISFresh/ANNOTATIONS/TARGET_10085.npy
10086,PASTISFresh/DATA_S2/S2_10086.npy,PASTISFresh/ANNOTATIONS/TARGET_10086.npy
10087,PASTISFresh/DATA_S2/S2_10087.npy,PASTISFresh/ANNOTATIONS/TARGET_10087.npy
10089,PASTISFresh/DATA_S2/S2_10089.npy,PASTISFresh/ANNOTATIONS/TARGET_10089.npy
10092,PASTISFresh/DATA_S2/S2_10092.npy,PASTISFresh/ANNOTATIONS/TARGET_10092.npy
10094,PASTISFresh/DATA_S2/S2_10094.npy,PASTISFresh/ANNOTATIONS/TARGET_10094.npy
10097,PASTISFresh/DATA_S2/S2_10097.npy,PASTISFresh/ANNOTATIONS/TARGET_10097.npy
10103,PASTISFresh/DATA_S2/S2_10103.npy,PASTISFresh/ANNOTATIONS/TARGET_10103.npy
10105,PASTISFresh/DATA_S2/S2_10105.npy,PASTISFresh/ANNOTATIONS/TARGET_10105.npy
10106,PASTISFresh/DATA_S2/S2_10106.npy,PASTISFresh/ANNOTATIONS/TARGET_10106.npy
10107,PASTISFresh/DATA_S2/S2_10107.npy,PASTISFresh/ANNOTATIONS/TARGET_10107.npy
10110,PASTISFresh/DATA_S2/S2_10110.npy,PASTISFresh/ANNOTATIONS/TARGET_10110.npy
10116,PASTISFresh/DATA_S2/S2_10116.npy,PASTISFresh/ANNOTATIONS/TARGET_10116.npy
10118,PASTISFresh/DATA_S2/S2_10118.npy,PASTISFresh/ANNOTATIONS/TARGET_10118.npy
10119,PASTISFresh/DATA_S2/S2_10119.npy,PASTISFresh/ANNOTATIONS/TARGET_10119.npy
10120,PASTISFresh/DATA_S2/S2_10120.npy,PASTISFresh/ANNOTATIONS/TARGET_10120.npy
10125,PASTISFresh/DATA_S2/S2_10125.npy,PASTISFresh/ANNOTATIONS/TARGET_10125.npy
10127,PASTISFresh/DATA_S2/S2_10127.npy,PASTISFresh/ANNOTATIONS/TARGET_10127.npy
10128,PASTISFresh/DATA_S2/S2_10128.npy,PASTISFresh/ANNOTATIONS/TARGET_10128.npy
10129,PASTISFresh/DATA_S2/S2_10129.npy,PASTISFresh/ANNOTATIONS/TARGET_10129.npy
10130,PASTISFresh/DATA_S2/S2_10130.npy,PASTISFresh/ANNOTATIONS/TARGET_10130.npy
10131,PASTISFresh/DATA_S2/S2_10131.npy,PASTISFresh/ANNOTATIONS/TARGET_10131.npy
10132,PASTISFresh/DATA_S2/S2_10132.npy,PASTISFresh/ANNOTATIONS/TARGET_10132.npy
10133,PASTISFresh/DATA_S2/S2_10133.npy,PASTISFresh/ANNOTATIONS/TARGET_10133.npy
10134,PASTISFresh/DATA_S2/S2_10134.npy,PASTISFresh/ANNOTATIONS/TARGET_10134.npy
10136,PASTISFresh/DATA_S2/S2_10136.npy,PASTISFresh/ANNOTATIONS/TARGET_10136.npy
10137,PASTISFresh/DATA_S2/S2_10137.npy,PASTISFresh/ANNOTATIONS/TARGET_10137.npy
10138,PASTISFresh/DATA_S2/S2_10138.npy,PASTISFresh/ANNOTATIONS/TARGET_10138.npy
10139,PASTISFresh/DATA_S2/S2_10139.npy,PASTISFresh/ANNOTATIONS/TARGET_10139.npy
10144,PASTISFresh/DATA_S2/S2_10144.npy,PASTISFresh/ANNOTATIONS/TARGET_10144.npy
10145,PASTISFresh/DATA_S2/S2_10145.npy,PASTISFresh/ANNOTATIONS/TARGET_10145.npy
10146,PASTISFresh/DATA_S2/S2_10146.npy,PASTISFresh/ANNOTATIONS/TARGET_10146.npy
10147,PASTISFresh/DATA_S2/S2_10147.npy,PASTISFresh/ANNOTATIONS/TARGET_10147.npy
10148,PASTISFresh/DATA_S2/S2_10148.npy,PASTISFresh/ANNOTATIONS/TARGET_10148.npy
10150,PASTISFresh/DATA_S2/S2_10150.npy,PASTISFresh/ANNOTATIONS/TARGET_10150.npy
10151,PASTISFresh/DATA_S2/S2_10151.npy,PASTISFresh/ANNOTATIONS/TARGET_10151.npy
10152,PASTISFresh/DATA_S2/S2_10152.npy,PASTISFresh/ANNOTATIONS/TARGET_10152.npy
10153,PASTISFresh/DATA_S2/S2_10153.npy,PASTISFresh/ANNOTATIONS/TARGET_10153.npy
10154,PASTISFresh/DATA_S2/S2_10154.npy,PASTISFresh/ANNOTATIONS/TARGET_10154.npy
10155,PASTISFresh/DATA_S2/S2_10155.npy,PASTISFresh/ANNOTATIONS/TARGET_10155.npy
10157,PASTISFresh/DATA_S2/S2_10157.npy,PASTISFresh/ANNOTATIONS/TARGET_10157.npy
10158,PASTISFresh/DATA_S2/S2_10158.npy,PASTISFresh/ANNOTATIONS/TARGET_10158.npy
10160,PASTISFresh/DATA_S2/S2_10160.npy,PASTISFresh/ANNOTATIONS/TARGET_10160.npy
10163,PASTISFresh/DATA_S2/S2_10163.npy,PASTISFresh/ANNOTATIONS/TARGET_10163.npy
10164,PASTISFresh/DATA_S2/S2_10164.npy,PASTISFresh/ANNOTATIONS/TARGET_10164.npy
10167,PASTISFresh/DATA_S2/S2_10167.npy,PASTISFresh/ANNOTATIONS/TARGET_10167.npy
10171,PASTISFresh/DATA_S2/S2_10171.npy,PASTISFresh/ANNOTATIONS/TARGET_10171.npy
10172,PASTISFresh/DATA_S2/S2_10172.npy,PASTISFresh/ANNOTATIONS/TARGET_10172.npy
10174,PASTISFresh/DATA_S2/S2_10174.npy,PASTISFresh/ANNOTATIONS/TARGET_10174.npy
10177,PASTISFresh/DATA_S2/S2_10177.npy,PASTISFresh/ANNOTATIONS/TARGET_10177.npy
10178,PASTISFresh/DATA_S2/S2_10178.npy,PASTISFresh/ANNOTATIONS/TARGET_10178.npy
10179,PASTISFresh/DATA_S2/S2_10179.npy,PASTISFresh/ANNOTATIONS/TARGET_10179.npy
10180,PASTISFresh/DATA_S2/S2_10180.npy,PASTISFresh/ANNOTATIONS/TARGET_10180.npy
10183,PASTISFresh/DATA_S2/S2_10183.npy,PASTISFresh/ANNOTATIONS/TARGET_10183.npy
10184,PASTISFresh/DATA_S2/S2_10184.npy,PASTISFresh/ANNOTATIONS/TARGET_10184.npy
10186,PASTISFresh/DATA_S2/S2_10186.npy,PASTISFresh/ANNOTATIONS/TARGET_10186.npy
10187,PASTISFresh/DATA_S2/S2_10187.npy,PASTISFresh/ANNOTATIONS/TARGET_10187.npy
10188,PASTISFresh/DATA_S2/S2_10188.npy,PASTISFresh/ANNOTATIONS/TARGET_10188.npy
10194,PASTISFresh/DATA_S2/S2_10194.npy,PASTISFresh/ANNOTATIONS/TARGET_10194.npy
10196,PASTISFresh/DATA_S2/S2_10196.npy,PASTISFresh/ANNOTATIONS/TARGET_10196.npy
10199,PASTISFresh/DATA_S2/S2_10199.npy,PASTISFresh/ANNOTATIONS/TARGET_10199.npy
10200,PASTISFresh/DATA_S2/S2_10200.npy,PASTISFresh/ANNOTATIONS/TARGET_10200.npy
10202,PASTISFresh/DATA_S2/S2_10202.npy,PASTISFresh/ANNOTATIONS/TARGET_10202.npy
10203,PASTISFresh/DATA_S2/S2_10203.npy,PASTISFresh/ANNOTATIONS/TARGET_10203.npy
10204,PASTISFresh/DATA_S2/S2_10204.npy,PASTISFresh/ANNOTATIONS/TARGET_10204.npy
10205,PASTISFresh/DATA_S2/S2_10205.npy,PASTISFresh/ANNOTATIONS/TARGET_10205.npy
10207,PASTISFresh/DATA_S2/S2_10207.npy,PASTISFresh/ANNOTATIONS/TARGET_10207.npy
10209,PASTISFresh/DATA_S2/S2_10209.npy,PASTISFresh/ANNOTATIONS/TARGET_10209.npy
10210,PASTISFresh/DATA_S2/S2_10210.npy,PASTISFresh/ANNOTATIONS/TARGET_10210.npy
10214,PASTISFresh/DATA_S2/S2_10214.npy,PASTISFresh/ANNOTATIONS/TARGET_10214.npy
10216,PASTISFresh/DATA_S2/S2_10216.npy,PASTISFresh/ANNOTATIONS/TARGET_10216.npy
10217,PASTISFresh/DATA_S2/S2_10217.npy,PASTISFresh/ANNOTATIONS/TARGET_10217.npy
10218,PASTISFresh/DATA_S2/S2_10218.npy,PASTISFresh/ANNOTATIONS/TARGET_10218.npy
10220,PASTISFresh/DATA_S2/S2_10220.npy,PASTISFresh/ANNOTATIONS/TARGET_10220.npy
10222,PASTISFresh/DATA_S2/S2_10222.npy,PASTISFresh/ANNOTATIONS/TARGET_10222.npy
10224,PASTISFresh/DATA_S2/S2_10224.npy,PASTISFresh/ANNOTATIONS/TARGET_10224.npy
10225,PASTISFresh/DATA_S2/S2_10225.npy,PASTISFresh/ANNOTATIONS/TARGET_10225.npy
10226,PASTISFresh/DATA_S2/S2_10226.npy,PASTISFresh/ANNOTATIONS/TARGET_10226.npy
10230,PASTISFresh/DATA_S2/S2_10230.npy,PASTISFresh/ANNOTATIONS/TARGET_10230.npy
10232,PASTISFresh/DATA_S2/S2_10232.npy,PASTISFresh/ANNOTATIONS/TARGET_10232.npy
10233,PASTISFresh/DATA_S2/S2_10233.npy,PASTISFresh/ANNOTATIONS/TARGET_10233.npy
10237,PASTISFresh/DATA_S2/S2_10237.npy,PASTISFresh/ANNOTATIONS/TARGET_10237.npy
10239,PASTISFresh/DATA_S2/S2_10239.npy,PASTISFresh/ANNOTATIONS/TARGET_10239.npy
10241,PASTISFresh/DATA_S2/S2_10241.npy,PASTISFresh/ANNOTATIONS/TARGET_10241.npy
10245,PASTISFresh/DATA_S2/S2_10245.npy,PASTISFresh/ANNOTATIONS/TARGET_10245.npy
10246,PASTISFresh/DATA_S2/S2_10246.npy,PASTISFresh/ANNOTATIONS/TARGET_10246.npy
10247,PASTISFresh/DATA_S2/S2_10247.npy,PASTISFresh/ANNOTATIONS/TARGET_10247.npy
10248,PASTISFresh/DATA_S2/S2_10248.npy,PASTISFresh/ANNOTATIONS/TARGET_10248.npy
10249,PASTISFresh/DATA_S2/S2_10249.npy,PASTISFresh/ANNOTATIONS/TARGET_10249.npy
10253,PASTISFresh/DATA_S2/S2_10253.npy,PASTISFresh/ANNOTATIONS/TARGET_10253.npy
10254,PASTISFresh/DATA_S2/S2_10254.npy,PASTISFresh/ANNOTATIONS/TARGET_10254.npy
10255,PASTISFresh/DATA_S2/S2_10255.npy,PASTISFresh/ANNOTATIONS/TARGET_10255.npy
10258,PASTISFresh/DATA_S2/S2_10258.npy,PASTISFresh/ANNOTATIONS/TARGET_10258.npy
10260,PASTISFresh/DATA_S2/S2_10260.npy,PASTISFresh/ANNOTATIONS/TARGET_10260.npy
10262,PASTISFresh/DATA_S2/S2_10262.npy,PASTISFresh/ANNOTATIONS/TARGET_10262.npy
10267,PASTISFresh/DATA_S2/S2_10267.npy,PASTISFresh/ANNOTATIONS/TARGET_10267.npy
10268,PASTISFresh/DATA_S2/S2_10268.npy,PASTISFresh/ANNOTATIONS/TARGET_10268.npy
10273,PASTISFresh/DATA_S2/S2_10273.npy,PASTISFresh/ANNOTATIONS/TARGET_10273.npy
10274,PASTISFresh/DATA_S2/S2_10274.npy,PASTISFresh/ANNOTATIONS/TARGET_10274.npy
10276,PASTISFresh/DATA_S2/S2_10276.npy,PASTISFresh/ANNOTATIONS/TARGET_10276.npy
10277,PASTISFresh/DATA_S2/S2_10277.npy,PASTISFresh/ANNOTATIONS/TARGET_10277.npy
10278,PASTISFresh/DATA_S2/S2_10278.npy,PASTISFresh/ANNOTATIONS/TARGET_10278.npy
10279,PASTISFresh/DATA_S2/S2_10279.npy,PASTISFresh/ANNOTATIONS/TARGET_10279.npy
10280,PASTISFresh/DATA_S2/S2_10280.npy,PASTISFresh/ANNOTATIONS/TARGET_10280.npy
10281,PASTISFresh/DATA_S2/S2_10281.npy,PASTISFresh/ANNOTATIONS/TARGET_10281.npy
10282,PASTISFresh/DATA_S2/S2_10282.npy,PASTISFresh/ANNOTATIONS/TARGET_10282.npy
10283,PASTISFresh/DATA_S2/S2_10283.npy,PASTISFresh/ANNOTATIONS/TARGET_10283.npy
10284,PASTISFresh/DATA_S2/S2_10284.npy,PASTISFresh/ANNOTATIONS/TARGET_10284.npy
10286,PASTISFresh/DATA_S2/S2_10286.npy,PASTISFresh/ANNOTATIONS/TARGET_10286.npy
10288,PASTISFresh/DATA_S2/S2_10288.npy,PASTISFresh/ANNOTATIONS/TARGET_10288.npy
10289,PASTISFresh/DATA_S2/S2_10289.npy,PASTISFresh/ANNOTATIONS/TARGET_10289.npy
10292,PASTISFresh/DATA_S2/S2_10292.npy,PASTISFresh/ANNOTATIONS/TARGET_10292.npy
10294,PASTISFresh/DATA_S2/S2_10294.npy,PASTISFresh/ANNOTATIONS/TARGET_10294.npy
10295,PASTISFresh/DATA_S2/S2_10295.npy,PASTISFresh/ANNOTATIONS/TARGET_10295.npy
10298,PASTISFresh/DATA_S2/S2_10298.npy,PASTISFresh/ANNOTATIONS/TARGET_10298.npy
10300,PASTISFresh/DATA_S2/S2_10300.npy,PASTISFresh/ANNOTATIONS/TARGET_10300.npy
10301,PASTISFresh/DATA_S2/S2_10301.npy,PASTISFresh/ANNOTATIONS/TARGET_10301.npy
10302,PASTISFresh/DATA_S2/S2_10302.npy,PASTISFresh/ANNOTATIONS/TARGET_10302.npy
10303,PASTISFresh/DATA_S2/S2_10303.npy,PASTISFresh/ANNOTATIONS/TARGET_10303.npy
10304,PASTISFresh/DATA_S2/S2_10304.npy,PASTISFresh/ANNOTATIONS/TARGET_10304.npy
10305,PASTISFresh/DATA_S2/S2_10305.npy,PASTISFresh/ANNOTATIONS/TARGET_10305.npy
10306,PASTISFresh/DATA_S2/S2_10306.npy,PASTISFresh/ANNOTATIONS/TARGET_10306.npy
10307,PASTISFresh/DATA_S2/S2_10307.npy,PASTISFresh/ANNOTATIONS/TARGET_10307.npy
10309,PASTISFresh/DATA_S2/S2_10309.npy,PASTISFresh/ANNOTATIONS/TARGET_10309.npy
10313,PASTISFresh/DATA_S2/S2_10313.npy,PASTISFresh/ANNOTATIONS/TARGET_10313.npy
10316,PASTISFresh/DATA_S2/S2_10316.npy,PASTISFresh/ANNOTATIONS/TARGET_10316.npy
10318,PASTISFresh/DATA_S2/S2_10318.npy,PASTISFresh/ANNOTATIONS/TARGET_10318.npy
10320,PASTISFresh/DATA_S2/S2_10320.npy,PASTISFresh/ANNOTATIONS/TARGET_10320.npy
10321,PASTISFresh/DATA_S2/S2_10321.npy,PASTISFresh/ANNOTATIONS/TARGET_10321.npy
10323,PASTISFresh/DATA_S2/S2_10323.npy,PASTISFresh/ANNOTATIONS/TARGET_10323.npy
10326,PASTISFresh/DATA_S2/S2_10326.npy,PASTISFresh/ANNOTATIONS/TARGET_10326.npy
10327,PASTISFresh/DATA_S2/S2_10327.npy,PASTISFresh/ANNOTATIONS/TARGET_10327.npy
10328,PASTISFresh/DATA_S2/S2_10328.npy,PASTISFresh/ANNOTATIONS/TARGET_10328.npy
10329,PASTISFresh/DATA_S2/S2_10329.npy,PASTISFresh/ANNOTATIONS/TARGET_10329.npy
10330,PASTISFresh/DATA_S2/S2_10330.npy,PASTISFresh/ANNOTATIONS/TARGET_10330.npy
10331,PASTISFresh/DATA_S2/S2_10331.npy,PASTISFresh/ANNOTATIONS/TARGET_10331.npy
10332,PASTISFresh/DATA_S2/S2_10332.npy,PASTISFresh/ANNOTATIONS/TARGET_10332.npy
10333,PASTISFresh/DATA_S2/S2_10333.npy,PASTISFresh/ANNOTATIONS/TARGET_10333.npy
10334,PASTISFresh/DATA_S2/S2_10334.npy,PASTISFresh/ANNOTATIONS/TARGET_10334.npy
10335,PASTISFresh/DATA_S2/S2_10335.npy,PASTISFresh/ANNOTATIONS/TARGET_10335.npy
10336,PASTISFresh/DATA_S2/S2_10336.npy,PASTISFresh/ANNOTATIONS/TARGET_10336.npy
10338,PASTISFresh/DATA_S2/S2_10338.npy,PASTISFresh/ANNOTATIONS/TARGET_10338.npy
10342,PASTISFresh/DATA_S2/S2_10342.npy,PASTISFresh/ANNOTATIONS/TARGET_10342.npy
10344,PASTISFresh/DATA_S2/S2_10344.npy,PASTISFresh/ANNOTATIONS/TARGET_10344.npy
10347,PASTISFresh/DATA_S2/S2_10347.npy,PASTISFresh/ANNOTATIONS/TARGET_10347.npy
10348,PASTISFresh/DATA_S2/S2_10348.npy,PASTISFresh/ANNOTATIONS/TARGET_10348.npy
10349,PASTISFresh/DATA_S2/S2_10349.npy,PASTISFresh/ANNOTATIONS/TARGET_10349.npy
10351,PASTISFresh/DATA_S2/S2_10351.npy,PASTISFresh/ANNOTATIONS/TARGET_10351.npy
10352,PASTISFresh/DATA_S2/S2_10352.npy,PASTISFresh/ANNOTATIONS/TARGET_10352.npy
10353,PASTISFresh/DATA_S2/S2_10353.npy,PASTISFresh/ANNOTATIONS/TARGET_10353.npy
10354,PASTISFresh/DATA_S2/S2_10354.npy,PASTISFresh/ANNOTATIONS/TARGET_10354.npy
10357,PASTISFresh/DATA_S2/S2_10357.npy,PASTISFresh/ANNOTATIONS/TARGET_10357.npy
10358,PASTISFresh/DATA_S2/S2_10358.npy,PASTISFresh/ANNOTATIONS/TARGET_10358.npy
10359,PASTISFresh/DATA_S2/S2_10359.npy,PASTISFresh/ANNOTATIONS/TARGET_10359.npy
10360,PASTISFresh/DATA_S2/S2_10360.npy,PASTISFresh/ANNOTATIONS/TARGET_10360.npy
10361,PASTISFresh/DATA_S2/S2_10361.npy,PASTISFresh/ANNOTATIONS/TARGET_10361.npy
10364,PASTISFresh/DATA_S2/S2_10364.npy,PASTISFresh/ANNOTATIONS/TARGET_10364.npy
10366,PASTISFresh/DATA_S2/S2_10366.npy,PASTISFresh/ANNOTATIONS/TARGET_10366.npy
10369,PASTISFresh/DATA_S2/S2_10369.npy,PASTISFresh/ANNOTATIONS/TARGET_10369.npy
10370,PASTISFresh/DATA_S2/S2_10370.npy,PASTISFresh/ANNOTATIONS/TARGET_10370.npy
10371,PASTISFresh/DATA_S2/S2_10371.npy,PASTISFresh/ANNOTATIONS/TARGET_10371.npy
10373,PASTISFresh/DATA_S2/S2_10373.npy,PASTISFresh/ANNOTATIONS/TARGET_10373.npy
10374,PASTISFresh/DATA_S2/S2_10374.npy,PASTISFresh/ANNOTATIONS/TARGET_10374.npy
10375,PASTISFresh/DATA_S2/S2_10375.npy,PASTISFresh/ANNOTATIONS/TARGET_10375.npy
10378,PASTISFresh/DATA_S2/S2_10378.npy,PASTISFresh/ANNOTATIONS/TARGET_10378.npy
10379,PASTISFresh/DATA_S2/S2_10379.npy,PASTISFresh/ANNOTATIONS/TARGET_10379.npy
10382,PASTISFresh/DATA_S2/S2_10382.npy,PASTISFresh/ANNOTATIONS/TARGET_10382.npy
10383,PASTISFresh/DATA_S2/S2_10383.npy,PASTISFresh/ANNOTATIONS/TARGET_10383.npy
10384,PASTISFresh/DATA_S2/S2_10384.npy,PASTISFresh/ANNOTATIONS/TARGET_10384.npy
10385,PASTISFresh/DATA_S2/S2_10385.npy,PASTISFresh/ANNOTATIONS/TARGET_10385.npy
10386,PASTISFresh/DATA_S2/S2_10386.npy,PASTISFresh/ANNOTATIONS/TARGET_10386.npy
10392,PASTISFresh/DATA_S2/S2_10392.npy,PASTISFresh/ANNOTATIONS/TARGET_10392.npy
10394,PASTISFresh/DATA_S2/S2_10394.npy,PASTISFresh/ANNOTATIONS/TARGET_10394.npy
10397,PASTISFresh/DATA_S2/S2_10397.npy,PASTISFresh/ANNOTATIONS/TARGET_10397.npy
10398,PASTISFresh/DATA_S2/S2_10398.npy,PASTISFresh/ANNOTATIONS/TARGET_10398.npy
10399,PASTISFresh/DATA_S2/S2_10399.npy,PASTISFresh/ANNOTATIONS/TARGET_10399.npy
10401,PASTISFresh/DATA_S2/S2_10401.npy,PASTISFresh/ANNOTATIONS/TARGET_10401.npy
10408,PASTISFresh/DATA_S2/S2_10408.npy,PASTISFresh/ANNOTATIONS/TARGET_10408.npy
10409,PASTISFresh/DATA_S2/S2_10409.npy,PASTISFresh/ANNOTATIONS/TARGET_10409.npy
10411,PASTISFresh/DATA_S2/S2_10411.npy,PASTISFresh/ANNOTATIONS/TARGET_10411.npy
10412,PASTISFresh/DATA_S2/S2_10412.npy,PASTISFresh/ANNOTATIONS/TARGET_10412.npy
10413,PASTISFresh/DATA_S2/S2_10413.npy,PASTISFresh/ANNOTATIONS/TARGET_10413.npy
10415,PASTISFresh/DATA_S2/S2_10415.npy,PASTISFresh/ANNOTATIONS/TARGET_10415.npy
10416,PASTISFresh/DATA_S2/S2_10416.npy,PASTISFresh/ANNOTATIONS/TARGET_10416.npy
10418,PASTISFresh/DATA_S2/S2_10418.npy,PASTISFresh/ANNOTATIONS/TARGET_10418.npy
10419,PASTISFresh/DATA_S2/S2_10419.npy,PASTISFresh/ANNOTATIONS/TARGET_10419.npy
10420,PASTISFresh/DATA_S2/S2_10420.npy,PASTISFresh/ANNOTATIONS/TARGET_10420.npy
10422,PASTISFresh/DATA_S2/S2_10422.npy,PASTISFresh/ANNOTATIONS/TARGET_10422.npy
10424,PASTISFresh/DATA_S2/S2_10424.npy,PASTISFresh/ANNOTATIONS/TARGET_10424.npy
10425,PASTISFresh/DATA_S2/S2_10425.npy,PASTISFresh/ANNOTATIONS/TARGET_10425.npy
10426,PASTISFresh/DATA_S2/S2_10426.npy,PASTISFresh/ANNOTATIONS/TARGET_10426.npy
10430,PASTISFresh/DATA_S2/S2_10430.npy,PASTISFresh/ANNOTATIONS/TARGET_10430.npy
10431,PASTISFresh/DATA_S2/S2_10431.npy,PASTISFresh/ANNOTATIONS/TARGET_10431.npy
10433,PASTISFresh/DATA_S2/S2_10433.npy,PASTISFresh/ANNOTATIONS/TARGET_10433.npy
10435,PASTISFresh/DATA_S2/S2_10435.npy,PASTISFresh/ANNOTATIONS/TARGET_10435.npy
10440,PASTISFresh/DATA_S2/S2_10440.npy,PASTISFresh/ANNOTATIONS/TARGET_10440.npy
10442,PASTISFresh/DATA_S2/S2_10442.npy,PASTISFresh/ANNOTATIONS/TARGET_10442.npy
10444,PASTISFresh/DATA_S2/S2_10444.npy,PASTISFresh/ANNOTATIONS/TARGET_10444.npy
10450,PASTISFresh/DATA_S2/S2_10450.npy,PASTISFresh/ANNOTATIONS/TARGET_10450.npy
10451,PASTISFresh/DATA_S2/S2_10451.npy,PASTISFresh/ANNOTATIONS/TARGET_10451.npy
10454,PASTISFresh/DATA_S2/S2_10454.npy,PASTISFresh/ANNOTATIONS/TARGET_10454.npy
10455,PASTISFresh/DATA_S2/S2_10455.npy,PASTISFresh/ANNOTATIONS/TARGET_10455.npy
10456,PASTISFresh/DATA_S2/S2_10456.npy,PASTISFresh/ANNOTATIONS/TARGET_10456.npy
10457,PASTISFresh/DATA_S2/S2_10457.npy,PASTISFresh/ANNOTATIONS/TARGET_10457.npy
10458,PASTISFresh/DATA_S2/S2_10458.npy,PASTISFresh/ANNOTATIONS/TARGET_10458.npy
10461,PASTISFresh/DATA_S2/S2_10461.npy,PASTISFresh/ANNOTATIONS/TARGET_10461.npy
10463,PASTISFresh/DATA_S2/S2_10463.npy,PASTISFresh/ANNOTATIONS/TARGET_10463.npy
10466,PASTISFresh/DATA_S2/S2_10466.npy,PASTISFresh/ANNOTATIONS/TARGET_10466.npy
10468,PASTISFresh/DATA_S2/S2_10468.npy,PASTISFresh/ANNOTATIONS/TARGET_10468.npy
10469,PASTISFresh/DATA_S2/S2_10469.npy,PASTISFresh/ANNOTATIONS/TARGET_10469.npy
10470,PASTISFresh/DATA_S2/S2_10470.npy,PASTISFresh/ANNOTATIONS/TARGET_10470.npy
10471,PASTISFresh/DATA_S2/S2_10471.npy,PASTISFresh/ANNOTATIONS/TARGET_10471.npy
10472,PASTISFresh/DATA_S2/S2_10472.npy,PASTISFresh/ANNOTATIONS/TARGET_10472.npy
10473,PASTISFresh/DATA_S2/S2_10473.npy,PASTISFresh/ANNOTATIONS/TARGET_10473.npy
10476,PASTISFresh/DATA_S2/S2_10476.npy,PASTISFresh/ANNOTATIONS/TARGET_10476.npy
10477,PASTISFresh/DATA_S2/S2_10477.npy,PASTISFresh/ANNOTATIONS/TARGET_10477.npy
10478,PASTISFresh/DATA_S2/S2_10478.npy,PASTISFresh/ANNOTATIONS/TARGET_10478.npy
10479,PASTISFresh/DATA_S2/S2_10479.npy,PASTISFresh/ANNOTATIONS/TARGET_10479.npy
10480,PASTISFresh/DATA_S2/S2_10480.npy,PASTISFresh/ANNOTATIONS/TARGET_10480.npy
10481,PASTISFresh/DATA_S2/S2_10481.npy,PASTISFresh/ANNOTATIONS/TARGET_10481.npy
10482,PASTISFresh/DATA_S2/S2_10482.npy,PASTISFresh/ANNOTATIONS/TARGET_10482.npy
10485,PASTISFresh/DATA_S2/S2_10485.npy,PASTISFresh/ANNOTATIONS/TARGET_10485.npy
10486,PASTISFresh/DATA_S2/S2_10486.npy,PASTISFresh/ANNOTATIONS/TARGET_10486.npy
10487,PASTISFresh/DATA_S2/S2_10487.npy,PASTISFresh/ANNOTATIONS/TARGET_10487.npy
10488,PASTISFresh/DATA_S2/S2_10488.npy,PASTISFresh/ANNOTATIONS/TARGET_10488.npy
10490,PASTISFresh/DATA_S2/S2_10490.npy,PASTISFresh/ANNOTATIONS/TARGET_10490.npy
10491,PASTISFresh/DATA_S2/S2_10491.npy,PASTISFresh/ANNOTATIONS/TARGET_10491.npy
10492,PASTISFresh/DATA_S2/S2_10492.npy,PASTISFresh/ANNOTATIONS/TARGET_10492.npy
10493,PASTISFresh/DATA_S2/S2_10493.npy,PASTISFresh/ANNOTATIONS/TARGET_10493.npy
10494,PASTISFresh/DATA_S2/S2_10494.npy,PASTISFresh/ANNOTATIONS/TARGET_10494.npy
10496,PASTISFresh/DATA_S2/S2_10496.npy,PASTISFresh/ANNOTATIONS/TARGET_10496.npy
10500,PASTISFresh/DATA_S2/S2_10500.npy,PASTISFresh/ANNOTATIONS/TARGET_10500.npy
10501,PASTISFresh/DATA_S2/S2_10501.npy,PASTISFresh/ANNOTATIONS/TARGET_10501.npy
10506,PASTISFresh/DATA_S2/S2_10506.npy,PASTISFresh/ANNOTATIONS/TARGET_10506.npy
10507,PASTISFresh/DATA_S2/S2_10507.npy,PASTISFresh/ANNOTATIONS/TARGET_10507.npy
10508,PASTISFresh/DATA_S2/S2_10508.npy,PASTISFresh/ANNOTATIONS/TARGET_10508.npy
10509,PASTISFresh/DATA_S2/S2_10509.npy,PASTISFresh/ANNOTATIONS/TARGET_10509.npy
10511,PASTISFresh/DATA_S2/S2_10511.npy,PASTISFresh/ANNOTATIONS/TARGET_10511.npy
10512,PASTISFresh/DATA_S2/S2_10512.npy,PASTISFresh/ANNOTATIONS/TARGET_10512.npy
10513,PASTISFresh/DATA_S2/S2_10513.npy,PASTISFresh/ANNOTATIONS/TARGET_10513.npy
10514,PASTISFresh/DATA_S2/S2_10514.npy,PASTISFresh/ANNOTATIONS/TARGET_10514.npy
10515,PASTISFresh/DATA_S2/S2_10515.npy,PASTISFresh/ANNOTATIONS/TARGET_10515.npy
10517,PASTISFresh/DATA_S2/S2_10517.npy,PASTISFresh/ANNOTATIONS/TARGET_10517.npy
10518,PASTISFresh/DATA_S2/S2_10518.npy,PASTISFresh/ANNOTATIONS/TARGET_10518.npy
10519,PASTISFresh/DATA_S2/S2_10519.npy,PASTISFresh/ANNOTATIONS/TARGET_10519.npy
10520,PASTISFresh/DATA_S2/S2_10520.npy,PASTISFresh/ANNOTATIONS/TARGET_10520.npy
10524,PASTISFresh/DATA_S2/S2_10524.npy,PASTISFresh/ANNOTATIONS/TARGET_10524.npy
10525,PASTISFresh/DATA_S2/S2_10525.npy,PASTISFresh/ANNOTATIONS/TARGET_10525.npy
10527,PASTISFresh/DATA_S2/S2_10527.npy,PASTISFresh/ANNOTATIONS/TARGET_10527.npy
10528,PASTISFresh/DATA_S2/S2_10528.npy,PASTISFresh/ANNOTATIONS/TARGET_10528.npy
10529,PASTISFresh/DATA_S2/S2_10529.npy,PASTISFresh/ANNOTATIONS/TARGET_10529.npy
10531,PASTISFresh/DATA_S2/S2_10531.npy,PASTISFresh/ANNOTATIONS/TARGET_10531.npy
10532,PASTISFresh/DATA_S2/S2_10532.npy,PASTISFresh/ANNOTATIONS/TARGET_10532.npy
10533,PASTISFresh/DATA_S2/S2_10533.npy,PASTISFresh/ANNOTATIONS/TARGET_10533.npy
10537,PASTISFresh/DATA_S2/S2_10537.npy,PASTISFresh/ANNOTATIONS/TARGET_10537.npy
10538,PASTISFresh/DATA_S2/S2_10538.npy,PASTISFresh/ANNOTATIONS/TARGET_10538.npy
20008,PASTISFresh/DATA_S2/S2_20008.npy,PASTISFresh/ANNOTATIONS/TARGET_20008.npy
20009,PASTISFresh/DATA_S2/S2_20009.npy,PASTISFresh/ANNOTATIONS/TARGET_20009.npy
20010,PASTISFresh/DATA_S2/S2_20010.npy,PASTISFresh/ANNOTATIONS/TARGET_20010.npy
20019,PASTISFresh/DATA_S2/S2_20019.npy,PASTISFresh/ANNOTATIONS/TARGET_20019.npy
20022,PASTISFresh/DATA_S2/S2_20022.npy,PASTISFresh/ANNOTATIONS/TARGET_20022.npy
20023,PASTISFresh/DATA_S2/S2_20023.npy,PASTISFresh/ANNOTATIONS/TARGET_20023.npy
20024,PASTISFresh/DATA_S2/S2_20024.npy,PASTISFresh/ANNOTATIONS/TARGET_20024.npy
20025,PASTISFresh/DATA_S2/S2_20025.npy,PASTISFresh/ANNOTATIONS/TARGET_20025.npy
20028,PASTISFresh/DATA_S2/S2_20028.npy,PASTISFresh/ANNOTATIONS/TARGET_20028.npy
20030,PASTISFresh/DATA_S2/S2_20030.npy,PASTISFresh/ANNOTATIONS/TARGET_20030.npy
20031,PASTISFresh/DATA_S2/S2_20031.npy,PASTISFresh/ANNOTATIONS/TARGET_20031.npy
20032,PASTISFresh/DATA_S2/S2_20032.npy,PASTISFresh/ANNOTATIONS/TARGET_20032.npy
20035,PASTISFresh/DATA_S2/S2_20035.npy,PASTISFresh/ANNOTATIONS/TARGET_20035.npy
20036,PASTISFresh/DATA_S2/S2_20036.npy,PASTISFresh/ANNOTATIONS/TARGET_20036.npy
20041,PASTISFresh/DATA_S2/S2_20041.npy,PASTISFresh/ANNOTATIONS/TARGET_20041.npy
20042,PASTISFresh/DATA_S2/S2_20042.npy,PASTISFresh/ANNOTATIONS/TARGET_20042.npy
20044,PASTISFresh/DATA_S2/S2_20044.npy,PASTISFresh/ANNOTATIONS/TARGET_20044.npy
20046,PASTISFresh/DATA_S2/S2_20046.npy,PASTISFresh/ANNOTATIONS/TARGET_20046.npy
20048,PASTISFresh/DATA_S2/S2_20048.npy,PASTISFresh/ANNOTATIONS/TARGET_20048.npy
20050,PASTISFresh/DATA_S2/S2_20050.npy,PASTISFresh/ANNOTATIONS/TARGET_20050.npy
20052,PASTISFresh/DATA_S2/S2_20052.npy,PASTISFresh/ANNOTATIONS/TARGET_20052.npy
20053,PASTISFresh/DATA_S2/S2_20053.npy,PASTISFresh/ANNOTATIONS/TARGET_20053.npy
20058,PASTISFresh/DATA_S2/S2_20058.npy,PASTISFresh/ANNOTATIONS/TARGET_20058.npy
20060,PASTISFresh/DATA_S2/S2_20060.npy,PASTISFresh/ANNOTATIONS/TARGET_20060.npy
20062,PASTISFresh/DATA_S2/S2_20062.npy,PASTISFresh/ANNOTATIONS/TARGET_20062.npy
20063,PASTISFresh/DATA_S2/S2_20063.npy,PASTISFresh/ANNOTATIONS/TARGET_20063.npy
20065,PASTISFresh/DATA_S2/S2_20065.npy,PASTISFresh/ANNOTATIONS/TARGET_20065.npy
20067,PASTISFresh/DATA_S2/S2_20067.npy,PASTISFresh/ANNOTATIONS/TARGET_20067.npy
20068,PASTISFresh/DATA_S2/S2_20068.npy,PASTISFresh/ANNOTATIONS/TARGET_20068.npy
20069,PASTISFresh/DATA_S2/S2_20069.npy,PASTISFresh/ANNOTATIONS/TARGET_20069.npy
20072,PASTISFresh/DATA_S2/S2_20072.npy,PASTISFresh/ANNOTATIONS/TARGET_20072.npy
20074,PASTISFresh/DATA_S2/S2_20074.npy,PASTISFresh/ANNOTATIONS/TARGET_20074.npy
20076,PASTISFresh/DATA_S2/S2_20076.npy,PASTISFresh/ANNOTATIONS/TARGET_20076.npy
20078,PASTISFresh/DATA_S2/S2_20078.npy,PASTISFresh/ANNOTATIONS/TARGET_20078.npy
20080,PASTISFresh/DATA_S2/S2_20080.npy,PASTISFresh/ANNOTATIONS/TARGET_20080.npy
20081,PASTISFresh/DATA_S2/S2_20081.npy,PASTISFresh/ANNOTATIONS/TARGET_20081.npy
20083,PASTISFresh/DATA_S2/S2_20083.npy,PASTISFresh/ANNOTATIONS/TARGET_20083.npy
20084,PASTISFresh/DATA_S2/S2_20084.npy,PASTISFresh/ANNOTATIONS/TARGET_20084.npy
20085,PASTISFresh/DATA_S2/S2_20085.npy,PASTISFresh/ANNOTATIONS/TARGET_20085.npy
20086,PASTISFresh/DATA_S2/S2_20086.npy,PASTISFresh/ANNOTATIONS/TARGET_20086.npy
20087,PASTISFresh/DATA_S2/S2_20087.npy,PASTISFresh/ANNOTATIONS/TARGET_20087.npy
20091,PASTISFresh/DATA_S2/S2_20091.npy,PASTISFresh/ANNOTATIONS/TARGET_20091.npy
20092,PASTISFresh/DATA_S2/S2_20092.npy,PASTISFresh/ANNOTATIONS/TARGET_20092.npy
20093,PASTISFresh/DATA_S2/S2_20093.npy,PASTISFresh/ANNOTATIONS/TARGET_20093.npy
20094,PASTISFresh/DATA_S2/S2_20094.npy,PASTISFresh/ANNOTATIONS/TARGET_20094.npy
20095,PASTISFresh/DATA_S2/S2_20095.npy,PASTISFresh/ANNOTATIONS/TARGET_20095.npy
20096,PASTISFresh/DATA_S2/S2_20096.npy,PASTISFresh/ANNOTATIONS/TARGET_20096.npy
20097,PASTISFresh/DATA_S2/S2_20097.npy,PASTISFresh/ANNOTATIONS/TARGET_20097.npy
20098,PASTISFresh/DATA_S2/S2_20098.npy,PASTISFresh/ANNOTATIONS/TARGET_20098.npy
20103,PASTISFresh/DATA_S2/S2_20103.npy,PASTISFresh/ANNOTATIONS/TARGET_20103.npy
20105,PASTISFresh/DATA_S2/S2_20105.npy,PASTISFresh/ANNOTATIONS/TARGET_20105.npy
20107,PASTISFresh/DATA_S2/S2_20107.npy,PASTISFresh/ANNOTATIONS/TARGET_20107.npy
20109,PASTISFresh/DATA_S2/S2_20109.npy,PASTISFresh/ANNOTATIONS/TARGET_20109.npy
20114,PASTISFresh/DATA_S2/S2_20114.npy,PASTISFresh/ANNOTATIONS/TARGET_20114.npy
20115,PASTISFresh/DATA_S2/S2_20115.npy,PASTISFresh/ANNOTATIONS/TARGET_20115.npy
20116,PASTISFresh/DATA_S2/S2_20116.npy,PASTISFresh/ANNOTATIONS/TARGET_20116.npy
20118,PASTISFresh/DATA_S2/S2_20118.npy,PASTISFresh/ANNOTATIONS/TARGET_20118.npy
20119,PASTISFresh/DATA_S2/S2_20119.npy,PASTISFresh/ANNOTATIONS/TARGET_20119.npy
20120,PASTISFresh/DATA_S2/S2_20120.npy,PASTISFresh/ANNOTATIONS/TARGET_20120.npy
20122,PASTISFresh/DATA_S2/S2_20122.npy,PASTISFresh/ANNOTATIONS/TARGET_20122.npy
20123,PASTISFresh/DATA_S2/S2_20123.npy,PASTISFresh/ANNOTATIONS/TARGET_20123.npy
20126,PASTISFresh/DATA_S2/S2_20126.npy,PASTISFresh/ANNOTATIONS/TARGET_20126.npy
20127,PASTISFresh/DATA_S2/S2_20127.npy,PASTISFresh/ANNOTATIONS/TARGET_20127.npy
20128,PASTISFresh/DATA_S2/S2_20128.npy,PASTISFresh/ANNOTATIONS/TARGET_20128.npy
20129,PASTISFresh/DATA_S2/S2_20129.npy,PASTISFresh/ANNOTATIONS/TARGET_20129.npy
20130,PASTISFresh/DATA_S2/S2_20130.npy,PASTISFresh/ANNOTATIONS/TARGET_20130.npy
20131,PASTISFresh/DATA_S2/S2_20131.npy,PASTISFresh/ANNOTATIONS/TARGET_20131.npy
20133,PASTISFresh/DATA_S2/S2_20133.npy,PASTISFresh/ANNOTATIONS/TARGET_20133.npy
20134,PASTISFresh/DATA_S2/S2_20134.npy,PASTISFresh/ANNOTATIONS/TARGET_20134.npy
20135,PASTISFresh/DATA_S2/S2_20135.npy,PASTISFresh/ANNOTATIONS/TARGET_20135.npy
20136,PASTISFresh/DATA_S2/S2_20136.npy,PASTISFresh/ANNOTATIONS/TARGET_20136.npy
20137,PASTISFresh/DATA_S2/S2_20137.npy,PASTISFresh/ANNOTATIONS/TARGET_20137.npy
20138,PASTISFresh/DATA_S2/S2_20138.npy,PASTISFresh/ANNOTATIONS/TARGET_20138.npy
20139,PASTISFresh/DATA_S2/S2_20139.npy,PASTISFresh/ANNOTATIONS/TARGET_20139.npy
20145,PASTISFresh/DATA_S2/S2_20145.npy,PASTISFresh/ANNOTATIONS/TARGET_20145.npy
20146,PASTISFresh/DATA_S2/S2_20146.npy,PASTISFresh/ANNOTATIONS/TARGET_20146.npy
20147,PASTISFresh/DATA_S2/S2_20147.npy,PASTISFresh/ANNOTATIONS/TARGET_20147.npy
20148,PASTISFresh/DATA_S2/S2_20148.npy,PASTISFresh/ANNOTATIONS/TARGET_20148.npy
20149,PASTISFresh/DATA_S2/S2_20149.npy,PASTISFresh/ANNOTATIONS/TARGET_20149.npy
20152,PASTISFresh/DATA_S2/S2_20152.npy,PASTISFresh/ANNOTATIONS/TARGET_20152.npy
20153,PASTISFresh/DATA_S2/S2_20153.npy,PASTISFresh/ANNOTATIONS/TARGET_20153.npy
20154,PASTISFresh/DATA_S2/S2_20154.npy,PASTISFresh/ANNOTATIONS/TARGET_20154.npy
20155,PASTISFresh/DATA_S2/S2_20155.npy,PASTISFresh/ANNOTATIONS/TARGET_20155.npy
20157,PASTISFresh/DATA_S2/S2_20157.npy,PASTISFresh/ANNOTATIONS/TARGET_20157.npy
20158,PASTISFresh/DATA_S2/S2_20158.npy,PASTISFresh/ANNOTATIONS/TARGET_20158.npy
20159,PASTISFresh/DATA_S2/S2_20159.npy,PASTISFresh/ANNOTATIONS/TARGET_20159.npy
20160,PASTISFresh/DATA_S2/S2_20160.npy,PASTISFresh/ANNOTATIONS/TARGET_20160.npy
20161,PASTISFresh/DATA_S2/S2_20161.npy,PASTISFresh/ANNOTATIONS/TARGET_20161.npy
20162,PASTISFresh/DATA_S2/S2_20162.npy,PASTISFresh/ANNOTATIONS/TARGET_20162.npy
20163,PASTISFresh/DATA_S2/S2_20163.npy,PASTISFresh/ANNOTATIONS/TARGET_20163.npy
20164,PASTISFresh/DATA_S2/S2_20164.npy,PASTISFresh/ANNOTATIONS/TARGET_20164.npy
20166,PASTISFresh/DATA_S2/S2_20166.npy,PASTISFresh/ANNOTATIONS/TARGET_20166.npy
20167,PASTISFresh/DATA_S2/S2_20167.npy,PASTISFresh/ANNOTATIONS/TARGET_20167.npy
20168,PASTISFresh/DATA_S2/S2_20168.npy,PASTISFresh/ANNOTATIONS/TARGET_20168.npy
20170,PASTISFresh/DATA_S2/S2_20170.npy,PASTISFresh/ANNOTATIONS/TARGET_20170.npy
20172,PASTISFresh/DATA_S2/S2_20172.npy,PASTISFresh/ANNOTATIONS/TARGET_20172.npy
20175,PASTISFresh/DATA_S2/S2_20175.npy,PASTISFresh/ANNOTATIONS/TARGET_20175.npy
20177,PASTISFresh/DATA_S2/S2_20177.npy,PASTISFresh/ANNOTATIONS/TARGET_20177.npy
20179,PASTISFresh/DATA_S2/S2_20179.npy,PASTISFresh/ANNOTATIONS/TARGET_20179.npy
20180,PASTISFresh/DATA_S2/S2_20180.npy,PASTISFresh/ANNOTATIONS/TARGET_20180.npy
20181,PASTISFresh/DATA_S2/S2_20181.npy,PASTISFresh/ANNOTATIONS/TARGET_20181.npy
20182,PASTISFresh/DATA_S2/S2_20182.npy,PASTISFresh/ANNOTATIONS/TARGET_20182.npy
20184,PASTISFresh/DATA_S2/S2_20184.npy,PASTISFresh/ANNOTATIONS/TARGET_20184.npy
20186,PASTISFresh/DATA_S2/S2_20186.npy,PASTISFresh/ANNOTATIONS/TARGET_20186.npy
20188,PASTISFresh/DATA_S2/S2_20188.npy,PASTISFresh/ANNOTATIONS/TARGET_20188.npy
20189,PASTISFresh/DATA_S2/S2_20189.npy,PASTISFresh/ANNOTATIONS/TARGET_20189.npy
20190,PASTISFresh/DATA_S2/S2_20190.npy,PASTISFresh/ANNOTATIONS/TARGET_20190.npy
20192,PASTISFresh/DATA_S2/S2_20192.npy,PASTISFresh/ANNOTATIONS/TARGET_20192.npy
20193,PASTISFresh/DATA_S2/S2_20193.npy,PASTISFresh/ANNOTATIONS/TARGET_20193.npy
20195,PASTISFresh/DATA_S2/S2_20195.npy,PASTISFresh/ANNOTATIONS/TARGET_20195.npy
20196,PASTISFresh/DATA_S2/S2_20196.npy,PASTISFresh/ANNOTATIONS/TARGET_20196.npy
20197,PASTISFresh/DATA_S2/S2_20197.npy,PASTISFresh/ANNOTATIONS/TARGET_20197.npy
20201,PASTISFresh/DATA_S2/S2_20201.npy,PASTISFresh/ANNOTATIONS/TARGET_20201.npy
20202,PASTISFresh/DATA_S2/S2_20202.npy,PASTISFresh/ANNOTATIONS/TARGET_20202.npy
20203,PASTISFresh/DATA_S2/S2_20203.npy,PASTISFresh/ANNOTATIONS/TARGET_20203.npy
20205,PASTISFresh/DATA_S2/S2_20205.npy,PASTISFresh/ANNOTATIONS/TARGET_20205.npy
20206,PASTISFresh/DATA_S2/S2_20206.npy,PASTISFresh/ANNOTATIONS/TARGET_20206.npy
20207,PASTISFresh/DATA_S2/S2_20207.npy,PASTISFresh/ANNOTATIONS/TARGET_20207.npy
20210,PASTISFresh/DATA_S2/S2_20210.npy,PASTISFresh/ANNOTATIONS/TARGET_20210.npy
20212,PASTISFresh/DATA_S2/S2_20212.npy,PASTISFresh/ANNOTATIONS/TARGET_20212.npy
20214,PASTISFresh/DATA_S2/S2_20214.npy,PASTISFresh/ANNOTATIONS/TARGET_20214.npy
20217,PASTISFresh/DATA_S2/S2_20217.npy,PASTISFresh/ANNOTATIONS/TARGET_20217.npy
20220,PASTISFresh/DATA_S2/S2_20220.npy,PASTISFresh/ANNOTATIONS/TARGET_20220.npy
20222,PASTISFresh/DATA_S2/S2_20222.npy,PASTISFresh/ANNOTATIONS/TARGET_20222.npy
20223,PASTISFresh/DATA_S2/S2_20223.npy,PASTISFresh/ANNOTATIONS/TARGET_20223.npy
20224,PASTISFresh/DATA_S2/S2_20224.npy,PASTISFresh/ANNOTATIONS/TARGET_20224.npy
20225,PASTISFresh/DATA_S2/S2_20225.npy,PASTISFresh/ANNOTATIONS/TARGET_20225.npy
20227,PASTISFresh/DATA_S2/S2_20227.npy,PASTISFresh/ANNOTATIONS/TARGET_20227.npy
20230,PASTISFresh/DATA_S2/S2_20230.npy,PASTISFresh/ANNOTATIONS/TARGET_20230.npy
20231,PASTISFresh/DATA_S2/S2_20231.npy,PASTISFresh/ANNOTATIONS/TARGET_20231.npy
20232,PASTISFresh/DATA_S2/S2_20232.npy,PASTISFresh/ANNOTATIONS/TARGET_20232.npy
20234,PASTISFresh/DATA_S2/S2_20234.npy,PASTISFresh/ANNOTATIONS/TARGET_20234.npy
20235,PASTISFresh/DATA_S2/S2_20235.npy,PASTISFresh/ANNOTATIONS/TARGET_20235.npy
20236,PASTISFresh/DATA_S2/S2_20236.npy,PASTISFresh/ANNOTATIONS/TARGET_20236.npy
20237,PASTISFresh/DATA_S2/S2_20237.npy,PASTISFresh/ANNOTATIONS/TARGET_20237.npy
20238,PASTISFresh/DATA_S2/S2_20238.npy,PASTISFresh/ANNOTATIONS/TARGET_20238.npy
20239,PASTISFresh/DATA_S2/S2_20239.npy,PASTISFresh/ANNOTATIONS/TARGET_20239.npy
20242,PASTISFresh/DATA_S2/S2_20242.npy,PASTISFresh/ANNOTATIONS/TARGET_20242.npy
20243,PASTISFresh/DATA_S2/S2_20243.npy,PASTISFresh/ANNOTATIONS/TARGET_20243.npy
20245,PASTISFresh/DATA_S2/S2_20245.npy,PASTISFresh/ANNOTATIONS/TARGET_20245.npy
20246,PASTISFresh/DATA_S2/S2_20246.npy,PASTISFresh/ANNOTATIONS/TARGET_20246.npy
20247,PASTISFresh/DATA_S2/S2_20247.npy,PASTISFresh/ANNOTATIONS/TARGET_20247.npy
20249,PASTISFresh/DATA_S2/S2_20249.npy,PASTISFresh/ANNOTATIONS/TARGET_20249.npy
20250,PASTISFresh/DATA_S2/S2_20250.npy,PASTISFresh/ANNOTATIONS/TARGET_20250.npy
20251,PASTISFresh/DATA_S2/S2_20251.npy,PASTISFresh/ANNOTATIONS/TARGET_20251.npy
20254,PASTISFresh/DATA_S2/S2_20254.npy,PASTISFresh/ANNOTATIONS/TARGET_20254.npy
20255,PASTISFresh/DATA_S2/S2_20255.npy,PASTISFresh/ANNOTATIONS/TARGET_20255.npy
20257,PASTISFresh/DATA_S2/S2_20257.npy,PASTISFresh/ANNOTATIONS/TARGET_20257.npy
20261,PASTISFresh/DATA_S2/S2_20261.npy,PASTISFresh/ANNOTATIONS/TARGET_20261.npy
20262,PASTISFresh/DATA_S2/S2_20262.npy,PASTISFresh/ANNOTATIONS/TARGET_20262.npy
20263,PASTISFresh/DATA_S2/S2_20263.npy,PASTISFresh/ANNOTATIONS/TARGET_20263.npy
20264,PASTISFresh/DATA_S2/S2_20264.npy,PASTISFresh/ANNOTATIONS/TARGET_20264.npy
20265,PASTISFresh/DATA_S2/S2_20265.npy,PASTISFresh/ANNOTATIONS/TARGET_20265.npy
20268,PASTISFresh/DATA_S2/S2_20268.npy,PASTISFresh/ANNOTATIONS/TARGET_20268.npy
20270,PASTISFresh/DATA_S2/S2_20270.npy,PASTISFresh/ANNOTATIONS/TARGET_20270.npy
20273,PASTISFresh/DATA_S2/S2_20273.npy,PASTISFresh/ANNOTATIONS/TARGET_20273.npy
20274,PASTISFresh/DATA_S2/S2_20274.npy,PASTISFresh/ANNOTATIONS/TARGET_20274.npy
20277,PASTISFresh/DATA_S2/S2_20277.npy,PASTISFresh/ANNOTATIONS/TARGET_20277.npy
20278,PASTISFresh/DATA_S2/S2_20278.npy,PASTISFresh/ANNOTATIONS/TARGET_20278.npy
20279,PASTISFresh/DATA_S2/S2_20279.npy,PASTISFresh/ANNOTATIONS/TARGET_20279.npy
20280,PASTISFresh/DATA_S2/S2_20280.npy,PASTISFresh/ANNOTATIONS/TARGET_20280.npy
20281,PASTISFresh/DATA_S2/S2_20281.npy,PASTISFresh/ANNOTATIONS/TARGET_20281.npy
20282,PASTISFresh/DATA_S2/S2_20282.npy,PASTISFresh/ANNOTATIONS/TARGET_20282.npy
20283,PASTISFresh/DATA_S2/S2_20283.npy,PASTISFresh/ANNOTATIONS/TARGET_20283.npy
20285,PASTISFresh/DATA_S2/S2_20285.npy,PASTISFresh/ANNOTATIONS/TARGET_20285.npy
20286,PASTISFresh/DATA_S2/S2_20286.npy,PASTISFresh/ANNOTATIONS/TARGET_20286.npy
20288,PASTISFresh/DATA_S2/S2_20288.npy,PASTISFresh/ANNOTATIONS/TARGET_20288.npy
20293,PASTISFresh/DATA_S2/S2_20293.npy,PASTISFresh/ANNOTATIONS/TARGET_20293.npy
20296,PASTISFresh/DATA_S2/S2_20296.npy,PASTISFresh/ANNOTATIONS/TARGET_20296.npy
20297,PASTISFresh/DATA_S2/S2_20297.npy,PASTISFresh/ANNOTATIONS/TARGET_20297.npy
20298,PASTISFresh/DATA_S2/S2_20298.npy,PASTISFresh/ANNOTATIONS/TARGET_20298.npy
20304,PASTISFresh/DATA_S2/S2_20304.npy,PASTISFresh/ANNOTATIONS/TARGET_20304.npy
20306,PASTISFresh/DATA_S2/S2_20306.npy,PASTISFresh/ANNOTATIONS/TARGET_20306.npy
20307,PASTISFresh/DATA_S2/S2_20307.npy,PASTISFresh/ANNOTATIONS/TARGET_20307.npy
20308,PASTISFresh/DATA_S2/S2_20308.npy,PASTISFresh/ANNOTATIONS/TARGET_20308.npy
20311,PASTISFresh/DATA_S2/S2_20311.npy,PASTISFresh/ANNOTATIONS/TARGET_20311.npy
20312,PASTISFresh/DATA_S2/S2_20312.npy,PASTISFresh/ANNOTATIONS/TARGET_20312.npy
20313,PASTISFresh/DATA_S2/S2_20313.npy,PASTISFresh/ANNOTATIONS/TARGET_20313.npy
20314,PASTISFresh/DATA_S2/S2_20314.npy,PASTISFresh/ANNOTATIONS/TARGET_20314.npy
20315,PASTISFresh/DATA_S2/S2_20315.npy,PASTISFresh/ANNOTATIONS/TARGET_20315.npy
20318,PASTISFresh/DATA_S2/S2_20318.npy,PASTISFresh/ANNOTATIONS/TARGET_20318.npy
20319,PASTISFresh/DATA_S2/S2_20319.npy,PASTISFresh/ANNOTATIONS/TARGET_20319.npy
20320,PASTISFresh/DATA_S2/S2_20320.npy,PASTISFresh/ANNOTATIONS/TARGET_20320.npy
20322,PASTISFresh/DATA_S2/S2_20322.npy,PASTISFresh/ANNOTATIONS/TARGET_20322.npy
20323,PASTISFresh/DATA_S2/S2_20323.npy,PASTISFresh/ANNOTATIONS/TARGET_20323.npy
20324,PASTISFresh/DATA_S2/S2_20324.npy,PASTISFresh/ANNOTATIONS/TARGET_20324.npy
20325,PASTISFresh/DATA_S2/S2_20325.npy,PASTISFresh/ANNOTATIONS/TARGET_20325.npy
20326,PASTISFresh/DATA_S2/S2_20326.npy,PASTISFresh/ANNOTATIONS/TARGET_20326.npy
20327,PASTISFresh/DATA_S2/S2_20327.npy,PASTISFresh/ANNOTATIONS/TARGET_20327.npy
20329,PASTISFresh/DATA_S2/S2_20329.npy,PASTISFresh/ANNOTATIONS/TARGET_20329.npy
20330,PASTISFresh/DATA_S2/S2_20330.npy,PASTISFresh/ANNOTATIONS/TARGET_20330.npy
20332,PASTISFresh/DATA_S2/S2_20332.npy,PASTISFresh/ANNOTATIONS/TARGET_20332.npy
20335,PASTISFresh/DATA_S2/S2_20335.npy,PASTISFresh/ANNOTATIONS/TARGET_20335.npy
20337,PASTISFresh/DATA_S2/S2_20337.npy,PASTISFresh/ANNOTATIONS/TARGET_20337.npy
20338,PASTISFresh/DATA_S2/S2_20338.npy,PASTISFresh/ANNOTATIONS/TARGET_20338.npy
20339,PASTISFresh/DATA_S2/S2_20339.npy,PASTISFresh/ANNOTATIONS/TARGET_20339.npy
20340,PASTISFresh/DATA_S2/S2_20340.npy,PASTISFresh/ANNOTATIONS/TARGET_20340.npy
20343,PASTISFresh/DATA_S2/S2_20343.npy,PASTISFresh/ANNOTATIONS/TARGET_20343.npy
20344,PASTISFresh/DATA_S2/S2_20344.npy,PASTISFresh/ANNOTATIONS/TARGET_20344.npy
20345,PASTISFresh/DATA_S2/S2_20345.npy,PASTISFresh/ANNOTATIONS/TARGET_20345.npy
20346,PASTISFresh/DATA_S2/S2_20346.npy,PASTISFresh/ANNOTATIONS/TARGET_20346.npy
20349,PASTISFresh/DATA_S2/S2_20349.npy,PASTISFresh/ANNOTATIONS/TARGET_20349.npy
20351,PASTISFresh/DATA_S2/S2_20351.npy,PASTISFresh/ANNOTATIONS/TARGET_20351.npy
20352,PASTISFresh/DATA_S2/S2_20352.npy,PASTISFresh/ANNOTATIONS/TARGET_20352.npy
20353,PASTISFresh/DATA_S2/S2_20353.npy,PASTISFresh/ANNOTATIONS/TARGET_20353.npy
20355,PASTISFresh/DATA_S2/S2_20355.npy,PASTISFresh/ANNOTATIONS/TARGET_20355.npy
20356,PASTISFresh/DATA_S2/S2_20356.npy,PASTISFresh/ANNOTATIONS/TARGET_20356.npy
20358,PASTISFresh/DATA_S2/S2_20358.npy,PASTISFresh/ANNOTATIONS/TARGET_20358.npy
20359,PASTISFresh/DATA_S2/S2_20359.npy,PASTISFresh/ANNOTATIONS/TARGET_20359.npy
20364,PASTISFresh/DATA_S2/S2_20364.npy,PASTISFresh/ANNOTATIONS/TARGET_20364.npy
20377,PASTISFresh/DATA_S2/S2_20377.npy,PASTISFresh/ANNOTATIONS/TARGET_20377.npy
20378,PASTISFresh/DATA_S2/S2_20378.npy,PASTISFresh/ANNOTATIONS/TARGET_20378.npy
20379,PASTISFresh/DATA_S2/S2_20379.npy,PASTISFresh/ANNOTATIONS/TARGET_20379.npy
20380,PASTISFresh/DATA_S2/S2_20380.npy,PASTISFresh/ANNOTATIONS/TARGET_20380.npy
20381,PASTISFresh/DATA_S2/S2_20381.npy,PASTISFresh/ANNOTATIONS/TARGET_20381.npy
20384,PASTISFresh/DATA_S2/S2_20384.npy,PASTISFresh/ANNOTATIONS/TARGET_20384.npy
20385,PASTISFresh/DATA_S2/S2_20385.npy,PASTISFresh/ANNOTATIONS/TARGET_20385.npy
20386,PASTISFresh/DATA_S2/S2_20386.npy,PASTISFresh/ANNOTATIONS/TARGET_20386.npy
20387,PASTISFresh/DATA_S2/S2_20387.npy,PASTISFresh/ANNOTATIONS/TARGET_20387.npy
20389,PASTISFresh/DATA_S2/S2_20389.npy,PASTISFresh/ANNOTATIONS/TARGET_20389.npy
20390,PASTISFresh/DATA_S2/S2_20390.npy,PASTISFresh/ANNOTATIONS/TARGET_20390.npy
20391,PASTISFresh/DATA_S2/S2_20391.npy,PASTISFresh/ANNOTATIONS/TARGET_20391.npy
20393,PASTISFresh/DATA_S2/S2_20393.npy,PASTISFresh/ANNOTATIONS/TARGET_20393.npy
20394,PASTISFresh/DATA_S2/S2_20394.npy,PASTISFresh/ANNOTATIONS/TARGET_20394.npy
20396,PASTISFresh/DATA_S2/S2_20396.npy,PASTISFresh/ANNOTATIONS/TARGET_20396.npy
20397,PASTISFresh/DATA_S2/S2_20397.npy,PASTISFresh/ANNOTATIONS/TARGET_20397.npy
20398,PASTISFresh/DATA_S2/S2_20398.npy,PASTISFresh/ANNOTATIONS/TARGET_20398.npy
20399,PASTISFresh/DATA_S2/S2_20399.npy,PASTISFresh/ANNOTATIONS/TARGET_20399.npy
20401,PASTISFresh/DATA_S2/S2_20401.npy,PASTISFresh/ANNOTATIONS/TARGET_20401.npy
20403,PASTISFresh/DATA_S2/S2_20403.npy,PASTISFresh/ANNOTATIONS/TARGET_20403.npy
20406,PASTISFresh/DATA_S2/S2_20406.npy,PASTISFresh/ANNOTATIONS/TARGET_20406.npy
20408,PASTISFresh/DATA_S2/S2_20408.npy,PASTISFresh/ANNOTATIONS/TARGET_20408.npy
20409,PASTISFresh/DATA_S2/S2_20409.npy,PASTISFresh/ANNOTATIONS/TARGET_20409.npy
20410,PASTISFresh/DATA_S2/S2_20410.npy,PASTISFresh/ANNOTATIONS/TARGET_20410.npy
20411,PASTISFresh/DATA_S2/S2_20411.npy,PASTISFresh/ANNOTATIONS/TARGET_20411.npy
20412,PASTISFresh/DATA_S2/S2_20412.npy,PASTISFresh/ANNOTATIONS/TARGET_20412.npy
20413,PASTISFresh/DATA_S2/S2_20413.npy,PASTISFresh/ANNOTATIONS/TARGET_20413.npy
20414,PASTISFresh/DATA_S2/S2_20414.npy,PASTISFresh/ANNOTATIONS/TARGET_20414.npy
20416,PASTISFresh/DATA_S2/S2_20416.npy,PASTISFresh/ANNOTATIONS/TARGET_20416.npy
20417,PASTISFresh/DATA_S2/S2_20417.npy,PASTISFresh/ANNOTATIONS/TARGET_20417.npy
20421,PASTISFresh/DATA_S2/S2_20421.npy,PASTISFresh/ANNOTATIONS/TARGET_20421.npy
20423,PASTISFresh/DATA_S2/S2_20423.npy,PASTISFresh/ANNOTATIONS/TARGET_20423.npy
20424,PASTISFresh/DATA_S2/S2_20424.npy,PASTISFresh/ANNOTATIONS/TARGET_20424.npy
20427,PASTISFresh/DATA_S2/S2_20427.npy,PASTISFresh/ANNOTATIONS/TARGET_20427.npy
20429,PASTISFresh/DATA_S2/S2_20429.npy,PASTISFresh/ANNOTATIONS/TARGET_20429.npy
20430,PASTISFresh/DATA_S2/S2_20430.npy,PASTISFresh/ANNOTATIONS/TARGET_20430.npy
20432,PASTISFresh/DATA_S2/S2_20432.npy,PASTISFresh/ANNOTATIONS/TARGET_20432.npy
20438,PASTISFresh/DATA_S2/S2_20438.npy,PASTISFresh/ANNOTATIONS/TARGET_20438.npy
20440,PASTISFresh/DATA_S2/S2_20440.npy,PASTISFresh/ANNOTATIONS/TARGET_20440.npy
20441,PASTISFresh/DATA_S2/S2_20441.npy,PASTISFresh/ANNOTATIONS/TARGET_20441.npy
20442,PASTISFresh/DATA_S2/S2_20442.npy,PASTISFresh/ANNOTATIONS/TARGET_20442.npy
20443,PASTISFresh/DATA_S2/S2_20443.npy,PASTISFresh/ANNOTATIONS/TARGET_20443.npy
20445,PASTISFresh/DATA_S2/S2_20445.npy,PASTISFresh/ANNOTATIONS/TARGET_20445.npy
20447,PASTISFresh/DATA_S2/S2_20447.npy,PASTISFresh/ANNOTATIONS/TARGET_20447.npy
20449,PASTISFresh/DATA_S2/S2_20449.npy,PASTISFresh/ANNOTATIONS/TARGET_20449.npy
20451,PASTISFresh/DATA_S2/S2_20451.npy,PASTISFresh/ANNOTATIONS/TARGET_20451.npy
20452,PASTISFresh/DATA_S2/S2_20452.npy,PASTISFresh/ANNOTATIONS/TARGET_20452.npy
20453,PASTISFresh/DATA_S2/S2_20453.npy,PASTISFresh/ANNOTATIONS/TARGET_20453.npy
20455,PASTISFresh/DATA_S2/S2_20455.npy,PASTISFresh/ANNOTATIONS/TARGET_20455.npy
20456,PASTISFresh/DATA_S2/S2_20456.npy,PASTISFresh/ANNOTATIONS/TARGET_20456.npy
20458,PASTISFresh/DATA_S2/S2_20458.npy,PASTISFresh/ANNOTATIONS/TARGET_20458.npy
20459,PASTISFresh/DATA_S2/S2_20459.npy,PASTISFresh/ANNOTATIONS/TARGET_20459.npy
20461,PASTISFresh/DATA_S2/S2_20461.npy,PASTISFresh/ANNOTATIONS/TARGET_20461.npy
20463,PASTISFresh/DATA_S2/S2_20463.npy,PASTISFresh/ANNOTATIONS/TARGET_20463.npy
20465,PASTISFresh/DATA_S2/S2_20465.npy,PASTISFresh/ANNOTATIONS/TARGET_20465.npy
20466,PASTISFresh/DATA_S2/S2_20466.npy,PASTISFresh/ANNOTATIONS/TARGET_20466.npy
20468,PASTISFresh/DATA_S2/S2_20468.npy,PASTISFresh/ANNOTATIONS/TARGET_20468.npy
20469,PASTISFresh/DATA_S2/S2_20469.npy,PASTISFresh/ANNOTATIONS/TARGET_20469.npy
20470,PASTISFresh/DATA_S2/S2_20470.npy,PASTISFresh/ANNOTATIONS/TARGET_20470.npy
20472,PASTISFresh/DATA_S2/S2_20472.npy,PASTISFresh/ANNOTATIONS/TARGET_20472.npy
20474,PASTISFresh/DATA_S2/S2_20474.npy,PASTISFresh/ANNOTATIONS/TARGET_20474.npy
20475,PASTISFresh/DATA_S2/S2_20475.npy,PASTISFresh/ANNOTATIONS/TARGET_20475.npy
20476,PASTISFresh/DATA_S2/S2_20476.npy,PASTISFresh/ANNOTATIONS/TARGET_20476.npy
20477,PASTISFresh/DATA_S2/S2_20477.npy,PASTISFresh/ANNOTATIONS/TARGET_20477.npy
20479,PASTISFresh/DATA_S2/S2_20479.npy,PASTISFresh/ANNOTATIONS/TARGET_20479.npy
20482,PASTISFresh/DATA_S2/S2_20482.npy,PASTISFresh/ANNOTATIONS/TARGET_20482.npy
20484,PASTISFresh/DATA_S2/S2_20484.npy,PASTISFresh/ANNOTATIONS/TARGET_20484.npy
20486,PASTISFresh/DATA_S2/S2_20486.npy,PASTISFresh/ANNOTATIONS/TARGET_20486.npy
20488,PASTISFresh/DATA_S2/S2_20488.npy,PASTISFresh/ANNOTATIONS/TARGET_20488.npy
20489,PASTISFresh/DATA_S2/S2_20489.npy,PASTISFresh/ANNOTATIONS/TARGET_20489.npy
20492,PASTISFresh/DATA_S2/S2_20492.npy,PASTISFresh/ANNOTATIONS/TARGET_20492.npy
20493,PASTISFresh/DATA_S2/S2_20493.npy,PASTISFresh/ANNOTATIONS/TARGET_20493.npy
20497,PASTISFresh/DATA_S2/S2_20497.npy,PASTISFresh/ANNOTATIONS/TARGET_20497.npy
20498,PASTISFresh/DATA_S2/S2_20498.npy,PASTISFresh/ANNOTATIONS/TARGET_20498.npy
20504,PASTISFresh/DATA_S2/S2_20504.npy,PASTISFresh/ANNOTATIONS/TARGET_20504.npy
20505,PASTISFresh/DATA_S2/S2_20505.npy,PASTISFresh/ANNOTATIONS/TARGET_20505.npy
20509,PASTISFresh/DATA_S2/S2_20509.npy,PASTISFresh/ANNOTATIONS/TARGET_20509.npy
20510,PASTISFresh/DATA_S2/S2_20510.npy,PASTISFresh/ANNOTATIONS/TARGET_20510.npy
20511,PASTISFresh/DATA_S2/S2_20511.npy,PASTISFresh/ANNOTATIONS/TARGET_20511.npy
20514,PASTISFresh/DATA_S2/S2_20514.npy,PASTISFresh/ANNOTATIONS/TARGET_20514.npy
20518,PASTISFresh/DATA_S2/S2_20518.npy,PASTISFresh/ANNOTATIONS/TARGET_20518.npy
20519,PASTISFresh/DATA_S2/S2_20519.npy,PASTISFresh/ANNOTATIONS/TARGET_20519.npy
20521,PASTISFresh/DATA_S2/S2_20521.npy,PASTISFresh/ANNOTATIONS/TARGET_20521.npy
20524,PASTISFresh/DATA_S2/S2_20524.npy,PASTISFresh/ANNOTATIONS/TARGET_20524.npy
20525,PASTISFresh/DATA_S2/S2_20525.npy,PASTISFresh/ANNOTATIONS/TARGET_20525.npy
20526,PASTISFresh/DATA_S2/S2_20526.npy,PASTISFresh/ANNOTATIONS/TARGET_20526.npy
20527,PASTISFresh/DATA_S2/S2_20527.npy,PASTISFresh/ANNOTATIONS/TARGET_20527.npy
20529,PASTISFresh/DATA_S2/S2_20529.npy,PASTISFresh/ANNOTATIONS/TARGET_20529.npy
20530,PASTISFresh/DATA_S2/S2_20530.npy,PASTISFresh/ANNOTATIONS/TARGET_20530.npy
20533,PASTISFresh/DATA_S2/S2_20533.npy,PASTISFresh/ANNOTATIONS/TARGET_20533.npy
20535,PASTISFresh/DATA_S2/S2_20535.npy,PASTISFresh/ANNOTATIONS/TARGET_20535.npy
20537,PASTISFresh/DATA_S2/S2_20537.npy,PASTISFresh/ANNOTATIONS/TARGET_20537.npy
20539,PASTISFresh/DATA_S2/S2_20539.npy,PASTISFresh/ANNOTATIONS/TARGET_20539.npy
20540,PASTISFresh/DATA_S2/S2_20540.npy,PASTISFresh/ANNOTATIONS/TARGET_20540.npy
20543,PASTISFresh/DATA_S2/S2_20543.npy,PASTISFresh/ANNOTATIONS/TARGET_20543.npy
20544,PASTISFresh/DATA_S2/S2_20544.npy,PASTISFresh/ANNOTATIONS/TARGET_20544.npy
20546,PASTISFresh/DATA_S2/S2_20546.npy,PASTISFresh/ANNOTATIONS/TARGET_20546.npy
20547,PASTISFresh/DATA_S2/S2_20547.npy,PASTISFresh/ANNOTATIONS/TARGET_20547.npy
20548,PASTISFresh/DATA_S2/S2_20548.npy,PASTISFresh/ANNOTATIONS/TARGET_20548.npy
20550,PASTISFresh/DATA_S2/S2_20550.npy,PASTISFresh/ANNOTATIONS/TARGET_20550.npy
20551,PASTISFresh/DATA_S2/S2_20551.npy,PASTISFresh/ANNOTATIONS/TARGET_20551.npy
20552,PASTISFresh/DATA_S2/S2_20552.npy,PASTISFresh/ANNOTATIONS/TARGET_20552.npy
20553,PASTISFresh/DATA_S2/S2_20553.npy,PASTISFresh/ANNOTATIONS/TARGET_20553.npy
20557,PASTISFresh/DATA_S2/S2_20557.npy,PASTISFresh/ANNOTATIONS/TARGET_20557.npy
20558,PASTISFresh/DATA_S2/S2_20558.npy,PASTISFresh/ANNOTATIONS/TARGET_20558.npy
20559,PASTISFresh/DATA_S2/S2_20559.npy,PASTISFresh/ANNOTATIONS/TARGET_20559.npy
20561,PASTISFresh/DATA_S2/S2_20561.npy,PASTISFresh/ANNOTATIONS/TARGET_20561.npy
20563,PASTISFresh/DATA_S2/S2_20563.npy,PASTISFresh/ANNOTATIONS/TARGET_20563.npy
20565,PASTISFresh/DATA_S2/S2_20565.npy,PASTISFresh/ANNOTATIONS/TARGET_20565.npy
20569,PASTISFresh/DATA_S2/S2_20569.npy,PASTISFresh/ANNOTATIONS/TARGET_20569.npy
20576,PASTISFresh/DATA_S2/S2_20576.npy,PASTISFresh/ANNOTATIONS/TARGET_20576.npy
20577,PASTISFresh/DATA_S2/S2_20577.npy,PASTISFresh/ANNOTATIONS/TARGET_20577.npy
20580,PASTISFresh/DATA_S2/S2_20580.npy,PASTISFresh/ANNOTATIONS/TARGET_20580.npy
20582,PASTISFresh/DATA_S2/S2_20582.npy,PASTISFresh/ANNOTATIONS/TARGET_20582.npy
20585,PASTISFresh/DATA_S2/S2_20585.npy,PASTISFresh/ANNOTATIONS/TARGET_20585.npy
20587,PASTISFresh/DATA_S2/S2_20587.npy,PASTISFresh/ANNOTATIONS/TARGET_20587.npy
20588,PASTISFresh/DATA_S2/S2_20588.npy,PASTISFresh/ANNOTATIONS/TARGET_20588.npy
20589,PASTISFresh/DATA_S2/S2_20589.npy,PASTISFresh/ANNOTATIONS/TARGET_20589.npy
20590,PASTISFresh/DATA_S2/S2_20590.npy,PASTISFresh/ANNOTATIONS/TARGET_20590.npy
20591,PASTISFresh/DATA_S2/S2_20591.npy,PASTISFresh/ANNOTATIONS/TARGET_20591.npy
20592,PASTISFresh/DATA_S2/S2_20592.npy,PASTISFresh/ANNOTATIONS/TARGET_20592.npy
20594,PASTISFresh/DATA_S2/S2_20594.npy,PASTISFresh/ANNOTATIONS/TARGET_20594.npy
20596,PASTISFresh/DATA_S2/S2_20596.npy,PASTISFresh/ANNOTATIONS/TARGET_20596.npy
20600,PASTISFresh/DATA_S2/S2_20600.npy,PASTISFresh/ANNOTATIONS/TARGET_20600.npy
20604,PASTISFresh/DATA_S2/S2_20604.npy,PASTISFresh/ANNOTATIONS/TARGET_20604.npy
20605,PASTISFresh/DATA_S2/S2_20605.npy,PASTISFresh/ANNOTATIONS/TARGET_20605.npy
20607,PASTISFresh/DATA_S2/S2_20607.npy,PASTISFresh/ANNOTATIONS/TARGET_20607.npy
20608,PASTISFresh/DATA_S2/S2_20608.npy,PASTISFresh/ANNOTATIONS/TARGET_20608.npy
20609,PASTISFresh/DATA_S2/S2_20609.npy,PASTISFresh/ANNOTATIONS/TARGET_20609.npy
20611,PASTISFresh/DATA_S2/S2_20611.npy,PASTISFresh/ANNOTATIONS/TARGET_20611.npy
20613,PASTISFresh/DATA_S2/S2_20613.npy,PASTISFresh/ANNOTATIONS/TARGET_20613.npy
20614,PASTISFresh/DATA_S2/S2_20614.npy,PASTISFresh/ANNOTATIONS/TARGET_20614.npy
20615,PASTISFresh/DATA_S2/S2_20615.npy,PASTISFresh/ANNOTATIONS/TARGET_20615.npy
20618,PASTISFresh/DATA_S2/S2_20618.npy,PASTISFresh/ANNOTATIONS/TARGET_20618.npy
20623,PASTISFresh/DATA_S2/S2_20623.npy,PASTISFresh/ANNOTATIONS/TARGET_20623.npy
20626,PASTISFresh/DATA_S2/S2_20626.npy,PASTISFresh/ANNOTATIONS/TARGET_20626.npy
20628,PASTISFresh/DATA_S2/S2_20628.npy,PASTISFresh/ANNOTATIONS/TARGET_20628.npy
20629,PASTISFresh/DATA_S2/S2_20629.npy,PASTISFresh/ANNOTATIONS/TARGET_20629.npy
20630,PASTISFresh/DATA_S2/S2_20630.npy,PASTISFresh/ANNOTATIONS/TARGET_20630.npy
20631,PASTISFresh/DATA_S2/S2_20631.npy,PASTISFresh/ANNOTATIONS/TARGET_20631.npy
20633,PASTISFresh/DATA_S2/S2_20633.npy,PASTISFresh/ANNOTATIONS/TARGET_20633.npy
20635,PASTISFresh/DATA_S2/S2_20635.npy,PASTISFresh/ANNOTATIONS/TARGET_20635.npy
20638,PASTISFresh/DATA_S2/S2_20638.npy,PASTISFresh/ANNOTATIONS/TARGET_20638.npy
20639,PASTISFresh/DATA_S2/S2_20639.npy,PASTISFresh/ANNOTATIONS/TARGET_20639.npy
20640,PASTISFresh/DATA_S2/S2_20640.npy,PASTISFresh/ANNOTATIONS/TARGET_20640.npy
20641,PASTISFresh/DATA_S2/S2_20641.npy,PASTISFresh/ANNOTATIONS/TARGET_20641.npy
20642,PASTISFresh/DATA_S2/S2_20642.npy,PASTISFresh/ANNOTATIONS/TARGET_20642.npy
20643,PASTISFresh/DATA_S2/S2_20643.npy,PASTISFresh/ANNOTATIONS/TARGET_20643.npy
20645,PASTISFresh/DATA_S2/S2_20645.npy,PASTISFresh/ANNOTATIONS/TARGET_20645.npy
20646,PASTISFresh/DATA_S2/S2_20646.npy,PASTISFresh/ANNOTATIONS/TARGET_20646.npy
20647,PASTISFresh/DATA_S2/S2_20647.npy,PASTISFresh/ANNOTATIONS/TARGET_20647.npy
20648,PASTISFresh/DATA_S2/S2_20648.npy,PASTISFresh/ANNOTATIONS/TARGET_20648.npy
20654,PASTISFresh/DATA_S2/S2_20654.npy,PASTISFresh/ANNOTATIONS/TARGET_20654.npy
20655,PASTISFresh/DATA_S2/S2_20655.npy,PASTISFresh/ANNOTATIONS/TARGET_20655.npy
20657,PASTISFresh/DATA_S2/S2_20657.npy,PASTISFresh/ANNOTATIONS/TARGET_20657.npy
30000,PASTISFresh/DATA_S2/S2_30000.npy,PASTISFresh/ANNOTATIONS/TARGET_30000.npy
30002,PASTISFresh/DATA_S2/S2_30002.npy,PASTISFresh/ANNOTATIONS/TARGET_30002.npy
30003,PASTISFresh/DATA_S2/S2_30003.npy,PASTISFresh/ANNOTATIONS/TARGET_30003.npy
30005,PASTISFresh/DATA_S2/S2_30005.npy,PASTISFresh/ANNOTATIONS/TARGET_30005.npy
30006,PASTISFresh/DATA_S2/S2_30006.npy,PASTISFresh/ANNOTATIONS/TARGET_30006.npy
30007,PASTISFresh/DATA_S2/S2_30007.npy,PASTISFresh/ANNOTATIONS/TARGET_30007.npy
30008,PASTISFresh/DATA_S2/S2_30008.npy,PASTISFresh/ANNOTATIONS/TARGET_30008.npy
30009,PASTISFresh/DATA_S2/S2_30009.npy,PASTISFresh/ANNOTATIONS/TARGET_30009.npy
30010,PASTISFresh/DATA_S2/S2_30010.npy,PASTISFresh/ANNOTATIONS/TARGET_30010.npy
30011,PASTISFresh/DATA_S2/S2_30011.npy,PASTISFresh/ANNOTATIONS/TARGET_30011.npy
30012,PASTISFresh/DATA_S2/S2_30012.npy,PASTISFresh/ANNOTATIONS/TARGET_30012.npy
30013,PASTISFresh/DATA_S2/S2_30013.npy,PASTISFresh/ANNOTATIONS/TARGET_30013.npy
30014,PASTISFresh/DATA_S2/S2_30014.npy,PASTISFresh/ANNOTATIONS/TARGET_30014.npy
30016,PASTISFresh/DATA_S2/S2_30016.npy,PASTISFresh/ANNOTATIONS/TARGET_30016.npy
30017,PASTISFresh/DATA_S2/S2_30017.npy,PASTISFresh/ANNOTATIONS/TARGET_30017.npy
30019,PASTISFresh/DATA_S2/S2_30019.npy,PASTISFresh/ANNOTATIONS/TARGET_30019.npy
30020,PASTISFresh/DATA_S2/S2_30020.npy,PASTISFresh/ANNOTATIONS/TARGET_30020.npy
30023,PASTISFresh/DATA_S2/S2_30023.npy,PASTISFresh/ANNOTATIONS/TARGET_30023.npy
30026,PASTISFresh/DATA_S2/S2_30026.npy,PASTISFresh/ANNOTATIONS/TARGET_30026.npy
30027,PASTISFresh/DATA_S2/S2_30027.npy,PASTISFresh/ANNOTATIONS/TARGET_30027.npy
30030,PASTISFresh/DATA_S2/S2_30030.npy,PASTISFresh/ANNOTATIONS/TARGET_30030.npy
30031,PASTISFresh/DATA_S2/S2_30031.npy,PASTISFresh/ANNOTATIONS/TARGET_30031.npy
30032,PASTISFresh/DATA_S2/S2_30032.npy,PASTISFresh/ANNOTATIONS/TARGET_30032.npy
30033,PASTISFresh/DATA_S2/S2_30033.npy,PASTISFresh/ANNOTATIONS/TARGET_30033.npy
30034,PASTISFresh/DATA_S2/S2_30034.npy,PASTISFresh/ANNOTATIONS/TARGET_30034.npy
30035,PASTISFresh/DATA_S2/S2_30035.npy,PASTISFresh/ANNOTATIONS/TARGET_30035.npy
30037,PASTISFresh/DATA_S2/S2_30037.npy,PASTISFresh/ANNOTATIONS/TARGET_30037.npy
30038,PASTISFresh/DATA_S2/S2_30038.npy,PASTISFresh/ANNOTATIONS/TARGET_30038.npy
30040,PASTISFresh/DATA_S2/S2_30040.npy,PASTISFresh/ANNOTATIONS/TARGET_30040.npy
30041,PASTISFresh/DATA_S2/S2_30041.npy,PASTISFresh/ANNOTATIONS/TARGET_30041.npy
30042,PASTISFresh/DATA_S2/S2_30042.npy,PASTISFresh/ANNOTATIONS/TARGET_30042.npy
30043,PASTISFresh/DATA_S2/S2_30043.npy,PASTISFresh/ANNOTATIONS/TARGET_30043.npy
30045,PASTISFresh/DATA_S2/S2_30045.npy,PASTISFresh/ANNOTATIONS/TARGET_30045.npy
30046,PASTISFresh/DATA_S2/S2_30046.npy,PASTISFresh/ANNOTATIONS/TARGET_30046.npy
30047,PASTISFresh/DATA_S2/S2_30047.npy,PASTISFresh/ANNOTATIONS/TARGET_30047.npy
30048,PASTISFresh/DATA_S2/S2_30048.npy,PASTISFresh/ANNOTATIONS/TARGET_30048.npy
30049,PASTISFresh/DATA_S2/S2_30049.npy,PASTISFresh/ANNOTATIONS/TARGET_30049.npy
30050,PASTISFresh/DATA_S2/S2_30050.npy,PASTISFresh/ANNOTATIONS/TARGET_30050.npy
30051,PASTISFresh/DATA_S2/S2_30051.npy,PASTISFresh/ANNOTATIONS/TARGET_30051.npy
30053,PASTISFresh/DATA_S2/S2_30053.npy,PASTISFresh/ANNOTATIONS/TARGET_30053.npy
30054,PASTISFresh/DATA_S2/S2_30054.npy,PASTISFresh/ANNOTATIONS/TARGET_30054.npy
30055,PASTISFresh/DATA_S2/S2_30055.npy,PASTISFresh/ANNOTATIONS/TARGET_30055.npy
30057,PASTISFresh/DATA_S2/S2_30057.npy,PASTISFresh/ANNOTATIONS/TARGET_30057.npy
30058,PASTISFresh/DATA_S2/S2_30058.npy,PASTISFresh/ANNOTATIONS/TARGET_30058.npy
30059,PASTISFresh/DATA_S2/S2_30059.npy,PASTISFresh/ANNOTATIONS/TARGET_30059.npy
30060,PASTISFresh/DATA_S2/S2_30060.npy,PASTISFresh/ANNOTATIONS/TARGET_30060.npy
30061,PASTISFresh/DATA_S2/S2_30061.npy,PASTISFresh/ANNOTATIONS/TARGET_30061.npy
30063,PASTISFresh/DATA_S2/S2_30063.npy,PASTISFresh/ANNOTATIONS/TARGET_30063.npy
30064,PASTISFresh/DATA_S2/S2_30064.npy,PASTISFresh/ANNOTATIONS/TARGET_30064.npy
30068,PASTISFresh/DATA_S2/S2_30068.npy,PASTISFresh/ANNOTATIONS/TARGET_30068.npy
30069,PASTISFresh/DATA_S2/S2_30069.npy,PASTISFresh/ANNOTATIONS/TARGET_30069.npy
30070,PASTISFresh/DATA_S2/S2_30070.npy,PASTISFresh/ANNOTATIONS/TARGET_30070.npy
30071,PASTISFresh/DATA_S2/S2_30071.npy,PASTISFresh/ANNOTATIONS/TARGET_30071.npy
30072,PASTISFresh/DATA_S2/S2_30072.npy,PASTISFresh/ANNOTATIONS/TARGET_30072.npy
30074,PASTISFresh/DATA_S2/S2_30074.npy,PASTISFresh/ANNOTATIONS/TARGET_30074.npy
30075,PASTISFresh/DATA_S2/S2_30075.npy,PASTISFresh/ANNOTATIONS/TARGET_30075.npy
30076,PASTISFresh/DATA_S2/S2_30076.npy,PASTISFresh/ANNOTATIONS/TARGET_30076.npy
30077,PASTISFresh/DATA_S2/S2_30077.npy,PASTISFresh/ANNOTATIONS/TARGET_30077.npy
30079,PASTISFresh/DATA_S2/S2_30079.npy,PASTISFresh/ANNOTATIONS/TARGET_30079.npy
30080,PASTISFresh/DATA_S2/S2_30080.npy,PASTISFresh/ANNOTATIONS/TARGET_30080.npy
30082,PASTISFresh/DATA_S2/S2_30082.npy,PASTISFresh/ANNOTATIONS/TARGET_30082.npy
30083,PASTISFresh/DATA_S2/S2_30083.npy,PASTISFresh/ANNOTATIONS/TARGET_30083.npy
30084,PASTISFresh/DATA_S2/S2_30084.npy,PASTISFresh/ANNOTATIONS/TARGET_30084.npy
30086,PASTISFresh/DATA_S2/S2_30086.npy,PASTISFresh/ANNOTATIONS/TARGET_30086.npy
30087,PASTISFresh/DATA_S2/S2_30087.npy,PASTISFresh/ANNOTATIONS/TARGET_30087.npy
30088,PASTISFresh/DATA_S2/S2_30088.npy,PASTISFresh/ANNOTATIONS/TARGET_30088.npy
30089,PASTISFresh/DATA_S2/S2_30089.npy,PASTISFresh/ANNOTATIONS/TARGET_30089.npy
30090,PASTISFresh/DATA_S2/S2_30090.npy,PASTISFresh/ANNOTATIONS/TARGET_30090.npy
30091,PASTISFresh/DATA_S2/S2_30091.npy,PASTISFresh/ANNOTATIONS/TARGET_30091.npy
30096,PASTISFresh/DATA_S2/S2_30096.npy,PASTISFresh/ANNOTATIONS/TARGET_30096.npy
30100,PASTISFresh/DATA_S2/S2_30100.npy,PASTISFresh/ANNOTATIONS/TARGET_30100.npy
30101,PASTISFresh/DATA_S2/S2_30101.npy,PASTISFresh/ANNOTATIONS/TARGET_30101.npy
30105,PASTISFresh/DATA_S2/S2_30105.npy,PASTISFresh/ANNOTATIONS/TARGET_30105.npy
30106,PASTISFresh/DATA_S2/S2_30106.npy,PASTISFresh/ANNOTATIONS/TARGET_30106.npy
30107,PASTISFresh/DATA_S2/S2_30107.npy,PASTISFresh/ANNOTATIONS/TARGET_30107.npy
30109,PASTISFresh/DATA_S2/S2_30109.npy,PASTISFresh/ANNOTATIONS/TARGET_30109.npy
30110,PASTISFresh/DATA_S2/S2_30110.npy,PASTISFresh/ANNOTATIONS/TARGET_30110.npy
30112,PASTISFresh/DATA_S2/S2_30112.npy,PASTISFresh/ANNOTATIONS/TARGET_30112.npy
30113,PASTISFresh/DATA_S2/S2_30113.npy,PASTISFresh/ANNOTATIONS/TARGET_30113.npy
30114,PASTISFresh/DATA_S2/S2_30114.npy,PASTISFresh/ANNOTATIONS/TARGET_30114.npy
30116,PASTISFresh/DATA_S2/S2_30116.npy,PASTISFresh/ANNOTATIONS/TARGET_30116.npy
30117,PASTISFresh/DATA_S2/S2_30117.npy,PASTISFresh/ANNOTATIONS/TARGET_30117.npy
30118,PASTISFresh/DATA_S2/S2_30118.npy,PASTISFresh/ANNOTATIONS/TARGET_30118.npy
30119,PASTISFresh/DATA_S2/S2_30119.npy,PASTISFresh/ANNOTATIONS/TARGET_30119.npy
30124,PASTISFresh/DATA_S2/S2_30124.npy,PASTISFresh/ANNOTATIONS/TARGET_30124.npy
30126,PASTISFresh/DATA_S2/S2_30126.npy,PASTISFresh/ANNOTATIONS/TARGET_30126.npy
30128,PASTISFresh/DATA_S2/S2_30128.npy,PASTISFresh/ANNOTATIONS/TARGET_30128.npy
30129,PASTISFresh/DATA_S2/S2_30129.npy,PASTISFresh/ANNOTATIONS/TARGET_30129.npy
30130,PASTISFresh/DATA_S2/S2_30130.npy,PASTISFresh/ANNOTATIONS/TARGET_30130.npy
30131,PASTISFresh/DATA_S2/S2_30131.npy,PASTISFresh/ANNOTATIONS/TARGET_30131.npy
30136,PASTISFresh/DATA_S2/S2_30136.npy,PASTISFresh/ANNOTATIONS/TARGET_30136.npy
30137,PASTISFresh/DATA_S2/S2_30137.npy,PASTISFresh/ANNOTATIONS/TARGET_30137.npy
30139,PASTISFresh/DATA_S2/S2_30139.npy,PASTISFresh/ANNOTATIONS/TARGET_30139.npy
30140,PASTISFresh/DATA_S2/S2_30140.npy,PASTISFresh/ANNOTATIONS/TARGET_30140.npy
30142,PASTISFresh/DATA_S2/S2_30142.npy,PASTISFresh/ANNOTATIONS/TARGET_30142.npy
30143,PASTISFresh/DATA_S2/S2_30143.npy,PASTISFresh/ANNOTATIONS/TARGET_30143.npy
30145,PASTISFresh/DATA_S2/S2_30145.npy,PASTISFresh/ANNOTATIONS/TARGET_30145.npy
30146,PASTISFresh/DATA_S2/S2_30146.npy,PASTISFresh/ANNOTATIONS/TARGET_30146.npy
30147,PASTISFresh/DATA_S2/S2_30147.npy,PASTISFresh/ANNOTATIONS/TARGET_30147.npy
30148,PASTISFresh/DATA_S2/S2_30148.npy,PASTISFresh/ANNOTATIONS/TARGET_30148.npy
30149,PASTISFresh/DATA_S2/S2_30149.npy,PASTISFresh/ANNOTATIONS/TARGET_30149.npy
30151,PASTISFresh/DATA_S2/S2_30151.npy,PASTISFresh/ANNOTATIONS/TARGET_30151.npy
30153,PASTISFresh/DATA_S2/S2_30153.npy,PASTISFresh/ANNOTATIONS/TARGET_30153.npy
30155,PASTISFresh/DATA_S2/S2_30155.npy,PASTISFresh/ANNOTATIONS/TARGET_30155.npy
30157,PASTISFresh/DATA_S2/S2_30157.npy,PASTISFresh/ANNOTATIONS/TARGET_30157.npy
30158,PASTISFresh/DATA_S2/S2_30158.npy,PASTISFresh/ANNOTATIONS/TARGET_30158.npy
30159,PASTISFresh/DATA_S2/S2_30159.npy,PASTISFresh/ANNOTATIONS/TARGET_30159.npy
30160,PASTISFresh/DATA_S2/S2_30160.npy,PASTISFresh/ANNOTATIONS/TARGET_30160.npy
30162,PASTISFresh/DATA_S2/S2_30162.npy,PASTISFresh/ANNOTATIONS/TARGET_30162.npy
30163,PASTISFresh/DATA_S2/S2_30163.npy,PASTISFresh/ANNOTATIONS/TARGET_30163.npy
30164,PASTISFresh/DATA_S2/S2_30164.npy,PASTISFresh/ANNOTATIONS/TARGET_30164.npy
30165,PASTISFresh/DATA_S2/S2_30165.npy,PASTISFresh/ANNOTATIONS/TARGET_30165.npy
30166,PASTISFresh/DATA_S2/S2_30166.npy,PASTISFresh/ANNOTATIONS/TARGET_30166.npy
30168,PASTISFresh/DATA_S2/S2_30168.npy,PASTISFresh/ANNOTATIONS/TARGET_30168.npy
30171,PASTISFresh/DATA_S2/S2_30171.npy,PASTISFresh/ANNOTATIONS/TARGET_30171.npy
30172,PASTISFresh/DATA_S2/S2_30172.npy,PASTISFresh/ANNOTATIONS/TARGET_30172.npy
30173,PASTISFresh/DATA_S2/S2_30173.npy,PASTISFresh/ANNOTATIONS/TARGET_30173.npy
30174,PASTISFresh/DATA_S2/S2_30174.npy,PASTISFresh/ANNOTATIONS/TARGET_30174.npy
30175,PASTISFresh/DATA_S2/S2_30175.npy,PASTISFresh/ANNOTATIONS/TARGET_30175.npy
30176,PASTISFresh/DATA_S2/S2_30176.npy,PASTISFresh/ANNOTATIONS/TARGET_30176.npy
30178,PASTISFresh/DATA_S2/S2_30178.npy,PASTISFresh/ANNOTATIONS/TARGET_30178.npy
30179,PASTISFresh/DATA_S2/S2_30179.npy,PASTISFresh/ANNOTATIONS/TARGET_30179.npy
30184,PASTISFresh/DATA_S2/S2_30184.npy,PASTISFresh/ANNOTATIONS/TARGET_30184.npy
30185,PASTISFresh/DATA_S2/S2_30185.npy,PASTISFresh/ANNOTATIONS/TARGET_30185.npy
30186,PASTISFresh/DATA_S2/S2_30186.npy,PASTISFresh/ANNOTATIONS/TARGET_30186.npy
30187,PASTISFresh/DATA_S2/S2_30187.npy,PASTISFresh/ANNOTATIONS/TARGET_30187.npy
30189,PASTISFresh/DATA_S2/S2_30189.npy,PASTISFresh/ANNOTATIONS/TARGET_30189.npy
30192,PASTISFresh/DATA_S2/S2_30192.npy,PASTISFresh/ANNOTATIONS/TARGET_30192.npy
30194,PASTISFresh/DATA_S2/S2_30194.npy,PASTISFresh/ANNOTATIONS/TARGET_30194.npy
30195,PASTISFresh/DATA_S2/S2_30195.npy,PASTISFresh/ANNOTATIONS/TARGET_30195.npy
30198,PASTISFresh/DATA_S2/S2_30198.npy,PASTISFresh/ANNOTATIONS/TARGET_30198.npy
30200,PASTISFresh/DATA_S2/S2_30200.npy,PASTISFresh/ANNOTATIONS/TARGET_30200.npy
30202,PASTISFresh/DATA_S2/S2_30202.npy,PASTISFresh/ANNOTATIONS/TARGET_30202.npy
30203,PASTISFresh/DATA_S2/S2_30203.npy,PASTISFresh/ANNOTATIONS/TARGET_30203.npy
30204,PASTISFresh/DATA_S2/S2_30204.npy,PASTISFresh/ANNOTATIONS/TARGET_30204.npy
30206,PASTISFresh/DATA_S2/S2_30206.npy,PASTISFresh/ANNOTATIONS/TARGET_30206.npy
30209,PASTISFresh/DATA_S2/S2_30209.npy,PASTISFresh/ANNOTATIONS/TARGET_30209.npy
30211,PASTISFresh/DATA_S2/S2_30211.npy,PASTISFresh/ANNOTATIONS/TARGET_30211.npy
30212,PASTISFresh/DATA_S2/S2_30212.npy,PASTISFresh/ANNOTATIONS/TARGET_30212.npy
30213,PASTISFresh/DATA_S2/S2_30213.npy,PASTISFresh/ANNOTATIONS/TARGET_30213.npy
30214,PASTISFresh/DATA_S2/S2_30214.npy,PASTISFresh/ANNOTATIONS/TARGET_30214.npy
30215,PASTISFresh/DATA_S2/S2_30215.npy,PASTISFresh/ANNOTATIONS/TARGET_30215.npy
30217,PASTISFresh/DATA_S2/S2_30217.npy,PASTISFresh/ANNOTATIONS/TARGET_30217.npy
30218,PASTISFresh/DATA_S2/S2_30218.npy,PASTISFresh/ANNOTATIONS/TARGET_30218.npy
30220,PASTISFresh/DATA_S2/S2_30220.npy,PASTISFresh/ANNOTATIONS/TARGET_30220.npy
30222,PASTISFresh/DATA_S2/S2_30222.npy,PASTISFresh/ANNOTATIONS/TARGET_30222.npy
30223,PASTISFresh/DATA_S2/S2_30223.npy,PASTISFresh/ANNOTATIONS/TARGET_30223.npy
30225,PASTISFresh/DATA_S2/S2_30225.npy,PASTISFresh/ANNOTATIONS/TARGET_30225.npy
30226,PASTISFresh/DATA_S2/S2_30226.npy,PASTISFresh/ANNOTATIONS/TARGET_30226.npy
30228,PASTISFresh/DATA_S2/S2_30228.npy,PASTISFresh/ANNOTATIONS/TARGET_30228.npy
30229,PASTISFresh/DATA_S2/S2_30229.npy,PASTISFresh/ANNOTATIONS/TARGET_30229.npy
30231,PASTISFresh/DATA_S2/S2_30231.npy,PASTISFresh/ANNOTATIONS/TARGET_30231.npy
30233,PASTISFresh/DATA_S2/S2_30233.npy,PASTISFresh/ANNOTATIONS/TARGET_30233.npy
30234,PASTISFresh/DATA_S2/S2_30234.npy,PASTISFresh/ANNOTATIONS/TARGET_30234.npy
30235,PASTISFresh/DATA_S2/S2_30235.npy,PASTISFresh/ANNOTATIONS/TARGET_30235.npy
30237,PASTISFresh/DATA_S2/S2_30237.npy,PASTISFresh/ANNOTATIONS/TARGET_30237.npy
30239,PASTISFresh/DATA_S2/S2_30239.npy,PASTISFresh/ANNOTATIONS/TARGET_30239.npy
30240,PASTISFresh/DATA_S2/S2_30240.npy,PASTISFresh/ANNOTATIONS/TARGET_30240.npy
30242,PASTISFresh/DATA_S2/S2_30242.npy,PASTISFresh/ANNOTATIONS/TARGET_30242.npy
30243,PASTISFresh/DATA_S2/S2_30243.npy,PASTISFresh/ANNOTATIONS/TARGET_30243.npy
30244,PASTISFresh/DATA_S2/S2_30244.npy,PASTISFresh/ANNOTATIONS/TARGET_30244.npy
30245,PASTISFresh/DATA_S2/S2_30245.npy,PASTISFresh/ANNOTATIONS/TARGET_30245.npy
30246,PASTISFresh/DATA_S2/S2_30246.npy,PASTISFresh/ANNOTATIONS/TARGET_30246.npy
30248,PASTISFresh/DATA_S2/S2_30248.npy,PASTISFresh/ANNOTATIONS/TARGET_30248.npy
30249,PASTISFresh/DATA_S2/S2_30249.npy,PASTISFresh/ANNOTATIONS/TARGET_30249.npy
30250,PASTISFresh/DATA_S2/S2_30250.npy,PASTISFresh/ANNOTATIONS/TARGET_30250.npy
30254,PASTISFresh/DATA_S2/S2_30254.npy,PASTISFresh/ANNOTATIONS/TARGET_30254.npy
30255,PASTISFresh/DATA_S2/S2_30255.npy,PASTISFresh/ANNOTATIONS/TARGET_30255.npy
30256,PASTISFresh/DATA_S2/S2_30256.npy,PASTISFresh/ANNOTATIONS/TARGET_30256.npy
30258,PASTISFresh/DATA_S2/S2_30258.npy,PASTISFresh/ANNOTATIONS/TARGET_30258.npy
30259,PASTISFresh/DATA_S2/S2_30259.npy,PASTISFresh/ANNOTATIONS/TARGET_30259.npy
30260,PASTISFresh/DATA_S2/S2_30260.npy,PASTISFresh/ANNOTATIONS/TARGET_30260.npy
30261,PASTISFresh/DATA_S2/S2_30261.npy,PASTISFresh/ANNOTATIONS/TARGET_30261.npy
30262,PASTISFresh/DATA_S2/S2_30262.npy,PASTISFresh/ANNOTATIONS/TARGET_30262.npy
30266,PASTISFresh/DATA_S2/S2_30266.npy,PASTISFresh/ANNOTATIONS/TARGET_30266.npy
30267,PASTISFresh/DATA_S2/S2_30267.npy,PASTISFresh/ANNOTATIONS/TARGET_30267.npy
30268,PASTISFresh/DATA_S2/S2_30268.npy,PASTISFresh/ANNOTATIONS/TARGET_30268.npy
30269,PASTISFresh/DATA_S2/S2_30269.npy,PASTISFresh/ANNOTATIONS/TARGET_30269.npy
30271,PASTISFresh/DATA_S2/S2_30271.npy,PASTISFresh/ANNOTATIONS/TARGET_30271.npy
30272,PASTISFresh/DATA_S2/S2_30272.npy,PASTISFresh/ANNOTATIONS/TARGET_30272.npy
30275,PASTISFresh/DATA_S2/S2_30275.npy,PASTISFresh/ANNOTATIONS/TARGET_30275.npy
30277,PASTISFresh/DATA_S2/S2_30277.npy,PASTISFresh/ANNOTATIONS/TARGET_30277.npy
30280,PASTISFresh/DATA_S2/S2_30280.npy,PASTISFresh/ANNOTATIONS/TARGET_30280.npy
30282,PASTISFresh/DATA_S2/S2_30282.npy,PASTISFresh/ANNOTATIONS/TARGET_30282.npy
30283,PASTISFresh/DATA_S2/S2_30283.npy,PASTISFresh/ANNOTATIONS/TARGET_30283.npy
30285,PASTISFresh/DATA_S2/S2_30285.npy,PASTISFresh/ANNOTATIONS/TARGET_30285.npy
30287,PASTISFresh/DATA_S2/S2_30287.npy,PASTISFresh/ANNOTATIONS/TARGET_30287.npy
30290,PASTISFresh/DATA_S2/S2_30290.npy,PASTISFresh/ANNOTATIONS/TARGET_30290.npy
30292,PASTISFresh/DATA_S2/S2_30292.npy,PASTISFresh/ANNOTATIONS/TARGET_30292.npy
30293,PASTISFresh/DATA_S2/S2_30293.npy,PASTISFresh/ANNOTATIONS/TARGET_30293.npy
30295,PASTISFresh/DATA_S2/S2_30295.npy,PASTISFresh/ANNOTATIONS/TARGET_30295.npy
30296,PASTISFresh/DATA_S2/S2_30296.npy,PASTISFresh/ANNOTATIONS/TARGET_30296.npy
30297,PASTISFresh/DATA_S2/S2_30297.npy,PASTISFresh/ANNOTATIONS/TARGET_30297.npy
30298,PASTISFresh/DATA_S2/S2_30298.npy,PASTISFresh/ANNOTATIONS/TARGET_30298.npy
30300,PASTISFresh/DATA_S2/S2_30300.npy,PASTISFresh/ANNOTATIONS/TARGET_30300.npy
30301,PASTISFresh/DATA_S2/S2_30301.npy,PASTISFresh/ANNOTATIONS/TARGET_30301.npy
30302,PASTISFresh/DATA_S2/S2_30302.npy,PASTISFresh/ANNOTATIONS/TARGET_30302.npy
30303,PASTISFresh/DATA_S2/S2_30303.npy,PASTISFresh/ANNOTATIONS/TARGET_30303.npy
30304,PASTISFresh/DATA_S2/S2_30304.npy,PASTISFresh/ANNOTATIONS/TARGET_30304.npy
30308,PASTISFresh/DATA_S2/S2_30308.npy,PASTISFresh/ANNOTATIONS/TARGET_30308.npy
30312,PASTISFresh/DATA_S2/S2_30312.npy,PASTISFresh/ANNOTATIONS/TARGET_30312.npy
30313,PASTISFresh/DATA_S2/S2_30313.npy,PASTISFresh/ANNOTATIONS/TARGET_30313.npy
30316,PASTISFresh/DATA_S2/S2_30316.npy,PASTISFresh/ANNOTATIONS/TARGET_30316.npy
30319,PASTISFresh/DATA_S2/S2_30319.npy,PASTISFresh/ANNOTATIONS/TARGET_30319.npy
30321,PASTISFresh/DATA_S2/S2_30321.npy,PASTISFresh/ANNOTATIONS/TARGET_30321.npy
30322,PASTISFresh/DATA_S2/S2_30322.npy,PASTISFresh/ANNOTATIONS/TARGET_30322.npy
30323,PASTISFresh/DATA_S2/S2_30323.npy,PASTISFresh/ANNOTATIONS/TARGET_30323.npy
30324,PASTISFresh/DATA_S2/S2_30324.npy,PASTISFresh/ANNOTATIONS/TARGET_30324.npy
30325,PASTISFresh/DATA_S2/S2_30325.npy,PASTISFresh/ANNOTATIONS/TARGET_30325.npy
30327,PASTISFresh/DATA_S2/S2_30327.npy,PASTISFresh/ANNOTATIONS/TARGET_30327.npy
30330,PASTISFresh/DATA_S2/S2_30330.npy,PASTISFresh/ANNOTATIONS/TARGET_30330.npy
30331,PASTISFresh/DATA_S2/S2_30331.npy,PASTISFresh/ANNOTATIONS/TARGET_30331.npy
30333,PASTISFresh/DATA_S2/S2_30333.npy,PASTISFresh/ANNOTATIONS/TARGET_30333.npy
30334,PASTISFresh/DATA_S2/S2_30334.npy,PASTISFresh/ANNOTATIONS/TARGET_30334.npy
30340,PASTISFresh/DATA_S2/S2_30340.npy,PASTISFresh/ANNOTATIONS/TARGET_30340.npy
30341,PASTISFresh/DATA_S2/S2_30341.npy,PASTISFresh/ANNOTATIONS/TARGET_30341.npy
30344,PASTISFresh/DATA_S2/S2_30344.npy,PASTISFresh/ANNOTATIONS/TARGET_30344.npy
30345,PASTISFresh/DATA_S2/S2_30345.npy,PASTISFresh/ANNOTATIONS/TARGET_30345.npy
30346,PASTISFresh/DATA_S2/S2_30346.npy,PASTISFresh/ANNOTATIONS/TARGET_30346.npy
30348,PASTISFresh/DATA_S2/S2_30348.npy,PASTISFresh/ANNOTATIONS/TARGET_30348.npy
30349,PASTISFresh/DATA_S2/S2_30349.npy,PASTISFresh/ANNOTATIONS/TARGET_30349.npy
30351,PASTISFresh/DATA_S2/S2_30351.npy,PASTISFresh/ANNOTATIONS/TARGET_30351.npy
30352,PASTISFresh/DATA_S2/S2_30352.npy,PASTISFresh/ANNOTATIONS/TARGET_30352.npy
30354,PASTISFresh/DATA_S2/S2_30354.npy,PASTISFresh/ANNOTATIONS/TARGET_30354.npy
30355,PASTISFresh/DATA_S2/S2_30355.npy,PASTISFresh/ANNOTATIONS/TARGET_30355.npy
30356,PASTISFresh/DATA_S2/S2_30356.npy,PASTISFresh/ANNOTATIONS/TARGET_30356.npy
30360,PASTISFresh/DATA_S2/S2_30360.npy,PASTISFresh/ANNOTATIONS/TARGET_30360.npy
30361,PASTISFresh/DATA_S2/S2_30361.npy,PASTISFresh/ANNOTATIONS/TARGET_30361.npy
30364,PASTISFresh/DATA_S2/S2_30364.npy,PASTISFresh/ANNOTATIONS/TARGET_30364.npy
30365,PASTISFresh/DATA_S2/S2_30365.npy,PASTISFresh/ANNOTATIONS/TARGET_30365.npy
30366,PASTISFresh/DATA_S2/S2_30366.npy,PASTISFresh/ANNOTATIONS/TARGET_30366.npy
30368,PASTISFresh/DATA_S2/S2_30368.npy,PASTISFresh/ANNOTATIONS/TARGET_30368.npy
30372,PASTISFresh/DATA_S2/S2_30372.npy,PASTISFresh/ANNOTATIONS/TARGET_30372.npy
30373,PASTISFresh/DATA_S2/S2_30373.npy,PASTISFresh/ANNOTATIONS/TARGET_30373.npy
30374,PASTISFresh/DATA_S2/S2_30374.npy,PASTISFresh/ANNOTATIONS/TARGET_30374.npy
30375,PASTISFresh/DATA_S2/S2_30375.npy,PASTISFresh/ANNOTATIONS/TARGET_30375.npy
30380,PASTISFresh/DATA_S2/S2_30380.npy,PASTISFresh/ANNOTATIONS/TARGET_30380.npy
30381,PASTISFresh/DATA_S2/S2_30381.npy,PASTISFresh/ANNOTATIONS/TARGET_30381.npy
30382,PASTISFresh/DATA_S2/S2_30382.npy,PASTISFresh/ANNOTATIONS/TARGET_30382.npy
30383,PASTISFresh/DATA_S2/S2_30383.npy,PASTISFresh/ANNOTATIONS/TARGET_30383.npy
30384,PASTISFresh/DATA_S2/S2_30384.npy,PASTISFresh/ANNOTATIONS/TARGET_30384.npy
30385,PASTISFresh/DATA_S2/S2_30385.npy,PASTISFresh/ANNOTATIONS/TARGET_30385.npy
30387,PASTISFresh/DATA_S2/S2_30387.npy,PASTISFresh/ANNOTATIONS/TARGET_30387.npy
30388,PASTISFresh/DATA_S2/S2_30388.npy,PASTISFresh/ANNOTATIONS/TARGET_30388.npy
30389,PASTISFresh/DATA_S2/S2_30389.npy,PASTISFresh/ANNOTATIONS/TARGET_30389.npy
30392,PASTISFresh/DATA_S2/S2_30392.npy,PASTISFresh/ANNOTATIONS/TARGET_30392.npy
30397,PASTISFresh/DATA_S2/S2_30397.npy,PASTISFresh/ANNOTATIONS/TARGET_30397.npy
30398,PASTISFresh/DATA_S2/S2_30398.npy,PASTISFresh/ANNOTATIONS/TARGET_30398.npy
30400,PASTISFresh/DATA_S2/S2_30400.npy,PASTISFresh/ANNOTATIONS/TARGET_30400.npy
30402,PASTISFresh/DATA_S2/S2_30402.npy,PASTISFresh/ANNOTATIONS/TARGET_30402.npy
30403,PASTISFresh/DATA_S2/S2_30403.npy,PASTISFresh/ANNOTATIONS/TARGET_30403.npy
30404,PASTISFresh/DATA_S2/S2_30404.npy,PASTISFresh/ANNOTATIONS/TARGET_30404.npy
30406,PASTISFresh/DATA_S2/S2_30406.npy,PASTISFresh/ANNOTATIONS/TARGET_30406.npy
30408,PASTISFresh/DATA_S2/S2_30408.npy,PASTISFresh/ANNOTATIONS/TARGET_30408.npy
30409,PASTISFresh/DATA_S2/S2_30409.npy,PASTISFresh/ANNOTATIONS/TARGET_30409.npy
30410,PASTISFresh/DATA_S2/S2_30410.npy,PASTISFresh/ANNOTATIONS/TARGET_30410.npy
30411,PASTISFresh/DATA_S2/S2_30411.npy,PASTISFresh/ANNOTATIONS/TARGET_30411.npy
30412,PASTISFresh/DATA_S2/S2_30412.npy,PASTISFresh/ANNOTATIONS/TARGET_30412.npy
30413,PASTISFresh/DATA_S2/S2_30413.npy,PASTISFresh/ANNOTATIONS/TARGET_30413.npy
30416,PASTISFresh/DATA_S2/S2_30416.npy,PASTISFresh/ANNOTATIONS/TARGET_30416.npy
30417,PASTISFresh/DATA_S2/S2_30417.npy,PASTISFresh/ANNOTATIONS/TARGET_30417.npy
30418,PASTISFresh/DATA_S2/S2_30418.npy,PASTISFresh/ANNOTATIONS/TARGET_30418.npy
30419,PASTISFresh/DATA_S2/S2_30419.npy,PASTISFresh/ANNOTATIONS/TARGET_30419.npy
30420,PASTISFresh/DATA_S2/S2_30420.npy,PASTISFresh/ANNOTATIONS/TARGET_30420.npy
30422,PASTISFresh/DATA_S2/S2_30422.npy,PASTISFresh/ANNOTATIONS/TARGET_30422.npy
30425,PASTISFresh/DATA_S2/S2_30425.npy,PASTISFresh/ANNOTATIONS/TARGET_30425.npy
30428,PASTISFresh/DATA_S2/S2_30428.npy,PASTISFresh/ANNOTATIONS/TARGET_30428.npy
30431,PASTISFresh/DATA_S2/S2_30431.npy,PASTISFresh/ANNOTATIONS/TARGET_30431.npy
30432,PASTISFresh/DATA_S2/S2_30432.npy,PASTISFresh/ANNOTATIONS/TARGET_30432.npy
30435,PASTISFresh/DATA_S2/S2_30435.npy,PASTISFresh/ANNOTATIONS/TARGET_30435.npy
30436,PASTISFresh/DATA_S2/S2_30436.npy,PASTISFresh/ANNOTATIONS/TARGET_30436.npy
30437,PASTISFresh/DATA_S2/S2_30437.npy,PASTISFresh/ANNOTATIONS/TARGET_30437.npy
30438,PASTISFresh/DATA_S2/S2_30438.npy,PASTISFresh/ANNOTATIONS/TARGET_30438.npy
30441,PASTISFresh/DATA_S2/S2_30441.npy,PASTISFresh/ANNOTATIONS/TARGET_30441.npy
30443,PASTISFresh/DATA_S2/S2_30443.npy,PASTISFresh/ANNOTATIONS/TARGET_30443.npy
30445,PASTISFresh/DATA_S2/S2_30445.npy,PASTISFresh/ANNOTATIONS/TARGET_30445.npy
30449,PASTISFresh/DATA_S2/S2_30449.npy,PASTISFresh/ANNOTATIONS/TARGET_30449.npy
30450,PASTISFresh/DATA_S2/S2_30450.npy,PASTISFresh/ANNOTATIONS/TARGET_30450.npy
30451,PASTISFresh/DATA_S2/S2_30451.npy,PASTISFresh/ANNOTATIONS/TARGET_30451.npy
30452,PASTISFresh/DATA_S2/S2_30452.npy,PASTISFresh/ANNOTATIONS/TARGET_30452.npy
30453,PASTISFresh/DATA_S2/S2_30453.npy,PASTISFresh/ANNOTATIONS/TARGET_30453.npy
30454,PASTISFresh/DATA_S2/S2_30454.npy,PASTISFresh/ANNOTATIONS/TARGET_30454.npy
30458,PASTISFresh/DATA_S2/S2_30458.npy,PASTISFresh/ANNOTATIONS/TARGET_30458.npy
30461,PASTISFresh/DATA_S2/S2_30461.npy,PASTISFresh/ANNOTATIONS/TARGET_30461.npy
30462,PASTISFresh/DATA_S2/S2_30462.npy,PASTISFresh/ANNOTATIONS/TARGET_30462.npy
30464,PASTISFresh/DATA_S2/S2_30464.npy,PASTISFresh/ANNOTATIONS/TARGET_30464.npy
30466,PASTISFresh/DATA_S2/S2_30466.npy,PASTISFresh/ANNOTATIONS/TARGET_30466.npy
30469,PASTISFresh/DATA_S2/S2_30469.npy,PASTISFresh/ANNOTATIONS/TARGET_30469.npy
30470,PASTISFresh/DATA_S2/S2_30470.npy,PASTISFresh/ANNOTATIONS/TARGET_30470.npy
30471,PASTISFresh/DATA_S2/S2_30471.npy,PASTISFresh/ANNOTATIONS/TARGET_30471.npy
30475,PASTISFresh/DATA_S2/S2_30475.npy,PASTISFresh/ANNOTATIONS/TARGET_30475.npy
30477,PASTISFresh/DATA_S2/S2_30477.npy,PASTISFresh/ANNOTATIONS/TARGET_30477.npy
30478,PASTISFresh/DATA_S2/S2_30478.npy,PASTISFresh/ANNOTATIONS/TARGET_30478.npy
30479,PASTISFresh/DATA_S2/S2_30479.npy,PASTISFresh/ANNOTATIONS/TARGET_30479.npy
30483,PASTISFresh/DATA_S2/S2_30483.npy,PASTISFresh/ANNOTATIONS/TARGET_30483.npy
30484,PASTISFresh/DATA_S2/S2_30484.npy,PASTISFresh/ANNOTATIONS/TARGET_30484.npy
30487,PASTISFresh/DATA_S2/S2_30487.npy,PASTISFresh/ANNOTATIONS/TARGET_30487.npy
30488,PASTISFresh/DATA_S2/S2_30488.npy,PASTISFresh/ANNOTATIONS/TARGET_30488.npy
30490,PASTISFresh/DATA_S2/S2_30490.npy,PASTISFresh/ANNOTATIONS/TARGET_30490.npy
30491,PASTISFresh/DATA_S2/S2_30491.npy,PASTISFresh/ANNOTATIONS/TARGET_30491.npy
30492,PASTISFresh/DATA_S2/S2_30492.npy,PASTISFresh/ANNOTATIONS/TARGET_30492.npy
30495,PASTISFresh/DATA_S2/S2_30495.npy,PASTISFresh/ANNOTATIONS/TARGET_30495.npy
30496,PASTISFresh/DATA_S2/S2_30496.npy,PASTISFresh/ANNOTATIONS/TARGET_30496.npy
30497,PASTISFresh/DATA_S2/S2_30497.npy,PASTISFresh/ANNOTATIONS/TARGET_30497.npy
30498,PASTISFresh/DATA_S2/S2_30498.npy,PASTISFresh/ANNOTATIONS/TARGET_30498.npy
30499,PASTISFresh/DATA_S2/S2_30499.npy,PASTISFresh/ANNOTATIONS/TARGET_30499.npy
30501,PASTISFresh/DATA_S2/S2_30501.npy,PASTISFresh/ANNOTATIONS/TARGET_30501.npy
30503,PASTISFresh/DATA_S2/S2_30503.npy,PASTISFresh/ANNOTATIONS/TARGET_30503.npy
30504,PASTISFresh/DATA_S2/S2_30504.npy,PASTISFresh/ANNOTATIONS/TARGET_30504.npy
30506,PASTISFresh/DATA_S2/S2_30506.npy,PASTISFresh/ANNOTATIONS/TARGET_30506.npy
30507,PASTISFresh/DATA_S2/S2_30507.npy,PASTISFresh/ANNOTATIONS/TARGET_30507.npy
30510,PASTISFresh/DATA_S2/S2_30510.npy,PASTISFresh/ANNOTATIONS/TARGET_30510.npy
30511,PASTISFresh/DATA_S2/S2_30511.npy,PASTISFresh/ANNOTATIONS/TARGET_30511.npy
30513,PASTISFresh/DATA_S2/S2_30513.npy,PASTISFresh/ANNOTATIONS/TARGET_30513.npy
30514,PASTISFresh/DATA_S2/S2_30514.npy,PASTISFresh/ANNOTATIONS/TARGET_30514.npy
30517,PASTISFresh/DATA_S2/S2_30517.npy,PASTISFresh/ANNOTATIONS/TARGET_30517.npy
30519,PASTISFresh/DATA_S2/S2_30519.npy,PASTISFresh/ANNOTATIONS/TARGET_30519.npy
30520,PASTISFresh/DATA_S2/S2_30520.npy,PASTISFresh/ANNOTATIONS/TARGET_30520.npy
30521,PASTISFresh/DATA_S2/S2_30521.npy,PASTISFresh/ANNOTATIONS/TARGET_30521.npy
30522,PASTISFresh/DATA_S2/S2_30522.npy,PASTISFresh/ANNOTATIONS/TARGET_30522.npy
30523,PASTISFresh/DATA_S2/S2_30523.npy,PASTISFresh/ANNOTATIONS/TARGET_30523.npy
30524,PASTISFresh/DATA_S2/S2_30524.npy,PASTISFresh/ANNOTATIONS/TARGET_30524.npy
30525,PASTISFresh/DATA_S2/S2_30525.npy,PASTISFresh/ANNOTATIONS/TARGET_30525.npy
30528,PASTISFresh/DATA_S2/S2_30528.npy,PASTISFresh/ANNOTATIONS/TARGET_30528.npy
30529,PASTISFresh/DATA_S2/S2_30529.npy,PASTISFresh/ANNOTATIONS/TARGET_30529.npy
30530,PASTISFresh/DATA_S2/S2_30530.npy,PASTISFresh/ANNOTATIONS/TARGET_30530.npy
30532,PASTISFresh/DATA_S2/S2_30532.npy,PASTISFresh/ANNOTATIONS/TARGET_30532.npy
30533,PASTISFresh/DATA_S2/S2_30533.npy,PASTISFresh/ANNOTATIONS/TARGET_30533.npy
30536,PASTISFresh/DATA_S2/S2_30536.npy,PASTISFresh/ANNOTATIONS/TARGET_30536.npy
30538,PASTISFresh/DATA_S2/S2_30538.npy,PASTISFresh/ANNOTATIONS/TARGET_30538.npy
30540,PASTISFresh/DATA_S2/S2_30540.npy,PASTISFresh/ANNOTATIONS/TARGET_30540.npy
30543,PASTISFresh/DATA_S2/S2_30543.npy,PASTISFresh/ANNOTATIONS/TARGET_30543.npy
30545,PASTISFresh/DATA_S2/S2_30545.npy,PASTISFresh/ANNOTATIONS/TARGET_30545.npy
30546,PASTISFresh/DATA_S2/S2_30546.npy,PASTISFresh/ANNOTATIONS/TARGET_30546.npy
30547,PASTISFresh/DATA_S2/S2_30547.npy,PASTISFresh/ANNOTATIONS/TARGET_30547.npy
30553,PASTISFresh/DATA_S2/S2_30553.npy,PASTISFresh/ANNOTATIONS/TARGET_30553.npy
30554,PASTISFresh/DATA_S2/S2_30554.npy,PASTISFresh/ANNOTATIONS/TARGET_30554.npy
30556,PASTISFresh/DATA_S2/S2_30556.npy,PASTISFresh/ANNOTATIONS/TARGET_30556.npy
30557,PASTISFresh/DATA_S2/S2_30557.npy,PASTISFresh/ANNOTATIONS/TARGET_30557.npy
30558,PASTISFresh/DATA_S2/S2_30558.npy,PASTISFresh/ANNOTATIONS/TARGET_30558.npy
30559,PASTISFresh/DATA_S2/S2_30559.npy,PASTISFresh/ANNOTATIONS/TARGET_30559.npy
30560,PASTISFresh/DATA_S2/S2_30560.npy,PASTISFresh/ANNOTATIONS/TARGET_30560.npy
30561,PASTISFresh/DATA_S2/S2_30561.npy,PASTISFresh/ANNOTATIONS/TARGET_30561.npy
30562,PASTISFresh/DATA_S2/S2_30562.npy,PASTISFresh/ANNOTATIONS/TARGET_30562.npy
30563,PASTISFresh/DATA_S2/S2_30563.npy,PASTISFresh/ANNOTATIONS/TARGET_30563.npy
30564,PASTISFresh/DATA_S2/S2_30564.npy,PASTISFresh/ANNOTATIONS/TARGET_30564.npy
30565,PASTISFresh/DATA_S2/S2_30565.npy,PASTISFresh/ANNOTATIONS/TARGET_30565.npy
30566,PASTISFresh/DATA_S2/S2_30566.npy,PASTISFresh/ANNOTATIONS/TARGET_30566.npy
30567,PASTISFresh/DATA_S2/S2_30567.npy,PASTISFresh/ANNOTATIONS/TARGET_30567.npy
30573,PASTISFresh/DATA_S2/S2_30573.npy,PASTISFresh/ANNOTATIONS/TARGET_30573.npy
30574,PASTISFresh/DATA_S2/S2_30574.npy,PASTISFresh/ANNOTATIONS/TARGET_30574.npy
30576,PASTISFresh/DATA_S2/S2_30576.npy,PASTISFresh/ANNOTATIONS/TARGET_30576.npy
30577,PASTISFresh/DATA_S2/S2_30577.npy,PASTISFresh/ANNOTATIONS/TARGET_30577.npy
30578,PASTISFresh/DATA_S2/S2_30578.npy,PASTISFresh/ANNOTATIONS/TARGET_30578.npy
30580,PASTISFresh/DATA_S2/S2_30580.npy,PASTISFresh/ANNOTATIONS/TARGET_30580.npy
30581,PASTISFresh/DATA_S2/S2_30581.npy,PASTISFresh/ANNOTATIONS/TARGET_30581.npy
30583,PASTISFresh/DATA_S2/S2_30583.npy,PASTISFresh/ANNOTATIONS/TARGET_30583.npy
30586,PASTISFresh/DATA_S2/S2_30586.npy,PASTISFresh/ANNOTATIONS/TARGET_30586.npy
30589,PASTISFresh/DATA_S2/S2_30589.npy,PASTISFresh/ANNOTATIONS/TARGET_30589.npy
30590,PASTISFresh/DATA_S2/S2_30590.npy,PASTISFresh/ANNOTATIONS/TARGET_30590.npy
30593,PASTISFresh/DATA_S2/S2_30593.npy,PASTISFresh/ANNOTATIONS/TARGET_30593.npy
30596,PASTISFresh/DATA_S2/S2_30596.npy,PASTISFresh/ANNOTATIONS/TARGET_30596.npy
30597,PASTISFresh/DATA_S2/S2_30597.npy,PASTISFresh/ANNOTATIONS/TARGET_30597.npy
30600,PASTISFresh/DATA_S2/S2_30600.npy,PASTISFresh/ANNOTATIONS/TARGET_30600.npy
30601,PASTISFresh/DATA_S2/S2_30601.npy,PASTISFresh/ANNOTATIONS/TARGET_30601.npy
30602,PASTISFresh/DATA_S2/S2_30602.npy,PASTISFresh/ANNOTATIONS/TARGET_30602.npy
30603,PASTISFresh/DATA_S2/S2_30603.npy,PASTISFresh/ANNOTATIONS/TARGET_30603.npy
30604,PASTISFresh/DATA_S2/S2_30604.npy,PASTISFresh/ANNOTATIONS/TARGET_30604.npy
30606,PASTISFresh/DATA_S2/S2_30606.npy,PASTISFresh/ANNOTATIONS/TARGET_30606.npy
30609,PASTISFresh/DATA_S2/S2_30609.npy,PASTISFresh/ANNOTATIONS/TARGET_30609.npy
30610,PASTISFresh/DATA_S2/S2_30610.npy,PASTISFresh/ANNOTATIONS/TARGET_30610.npy
30611,PASTISFresh/DATA_S2/S2_30611.npy,PASTISFresh/ANNOTATIONS/TARGET_30611.npy
30612,PASTISFresh/DATA_S2/S2_30612.npy,PASTISFresh/ANNOTATIONS/TARGET_30612.npy
30615,PASTISFresh/DATA_S2/S2_30615.npy,PASTISFresh/ANNOTATIONS/TARGET_30615.npy
30616,PASTISFresh/DATA_S2/S2_30616.npy,PASTISFresh/ANNOTATIONS/TARGET_30616.npy
30617,PASTISFresh/DATA_S2/S2_30617.npy,PASTISFresh/ANNOTATIONS/TARGET_30617.npy
30618,PASTISFresh/DATA_S2/S2_30618.npy,PASTISFresh/ANNOTATIONS/TARGET_30618.npy
30619,PASTISFresh/DATA_S2/S2_30619.npy,PASTISFresh/ANNOTATIONS/TARGET_30619.npy
30621,PASTISFresh/DATA_S2/S2_30621.npy,PASTISFresh/ANNOTATIONS/TARGET_30621.npy
30622,PASTISFresh/DATA_S2/S2_30622.npy,PASTISFresh/ANNOTATIONS/TARGET_30622.npy
30623,PASTISFresh/DATA_S2/S2_30623.npy,PASTISFresh/ANNOTATIONS/TARGET_30623.npy
30625,PASTISFresh/DATA_S2/S2_30625.npy,PASTISFresh/ANNOTATIONS/TARGET_30625.npy
30627,PASTISFresh/DATA_S2/S2_30627.npy,PASTISFresh/ANNOTATIONS/TARGET_30627.npy
30628,PASTISFresh/DATA_S2/S2_30628.npy,PASTISFresh/ANNOTATIONS/TARGET_30628.npy
30629,PASTISFresh/DATA_S2/S2_30629.npy,PASTISFresh/ANNOTATIONS/TARGET_30629.npy
30631,PASTISFresh/DATA_S2/S2_30631.npy,PASTISFresh/ANNOTATIONS/TARGET_30631.npy
30634,PASTISFresh/DATA_S2/S2_30634.npy,PASTISFresh/ANNOTATIONS/TARGET_30634.npy
30635,PASTISFresh/DATA_S2/S2_30635.npy,PASTISFresh/ANNOTATIONS/TARGET_30635.npy
30636,PASTISFresh/DATA_S2/S2_30636.npy,PASTISFresh/ANNOTATIONS/TARGET_30636.npy
30638,PASTISFresh/DATA_S2/S2_30638.npy,PASTISFresh/ANNOTATIONS/TARGET_30638.npy
30641,PASTISFresh/DATA_S2/S2_30641.npy,PASTISFresh/ANNOTATIONS/TARGET_30641.npy
30643,PASTISFresh/DATA_S2/S2_30643.npy,PASTISFresh/ANNOTATIONS/TARGET_30643.npy
30648,PASTISFresh/DATA_S2/S2_30648.npy,PASTISFresh/ANNOTATIONS/TARGET_30648.npy
30650,PASTISFresh/DATA_S2/S2_30650.npy,PASTISFresh/ANNOTATIONS/TARGET_30650.npy
30651,PASTISFresh/DATA_S2/S2_30651.npy,PASTISFresh/ANNOTATIONS/TARGET_30651.npy
30652,PASTISFresh/DATA_S2/S2_30652.npy,PASTISFresh/ANNOTATIONS/TARGET_30652.npy
30653,PASTISFresh/DATA_S2/S2_30653.npy,PASTISFresh/ANNOTATIONS/TARGET_30653.npy
30654,PASTISFresh/DATA_S2/S2_30654.npy,PASTISFresh/ANNOTATIONS/TARGET_30654.npy
30655,PASTISFresh/DATA_S2/S2_30655.npy,PASTISFresh/ANNOTATIONS/TARGET_30655.npy
30656,PASTISFresh/DATA_S2/S2_30656.npy,PASTISFresh/ANNOTATIONS/TARGET_30656.npy
30657,PASTISFresh/DATA_S2/S2_30657.npy,PASTISFresh/ANNOTATIONS/TARGET_30657.npy
30659,PASTISFresh/DATA_S2/S2_30659.npy,PASTISFresh/ANNOTATIONS/TARGET_30659.npy
30661,PASTISFresh/DATA_S2/S2_30661.npy,PASTISFresh/ANNOTATIONS/TARGET_30661.npy
30662,PASTISFresh/DATA_S2/S2_30662.npy,PASTISFresh/ANNOTATIONS/TARGET_30662.npy
30663,PASTISFresh/DATA_S2/S2_30663.npy,PASTISFresh/ANNOTATIONS/TARGET_30663.npy
30666,PASTISFresh/DATA_S2/S2_30666.npy,PASTISFresh/ANNOTATIONS/TARGET_30666.npy
30667,PASTISFresh/DATA_S2/S2_30667.npy,PASTISFresh/ANNOTATIONS/TARGET_30667.npy
30670,PASTISFresh/DATA_S2/S2_30670.npy,PASTISFresh/ANNOTATIONS/TARGET_30670.npy
30673,PASTISFresh/DATA_S2/S2_30673.npy,PASTISFresh/ANNOTATIONS/TARGET_30673.npy
30675,PASTISFresh/DATA_S2/S2_30675.npy,PASTISFresh/ANNOTATIONS/TARGET_30675.npy
30676,PASTISFresh/DATA_S2/S2_30676.npy,PASTISFresh/ANNOTATIONS/TARGET_30676.npy
30677,PASTISFresh/DATA_S2/S2_30677.npy,PASTISFresh/ANNOTATIONS/TARGET_30677.npy
30679,PASTISFresh/DATA_S2/S2_30679.npy,PASTISFresh/ANNOTATIONS/TARGET_30679.npy
30681,PASTISFresh/DATA_S2/S2_30681.npy,PASTISFresh/ANNOTATIONS/TARGET_30681.npy
30682,PASTISFresh/DATA_S2/S2_30682.npy,PASTISFresh/ANNOTATIONS/TARGET_30682.npy
30683,PASTISFresh/DATA_S2/S2_30683.npy,PASTISFresh/ANNOTATIONS/TARGET_30683.npy
30685,PASTISFresh/DATA_S2/S2_30685.npy,PASTISFresh/ANNOTATIONS/TARGET_30685.npy
30686,PASTISFresh/DATA_S2/S2_30686.npy,PASTISFresh/ANNOTATIONS/TARGET_30686.npy
30687,PASTISFresh/DATA_S2/S2_30687.npy,PASTISFresh/ANNOTATIONS/TARGET_30687.npy
30689,PASTISFresh/DATA_S2/S2_30689.npy,PASTISFresh/ANNOTATIONS/TARGET_30689.npy
30690,PASTISFresh/DATA_S2/S2_30690.npy,PASTISFresh/ANNOTATIONS/TARGET_30690.npy
30691,PASTISFresh/DATA_S2/S2_30691.npy,PASTISFresh/ANNOTATIONS/TARGET_30691.npy
30693,PASTISFresh/DATA_S2/S2_30693.npy,PASTISFresh/ANNOTATIONS/TARGET_30693.npy
30694,PASTISFresh/DATA_S2/S2_30694.npy,PASTISFresh/ANNOTATIONS/TARGET_30694.npy
30695,PASTISFresh/DATA_S2/S2_30695.npy,PASTISFresh/ANNOTATIONS/TARGET_30695.npy
30698,PASTISFresh/DATA_S2/S2_30698.npy,PASTISFresh/ANNOTATIONS/TARGET_30698.npy
30699,PASTISFresh/DATA_S2/S2_30699.npy,PASTISFresh/ANNOTATIONS/TARGET_30699.npy
30700,PASTISFresh/DATA_S2/S2_30700.npy,PASTISFresh/ANNOTATIONS/TARGET_30700.npy
30701,PASTISFresh/DATA_S2/S2_30701.npy,PASTISFresh/ANNOTATIONS/TARGET_30701.npy
30702,PASTISFresh/DATA_S2/S2_30702.npy,PASTISFresh/ANNOTATIONS/TARGET_30702.npy
30703,PASTISFresh/DATA_S2/S2_30703.npy,PASTISFresh/ANNOTATIONS/TARGET_30703.npy
30708,PASTISFresh/DATA_S2/S2_30708.npy,PASTISFresh/ANNOTATIONS/TARGET_30708.npy
30709,PASTISFresh/DATA_S2/S2_30709.npy,PASTISFresh/ANNOTATIONS/TARGET_30709.npy
30711,PASTISFresh/DATA_S2/S2_30711.npy,PASTISFresh/ANNOTATIONS/TARGET_30711.npy
30712,PASTISFresh/DATA_S2/S2_30712.npy,PASTISFresh/ANNOTATIONS/TARGET_30712.npy
30713,PASTISFresh/DATA_S2/S2_30713.npy,PASTISFresh/ANNOTATIONS/TARGET_30713.npy
30716,PASTISFresh/DATA_S2/S2_30716.npy,PASTISFresh/ANNOTATIONS/TARGET_30716.npy
30718,PASTISFresh/DATA_S2/S2_30718.npy,PASTISFresh/ANNOTATIONS/TARGET_30718.npy
30721,PASTISFresh/DATA_S2/S2_30721.npy,PASTISFresh/ANNOTATIONS/TARGET_30721.npy
30722,PASTISFresh/DATA_S2/S2_30722.npy,PASTISFresh/ANNOTATIONS/TARGET_30722.npy
30723,PASTISFresh/DATA_S2/S2_30723.npy,PASTISFresh/ANNOTATIONS/TARGET_30723.npy
30724,PASTISFresh/DATA_S2/S2_30724.npy,PASTISFresh/ANNOTATIONS/TARGET_30724.npy
30725,PASTISFresh/DATA_S2/S2_30725.npy,PASTISFresh/ANNOTATIONS/TARGET_30725.npy
30726,PASTISFresh/DATA_S2/S2_30726.npy,PASTISFresh/ANNOTATIONS/TARGET_30726.npy
30727,PASTISFresh/DATA_S2/S2_30727.npy,PASTISFresh/ANNOTATIONS/TARGET_30727.npy
30728,PASTISFresh/DATA_S2/S2_30728.npy,PASTISFresh/ANNOTATIONS/TARGET_30728.npy
30731,PASTISFresh/DATA_S2/S2_30731.npy,PASTISFresh/ANNOTATIONS/TARGET_30731.npy
30732,PASTISFresh/DATA_S2/S2_30732.npy,PASTISFresh/ANNOTATIONS/TARGET_30732.npy
30733,PASTISFresh/DATA_S2/S2_30733.npy,PASTISFresh/ANNOTATIONS/TARGET_30733.npy
30734,PASTISFresh/DATA_S2/S2_30734.npy,PASTISFresh/ANNOTATIONS/TARGET_30734.npy
30736,PASTISFresh/DATA_S2/S2_30736.npy,PASTISFresh/ANNOTATIONS/TARGET_30736.npy
30737,PASTISFresh/DATA_S2/S2_30737.npy,PASTISFresh/ANNOTATIONS/TARGET_30737.npy
40000,PASTISFresh/DATA_S2/S2_40000.npy,PASTISFresh/ANNOTATIONS/TARGET_40000.npy
40001,PASTISFresh/DATA_S2/S2_40001.npy,PASTISFresh/ANNOTATIONS/TARGET_40001.npy
40004,PASTISFresh/DATA_S2/S2_40004.npy,PASTISFresh/ANNOTATIONS/TARGET_40004.npy
40006,PASTISFresh/DATA_S2/S2_40006.npy,PASTISFresh/ANNOTATIONS/TARGET_40006.npy
40007,PASTISFresh/DATA_S2/S2_40007.npy,PASTISFresh/ANNOTATIONS/TARGET_40007.npy
40008,PASTISFresh/DATA_S2/S2_40008.npy,PASTISFresh/ANNOTATIONS/TARGET_40008.npy
40011,PASTISFresh/DATA_S2/S2_40011.npy,PASTISFresh/ANNOTATIONS/TARGET_40011.npy
40012,PASTISFresh/DATA_S2/S2_40012.npy,PASTISFresh/ANNOTATIONS/TARGET_40012.npy
40013,PASTISFresh/DATA_S2/S2_40013.npy,PASTISFresh/ANNOTATIONS/TARGET_40013.npy
40014,PASTISFresh/DATA_S2/S2_40014.npy,PASTISFresh/ANNOTATIONS/TARGET_40014.npy
40017,PASTISFresh/DATA_S2/S2_40017.npy,PASTISFresh/ANNOTATIONS/TARGET_40017.npy
40020,PASTISFresh/DATA_S2/S2_40020.npy,PASTISFresh/ANNOTATIONS/TARGET_40020.npy
40021,PASTISFresh/DATA_S2/S2_40021.npy,PASTISFresh/ANNOTATIONS/TARGET_40021.npy
40022,PASTISFresh/DATA_S2/S2_40022.npy,PASTISFresh/ANNOTATIONS/TARGET_40022.npy
40023,PASTISFresh/DATA_S2/S2_40023.npy,PASTISFresh/ANNOTATIONS/TARGET_40023.npy
40024,PASTISFresh/DATA_S2/S2_40024.npy,PASTISFresh/ANNOTATIONS/TARGET_40024.npy
40026,PASTISFresh/DATA_S2/S2_40026.npy,PASTISFresh/ANNOTATIONS/TARGET_40026.npy
40027,PASTISFresh/DATA_S2/S2_40027.npy,PASTISFresh/ANNOTATIONS/TARGET_40027.npy
40029,PASTISFresh/DATA_S2/S2_40029.npy,PASTISFresh/ANNOTATIONS/TARGET_40029.npy
40030,PASTISFresh/DATA_S2/S2_40030.npy,PASTISFresh/ANNOTATIONS/TARGET_40030.npy
40031,PASTISFresh/DATA_S2/S2_40031.npy,PASTISFresh/ANNOTATIONS/TARGET_40031.npy
40033,PASTISFresh/DATA_S2/S2_40033.npy,PASTISFresh/ANNOTATIONS/TARGET_40033.npy
40041,PASTISFresh/DATA_S2/S2_40041.npy,PASTISFresh/ANNOTATIONS/TARGET_40041.npy
40043,PASTISFresh/DATA_S2/S2_40043.npy,PASTISFresh/ANNOTATIONS/TARGET_40043.npy
40044,PASTISFresh/DATA_S2/S2_40044.npy,PASTISFresh/ANNOTATIONS/TARGET_40044.npy
40046,PASTISFresh/DATA_S2/S2_40046.npy,PASTISFresh/ANNOTATIONS/TARGET_40046.npy
40047,PASTISFresh/DATA_S2/S2_40047.npy,PASTISFresh/ANNOTATIONS/TARGET_40047.npy
40049,PASTISFresh/DATA_S2/S2_40049.npy,PASTISFresh/ANNOTATIONS/TARGET_40049.npy
40050,PASTISFresh/DATA_S2/S2_40050.npy,PASTISFresh/ANNOTATIONS/TARGET_40050.npy
40054,PASTISFresh/DATA_S2/S2_40054.npy,PASTISFresh/ANNOTATIONS/TARGET_40054.npy
40056,PASTISFresh/DATA_S2/S2_40056.npy,PASTISFresh/ANNOTATIONS/TARGET_40056.npy
40057,PASTISFresh/DATA_S2/S2_40057.npy,PASTISFresh/ANNOTATIONS/TARGET_40057.npy
40060,PASTISFresh/DATA_S2/S2_40060.npy,PASTISFresh/ANNOTATIONS/TARGET_40060.npy
40062,PASTISFresh/DATA_S2/S2_40062.npy,PASTISFresh/ANNOTATIONS/TARGET_40062.npy
40063,PASTISFresh/DATA_S2/S2_40063.npy,PASTISFresh/ANNOTATIONS/TARGET_40063.npy
40065,PASTISFresh/DATA_S2/S2_40065.npy,PASTISFresh/ANNOTATIONS/TARGET_40065.npy
40066,PASTISFresh/DATA_S2/S2_40066.npy,PASTISFresh/ANNOTATIONS/TARGET_40066.npy
40068,PASTISFresh/DATA_S2/S2_40068.npy,PASTISFresh/ANNOTATIONS/TARGET_40068.npy
40069,PASTISFresh/DATA_S2/S2_40069.npy,PASTISFresh/ANNOTATIONS/TARGET_40069.npy
40070,PASTISFresh/DATA_S2/S2_40070.npy,PASTISFresh/ANNOTATIONS/TARGET_40070.npy
40071,PASTISFresh/DATA_S2/S2_40071.npy,PASTISFresh/ANNOTATIONS/TARGET_40071.npy
40072,PASTISFresh/DATA_S2/S2_40072.npy,PASTISFresh/ANNOTATIONS/TARGET_40072.npy
40073,PASTISFresh/DATA_S2/S2_40073.npy,PASTISFresh/ANNOTATIONS/TARGET_40073.npy
40076,PASTISFresh/DATA_S2/S2_40076.npy,PASTISFresh/ANNOTATIONS/TARGET_40076.npy
40077,PASTISFresh/DATA_S2/S2_40077.npy,PASTISFresh/ANNOTATIONS/TARGET_40077.npy
40078,PASTISFresh/DATA_S2/S2_40078.npy,PASTISFresh/ANNOTATIONS/TARGET_40078.npy
40081,PASTISFresh/DATA_S2/S2_40081.npy,PASTISFresh/ANNOTATIONS/TARGET_40081.npy
40084,PASTISFresh/DATA_S2/S2_40084.npy,PASTISFresh/ANNOTATIONS/TARGET_40084.npy
40085,PASTISFresh/DATA_S2/S2_40085.npy,PASTISFresh/ANNOTATIONS/TARGET_40085.npy
40087,PASTISFresh/DATA_S2/S2_40087.npy,PASTISFresh/ANNOTATIONS/TARGET_40087.npy
40090,PASTISFresh/DATA_S2/S2_40090.npy,PASTISFresh/ANNOTATIONS/TARGET_40090.npy
40092,PASTISFresh/DATA_S2/S2_40092.npy,PASTISFresh/ANNOTATIONS/TARGET_40092.npy
40095,PASTISFresh/DATA_S2/S2_40095.npy,PASTISFresh/ANNOTATIONS/TARGET_40095.npy
40097,PASTISFresh/DATA_S2/S2_40097.npy,PASTISFresh/ANNOTATIONS/TARGET_40097.npy
40099,PASTISFresh/DATA_S2/S2_40099.npy,PASTISFresh/ANNOTATIONS/TARGET_40099.npy
40101,PASTISFresh/DATA_S2/S2_40101.npy,PASTISFresh/ANNOTATIONS/TARGET_40101.npy
40102,PASTISFresh/DATA_S2/S2_40102.npy,PASTISFresh/ANNOTATIONS/TARGET_40102.npy
40106,PASTISFresh/DATA_S2/S2_40106.npy,PASTISFresh/ANNOTATIONS/TARGET_40106.npy
40107,PASTISFresh/DATA_S2/S2_40107.npy,PASTISFresh/ANNOTATIONS/TARGET_40107.npy
40112,PASTISFresh/DATA_S2/S2_40112.npy,PASTISFresh/ANNOTATIONS/TARGET_40112.npy
40113,PASTISFresh/DATA_S2/S2_40113.npy,PASTISFresh/ANNOTATIONS/TARGET_40113.npy
40114,PASTISFresh/DATA_S2/S2_40114.npy,PASTISFresh/ANNOTATIONS/TARGET_40114.npy
40115,PASTISFresh/DATA_S2/S2_40115.npy,PASTISFresh/ANNOTATIONS/TARGET_40115.npy
40117,PASTISFresh/DATA_S2/S2_40117.npy,PASTISFresh/ANNOTATIONS/TARGET_40117.npy
40119,PASTISFresh/DATA_S2/S2_40119.npy,PASTISFresh/ANNOTATIONS/TARGET_40119.npy
40121,PASTISFresh/DATA_S2/S2_40121.npy,PASTISFresh/ANNOTATIONS/TARGET_40121.npy
40122,PASTISFresh/DATA_S2/S2_40122.npy,PASTISFresh/ANNOTATIONS/TARGET_40122.npy
40123,PASTISFresh/DATA_S2/S2_40123.npy,PASTISFresh/ANNOTATIONS/TARGET_40123.npy
40124,PASTISFresh/DATA_S2/S2_40124.npy,PASTISFresh/ANNOTATIONS/TARGET_40124.npy
40126,PASTISFresh/DATA_S2/S2_40126.npy,PASTISFresh/ANNOTATIONS/TARGET_40126.npy
40127,PASTISFresh/DATA_S2/S2_40127.npy,PASTISFresh/ANNOTATIONS/TARGET_40127.npy
40129,PASTISFresh/DATA_S2/S2_40129.npy,PASTISFresh/ANNOTATIONS/TARGET_40129.npy
40130,PASTISFresh/DATA_S2/S2_40130.npy,PASTISFresh/ANNOTATIONS/TARGET_40130.npy
40131,PASTISFresh/DATA_S2/S2_40131.npy,PASTISFresh/ANNOTATIONS/TARGET_40131.npy
40132,PASTISFresh/DATA_S2/S2_40132.npy,PASTISFresh/ANNOTATIONS/TARGET_40132.npy
40133,PASTISFresh/DATA_S2/S2_40133.npy,PASTISFresh/ANNOTATIONS/TARGET_40133.npy
40134,PASTISFresh/DATA_S2/S2_40134.npy,PASTISFresh/ANNOTATIONS/TARGET_40134.npy
40135,PASTISFresh/DATA_S2/S2_40135.npy,PASTISFresh/ANNOTATIONS/TARGET_40135.npy
40136,PASTISFresh/DATA_S2/S2_40136.npy,PASTISFresh/ANNOTATIONS/TARGET_40136.npy
40137,PASTISFresh/DATA_S2/S2_40137.npy,PASTISFresh/ANNOTATIONS/TARGET_40137.npy
40138,PASTISFresh/DATA_S2/S2_40138.npy,PASTISFresh/ANNOTATIONS/TARGET_40138.npy
40139,PASTISFresh/DATA_S2/S2_40139.npy,PASTISFresh/ANNOTATIONS/TARGET_40139.npy
40140,PASTISFresh/DATA_S2/S2_40140.npy,PASTISFresh/ANNOTATIONS/TARGET_40140.npy
40142,PASTISFresh/DATA_S2/S2_40142.npy,PASTISFresh/ANNOTATIONS/TARGET_40142.npy
40143,PASTISFresh/DATA_S2/S2_40143.npy,PASTISFresh/ANNOTATIONS/TARGET_40143.npy
40144,PASTISFresh/DATA_S2/S2_40144.npy,PASTISFresh/ANNOTATIONS/TARGET_40144.npy
40145,PASTISFresh/DATA_S2/S2_40145.npy,PASTISFresh/ANNOTATIONS/TARGET_40145.npy
40146,PASTISFresh/DATA_S2/S2_40146.npy,PASTISFresh/ANNOTATIONS/TARGET_40146.npy
40147,PASTISFresh/DATA_S2/S2_40147.npy,PASTISFresh/ANNOTATIONS/TARGET_40147.npy
40150,PASTISFresh/DATA_S2/S2_40150.npy,PASTISFresh/ANNOTATIONS/TARGET_40150.npy
40151,PASTISFresh/DATA_S2/S2_40151.npy,PASTISFresh/ANNOTATIONS/TARGET_40151.npy
40152,PASTISFresh/DATA_S2/S2_40152.npy,PASTISFresh/ANNOTATIONS/TARGET_40152.npy
40154,PASTISFresh/DATA_S2/S2_40154.npy,PASTISFresh/ANNOTATIONS/TARGET_40154.npy
40155,PASTISFresh/DATA_S2/S2_40155.npy,PASTISFresh/ANNOTATIONS/TARGET_40155.npy
40157,PASTISFresh/DATA_S2/S2_40157.npy,PASTISFresh/ANNOTATIONS/TARGET_40157.npy
40160,PASTISFresh/DATA_S2/S2_40160.npy,PASTISFresh/ANNOTATIONS/TARGET_40160.npy
40161,PASTISFresh/DATA_S2/S2_40161.npy,PASTISFresh/ANNOTATIONS/TARGET_40161.npy
40162,PASTISFresh/DATA_S2/S2_40162.npy,PASTISFresh/ANNOTATIONS/TARGET_40162.npy
40163,PASTISFresh/DATA_S2/S2_40163.npy,PASTISFresh/ANNOTATIONS/TARGET_40163.npy
40164,PASTISFresh/DATA_S2/S2_40164.npy,PASTISFresh/ANNOTATIONS/TARGET_40164.npy
40165,PASTISFresh/DATA_S2/S2_40165.npy,PASTISFresh/ANNOTATIONS/TARGET_40165.npy
40166,PASTISFresh/DATA_S2/S2_40166.npy,PASTISFresh/ANNOTATIONS/TARGET_40166.npy
40167,PASTISFresh/DATA_S2/S2_40167.npy,PASTISFresh/ANNOTATIONS/TARGET_40167.npy
40170,PASTISFresh/DATA_S2/S2_40170.npy,PASTISFresh/ANNOTATIONS/TARGET_40170.npy
40171,PASTISFresh/DATA_S2/S2_40171.npy,PASTISFresh/ANNOTATIONS/TARGET_40171.npy
40172,PASTISFresh/DATA_S2/S2_40172.npy,PASTISFresh/ANNOTATIONS/TARGET_40172.npy
40174,PASTISFresh/DATA_S2/S2_40174.npy,PASTISFresh/ANNOTATIONS/TARGET_40174.npy
40177,PASTISFresh/DATA_S2/S2_40177.npy,PASTISFresh/ANNOTATIONS/TARGET_40177.npy
40178,PASTISFresh/DATA_S2/S2_40178.npy,PASTISFresh/ANNOTATIONS/TARGET_40178.npy
40180,PASTISFresh/DATA_S2/S2_40180.npy,PASTISFresh/ANNOTATIONS/TARGET_40180.npy
40184,PASTISFresh/DATA_S2/S2_40184.npy,PASTISFresh/ANNOTATIONS/TARGET_40184.npy
40185,PASTISFresh/DATA_S2/S2_40185.npy,PASTISFresh/ANNOTATIONS/TARGET_40185.npy
40186,PASTISFresh/DATA_S2/S2_40186.npy,PASTISFresh/ANNOTATIONS/TARGET_40186.npy
40188,PASTISFresh/DATA_S2/S2_40188.npy,PASTISFresh/ANNOTATIONS/TARGET_40188.npy
40189,PASTISFresh/DATA_S2/S2_40189.npy,PASTISFresh/ANNOTATIONS/TARGET_40189.npy
40190,PASTISFresh/DATA_S2/S2_40190.npy,PASTISFresh/ANNOTATIONS/TARGET_40190.npy
40194,PASTISFresh/DATA_S2/S2_40194.npy,PASTISFresh/ANNOTATIONS/TARGET_40194.npy
40197,PASTISFresh/DATA_S2/S2_40197.npy,PASTISFresh/ANNOTATIONS/TARGET_40197.npy
40198,PASTISFresh/DATA_S2/S2_40198.npy,PASTISFresh/ANNOTATIONS/TARGET_40198.npy
40199,PASTISFresh/DATA_S2/S2_40199.npy,PASTISFresh/ANNOTATIONS/TARGET_40199.npy
40200,PASTISFresh/DATA_S2/S2_40200.npy,PASTISFresh/ANNOTATIONS/TARGET_40200.npy
40201,PASTISFresh/DATA_S2/S2_40201.npy,PASTISFresh/ANNOTATIONS/TARGET_40201.npy
40203,PASTISFresh/DATA_S2/S2_40203.npy,PASTISFresh/ANNOTATIONS/TARGET_40203.npy
40204,PASTISFresh/DATA_S2/S2_40204.npy,PASTISFresh/ANNOTATIONS/TARGET_40204.npy
40205,PASTISFresh/DATA_S2/S2_40205.npy,PASTISFresh/ANNOTATIONS/TARGET_40205.npy
40206,PASTISFresh/DATA_S2/S2_40206.npy,PASTISFresh/ANNOTATIONS/TARGET_40206.npy
40208,PASTISFresh/DATA_S2/S2_40208.npy,PASTISFresh/ANNOTATIONS/TARGET_40208.npy
40210,PASTISFresh/DATA_S2/S2_40210.npy,PASTISFresh/ANNOTATIONS/TARGET_40210.npy
40214,PASTISFresh/DATA_S2/S2_40214.npy,PASTISFresh/ANNOTATIONS/TARGET_40214.npy
40215,PASTISFresh/DATA_S2/S2_40215.npy,PASTISFresh/ANNOTATIONS/TARGET_40215.npy
40217,PASTISFresh/DATA_S2/S2_40217.npy,PASTISFresh/ANNOTATIONS/TARGET_40217.npy
40219,PASTISFresh/DATA_S2/S2_40219.npy,PASTISFresh/ANNOTATIONS/TARGET_40219.npy
40222,PASTISFresh/DATA_S2/S2_40222.npy,PASTISFresh/ANNOTATIONS/TARGET_40222.npy
40226,PASTISFresh/DATA_S2/S2_40226.npy,PASTISFresh/ANNOTATIONS/TARGET_40226.npy
40229,PASTISFresh/DATA_S2/S2_40229.npy,PASTISFresh/ANNOTATIONS/TARGET_40229.npy
40230,PASTISFresh/DATA_S2/S2_40230.npy,PASTISFresh/ANNOTATIONS/TARGET_40230.npy
40231,PASTISFresh/DATA_S2/S2_40231.npy,PASTISFresh/ANNOTATIONS/TARGET_40231.npy
40234,PASTISFresh/DATA_S2/S2_40234.npy,PASTISFresh/ANNOTATIONS/TARGET_40234.npy
40235,PASTISFresh/DATA_S2/S2_40235.npy,PASTISFresh/ANNOTATIONS/TARGET_40235.npy
40237,PASTISFresh/DATA_S2/S2_40237.npy,PASTISFresh/ANNOTATIONS/TARGET_40237.npy
40238,PASTISFresh/DATA_S2/S2_40238.npy,PASTISFresh/ANNOTATIONS/TARGET_40238.npy
40240,PASTISFresh/DATA_S2/S2_40240.npy,PASTISFresh/ANNOTATIONS/TARGET_40240.npy
40242,PASTISFresh/DATA_S2/S2_40242.npy,PASTISFresh/ANNOTATIONS/TARGET_40242.npy
40243,PASTISFresh/DATA_S2/S2_40243.npy,PASTISFresh/ANNOTATIONS/TARGET_40243.npy
40244,PASTISFresh/DATA_S2/S2_40244.npy,PASTISFresh/ANNOTATIONS/TARGET_40244.npy
40245,PASTISFresh/DATA_S2/S2_40245.npy,PASTISFresh/ANNOTATIONS/TARGET_40245.npy
40247,PASTISFresh/DATA_S2/S2_40247.npy,PASTISFresh/ANNOTATIONS/TARGET_40247.npy
40248,PASTISFresh/DATA_S2/S2_40248.npy,PASTISFresh/ANNOTATIONS/TARGET_40248.npy
40249,PASTISFresh/DATA_S2/S2_40249.npy,PASTISFresh/ANNOTATIONS/TARGET_40249.npy
40250,PASTISFresh/DATA_S2/S2_40250.npy,PASTISFresh/ANNOTATIONS/TARGET_40250.npy
40252,PASTISFresh/DATA_S2/S2_40252.npy,PASTISFresh/ANNOTATIONS/TARGET_40252.npy
40253,PASTISFresh/DATA_S2/S2_40253.npy,PASTISFresh/ANNOTATIONS/TARGET_40253.npy
40254,PASTISFresh/DATA_S2/S2_40254.npy,PASTISFresh/ANNOTATIONS/TARGET_40254.npy
40255,PASTISFresh/DATA_S2/S2_40255.npy,PASTISFresh/ANNOTATIONS/TARGET_40255.npy
40256,PASTISFresh/DATA_S2/S2_40256.npy,PASTISFresh/ANNOTATIONS/TARGET_40256.npy
40258,PASTISFresh/DATA_S2/S2_40258.npy,PASTISFresh/ANNOTATIONS/TARGET_40258.npy
40259,PASTISFresh/DATA_S2/S2_40259.npy,PASTISFresh/ANNOTATIONS/TARGET_40259.npy
40260,PASTISFresh/DATA_S2/S2_40260.npy,PASTISFresh/ANNOTATIONS/TARGET_40260.npy
40262,PASTISFresh/DATA_S2/S2_40262.npy,PASTISFresh/ANNOTATIONS/TARGET_40262.npy
40267,PASTISFresh/DATA_S2/S2_40267.npy,PASTISFresh/ANNOTATIONS/TARGET_40267.npy
40268,PASTISFresh/DATA_S2/S2_40268.npy,PASTISFresh/ANNOTATIONS/TARGET_40268.npy
40269,PASTISFresh/DATA_S2/S2_40269.npy,PASTISFresh/ANNOTATIONS/TARGET_40269.npy
40270,PASTISFresh/DATA_S2/S2_40270.npy,PASTISFresh/ANNOTATIONS/TARGET_40270.npy
40271,PASTISFresh/DATA_S2/S2_40271.npy,PASTISFresh/ANNOTATIONS/TARGET_40271.npy
40272,PASTISFresh/DATA_S2/S2_40272.npy,PASTISFresh/ANNOTATIONS/TARGET_40272.npy
40274,PASTISFresh/DATA_S2/S2_40274.npy,PASTISFresh/ANNOTATIONS/TARGET_40274.npy
40275,PASTISFresh/DATA_S2/S2_40275.npy,PASTISFresh/ANNOTATIONS/TARGET_40275.npy
40276,PASTISFresh/DATA_S2/S2_40276.npy,PASTISFresh/ANNOTATIONS/TARGET_40276.npy
40277,PASTISFresh/DATA_S2/S2_40277.npy,PASTISFresh/ANNOTATIONS/TARGET_40277.npy
40278,PASTISFresh/DATA_S2/S2_40278.npy,PASTISFresh/ANNOTATIONS/TARGET_40278.npy
40279,PASTISFresh/DATA_S2/S2_40279.npy,PASTISFresh/ANNOTATIONS/TARGET_40279.npy
40281,PASTISFresh/DATA_S2/S2_40281.npy,PASTISFresh/ANNOTATIONS/TARGET_40281.npy
40282,PASTISFresh/DATA_S2/S2_40282.npy,PASTISFresh/ANNOTATIONS/TARGET_40282.npy
40283,PASTISFresh/DATA_S2/S2_40283.npy,PASTISFresh/ANNOTATIONS/TARGET_40283.npy
40284,PASTISFresh/DATA_S2/S2_40284.npy,PASTISFresh/ANNOTATIONS/TARGET_40284.npy
40289,PASTISFresh/DATA_S2/S2_40289.npy,PASTISFresh/ANNOTATIONS/TARGET_40289.npy
40293,PASTISFresh/DATA_S2/S2_40293.npy,PASTISFresh/ANNOTATIONS/TARGET_40293.npy
40296,PASTISFresh/DATA_S2/S2_40296.npy,PASTISFresh/ANNOTATIONS/TARGET_40296.npy
40297,PASTISFresh/DATA_S2/S2_40297.npy,PASTISFresh/ANNOTATIONS/TARGET_40297.npy
40298,PASTISFresh/DATA_S2/S2_40298.npy,PASTISFresh/ANNOTATIONS/TARGET_40298.npy
40300,PASTISFresh/DATA_S2/S2_40300.npy,PASTISFresh/ANNOTATIONS/TARGET_40300.npy
40303,PASTISFresh/DATA_S2/S2_40303.npy,PASTISFresh/ANNOTATIONS/TARGET_40303.npy
40307,PASTISFresh/DATA_S2/S2_40307.npy,PASTISFresh/ANNOTATIONS/TARGET_40307.npy
40308,PASTISFresh/DATA_S2/S2_40308.npy,PASTISFresh/ANNOTATIONS/TARGET_40308.npy
40310,PASTISFresh/DATA_S2/S2_40310.npy,PASTISFresh/ANNOTATIONS/TARGET_40310.npy
40311,PASTISFresh/DATA_S2/S2_40311.npy,PASTISFresh/ANNOTATIONS/TARGET_40311.npy
40312,PASTISFresh/DATA_S2/S2_40312.npy,PASTISFresh/ANNOTATIONS/TARGET_40312.npy
40313,PASTISFresh/DATA_S2/S2_40313.npy,PASTISFresh/ANNOTATIONS/TARGET_40313.npy
40314,PASTISFresh/DATA_S2/S2_40314.npy,PASTISFresh/ANNOTATIONS/TARGET_40314.npy
40316,PASTISFresh/DATA_S2/S2_40316.npy,PASTISFresh/ANNOTATIONS/TARGET_40316.npy
40318,PASTISFresh/DATA_S2/S2_40318.npy,PASTISFresh/ANNOTATIONS/TARGET_40318.npy
40319,PASTISFresh/DATA_S2/S2_40319.npy,PASTISFresh/ANNOTATIONS/TARGET_40319.npy
40320,PASTISFresh/DATA_S2/S2_40320.npy,PASTISFresh/ANNOTATIONS/TARGET_40320.npy
40322,PASTISFresh/DATA_S2/S2_40322.npy,PASTISFresh/ANNOTATIONS/TARGET_40322.npy
40324,PASTISFresh/DATA_S2/S2_40324.npy,PASTISFresh/ANNOTATIONS/TARGET_40324.npy
40325,PASTISFresh/DATA_S2/S2_40325.npy,PASTISFresh/ANNOTATIONS/TARGET_40325.npy
40328,PASTISFresh/DATA_S2/S2_40328.npy,PASTISFresh/ANNOTATIONS/TARGET_40328.npy
40330,PASTISFresh/DATA_S2/S2_40330.npy,PASTISFresh/ANNOTATIONS/TARGET_40330.npy
40331,PASTISFresh/DATA_S2/S2_40331.npy,PASTISFresh/ANNOTATIONS/TARGET_40331.npy
40333,PASTISFresh/DATA_S2/S2_40333.npy,PASTISFresh/ANNOTATIONS/TARGET_40333.npy
40334,PASTISFresh/DATA_S2/S2_40334.npy,PASTISFresh/ANNOTATIONS/TARGET_40334.npy
40335,PASTISFresh/DATA_S2/S2_40335.npy,PASTISFresh/ANNOTATIONS/TARGET_40335.npy
40336,PASTISFresh/DATA_S2/S2_40336.npy,PASTISFresh/ANNOTATIONS/TARGET_40336.npy
40337,PASTISFresh/DATA_S2/S2_40337.npy,PASTISFresh/ANNOTATIONS/TARGET_40337.npy
40338,PASTISFresh/DATA_S2/S2_40338.npy,PASTISFresh/ANNOTATIONS/TARGET_40338.npy
40339,PASTISFresh/DATA_S2/S2_40339.npy,PASTISFresh/ANNOTATIONS/TARGET_40339.npy
40340,PASTISFresh/DATA_S2/S2_40340.npy,PASTISFresh/ANNOTATIONS/TARGET_40340.npy
40341,PASTISFresh/DATA_S2/S2_40341.npy,PASTISFresh/ANNOTATIONS/TARGET_40341.npy
40342,PASTISFresh/DATA_S2/S2_40342.npy,PASTISFresh/ANNOTATIONS/TARGET_40342.npy
40344,PASTISFresh/DATA_S2/S2_40344.npy,PASTISFresh/ANNOTATIONS/TARGET_40344.npy
40347,PASTISFresh/DATA_S2/S2_40347.npy,PASTISFresh/ANNOTATIONS/TARGET_40347.npy
40348,PASTISFresh/DATA_S2/S2_40348.npy,PASTISFresh/ANNOTATIONS/TARGET_40348.npy
40349,PASTISFresh/DATA_S2/S2_40349.npy,PASTISFresh/ANNOTATIONS/TARGET_40349.npy
40352,PASTISFresh/DATA_S2/S2_40352.npy,PASTISFresh/ANNOTATIONS/TARGET_40352.npy
40353,PASTISFresh/DATA_S2/S2_40353.npy,PASTISFresh/ANNOTATIONS/TARGET_40353.npy
40354,PASTISFresh/DATA_S2/S2_40354.npy,PASTISFresh/ANNOTATIONS/TARGET_40354.npy
40359,PASTISFresh/DATA_S2/S2_40359.npy,PASTISFresh/ANNOTATIONS/TARGET_40359.npy
40360,PASTISFresh/DATA_S2/S2_40360.npy,PASTISFresh/ANNOTATIONS/TARGET_40360.npy
40363,PASTISFresh/DATA_S2/S2_40363.npy,PASTISFresh/ANNOTATIONS/TARGET_40363.npy
40364,PASTISFresh/DATA_S2/S2_40364.npy,PASTISFresh/ANNOTATIONS/TARGET_40364.npy
40365,PASTISFresh/DATA_S2/S2_40365.npy,PASTISFresh/ANNOTATIONS/TARGET_40365.npy
40366,PASTISFresh/DATA_S2/S2_40366.npy,PASTISFresh/ANNOTATIONS/TARGET_40366.npy
40370,PASTISFresh/DATA_S2/S2_40370.npy,PASTISFresh/ANNOTATIONS/TARGET_40370.npy
40371,PASTISFresh/DATA_S2/S2_40371.npy,PASTISFresh/ANNOTATIONS/TARGET_40371.npy
40372,PASTISFresh/DATA_S2/S2_40372.npy,PASTISFresh/ANNOTATIONS/TARGET_40372.npy
40374,PASTISFresh/DATA_S2/S2_40374.npy,PASTISFresh/ANNOTATIONS/TARGET_40374.npy
40377,PASTISFresh/DATA_S2/S2_40377.npy,PASTISFresh/ANNOTATIONS/TARGET_40377.npy
40378,PASTISFresh/DATA_S2/S2_40378.npy,PASTISFresh/ANNOTATIONS/TARGET_40378.npy
40379,PASTISFresh/DATA_S2/S2_40379.npy,PASTISFresh/ANNOTATIONS/TARGET_40379.npy
40381,PASTISFresh/DATA_S2/S2_40381.npy,PASTISFresh/ANNOTATIONS/TARGET_40381.npy
40382,PASTISFresh/DATA_S2/S2_40382.npy,PASTISFresh/ANNOTATIONS/TARGET_40382.npy
40383,PASTISFresh/DATA_S2/S2_40383.npy,PASTISFresh/ANNOTATIONS/TARGET_40383.npy
40385,PASTISFresh/DATA_S2/S2_40385.npy,PASTISFresh/ANNOTATIONS/TARGET_40385.npy
40386,PASTISFresh/DATA_S2/S2_40386.npy,PASTISFresh/ANNOTATIONS/TARGET_40386.npy
40387,PASTISFresh/DATA_S2/S2_40387.npy,PASTISFresh/ANNOTATIONS/TARGET_40387.npy
40388,PASTISFresh/DATA_S2/S2_40388.npy,PASTISFresh/ANNOTATIONS/TARGET_40388.npy
40389,PASTISFresh/DATA_S2/S2_40389.npy,PASTISFresh/ANNOTATIONS/TARGET_40389.npy
40390,PASTISFresh/DATA_S2/S2_40390.npy,PASTISFresh/ANNOTATIONS/TARGET_40390.npy
40391,PASTISFresh/DATA_S2/S2_40391.npy,PASTISFresh/ANNOTATIONS/TARGET_40391.npy
40392,PASTISFresh/DATA_S2/S2_40392.npy,PASTISFresh/ANNOTATIONS/TARGET_40392.npy
40396,PASTISFresh/DATA_S2/S2_40396.npy,PASTISFresh/ANNOTATIONS/TARGET_40396.npy
40397,PASTISFresh/DATA_S2/S2_40397.npy,PASTISFresh/ANNOTATIONS/TARGET_40397.npy
40398,PASTISFresh/DATA_S2/S2_40398.npy,PASTISFresh/ANNOTATIONS/TARGET_40398.npy
40399,PASTISFresh/DATA_S2/S2_40399.npy,PASTISFresh/ANNOTATIONS/TARGET_40399.npy
40401,PASTISFresh/DATA_S2/S2_40401.npy,PASTISFresh/ANNOTATIONS/TARGET_40401.npy
40402,PASTISFresh/DATA_S2/S2_40402.npy,PASTISFresh/ANNOTATIONS/TARGET_40402.npy
40404,PASTISFresh/DATA_S2/S2_40404.npy,PASTISFresh/ANNOTATIONS/TARGET_40404.npy
40405,PASTISFresh/DATA_S2/S2_40405.npy,PASTISFresh/ANNOTATIONS/TARGET_40405.npy
40406,PASTISFresh/DATA_S2/S2_40406.npy,PASTISFresh/ANNOTATIONS/TARGET_40406.npy
40408,PASTISFresh/DATA_S2/S2_40408.npy,PASTISFresh/ANNOTATIONS/TARGET_40408.npy
40409,PASTISFresh/DATA_S2/S2_40409.npy,PASTISFresh/ANNOTATIONS/TARGET_40409.npy
40411,PASTISFresh/DATA_S2/S2_40411.npy,PASTISFresh/ANNOTATIONS/TARGET_40411.npy
40412,PASTISFresh/DATA_S2/S2_40412.npy,PASTISFresh/ANNOTATIONS/TARGET_40412.npy
40415,PASTISFresh/DATA_S2/S2_40415.npy,PASTISFresh/ANNOTATIONS/TARGET_40415.npy
40416,PASTISFresh/DATA_S2/S2_40416.npy,PASTISFresh/ANNOTATIONS/TARGET_40416.npy
40418,PASTISFresh/DATA_S2/S2_40418.npy,PASTISFresh/ANNOTATIONS/TARGET_40418.npy
40419,PASTISFresh/DATA_S2/S2_40419.npy,PASTISFresh/ANNOTATIONS/TARGET_40419.npy
40420,PASTISFresh/DATA_S2/S2_40420.npy,PASTISFresh/ANNOTATIONS/TARGET_40420.npy
40421,PASTISFresh/DATA_S2/S2_40421.npy,PASTISFresh/ANNOTATIONS/TARGET_40421.npy
40425,PASTISFresh/DATA_S2/S2_40425.npy,PASTISFresh/ANNOTATIONS/TARGET_40425.npy
40426,PASTISFresh/DATA_S2/S2_40426.npy,PASTISFresh/ANNOTATIONS/TARGET_40426.npy
40427,PASTISFresh/DATA_S2/S2_40427.npy,PASTISFresh/ANNOTATIONS/TARGET_40427.npy
40429,PASTISFresh/DATA_S2/S2_40429.npy,PASTISFresh/ANNOTATIONS/TARGET_40429.npy
40430,PASTISFresh/DATA_S2/S2_40430.npy,PASTISFresh/ANNOTATIONS/TARGET_40430.npy
40432,PASTISFresh/DATA_S2/S2_40432.npy,PASTISFresh/ANNOTATIONS/TARGET_40432.npy
40435,PASTISFresh/DATA_S2/S2_40435.npy,PASTISFresh/ANNOTATIONS/TARGET_40435.npy
40436,PASTISFresh/DATA_S2/S2_40436.npy,PASTISFresh/ANNOTATIONS/TARGET_40436.npy
40437,PASTISFresh/DATA_S2/S2_40437.npy,PASTISFresh/ANNOTATIONS/TARGET_40437.npy
40438,PASTISFresh/DATA_S2/S2_40438.npy,PASTISFresh/ANNOTATIONS/TARGET_40438.npy
40440,PASTISFresh/DATA_S2/S2_40440.npy,PASTISFresh/ANNOTATIONS/TARGET_40440.npy
40443,PASTISFresh/DATA_S2/S2_40443.npy,PASTISFresh/ANNOTATIONS/TARGET_40443.npy
40444,PASTISFresh/DATA_S2/S2_40444.npy,PASTISFresh/ANNOTATIONS/TARGET_40444.npy
40445,PASTISFresh/DATA_S2/S2_40445.npy,PASTISFresh/ANNOTATIONS/TARGET_40445.npy
40446,PASTISFresh/DATA_S2/S2_40446.npy,PASTISFresh/ANNOTATIONS/TARGET_40446.npy
40449,PASTISFresh/DATA_S2/S2_40449.npy,PASTISFresh/ANNOTATIONS/TARGET_40449.npy
40450,PASTISFresh/DATA_S2/S2_40450.npy,PASTISFresh/ANNOTATIONS/TARGET_40450.npy
40451,PASTISFresh/DATA_S2/S2_40451.npy,PASTISFresh/ANNOTATIONS/TARGET_40451.npy
40453,PASTISFresh/DATA_S2/S2_40453.npy,PASTISFresh/ANNOTATIONS/TARGET_40453.npy
40454,PASTISFresh/DATA_S2/S2_40454.npy,PASTISFresh/ANNOTATIONS/TARGET_40454.npy
40455,PASTISFresh/DATA_S2/S2_40455.npy,PASTISFresh/ANNOTATIONS/TARGET_40455.npy
40456,PASTISFresh/DATA_S2/S2_40456.npy,PASTISFresh/ANNOTATIONS/TARGET_40456.npy
40457,PASTISFresh/DATA_S2/S2_40457.npy,PASTISFresh/ANNOTATIONS/TARGET_40457.npy
40458,PASTISFresh/DATA_S2/S2_40458.npy,PASTISFresh/ANNOTATIONS/TARGET_40458.npy
40461,PASTISFresh/DATA_S2/S2_40461.npy,PASTISFresh/ANNOTATIONS/TARGET_40461.npy
40463,PASTISFresh/DATA_S2/S2_40463.npy,PASTISFresh/ANNOTATIONS/TARGET_40463.npy
40464,PASTISFresh/DATA_S2/S2_40464.npy,PASTISFresh/ANNOTATIONS/TARGET_40464.npy
40465,PASTISFresh/DATA_S2/S2_40465.npy,PASTISFresh/ANNOTATIONS/TARGET_40465.npy
40466,PASTISFresh/DATA_S2/S2_40466.npy,PASTISFresh/ANNOTATIONS/TARGET_40466.npy
40467,PASTISFresh/DATA_S2/S2_40467.npy,PASTISFresh/ANNOTATIONS/TARGET_40467.npy
40468,PASTISFresh/DATA_S2/S2_40468.npy,PASTISFresh/ANNOTATIONS/TARGET_40468.npy
40471,PASTISFresh/DATA_S2/S2_40471.npy,PASTISFresh/ANNOTATIONS/TARGET_40471.npy
40472,PASTISFresh/DATA_S2/S2_40472.npy,PASTISFresh/ANNOTATIONS/TARGET_40472.npy
40474,PASTISFresh/DATA_S2/S2_40474.npy,PASTISFresh/ANNOTATIONS/TARGET_40474.npy
40475,PASTISFresh/DATA_S2/S2_40475.npy,PASTISFresh/ANNOTATIONS/TARGET_40475.npy
40476,PASTISFresh/DATA_S2/S2_40476.npy,PASTISFresh/ANNOTATIONS/TARGET_40476.npy
40477,PASTISFresh/DATA_S2/S2_40477.npy,PASTISFresh/ANNOTATIONS/TARGET_40477.npy
40478,PASTISFresh/DATA_S2/S2_40478.npy,PASTISFresh/ANNOTATIONS/TARGET_40478.npy
40480,PASTISFresh/DATA_S2/S2_40480.npy,PASTISFresh/ANNOTATIONS/TARGET_40480.npy
40483,PASTISFresh/DATA_S2/S2_40483.npy,PASTISFresh/ANNOTATIONS/TARGET_40483.npy
40484,PASTISFresh/DATA_S2/S2_40484.npy,PASTISFresh/ANNOTATIONS/TARGET_40484.npy
40485,PASTISFresh/DATA_S2/S2_40485.npy,PASTISFresh/ANNOTATIONS/TARGET_40485.npy
40487,PASTISFresh/DATA_S2/S2_40487.npy,PASTISFresh/ANNOTATIONS/TARGET_40487.npy
40489,PASTISFresh/DATA_S2/S2_40489.npy,PASTISFresh/ANNOTATIONS/TARGET_40489.npy
40490,PASTISFresh/DATA_S2/S2_40490.npy,PASTISFresh/ANNOTATIONS/TARGET_40490.npy
40493,PASTISFresh/DATA_S2/S2_40493.npy,PASTISFresh/ANNOTATIONS/TARGET_40493.npy
40496,PASTISFresh/DATA_S2/S2_40496.npy,PASTISFresh/ANNOTATIONS/TARGET_40496.npy
40499,PASTISFresh/DATA_S2/S2_40499.npy,PASTISFresh/ANNOTATIONS/TARGET_40499.npy
40500,PASTISFresh/DATA_S2/S2_40500.npy,PASTISFresh/ANNOTATIONS/TARGET_40500.npy
40501,PASTISFresh/DATA_S2/S2_40501.npy,PASTISFresh/ANNOTATIONS/TARGET_40501.npy
40506,PASTISFresh/DATA_S2/S2_40506.npy,PASTISFresh/ANNOTATIONS/TARGET_40506.npy
40510,PASTISFresh/DATA_S2/S2_40510.npy,PASTISFresh/ANNOTATIONS/TARGET_40510.npy
40511,PASTISFresh/DATA_S2/S2_40511.npy,PASTISFresh/ANNOTATIONS/TARGET_40511.npy
40514,PASTISFresh/DATA_S2/S2_40514.npy,PASTISFresh/ANNOTATIONS/TARGET_40514.npy
40516,PASTISFresh/DATA_S2/S2_40516.npy,PASTISFresh/ANNOTATIONS/TARGET_40516.npy
40517,PASTISFresh/DATA_S2/S2_40517.npy,PASTISFresh/ANNOTATIONS/TARGET_40517.npy
40518,PASTISFresh/DATA_S2/S2_40518.npy,PASTISFresh/ANNOTATIONS/TARGET_40518.npy
40522,PASTISFresh/DATA_S2/S2_40522.npy,PASTISFresh/ANNOTATIONS/TARGET_40522.npy
40525,PASTISFresh/DATA_S2/S2_40525.npy,PASTISFresh/ANNOTATIONS/TARGET_40525.npy
40526,PASTISFresh/DATA_S2/S2_40526.npy,PASTISFresh/ANNOTATIONS/TARGET_40526.npy
40527,PASTISFresh/DATA_S2/S2_40527.npy,PASTISFresh/ANNOTATIONS/TARGET_40527.npy
40529,PASTISFresh/DATA_S2/S2_40529.npy,PASTISFresh/ANNOTATIONS/TARGET_40529.npy
40530,PASTISFresh/DATA_S2/S2_40530.npy,PASTISFresh/ANNOTATIONS/TARGET_40530.npy
40534,PASTISFresh/DATA_S2/S2_40534.npy,PASTISFresh/ANNOTATIONS/TARGET_40534.npy
40536,PASTISFresh/DATA_S2/S2_40536.npy,PASTISFresh/ANNOTATIONS/TARGET_40536.npy
40537,PASTISFresh/DATA_S2/S2_40537.npy,PASTISFresh/ANNOTATIONS/TARGET_40537.npy
40538,PASTISFresh/DATA_S2/S2_40538.npy,PASTISFresh/ANNOTATIONS/TARGET_40538.npy
40539,PASTISFresh/DATA_S2/S2_40539.npy,PASTISFresh/ANNOTATIONS/TARGET_40539.npy
40540,PASTISFresh/DATA_S2/S2_40540.npy,PASTISFresh/ANNOTATIONS/TARGET_40540.npy
40541,PASTISFresh/DATA_S2/S2_40541.npy,PASTISFresh/ANNOTATIONS/TARGET_40541.npy
40542,PASTISFresh/DATA_S2/S2_40542.npy,PASTISFresh/ANNOTATIONS/TARGET_40542.npy
40543,PASTISFresh/DATA_S2/S2_40543.npy,PASTISFresh/ANNOTATIONS/TARGET_40543.npy
40544,PASTISFresh/DATA_S2/S2_40544.npy,PASTISFresh/ANNOTATIONS/TARGET_40544.npy
40546,PASTISFresh/DATA_S2/S2_40546.npy,PASTISFresh/ANNOTATIONS/TARGET_40546.npy
40548,PASTISFresh/DATA_S2/S2_40548.npy,PASTISFresh/ANNOTATIONS/TARGET_40548.npy
40549,PASTISFresh/DATA_S2/S2_40549.npy,PASTISFresh/ANNOTATIONS/TARGET_40549.npy
40553,PASTISFresh/DATA_S2/S2_40553.npy,PASTISFresh/ANNOTATIONS/TARGET_40553.npy
40555,PASTISFresh/DATA_S2/S2_40555.npy,PASTISFresh/ANNOTATIONS/TARGET_40555.npy
40556,PASTISFresh/DATA_S2/S2_40556.npy,PASTISFresh/ANNOTATIONS/TARGET_40556.npy
40558,PASTISFresh/DATA_S2/S2_40558.npy,PASTISFresh/ANNOTATIONS/TARGET_40558.npy
40560,PASTISFresh/DATA_S2/S2_40560.npy,PASTISFresh/ANNOTATIONS/TARGET_40560.npy
40561,PASTISFresh/DATA_S2/S2_40561.npy,PASTISFresh/ANNOTATIONS/TARGET_40561.npy
