fieldID,imagepath,labelpath,datepath
89,data16/89_sits.npy,data16/89_labels.npy,data16/89_dates.npy
90,data16/90_sits.npy,data16/90_labels.npy,data16/90_dates.npy
91,data16/91_sits.npy,data16/91_labels.npy,data16/91_dates.npy
92,data16/92_sits.npy,data16/92_labels.npy,data16/92_dates.npy
105,data16/105_sits.npy,data16/105_labels.npy,data16/105_dates.npy
106,data16/106_sits.npy,data16/106_labels.npy,data16/106_dates.npy
107,data16/107_sits.npy,data16/107_labels.npy,data16/107_dates.npy
108,data16/108_sits.npy,data16/108_labels.npy,data16/108_dates.npy
109,data16/109_sits.npy,data16/109_labels.npy,data16/109_dates.npy
110,data16/110_sits.npy,data16/110_labels.npy,data16/110_dates.npy
113,data16/113_sits.npy,data16/113_labels.npy,data16/113_dates.npy
114,data16/114_sits.npy,data16/114_labels.npy,data16/114_dates.npy
115,data16/115_sits.npy,data16/115_labels.npy,data16/115_dates.npy
116,data16/116_sits.npy,data16/116_labels.npy,data16/116_dates.npy
117,data16/117_sits.npy,data16/117_labels.npy,data16/117_dates.npy
118,data16/118_sits.npy,data16/118_labels.npy,data16/118_dates.npy
121,data16/121_sits.npy,data16/121_labels.npy,data16/121_dates.npy
122,data16/122_sits.npy,data16/122_labels.npy,data16/122_dates.npy
123,data16/123_sits.npy,data16/123_labels.npy,data16/123_dates.npy
124,data16/124_sits.npy,data16/124_labels.npy,data16/124_dates.npy
125,data16/125_sits.npy,data16/125_labels.npy,data16/125_dates.npy
126,data16/126_sits.npy,data16/126_labels.npy,data16/126_dates.npy
129,data16/129_sits.npy,data16/129_labels.npy,data16/129_dates.npy
130,data16/130_sits.npy,data16/130_labels.npy,data16/130_dates.npy
131,data16/131_sits.npy,data16/131_labels.npy,data16/131_dates.npy
132,data16/132_sits.npy,data16/132_labels.npy,data16/132_dates.npy
133,data16/133_sits.npy,data16/133_labels.npy,data16/133_dates.npy
134,data16/134_sits.npy,data16/134_labels.npy,data16/134_dates.npy
137,data16/137_sits.npy,data16/137_labels.npy,data16/137_dates.npy
138,data16/138_sits.npy,data16/138_labels.npy,data16/138_dates.npy
139,data16/139_sits.npy,data16/139_labels.npy,data16/139_dates.npy
140,data16/140_sits.npy,data16/140_labels.npy,data16/140_dates.npy
141,data16/141_sits.npy,data16/141_labels.npy,data16/141_dates.npy
142,data16/142_sits.npy,data16/142_labels.npy,data16/142_dates.npy
145,data16/145_sits.npy,data16/145_labels.npy,data16/145_dates.npy
146,data16/146_sits.npy,data16/146_labels.npy,data16/146_dates.npy
147,data16/147_sits.npy,data16/147_labels.npy,data16/147_dates.npy
148,data16/148_sits.npy,data16/148_labels.npy,data16/148_dates.npy
149,data16/149_sits.npy,data16/149_labels.npy,data16/149_dates.npy
150,data16/150_sits.npy,data16/150_labels.npy,data16/150_dates.npy
153,data16/153_sits.npy,data16/153_labels.npy,data16/153_dates.npy
154,data16/154_sits.npy,data16/154_labels.npy,data16/154_dates.npy
155,data16/155_sits.npy,data16/155_labels.npy,data16/155_dates.npy
156,data16/156_sits.npy,data16/156_labels.npy,data16/156_dates.npy
157,data16/157_sits.npy,data16/157_labels.npy,data16/157_dates.npy
158,data16/158_sits.npy,data16/158_labels.npy,data16/158_dates.npy
161,data16/161_sits.npy,data16/161_labels.npy,data16/161_dates.npy
162,data16/162_sits.npy,data16/162_labels.npy,data16/162_dates.npy
163,data16/163_sits.npy,data16/163_labels.npy,data16/163_dates.npy
165,data16/165_sits.npy,data16/165_labels.npy,data16/165_dates.npy
166,data16/166_sits.npy,data16/166_labels.npy,data16/166_dates.npy
176,data16/176_sits.npy,data16/176_labels.npy,data16/176_dates.npy
177,data16/177_sits.npy,data16/177_labels.npy,data16/177_dates.npy
178,data16/178_sits.npy,data16/178_labels.npy,data16/178_dates.npy
179,data16/179_sits.npy,data16/179_labels.npy,data16/179_dates.npy
192,data16/192_sits.npy,data16/192_labels.npy,data16/192_dates.npy
193,data16/193_sits.npy,data16/193_labels.npy,data16/193_dates.npy
194,data16/194_sits.npy,data16/194_labels.npy,data16/194_dates.npy
196,data16/196_sits.npy,data16/196_labels.npy,data16/196_dates.npy
197,data16/197_sits.npy,data16/197_labels.npy,data16/197_dates.npy
201,data16/201_sits.npy,data16/201_labels.npy,data16/201_dates.npy
202,data16/202_sits.npy,data16/202_labels.npy,data16/202_dates.npy
203,data16/203_sits.npy,data16/203_labels.npy,data16/203_dates.npy
204,data16/204_sits.npy,data16/204_labels.npy,data16/204_dates.npy
208,data16/208_sits.npy,data16/208_labels.npy,data16/208_dates.npy
209,data16/209_sits.npy,data16/209_labels.npy,data16/209_dates.npy
211,data16/211_sits.npy,data16/211_labels.npy,data16/211_dates.npy
212,data16/212_sits.npy,data16/212_labels.npy,data16/212_dates.npy
213,data16/213_sits.npy,data16/213_labels.npy,data16/213_dates.npy
216,data16/216_sits.npy,data16/216_labels.npy,data16/216_dates.npy
217,data16/217_sits.npy,data16/217_labels.npy,data16/217_dates.npy
218,data16/218_sits.npy,data16/218_labels.npy,data16/218_dates.npy
219,data16/219_sits.npy,data16/219_labels.npy,data16/219_dates.npy
221,data16/221_sits.npy,data16/221_labels.npy,data16/221_dates.npy
224,data16/224_sits.npy,data16/224_labels.npy,data16/224_dates.npy
226,data16/226_sits.npy,data16/226_labels.npy,data16/226_dates.npy
227,data16/227_sits.npy,data16/227_labels.npy,data16/227_dates.npy
228,data16/228_sits.npy,data16/228_labels.npy,data16/228_dates.npy
229,data16/229_sits.npy,data16/229_labels.npy,data16/229_dates.npy
232,data16/232_sits.npy,data16/232_labels.npy,data16/232_dates.npy
233,data16/233_sits.npy,data16/233_labels.npy,data16/233_dates.npy
234,data16/234_sits.npy,data16/234_labels.npy,data16/234_dates.npy
236,data16/236_sits.npy,data16/236_labels.npy,data16/236_dates.npy
237,data16/237_sits.npy,data16/237_labels.npy,data16/237_dates.npy
241,data16/241_sits.npy,data16/241_labels.npy,data16/241_dates.npy
242,data16/242_sits.npy,data16/242_labels.npy,data16/242_dates.npy
243,data16/243_sits.npy,data16/243_labels.npy,data16/243_dates.npy
244,data16/244_sits.npy,data16/244_labels.npy,data16/244_dates.npy
248,data16/248_sits.npy,data16/248_labels.npy,data16/248_dates.npy
249,data16/249_sits.npy,data16/249_labels.npy,data16/249_dates.npy
251,data16/251_sits.npy,data16/251_labels.npy,data16/251_dates.npy
252,data16/252_sits.npy,data16/252_labels.npy,data16/252_dates.npy
253,data16/253_sits.npy,data16/253_labels.npy,data16/253_dates.npy
263,data16/263_sits.npy,data16/263_labels.npy,data16/263_dates.npy
264,data16/264_sits.npy,data16/264_labels.npy,data16/264_dates.npy
265,data16/265_sits.npy,data16/265_labels.npy,data16/265_dates.npy
266,data16/266_sits.npy,data16/266_labels.npy,data16/266_dates.npy
267,data16/267_sits.npy,data16/267_labels.npy,data16/267_dates.npy
268,data16/268_sits.npy,data16/268_labels.npy,data16/268_dates.npy
279,data16/279_sits.npy,data16/279_labels.npy,data16/279_dates.npy
280,data16/280_sits.npy,data16/280_labels.npy,data16/280_dates.npy
281,data16/281_sits.npy,data16/281_labels.npy,data16/281_dates.npy
282,data16/282_sits.npy,data16/282_labels.npy,data16/282_dates.npy
283,data16/283_sits.npy,data16/283_labels.npy,data16/283_dates.npy
284,data16/284_sits.npy,data16/284_labels.npy,data16/284_dates.npy
287,data16/287_sits.npy,data16/287_labels.npy,data16/287_dates.npy
288,data16/288_sits.npy,data16/288_labels.npy,data16/288_dates.npy
289,data16/289_sits.npy,data16/289_labels.npy,data16/289_dates.npy
291,data16/291_sits.npy,data16/291_labels.npy,data16/291_dates.npy
292,data16/292_sits.npy,data16/292_labels.npy,data16/292_dates.npy
295,data16/295_sits.npy,data16/295_labels.npy,data16/295_dates.npy
296,data16/296_sits.npy,data16/296_labels.npy,data16/296_dates.npy
297,data16/297_sits.npy,data16/297_labels.npy,data16/297_dates.npy
298,data16/298_sits.npy,data16/298_labels.npy,data16/298_dates.npy
299,data16/299_sits.npy,data16/299_labels.npy,data16/299_dates.npy
300,data16/300_sits.npy,data16/300_labels.npy,data16/300_dates.npy
303,data16/303_sits.npy,data16/303_labels.npy,data16/303_dates.npy
304,data16/304_sits.npy,data16/304_labels.npy,data16/304_dates.npy
305,data16/305_sits.npy,data16/305_labels.npy,data16/305_dates.npy
306,data16/306_sits.npy,data16/306_labels.npy,data16/306_dates.npy
307,data16/307_sits.npy,data16/307_labels.npy,data16/307_dates.npy
308,data16/308_sits.npy,data16/308_labels.npy,data16/308_dates.npy
311,data16/311_sits.npy,data16/311_labels.npy,data16/311_dates.npy
312,data16/312_sits.npy,data16/312_labels.npy,data16/312_dates.npy
313,data16/313_sits.npy,data16/313_labels.npy,data16/313_dates.npy
314,data16/314_sits.npy,data16/314_labels.npy,data16/314_dates.npy
315,data16/315_sits.npy,data16/315_labels.npy,data16/315_dates.npy
316,data16/316_sits.npy,data16/316_labels.npy,data16/316_dates.npy
319,data16/319_sits.npy,data16/319_labels.npy,data16/319_dates.npy
320,data16/320_sits.npy,data16/320_labels.npy,data16/320_dates.npy
321,data16/321_sits.npy,data16/321_labels.npy,data16/321_dates.npy
322,data16/322_sits.npy,data16/322_labels.npy,data16/322_dates.npy
323,data16/323_sits.npy,data16/323_labels.npy,data16/323_dates.npy
324,data16/324_sits.npy,data16/324_labels.npy,data16/324_dates.npy
327,data16/327_sits.npy,data16/327_labels.npy,data16/327_dates.npy
328,data16/328_sits.npy,data16/328_labels.npy,data16/328_dates.npy
329,data16/329_sits.npy,data16/329_labels.npy,data16/329_dates.npy
330,data16/330_sits.npy,data16/330_labels.npy,data16/330_dates.npy
335,data16/335_sits.npy,data16/335_labels.npy,data16/335_dates.npy
336,data16/336_sits.npy,data16/336_labels.npy,data16/336_dates.npy
337,data16/337_sits.npy,data16/337_labels.npy,data16/337_dates.npy
338,data16/338_sits.npy,data16/338_labels.npy,data16/338_dates.npy
339,data16/339_sits.npy,data16/339_labels.npy,data16/339_dates.npy
340,data16/340_sits.npy,data16/340_labels.npy,data16/340_dates.npy
350,data16/350_sits.npy,data16/350_labels.npy,data16/350_dates.npy
352,data16/352_sits.npy,data16/352_labels.npy,data16/352_dates.npy
354,data16/354_sits.npy,data16/354_labels.npy,data16/354_dates.npy
355,data16/355_sits.npy,data16/355_labels.npy,data16/355_dates.npy
369,data16/369_sits.npy,data16/369_labels.npy,data16/369_dates.npy
370,data16/370_sits.npy,data16/370_labels.npy,data16/370_dates.npy
374,data16/374_sits.npy,data16/374_labels.npy,data16/374_dates.npy
375,data16/375_sits.npy,data16/375_labels.npy,data16/375_dates.npy
385,data16/385_sits.npy,data16/385_labels.npy,data16/385_dates.npy
387,data16/387_sits.npy,data16/387_labels.npy,data16/387_dates.npy
390,data16/390_sits.npy,data16/390_labels.npy,data16/390_dates.npy
392,data16/392_sits.npy,data16/392_labels.npy,data16/392_dates.npy
394,data16/394_sits.npy,data16/394_labels.npy,data16/394_dates.npy
395,data16/395_sits.npy,data16/395_labels.npy,data16/395_dates.npy
399,data16/399_sits.npy,data16/399_labels.npy,data16/399_dates.npy
400,data16/400_sits.npy,data16/400_labels.npy,data16/400_dates.npy
407,data16/407_sits.npy,data16/407_labels.npy,data16/407_dates.npy
409,data16/409_sits.npy,data16/409_labels.npy,data16/409_dates.npy
414,data16/414_sits.npy,data16/414_labels.npy,data16/414_dates.npy
415,data16/415_sits.npy,data16/415_labels.npy,data16/415_dates.npy
417,data16/417_sits.npy,data16/417_labels.npy,data16/417_dates.npy
422,data16/422_sits.npy,data16/422_labels.npy,data16/422_dates.npy
424,data16/424_sits.npy,data16/424_labels.npy,data16/424_dates.npy
425,data16/425_sits.npy,data16/425_labels.npy,data16/425_dates.npy
427,data16/427_sits.npy,data16/427_labels.npy,data16/427_dates.npy
437,data16/437_sits.npy,data16/437_labels.npy,data16/437_dates.npy
438,data16/438_sits.npy,data16/438_labels.npy,data16/438_dates.npy
439,data16/439_sits.npy,data16/439_labels.npy,data16/439_dates.npy
440,data16/440_sits.npy,data16/440_labels.npy,data16/440_dates.npy
442,data16/442_sits.npy,data16/442_labels.npy,data16/442_dates.npy
453,data16/453_sits.npy,data16/453_labels.npy,data16/453_dates.npy
454,data16/454_sits.npy,data16/454_labels.npy,data16/454_dates.npy
455,data16/455_sits.npy,data16/455_labels.npy,data16/455_dates.npy
457,data16/457_sits.npy,data16/457_labels.npy,data16/457_dates.npy
472,data16/472_sits.npy,data16/472_labels.npy,data16/472_dates.npy
473,data16/473_sits.npy,data16/473_labels.npy,data16/473_dates.npy
474,data16/474_sits.npy,data16/474_labels.npy,data16/474_dates.npy
477,data16/477_sits.npy,data16/477_labels.npy,data16/477_dates.npy
478,data16/478_sits.npy,data16/478_labels.npy,data16/478_dates.npy
479,data16/479_sits.npy,data16/479_labels.npy,data16/479_dates.npy
480,data16/480_sits.npy,data16/480_labels.npy,data16/480_dates.npy
482,data16/482_sits.npy,data16/482_labels.npy,data16/482_dates.npy
487,data16/487_sits.npy,data16/487_labels.npy,data16/487_dates.npy
488,data16/488_sits.npy,data16/488_labels.npy,data16/488_dates.npy
490,data16/490_sits.npy,data16/490_labels.npy,data16/490_dates.npy
493,data16/493_sits.npy,data16/493_labels.npy,data16/493_dates.npy
494,data16/494_sits.npy,data16/494_labels.npy,data16/494_dates.npy
495,data16/495_sits.npy,data16/495_labels.npy,data16/495_dates.npy
498,data16/498_sits.npy,data16/498_labels.npy,data16/498_dates.npy
502,data16/502_sits.npy,data16/502_labels.npy,data16/502_dates.npy
503,data16/503_sits.npy,data16/503_labels.npy,data16/503_dates.npy
504,data16/504_sits.npy,data16/504_labels.npy,data16/504_dates.npy
505,data16/505_sits.npy,data16/505_labels.npy,data16/505_dates.npy
509,data16/509_sits.npy,data16/509_labels.npy,data16/509_dates.npy
510,data16/510_sits.npy,data16/510_labels.npy,data16/510_dates.npy
512,data16/512_sits.npy,data16/512_labels.npy,data16/512_dates.npy
513,data16/513_sits.npy,data16/513_labels.npy,data16/513_dates.npy
514,data16/514_sits.npy,data16/514_labels.npy,data16/514_dates.npy
524,data16/524_sits.npy,data16/524_labels.npy,data16/524_dates.npy
525,data16/525_sits.npy,data16/525_labels.npy,data16/525_dates.npy
526,data16/526_sits.npy,data16/526_labels.npy,data16/526_dates.npy
527,data16/527_sits.npy,data16/527_labels.npy,data16/527_dates.npy
528,data16/528_sits.npy,data16/528_labels.npy,data16/528_dates.npy
529,data16/529_sits.npy,data16/529_labels.npy,data16/529_dates.npy
540,data16/540_sits.npy,data16/540_labels.npy,data16/540_dates.npy
541,data16/541_sits.npy,data16/541_labels.npy,data16/541_dates.npy
542,data16/542_sits.npy,data16/542_labels.npy,data16/542_dates.npy
543,data16/543_sits.npy,data16/543_labels.npy,data16/543_dates.npy
558,data16/558_sits.npy,data16/558_labels.npy,data16/558_dates.npy
559,data16/559_sits.npy,data16/559_labels.npy,data16/559_dates.npy
560,data16/560_sits.npy,data16/560_labels.npy,data16/560_dates.npy
566,data16/566_sits.npy,data16/566_labels.npy,data16/566_dates.npy
567,data16/567_sits.npy,data16/567_labels.npy,data16/567_dates.npy
568,data16/568_sits.npy,data16/568_labels.npy,data16/568_dates.npy
569,data16/569_sits.npy,data16/569_labels.npy,data16/569_dates.npy
572,data16/572_sits.npy,data16/572_labels.npy,data16/572_dates.npy
573,data16/573_sits.npy,data16/573_labels.npy,data16/573_dates.npy
574,data16/574_sits.npy,data16/574_labels.npy,data16/574_dates.npy
575,data16/575_sits.npy,data16/575_labels.npy,data16/575_dates.npy
576,data16/576_sits.npy,data16/576_labels.npy,data16/576_dates.npy
577,data16/577_sits.npy,data16/577_labels.npy,data16/577_dates.npy
580,data16/580_sits.npy,data16/580_labels.npy,data16/580_dates.npy
588,data16/588_sits.npy,data16/588_labels.npy,data16/588_dates.npy
589,data16/589_sits.npy,data16/589_labels.npy,data16/589_dates.npy
590,data16/590_sits.npy,data16/590_labels.npy,data16/590_dates.npy
591,data16/591_sits.npy,data16/591_labels.npy,data16/591_dates.npy
592,data16/592_sits.npy,data16/592_labels.npy,data16/592_dates.npy
596,data16/596_sits.npy,data16/596_labels.npy,data16/596_dates.npy
597,data16/597_sits.npy,data16/597_labels.npy,data16/597_dates.npy
598,data16/598_sits.npy,data16/598_labels.npy,data16/598_dates.npy
599,data16/599_sits.npy,data16/599_labels.npy,data16/599_dates.npy
600,data16/600_sits.npy,data16/600_labels.npy,data16/600_dates.npy
802,data16/802_sits.npy,data16/802_labels.npy,data16/802_dates.npy
804,data16/804_sits.npy,data16/804_labels.npy,data16/804_dates.npy
805,data16/805_sits.npy,data16/805_labels.npy,data16/805_dates.npy
834,data16/834_sits.npy,data16/834_labels.npy,data16/834_dates.npy
835,data16/835_sits.npy,data16/835_labels.npy,data16/835_dates.npy
837,data16/837_sits.npy,data16/837_labels.npy,data16/837_dates.npy
842,data16/842_sits.npy,data16/842_labels.npy,data16/842_dates.npy
844,data16/844_sits.npy,data16/844_labels.npy,data16/844_dates.npy
845,data16/845_sits.npy,data16/845_labels.npy,data16/845_dates.npy
865,data16/865_sits.npy,data16/865_labels.npy,data16/865_dates.npy
867,data16/867_sits.npy,data16/867_labels.npy,data16/867_dates.npy
869,data16/869_sits.npy,data16/869_labels.npy,data16/869_dates.npy
870,data16/870_sits.npy,data16/870_labels.npy,data16/870_dates.npy
888,data16/888_sits.npy,data16/888_labels.npy,data16/888_dates.npy
889,data16/889_sits.npy,data16/889_labels.npy,data16/889_dates.npy
890,data16/890_sits.npy,data16/890_labels.npy,data16/890_dates.npy
892,data16/892_sits.npy,data16/892_labels.npy,data16/892_dates.npy
893,data16/893_sits.npy,data16/893_labels.npy,data16/893_dates.npy
912,data16/912_sits.npy,data16/912_labels.npy,data16/912_dates.npy
913,data16/913_sits.npy,data16/913_labels.npy,data16/913_dates.npy
914,data16/914_sits.npy,data16/914_labels.npy,data16/914_dates.npy
915,data16/915_sits.npy,data16/915_labels.npy,data16/915_dates.npy
917,data16/917_sits.npy,data16/917_labels.npy,data16/917_dates.npy
920,data16/920_sits.npy,data16/920_labels.npy,data16/920_dates.npy
922,data16/922_sits.npy,data16/922_labels.npy,data16/922_dates.npy
923,data16/923_sits.npy,data16/923_labels.npy,data16/923_dates.npy
924,data16/924_sits.npy,data16/924_labels.npy,data16/924_dates.npy
925,data16/925_sits.npy,data16/925_labels.npy,data16/925_dates.npy
928,data16/928_sits.npy,data16/928_labels.npy,data16/928_dates.npy
929,data16/929_sits.npy,data16/929_labels.npy,data16/929_dates.npy
930,data16/930_sits.npy,data16/930_labels.npy,data16/930_dates.npy
932,data16/932_sits.npy,data16/932_labels.npy,data16/932_dates.npy
933,data16/933_sits.npy,data16/933_labels.npy,data16/933_dates.npy
952,data16/952_sits.npy,data16/952_labels.npy,data16/952_dates.npy
953,data16/953_sits.npy,data16/953_labels.npy,data16/953_dates.npy
954,data16/954_sits.npy,data16/954_labels.npy,data16/954_dates.npy
955,data16/955_sits.npy,data16/955_labels.npy,data16/955_dates.npy
957,data16/957_sits.npy,data16/957_labels.npy,data16/957_dates.npy
978,data16/978_sits.npy,data16/978_labels.npy,data16/978_dates.npy
999,data16/999_sits.npy,data16/999_labels.npy,data16/999_dates.npy
1000,data16/1000_sits.npy,data16/1000_labels.npy,data16/1000_dates.npy
1001,data16/1001_sits.npy,data16/1001_labels.npy,data16/1001_dates.npy
1002,data16/1002_sits.npy,data16/1002_labels.npy,data16/1002_dates.npy
1003,data16/1003_sits.npy,data16/1003_labels.npy,data16/1003_dates.npy
1004,data16/1004_sits.npy,data16/1004_labels.npy,data16/1004_dates.npy
1007,data16/1007_sits.npy,data16/1007_labels.npy,data16/1007_dates.npy
1008,data16/1008_sits.npy,data16/1008_labels.npy,data16/1008_dates.npy
1009,data16/1009_sits.npy,data16/1009_labels.npy,data16/1009_dates.npy
1010,data16/1010_sits.npy,data16/1010_labels.npy,data16/1010_dates.npy
1011,data16/1011_sits.npy,data16/1011_labels.npy,data16/1011_dates.npy
1012,data16/1012_sits.npy,data16/1012_labels.npy,data16/1012_dates.npy
1015,data16/1015_sits.npy,data16/1015_labels.npy,data16/1015_dates.npy
1016,data16/1016_sits.npy,data16/1016_labels.npy,data16/1016_dates.npy
1017,data16/1017_sits.npy,data16/1017_labels.npy,data16/1017_dates.npy
1018,data16/1018_sits.npy,data16/1018_labels.npy,data16/1018_dates.npy
1019,data16/1019_sits.npy,data16/1019_labels.npy,data16/1019_dates.npy
1020,data16/1020_sits.npy,data16/1020_labels.npy,data16/1020_dates.npy
1039,data16/1039_sits.npy,data16/1039_labels.npy,data16/1039_dates.npy
1040,data16/1040_sits.npy,data16/1040_labels.npy,data16/1040_dates.npy
1041,data16/1041_sits.npy,data16/1041_labels.npy,data16/1041_dates.npy
1042,data16/1042_sits.npy,data16/1042_labels.npy,data16/1042_dates.npy
1043,data16/1043_sits.npy,data16/1043_labels.npy,data16/1043_dates.npy
1044,data16/1044_sits.npy,data16/1044_labels.npy,data16/1044_dates.npy
1086,data16/1086_sits.npy,data16/1086_labels.npy,data16/1086_dates.npy
1087,data16/1087_sits.npy,data16/1087_labels.npy,data16/1087_dates.npy
1088,data16/1088_sits.npy,data16/1088_labels.npy,data16/1088_dates.npy
1089,data16/1089_sits.npy,data16/1089_labels.npy,data16/1089_dates.npy
1091,data16/1091_sits.npy,data16/1091_labels.npy,data16/1091_dates.npy
1094,data16/1094_sits.npy,data16/1094_labels.npy,data16/1094_dates.npy
1096,data16/1096_sits.npy,data16/1096_labels.npy,data16/1096_dates.npy
1097,data16/1097_sits.npy,data16/1097_labels.npy,data16/1097_dates.npy
1098,data16/1098_sits.npy,data16/1098_labels.npy,data16/1098_dates.npy
1099,data16/1099_sits.npy,data16/1099_labels.npy,data16/1099_dates.npy
1102,data16/1102_sits.npy,data16/1102_labels.npy,data16/1102_dates.npy
1103,data16/1103_sits.npy,data16/1103_labels.npy,data16/1103_dates.npy
1104,data16/1104_sits.npy,data16/1104_labels.npy,data16/1104_dates.npy
1106,data16/1106_sits.npy,data16/1106_labels.npy,data16/1106_dates.npy
1107,data16/1107_sits.npy,data16/1107_labels.npy,data16/1107_dates.npy
1126,data16/1126_sits.npy,data16/1126_labels.npy,data16/1126_dates.npy
1127,data16/1127_sits.npy,data16/1127_labels.npy,data16/1127_dates.npy
1128,data16/1128_sits.npy,data16/1128_labels.npy,data16/1128_dates.npy
1129,data16/1129_sits.npy,data16/1129_labels.npy,data16/1129_dates.npy
1131,data16/1131_sits.npy,data16/1131_labels.npy,data16/1131_dates.npy
1173,data16/1173_sits.npy,data16/1173_labels.npy,data16/1173_dates.npy
1174,data16/1174_sits.npy,data16/1174_labels.npy,data16/1174_dates.npy
1175,data16/1175_sits.npy,data16/1175_labels.npy,data16/1175_dates.npy
1176,data16/1176_sits.npy,data16/1176_labels.npy,data16/1176_dates.npy
1177,data16/1177_sits.npy,data16/1177_labels.npy,data16/1177_dates.npy
1178,data16/1178_sits.npy,data16/1178_labels.npy,data16/1178_dates.npy
1181,data16/1181_sits.npy,data16/1181_labels.npy,data16/1181_dates.npy
1182,data16/1182_sits.npy,data16/1182_labels.npy,data16/1182_dates.npy
1183,data16/1183_sits.npy,data16/1183_labels.npy,data16/1183_dates.npy
1184,data16/1184_sits.npy,data16/1184_labels.npy,data16/1184_dates.npy
1185,data16/1185_sits.npy,data16/1185_labels.npy,data16/1185_dates.npy
1186,data16/1186_sits.npy,data16/1186_labels.npy,data16/1186_dates.npy
1189,data16/1189_sits.npy,data16/1189_labels.npy,data16/1189_dates.npy
1190,data16/1190_sits.npy,data16/1190_labels.npy,data16/1190_dates.npy
1191,data16/1191_sits.npy,data16/1191_labels.npy,data16/1191_dates.npy
1192,data16/1192_sits.npy,data16/1192_labels.npy,data16/1192_dates.npy
1193,data16/1193_sits.npy,data16/1193_labels.npy,data16/1193_dates.npy
1194,data16/1194_sits.npy,data16/1194_labels.npy,data16/1194_dates.npy
1216,data16/1216_sits.npy,data16/1216_labels.npy,data16/1216_dates.npy
1217,data16/1217_sits.npy,data16/1217_labels.npy,data16/1217_dates.npy
1218,data16/1218_sits.npy,data16/1218_labels.npy,data16/1218_dates.npy
1260,data16/1260_sits.npy,data16/1260_labels.npy,data16/1260_dates.npy
1262,data16/1262_sits.npy,data16/1262_labels.npy,data16/1262_dates.npy
1264,data16/1264_sits.npy,data16/1264_labels.npy,data16/1264_dates.npy
1265,data16/1265_sits.npy,data16/1265_labels.npy,data16/1265_dates.npy
1269,data16/1269_sits.npy,data16/1269_labels.npy,data16/1269_dates.npy
1270,data16/1270_sits.npy,data16/1270_labels.npy,data16/1270_dates.npy
1272,data16/1272_sits.npy,data16/1272_labels.npy,data16/1272_dates.npy
1277,data16/1277_sits.npy,data16/1277_labels.npy,data16/1277_dates.npy
1279,data16/1279_sits.npy,data16/1279_labels.npy,data16/1279_dates.npy
1280,data16/1280_sits.npy,data16/1280_labels.npy,data16/1280_dates.npy
1304,data16/1304_sits.npy,data16/1304_labels.npy,data16/1304_dates.npy
1305,data16/1305_sits.npy,data16/1305_labels.npy,data16/1305_dates.npy
1481,data16/1481_sits.npy,data16/1481_labels.npy,data16/1481_dates.npy
1482,data16/1482_sits.npy,data16/1482_labels.npy,data16/1482_dates.npy
1483,data16/1483_sits.npy,data16/1483_labels.npy,data16/1483_dates.npy
1509,data16/1509_sits.npy,data16/1509_labels.npy,data16/1509_dates.npy
1521,data16/1521_sits.npy,data16/1521_labels.npy,data16/1521_dates.npy
1522,data16/1522_sits.npy,data16/1522_labels.npy,data16/1522_dates.npy
1523,data16/1523_sits.npy,data16/1523_labels.npy,data16/1523_dates.npy
1524,data16/1524_sits.npy,data16/1524_labels.npy,data16/1524_dates.npy
1526,data16/1526_sits.npy,data16/1526_labels.npy,data16/1526_dates.npy
1529,data16/1529_sits.npy,data16/1529_labels.npy,data16/1529_dates.npy
1531,data16/1531_sits.npy,data16/1531_labels.npy,data16/1531_dates.npy
1532,data16/1532_sits.npy,data16/1532_labels.npy,data16/1532_dates.npy
1533,data16/1533_sits.npy,data16/1533_labels.npy,data16/1533_dates.npy
1534,data16/1534_sits.npy,data16/1534_labels.npy,data16/1534_dates.npy
1537,data16/1537_sits.npy,data16/1537_labels.npy,data16/1537_dates.npy
1538,data16/1538_sits.npy,data16/1538_labels.npy,data16/1538_dates.npy
1539,data16/1539_sits.npy,data16/1539_labels.npy,data16/1539_dates.npy
1541,data16/1541_sits.npy,data16/1541_labels.npy,data16/1541_dates.npy
1542,data16/1542_sits.npy,data16/1542_labels.npy,data16/1542_dates.npy
1546,data16/1546_sits.npy,data16/1546_labels.npy,data16/1546_dates.npy
1547,data16/1547_sits.npy,data16/1547_labels.npy,data16/1547_dates.npy
1548,data16/1548_sits.npy,data16/1548_labels.npy,data16/1548_dates.npy
1549,data16/1549_sits.npy,data16/1549_labels.npy,data16/1549_dates.npy
1568,data16/1568_sits.npy,data16/1568_labels.npy,data16/1568_dates.npy
1569,data16/1569_sits.npy,data16/1569_labels.npy,data16/1569_dates.npy
1570,data16/1570_sits.npy,data16/1570_labels.npy,data16/1570_dates.npy
1571,data16/1571_sits.npy,data16/1571_labels.npy,data16/1571_dates.npy
1572,data16/1572_sits.npy,data16/1572_labels.npy,data16/1572_dates.npy
1573,data16/1573_sits.npy,data16/1573_labels.npy,data16/1573_dates.npy
1588,data16/1588_sits.npy,data16/1588_labels.npy,data16/1588_dates.npy
1589,data16/1589_sits.npy,data16/1589_labels.npy,data16/1589_dates.npy
1595,data16/1595_sits.npy,data16/1595_labels.npy,data16/1595_dates.npy
1596,data16/1596_sits.npy,data16/1596_labels.npy,data16/1596_dates.npy
1597,data16/1597_sits.npy,data16/1597_labels.npy,data16/1597_dates.npy
1608,data16/1608_sits.npy,data16/1608_labels.npy,data16/1608_dates.npy
1609,data16/1609_sits.npy,data16/1609_labels.npy,data16/1609_dates.npy
1610,data16/1610_sits.npy,data16/1610_labels.npy,data16/1610_dates.npy
1611,data16/1611_sits.npy,data16/1611_labels.npy,data16/1611_dates.npy
1612,data16/1612_sits.npy,data16/1612_labels.npy,data16/1612_dates.npy
1613,data16/1613_sits.npy,data16/1613_labels.npy,data16/1613_dates.npy
1616,data16/1616_sits.npy,data16/1616_labels.npy,data16/1616_dates.npy
1617,data16/1617_sits.npy,data16/1617_labels.npy,data16/1617_dates.npy
1618,data16/1618_sits.npy,data16/1618_labels.npy,data16/1618_dates.npy
1619,data16/1619_sits.npy,data16/1619_labels.npy,data16/1619_dates.npy
1620,data16/1620_sits.npy,data16/1620_labels.npy,data16/1620_dates.npy
1621,data16/1621_sits.npy,data16/1621_labels.npy,data16/1621_dates.npy
1624,data16/1624_sits.npy,data16/1624_labels.npy,data16/1624_dates.npy
1625,data16/1625_sits.npy,data16/1625_labels.npy,data16/1625_dates.npy
1627,data16/1627_sits.npy,data16/1627_labels.npy,data16/1627_dates.npy
1628,data16/1628_sits.npy,data16/1628_labels.npy,data16/1628_dates.npy
1629,data16/1629_sits.npy,data16/1629_labels.npy,data16/1629_dates.npy
1632,data16/1632_sits.npy,data16/1632_labels.npy,data16/1632_dates.npy
1633,data16/1633_sits.npy,data16/1633_labels.npy,data16/1633_dates.npy
1634,data16/1634_sits.npy,data16/1634_labels.npy,data16/1634_dates.npy
1635,data16/1635_sits.npy,data16/1635_labels.npy,data16/1635_dates.npy
1637,data16/1637_sits.npy,data16/1637_labels.npy,data16/1637_dates.npy
1655,data16/1655_sits.npy,data16/1655_labels.npy,data16/1655_dates.npy
1657,data16/1657_sits.npy,data16/1657_labels.npy,data16/1657_dates.npy
1659,data16/1659_sits.npy,data16/1659_labels.npy,data16/1659_dates.npy
1660,data16/1660_sits.npy,data16/1660_labels.npy,data16/1660_dates.npy
1674,data16/1674_sits.npy,data16/1674_labels.npy,data16/1674_dates.npy
1675,data16/1675_sits.npy,data16/1675_labels.npy,data16/1675_dates.npy
1682,data16/1682_sits.npy,data16/1682_labels.npy,data16/1682_dates.npy
1684,data16/1684_sits.npy,data16/1684_labels.npy,data16/1684_dates.npy
1695,data16/1695_sits.npy,data16/1695_labels.npy,data16/1695_dates.npy
1697,data16/1697_sits.npy,data16/1697_labels.npy,data16/1697_dates.npy
1699,data16/1699_sits.npy,data16/1699_labels.npy,data16/1699_dates.npy
1700,data16/1700_sits.npy,data16/1700_labels.npy,data16/1700_dates.npy
1704,data16/1704_sits.npy,data16/1704_labels.npy,data16/1704_dates.npy
1705,data16/1705_sits.npy,data16/1705_labels.npy,data16/1705_dates.npy
1707,data16/1707_sits.npy,data16/1707_labels.npy,data16/1707_dates.npy
1712,data16/1712_sits.npy,data16/1712_labels.npy,data16/1712_dates.npy
1714,data16/1714_sits.npy,data16/1714_labels.npy,data16/1714_dates.npy
1715,data16/1715_sits.npy,data16/1715_labels.npy,data16/1715_dates.npy
1719,data16/1719_sits.npy,data16/1719_labels.npy,data16/1719_dates.npy
1720,data16/1720_sits.npy,data16/1720_labels.npy,data16/1720_dates.npy
1722,data16/1722_sits.npy,data16/1722_labels.npy,data16/1722_dates.npy
1724,data16/1724_sits.npy,data16/1724_labels.npy,data16/1724_dates.npy
1742,data16/1742_sits.npy,data16/1742_labels.npy,data16/1742_dates.npy
1743,data16/1743_sits.npy,data16/1743_labels.npy,data16/1743_dates.npy
1744,data16/1744_sits.npy,data16/1744_labels.npy,data16/1744_dates.npy
1745,data16/1745_sits.npy,data16/1745_labels.npy,data16/1745_dates.npy
1747,data16/1747_sits.npy,data16/1747_labels.npy,data16/1747_dates.npy
1750,data16/1750_sits.npy,data16/1750_labels.npy,data16/1750_dates.npy
1754,data16/1754_sits.npy,data16/1754_labels.npy,data16/1754_dates.npy
1755,data16/1755_sits.npy,data16/1755_labels.npy,data16/1755_dates.npy
1758,data16/1758_sits.npy,data16/1758_labels.npy,data16/1758_dates.npy
1759,data16/1759_sits.npy,data16/1759_labels.npy,data16/1759_dates.npy
1760,data16/1760_sits.npy,data16/1760_labels.npy,data16/1760_dates.npy
1762,data16/1762_sits.npy,data16/1762_labels.npy,data16/1762_dates.npy
1763,data16/1763_sits.npy,data16/1763_labels.npy,data16/1763_dates.npy
1767,data16/1767_sits.npy,data16/1767_labels.npy,data16/1767_dates.npy
1769,data16/1769_sits.npy,data16/1769_labels.npy,data16/1769_dates.npy
1770,data16/1770_sits.npy,data16/1770_labels.npy,data16/1770_dates.npy
1782,data16/1782_sits.npy,data16/1782_labels.npy,data16/1782_dates.npy
1783,data16/1783_sits.npy,data16/1783_labels.npy,data16/1783_dates.npy
1784,data16/1784_sits.npy,data16/1784_labels.npy,data16/1784_dates.npy
1785,data16/1785_sits.npy,data16/1785_labels.npy,data16/1785_dates.npy
1787,data16/1787_sits.npy,data16/1787_labels.npy,data16/1787_dates.npy
1790,data16/1790_sits.npy,data16/1790_labels.npy,data16/1790_dates.npy
1792,data16/1792_sits.npy,data16/1792_labels.npy,data16/1792_dates.npy
1793,data16/1793_sits.npy,data16/1793_labels.npy,data16/1793_dates.npy
1794,data16/1794_sits.npy,data16/1794_labels.npy,data16/1794_dates.npy
1795,data16/1795_sits.npy,data16/1795_labels.npy,data16/1795_dates.npy
1798,data16/1798_sits.npy,data16/1798_labels.npy,data16/1798_dates.npy
1799,data16/1799_sits.npy,data16/1799_labels.npy,data16/1799_dates.npy
1802,data16/1802_sits.npy,data16/1802_labels.npy,data16/1802_dates.npy
1803,data16/1803_sits.npy,data16/1803_labels.npy,data16/1803_dates.npy
1807,data16/1807_sits.npy,data16/1807_labels.npy,data16/1807_dates.npy
1808,data16/1808_sits.npy,data16/1808_labels.npy,data16/1808_dates.npy
1809,data16/1809_sits.npy,data16/1809_labels.npy,data16/1809_dates.npy
1829,data16/1829_sits.npy,data16/1829_labels.npy,data16/1829_dates.npy
1830,data16/1830_sits.npy,data16/1830_labels.npy,data16/1830_dates.npy
1831,data16/1831_sits.npy,data16/1831_labels.npy,data16/1831_dates.npy
1832,data16/1832_sits.npy,data16/1832_labels.npy,data16/1832_dates.npy
1833,data16/1833_sits.npy,data16/1833_labels.npy,data16/1833_dates.npy
1834,data16/1834_sits.npy,data16/1834_labels.npy,data16/1834_dates.npy
1837,data16/1837_sits.npy,data16/1837_labels.npy,data16/1837_dates.npy
1838,data16/1838_sits.npy,data16/1838_labels.npy,data16/1838_dates.npy
1839,data16/1839_sits.npy,data16/1839_labels.npy,data16/1839_dates.npy
1840,data16/1840_sits.npy,data16/1840_labels.npy,data16/1840_dates.npy
1841,data16/1841_sits.npy,data16/1841_labels.npy,data16/1841_dates.npy
1842,data16/1842_sits.npy,data16/1842_labels.npy,data16/1842_dates.npy
1845,data16/1845_sits.npy,data16/1845_labels.npy,data16/1845_dates.npy
1846,data16/1846_sits.npy,data16/1846_labels.npy,data16/1846_dates.npy
1847,data16/1847_sits.npy,data16/1847_labels.npy,data16/1847_dates.npy
1848,data16/1848_sits.npy,data16/1848_labels.npy,data16/1848_dates.npy
1849,data16/1849_sits.npy,data16/1849_labels.npy,data16/1849_dates.npy
1850,data16/1850_sits.npy,data16/1850_labels.npy,data16/1850_dates.npy
1853,data16/1853_sits.npy,data16/1853_labels.npy,data16/1853_dates.npy
1854,data16/1854_sits.npy,data16/1854_labels.npy,data16/1854_dates.npy
1855,data16/1855_sits.npy,data16/1855_labels.npy,data16/1855_dates.npy
1856,data16/1856_sits.npy,data16/1856_labels.npy,data16/1856_dates.npy
1857,data16/1857_sits.npy,data16/1857_labels.npy,data16/1857_dates.npy
1858,data16/1858_sits.npy,data16/1858_labels.npy,data16/1858_dates.npy
1869,data16/1869_sits.npy,data16/1869_labels.npy,data16/1869_dates.npy
1870,data16/1870_sits.npy,data16/1870_labels.npy,data16/1870_dates.npy
1871,data16/1871_sits.npy,data16/1871_labels.npy,data16/1871_dates.npy
1872,data16/1872_sits.npy,data16/1872_labels.npy,data16/1872_dates.npy
1873,data16/1873_sits.npy,data16/1873_labels.npy,data16/1873_dates.npy
1874,data16/1874_sits.npy,data16/1874_labels.npy,data16/1874_dates.npy
1877,data16/1877_sits.npy,data16/1877_labels.npy,data16/1877_dates.npy
1878,data16/1878_sits.npy,data16/1878_labels.npy,data16/1878_dates.npy
1879,data16/1879_sits.npy,data16/1879_labels.npy,data16/1879_dates.npy
1880,data16/1880_sits.npy,data16/1880_labels.npy,data16/1880_dates.npy
1881,data16/1881_sits.npy,data16/1881_labels.npy,data16/1881_dates.npy
1882,data16/1882_sits.npy,data16/1882_labels.npy,data16/1882_dates.npy
1885,data16/1885_sits.npy,data16/1885_labels.npy,data16/1885_dates.npy
1886,data16/1886_sits.npy,data16/1886_labels.npy,data16/1886_dates.npy
1887,data16/1887_sits.npy,data16/1887_labels.npy,data16/1887_dates.npy
1888,data16/1888_sits.npy,data16/1888_labels.npy,data16/1888_dates.npy
1890,data16/1890_sits.npy,data16/1890_labels.npy,data16/1890_dates.npy
1893,data16/1893_sits.npy,data16/1893_labels.npy,data16/1893_dates.npy
1894,data16/1894_sits.npy,data16/1894_labels.npy,data16/1894_dates.npy
1895,data16/1895_sits.npy,data16/1895_labels.npy,data16/1895_dates.npy
1896,data16/1896_sits.npy,data16/1896_labels.npy,data16/1896_dates.npy
1897,data16/1897_sits.npy,data16/1897_labels.npy,data16/1897_dates.npy
1898,data16/1898_sits.npy,data16/1898_labels.npy,data16/1898_dates.npy
1916,data16/1916_sits.npy,data16/1916_labels.npy,data16/1916_dates.npy
1917,data16/1917_sits.npy,data16/1917_labels.npy,data16/1917_dates.npy
1918,data16/1918_sits.npy,data16/1918_labels.npy,data16/1918_dates.npy
1919,data16/1919_sits.npy,data16/1919_labels.npy,data16/1919_dates.npy
1921,data16/1921_sits.npy,data16/1921_labels.npy,data16/1921_dates.npy
1924,data16/1924_sits.npy,data16/1924_labels.npy,data16/1924_dates.npy
1926,data16/1926_sits.npy,data16/1926_labels.npy,data16/1926_dates.npy
1927,data16/1927_sits.npy,data16/1927_labels.npy,data16/1927_dates.npy
1932,data16/1932_sits.npy,data16/1932_labels.npy,data16/1932_dates.npy
1933,data16/1933_sits.npy,data16/1933_labels.npy,data16/1933_dates.npy
1934,data16/1934_sits.npy,data16/1934_labels.npy,data16/1934_dates.npy
1936,data16/1936_sits.npy,data16/1936_labels.npy,data16/1936_dates.npy
1937,data16/1937_sits.npy,data16/1937_labels.npy,data16/1937_dates.npy
1941,data16/1941_sits.npy,data16/1941_labels.npy,data16/1941_dates.npy
1942,data16/1942_sits.npy,data16/1942_labels.npy,data16/1942_dates.npy
1943,data16/1943_sits.npy,data16/1943_labels.npy,data16/1943_dates.npy
1944,data16/1944_sits.npy,data16/1944_labels.npy,data16/1944_dates.npy
1958,data16/1958_sits.npy,data16/1958_labels.npy,data16/1958_dates.npy
1959,data16/1959_sits.npy,data16/1959_labels.npy,data16/1959_dates.npy
1961,data16/1961_sits.npy,data16/1961_labels.npy,data16/1961_dates.npy
1964,data16/1964_sits.npy,data16/1964_labels.npy,data16/1964_dates.npy
1966,data16/1966_sits.npy,data16/1966_labels.npy,data16/1966_dates.npy
1967,data16/1967_sits.npy,data16/1967_labels.npy,data16/1967_dates.npy
1968,data16/1968_sits.npy,data16/1968_labels.npy,data16/1968_dates.npy
1969,data16/1969_sits.npy,data16/1969_labels.npy,data16/1969_dates.npy
1972,data16/1972_sits.npy,data16/1972_labels.npy,data16/1972_dates.npy
1973,data16/1973_sits.npy,data16/1973_labels.npy,data16/1973_dates.npy
1974,data16/1974_sits.npy,data16/1974_labels.npy,data16/1974_dates.npy
1976,data16/1976_sits.npy,data16/1976_labels.npy,data16/1976_dates.npy
1977,data16/1977_sits.npy,data16/1977_labels.npy,data16/1977_dates.npy
1981,data16/1981_sits.npy,data16/1981_labels.npy,data16/1981_dates.npy
1982,data16/1982_sits.npy,data16/1982_labels.npy,data16/1982_dates.npy
1983,data16/1983_sits.npy,data16/1983_labels.npy,data16/1983_dates.npy
1984,data16/1984_sits.npy,data16/1984_labels.npy,data16/1984_dates.npy
2193,data16/2193_sits.npy,data16/2193_labels.npy,data16/2193_dates.npy
2194,data16/2194_sits.npy,data16/2194_labels.npy,data16/2194_dates.npy
2195,data16/2195_sits.npy,data16/2195_labels.npy,data16/2195_dates.npy
2197,data16/2197_sits.npy,data16/2197_labels.npy,data16/2197_dates.npy
2198,data16/2198_sits.npy,data16/2198_labels.npy,data16/2198_dates.npy
2209,data16/2209_sits.npy,data16/2209_labels.npy,data16/2209_dates.npy
2210,data16/2210_sits.npy,data16/2210_labels.npy,data16/2210_dates.npy
2212,data16/2212_sits.npy,data16/2212_labels.npy,data16/2212_dates.npy
2213,data16/2213_sits.npy,data16/2213_labels.npy,data16/2213_dates.npy
2214,data16/2214_sits.npy,data16/2214_labels.npy,data16/2214_dates.npy
2219,data16/2219_sits.npy,data16/2219_labels.npy,data16/2219_dates.npy
2220,data16/2220_sits.npy,data16/2220_labels.npy,data16/2220_dates.npy
2225,data16/2225_sits.npy,data16/2225_labels.npy,data16/2225_dates.npy
2227,data16/2227_sits.npy,data16/2227_labels.npy,data16/2227_dates.npy
2228,data16/2228_sits.npy,data16/2228_labels.npy,data16/2228_dates.npy
2229,data16/2229_sits.npy,data16/2229_labels.npy,data16/2229_dates.npy
2230,data16/2230_sits.npy,data16/2230_labels.npy,data16/2230_dates.npy
2233,data16/2233_sits.npy,data16/2233_labels.npy,data16/2233_dates.npy
2234,data16/2234_sits.npy,data16/2234_labels.npy,data16/2234_dates.npy
2235,data16/2235_sits.npy,data16/2235_labels.npy,data16/2235_dates.npy
2237,data16/2237_sits.npy,data16/2237_labels.npy,data16/2237_dates.npy
2238,data16/2238_sits.npy,data16/2238_labels.npy,data16/2238_dates.npy
2257,data16/2257_sits.npy,data16/2257_labels.npy,data16/2257_dates.npy
2258,data16/2258_sits.npy,data16/2258_labels.npy,data16/2258_dates.npy
2259,data16/2259_sits.npy,data16/2259_labels.npy,data16/2259_dates.npy
2260,data16/2260_sits.npy,data16/2260_labels.npy,data16/2260_dates.npy
2262,data16/2262_sits.npy,data16/2262_labels.npy,data16/2262_dates.npy
2280,data16/2280_sits.npy,data16/2280_labels.npy,data16/2280_dates.npy
2281,data16/2281_sits.npy,data16/2281_labels.npy,data16/2281_dates.npy
2282,data16/2282_sits.npy,data16/2282_labels.npy,data16/2282_dates.npy
2283,data16/2283_sits.npy,data16/2283_labels.npy,data16/2283_dates.npy
2284,data16/2284_sits.npy,data16/2284_labels.npy,data16/2284_dates.npy
2285,data16/2285_sits.npy,data16/2285_labels.npy,data16/2285_dates.npy
2296,data16/2296_sits.npy,data16/2296_labels.npy,data16/2296_dates.npy
2297,data16/2297_sits.npy,data16/2297_labels.npy,data16/2297_dates.npy
2298,data16/2298_sits.npy,data16/2298_labels.npy,data16/2298_dates.npy
2299,data16/2299_sits.npy,data16/2299_labels.npy,data16/2299_dates.npy
2300,data16/2300_sits.npy,data16/2300_labels.npy,data16/2300_dates.npy
2306,data16/2306_sits.npy,data16/2306_labels.npy,data16/2306_dates.npy
2307,data16/2307_sits.npy,data16/2307_labels.npy,data16/2307_dates.npy
2308,data16/2308_sits.npy,data16/2308_labels.npy,data16/2308_dates.npy
2309,data16/2309_sits.npy,data16/2309_labels.npy,data16/2309_dates.npy
2312,data16/2312_sits.npy,data16/2312_labels.npy,data16/2312_dates.npy
2313,data16/2313_sits.npy,data16/2313_labels.npy,data16/2313_dates.npy
2314,data16/2314_sits.npy,data16/2314_labels.npy,data16/2314_dates.npy
2315,data16/2315_sits.npy,data16/2315_labels.npy,data16/2315_dates.npy
2316,data16/2316_sits.npy,data16/2316_labels.npy,data16/2316_dates.npy
2317,data16/2317_sits.npy,data16/2317_labels.npy,data16/2317_dates.npy
2320,data16/2320_sits.npy,data16/2320_labels.npy,data16/2320_dates.npy
2321,data16/2321_sits.npy,data16/2321_labels.npy,data16/2321_dates.npy
2322,data16/2322_sits.npy,data16/2322_labels.npy,data16/2322_dates.npy
2323,data16/2323_sits.npy,data16/2323_labels.npy,data16/2323_dates.npy
2324,data16/2324_sits.npy,data16/2324_labels.npy,data16/2324_dates.npy
2325,data16/2325_sits.npy,data16/2325_labels.npy,data16/2325_dates.npy
2344,data16/2344_sits.npy,data16/2344_labels.npy,data16/2344_dates.npy
2345,data16/2345_sits.npy,data16/2345_labels.npy,data16/2345_dates.npy
2346,data16/2346_sits.npy,data16/2346_labels.npy,data16/2346_dates.npy
2347,data16/2347_sits.npy,data16/2347_labels.npy,data16/2347_dates.npy
2348,data16/2348_sits.npy,data16/2348_labels.npy,data16/2348_dates.npy
2349,data16/2349_sits.npy,data16/2349_labels.npy,data16/2349_dates.npy
2367,data16/2367_sits.npy,data16/2367_labels.npy,data16/2367_dates.npy
2368,data16/2368_sits.npy,data16/2368_labels.npy,data16/2368_dates.npy
2369,data16/2369_sits.npy,data16/2369_labels.npy,data16/2369_dates.npy
2371,data16/2371_sits.npy,data16/2371_labels.npy,data16/2371_dates.npy
2372,data16/2372_sits.npy,data16/2372_labels.npy,data16/2372_dates.npy
2383,data16/2383_sits.npy,data16/2383_labels.npy,data16/2383_dates.npy
2384,data16/2384_sits.npy,data16/2384_labels.npy,data16/2384_dates.npy
2386,data16/2386_sits.npy,data16/2386_labels.npy,data16/2386_dates.npy
2387,data16/2387_sits.npy,data16/2387_labels.npy,data16/2387_dates.npy
2393,data16/2393_sits.npy,data16/2393_labels.npy,data16/2393_dates.npy
2394,data16/2394_sits.npy,data16/2394_labels.npy,data16/2394_dates.npy
2396,data16/2396_sits.npy,data16/2396_labels.npy,data16/2396_dates.npy
2399,data16/2399_sits.npy,data16/2399_labels.npy,data16/2399_dates.npy
2401,data16/2401_sits.npy,data16/2401_labels.npy,data16/2401_dates.npy
2402,data16/2402_sits.npy,data16/2402_labels.npy,data16/2402_dates.npy
2403,data16/2403_sits.npy,data16/2403_labels.npy,data16/2403_dates.npy
2404,data16/2404_sits.npy,data16/2404_labels.npy,data16/2404_dates.npy
2407,data16/2407_sits.npy,data16/2407_labels.npy,data16/2407_dates.npy
2408,data16/2408_sits.npy,data16/2408_labels.npy,data16/2408_dates.npy
2409,data16/2409_sits.npy,data16/2409_labels.npy,data16/2409_dates.npy
2411,data16/2411_sits.npy,data16/2411_labels.npy,data16/2411_dates.npy
2412,data16/2412_sits.npy,data16/2412_labels.npy,data16/2412_dates.npy
2431,data16/2431_sits.npy,data16/2431_labels.npy,data16/2431_dates.npy
2432,data16/2432_sits.npy,data16/2432_labels.npy,data16/2432_dates.npy
2433,data16/2433_sits.npy,data16/2433_labels.npy,data16/2433_dates.npy
2434,data16/2434_sits.npy,data16/2434_labels.npy,data16/2434_dates.npy
2436,data16/2436_sits.npy,data16/2436_labels.npy,data16/2436_dates.npy
2454,data16/2454_sits.npy,data16/2454_labels.npy,data16/2454_dates.npy
2455,data16/2455_sits.npy,data16/2455_labels.npy,data16/2455_dates.npy
2457,data16/2457_sits.npy,data16/2457_labels.npy,data16/2457_dates.npy
2458,data16/2458_sits.npy,data16/2458_labels.npy,data16/2458_dates.npy
2459,data16/2459_sits.npy,data16/2459_labels.npy,data16/2459_dates.npy
2470,data16/2470_sits.npy,data16/2470_labels.npy,data16/2470_dates.npy
2471,data16/2471_sits.npy,data16/2471_labels.npy,data16/2471_dates.npy
2473,data16/2473_sits.npy,data16/2473_labels.npy,data16/2473_dates.npy
2474,data16/2474_sits.npy,data16/2474_labels.npy,data16/2474_dates.npy
2480,data16/2480_sits.npy,data16/2480_labels.npy,data16/2480_dates.npy
2481,data16/2481_sits.npy,data16/2481_labels.npy,data16/2481_dates.npy
2482,data16/2482_sits.npy,data16/2482_labels.npy,data16/2482_dates.npy
2483,data16/2483_sits.npy,data16/2483_labels.npy,data16/2483_dates.npy
2486,data16/2486_sits.npy,data16/2486_labels.npy,data16/2486_dates.npy
2487,data16/2487_sits.npy,data16/2487_labels.npy,data16/2487_dates.npy
2488,data16/2488_sits.npy,data16/2488_labels.npy,data16/2488_dates.npy
2489,data16/2489_sits.npy,data16/2489_labels.npy,data16/2489_dates.npy
2491,data16/2491_sits.npy,data16/2491_labels.npy,data16/2491_dates.npy
2494,data16/2494_sits.npy,data16/2494_labels.npy,data16/2494_dates.npy
2495,data16/2495_sits.npy,data16/2495_labels.npy,data16/2495_dates.npy
2496,data16/2496_sits.npy,data16/2496_labels.npy,data16/2496_dates.npy
2497,data16/2497_sits.npy,data16/2497_labels.npy,data16/2497_dates.npy
2498,data16/2498_sits.npy,data16/2498_labels.npy,data16/2498_dates.npy
2499,data16/2499_sits.npy,data16/2499_labels.npy,data16/2499_dates.npy
2518,data16/2518_sits.npy,data16/2518_labels.npy,data16/2518_dates.npy
2519,data16/2519_sits.npy,data16/2519_labels.npy,data16/2519_dates.npy
2520,data16/2520_sits.npy,data16/2520_labels.npy,data16/2520_dates.npy
2521,data16/2521_sits.npy,data16/2521_labels.npy,data16/2521_dates.npy
2522,data16/2522_sits.npy,data16/2522_labels.npy,data16/2522_dates.npy
2523,data16/2523_sits.npy,data16/2523_labels.npy,data16/2523_dates.npy
2542,data16/2542_sits.npy,data16/2542_labels.npy,data16/2542_dates.npy
2544,data16/2544_sits.npy,data16/2544_labels.npy,data16/2544_dates.npy
2545,data16/2545_sits.npy,data16/2545_labels.npy,data16/2545_dates.npy
2557,data16/2557_sits.npy,data16/2557_labels.npy,data16/2557_dates.npy
2559,data16/2559_sits.npy,data16/2559_labels.npy,data16/2559_dates.npy
2560,data16/2560_sits.npy,data16/2560_labels.npy,data16/2560_dates.npy
2562,data16/2562_sits.npy,data16/2562_labels.npy,data16/2562_dates.npy
2565,data16/2565_sits.npy,data16/2565_labels.npy,data16/2565_dates.npy
2567,data16/2567_sits.npy,data16/2567_labels.npy,data16/2567_dates.npy
2569,data16/2569_sits.npy,data16/2569_labels.npy,data16/2569_dates.npy
2570,data16/2570_sits.npy,data16/2570_labels.npy,data16/2570_dates.npy
2574,data16/2574_sits.npy,data16/2574_labels.npy,data16/2574_dates.npy
2575,data16/2575_sits.npy,data16/2575_labels.npy,data16/2575_dates.npy
2582,data16/2582_sits.npy,data16/2582_labels.npy,data16/2582_dates.npy
2584,data16/2584_sits.npy,data16/2584_labels.npy,data16/2584_dates.npy
2585,data16/2585_sits.npy,data16/2585_labels.npy,data16/2585_dates.npy
2605,data16/2605_sits.npy,data16/2605_labels.npy,data16/2605_dates.npy
2607,data16/2607_sits.npy,data16/2607_labels.npy,data16/2607_dates.npy
2609,data16/2609_sits.npy,data16/2609_labels.npy,data16/2609_dates.npy
2610,data16/2610_sits.npy,data16/2610_labels.npy,data16/2610_dates.npy
2629,data16/2629_sits.npy,data16/2629_labels.npy,data16/2629_dates.npy
2630,data16/2630_sits.npy,data16/2630_labels.npy,data16/2630_dates.npy
2632,data16/2632_sits.npy,data16/2632_labels.npy,data16/2632_dates.npy
2633,data16/2633_sits.npy,data16/2633_labels.npy,data16/2633_dates.npy
2644,data16/2644_sits.npy,data16/2644_labels.npy,data16/2644_dates.npy
2645,data16/2645_sits.npy,data16/2645_labels.npy,data16/2645_dates.npy
2647,data16/2647_sits.npy,data16/2647_labels.npy,data16/2647_dates.npy
2648,data16/2648_sits.npy,data16/2648_labels.npy,data16/2648_dates.npy
2649,data16/2649_sits.npy,data16/2649_labels.npy,data16/2649_dates.npy
2652,data16/2652_sits.npy,data16/2652_labels.npy,data16/2652_dates.npy
2653,data16/2653_sits.npy,data16/2653_labels.npy,data16/2653_dates.npy
2654,data16/2654_sits.npy,data16/2654_labels.npy,data16/2654_dates.npy
2655,data16/2655_sits.npy,data16/2655_labels.npy,data16/2655_dates.npy
2657,data16/2657_sits.npy,data16/2657_labels.npy,data16/2657_dates.npy
2660,data16/2660_sits.npy,data16/2660_labels.npy,data16/2660_dates.npy
2662,data16/2662_sits.npy,data16/2662_labels.npy,data16/2662_dates.npy
2663,data16/2663_sits.npy,data16/2663_labels.npy,data16/2663_dates.npy
2664,data16/2664_sits.npy,data16/2664_labels.npy,data16/2664_dates.npy
2665,data16/2665_sits.npy,data16/2665_labels.npy,data16/2665_dates.npy
2668,data16/2668_sits.npy,data16/2668_labels.npy,data16/2668_dates.npy
2670,data16/2670_sits.npy,data16/2670_labels.npy,data16/2670_dates.npy
2672,data16/2672_sits.npy,data16/2672_labels.npy,data16/2672_dates.npy
2673,data16/2673_sits.npy,data16/2673_labels.npy,data16/2673_dates.npy
2692,data16/2692_sits.npy,data16/2692_labels.npy,data16/2692_dates.npy
2693,data16/2693_sits.npy,data16/2693_labels.npy,data16/2693_dates.npy
2694,data16/2694_sits.npy,data16/2694_labels.npy,data16/2694_dates.npy
2695,data16/2695_sits.npy,data16/2695_labels.npy,data16/2695_dates.npy
2697,data16/2697_sits.npy,data16/2697_labels.npy,data16/2697_dates.npy
2873,data16/2873_sits.npy,data16/2873_labels.npy,data16/2873_dates.npy
2881,data16/2881_sits.npy,data16/2881_labels.npy,data16/2881_dates.npy
2882,data16/2882_sits.npy,data16/2882_labels.npy,data16/2882_dates.npy
2883,data16/2883_sits.npy,data16/2883_labels.npy,data16/2883_dates.npy
2884,data16/2884_sits.npy,data16/2884_labels.npy,data16/2884_dates.npy
2885,data16/2885_sits.npy,data16/2885_labels.npy,data16/2885_dates.npy
2886,data16/2886_sits.npy,data16/2886_labels.npy,data16/2886_dates.npy
2889,data16/2889_sits.npy,data16/2889_labels.npy,data16/2889_dates.npy
2891,data16/2891_sits.npy,data16/2891_labels.npy,data16/2891_dates.npy
2892,data16/2892_sits.npy,data16/2892_labels.npy,data16/2892_dates.npy
2893,data16/2893_sits.npy,data16/2893_labels.npy,data16/2893_dates.npy
2894,data16/2894_sits.npy,data16/2894_labels.npy,data16/2894_dates.npy
2914,data16/2914_sits.npy,data16/2914_labels.npy,data16/2914_dates.npy
2915,data16/2915_sits.npy,data16/2915_labels.npy,data16/2915_dates.npy
2916,data16/2916_sits.npy,data16/2916_labels.npy,data16/2916_dates.npy
2917,data16/2917_sits.npy,data16/2917_labels.npy,data16/2917_dates.npy
2918,data16/2918_sits.npy,data16/2918_labels.npy,data16/2918_dates.npy
2922,data16/2922_sits.npy,data16/2922_labels.npy,data16/2922_dates.npy
2923,data16/2923_sits.npy,data16/2923_labels.npy,data16/2923_dates.npy
2924,data16/2924_sits.npy,data16/2924_labels.npy,data16/2924_dates.npy
2925,data16/2925_sits.npy,data16/2925_labels.npy,data16/2925_dates.npy
2926,data16/2926_sits.npy,data16/2926_labels.npy,data16/2926_dates.npy
2950,data16/2950_sits.npy,data16/2950_labels.npy,data16/2950_dates.npy
2960,data16/2960_sits.npy,data16/2960_labels.npy,data16/2960_dates.npy
2962,data16/2962_sits.npy,data16/2962_labels.npy,data16/2962_dates.npy
2965,data16/2965_sits.npy,data16/2965_labels.npy,data16/2965_dates.npy
2969,data16/2969_sits.npy,data16/2969_labels.npy,data16/2969_dates.npy
2970,data16/2970_sits.npy,data16/2970_labels.npy,data16/2970_dates.npy
2972,data16/2972_sits.npy,data16/2972_labels.npy,data16/2972_dates.npy
2977,data16/2977_sits.npy,data16/2977_labels.npy,data16/2977_dates.npy
2979,data16/2979_sits.npy,data16/2979_labels.npy,data16/2979_dates.npy
2980,data16/2980_sits.npy,data16/2980_labels.npy,data16/2980_dates.npy
3000,data16/3000_sits.npy,data16/3000_labels.npy,data16/3000_dates.npy
3002,data16/3002_sits.npy,data16/3002_labels.npy,data16/3002_dates.npy
3004,data16/3004_sits.npy,data16/3004_labels.npy,data16/3004_dates.npy
3005,data16/3005_sits.npy,data16/3005_labels.npy,data16/3005_dates.npy
3009,data16/3009_sits.npy,data16/3009_labels.npy,data16/3009_dates.npy
3010,data16/3010_sits.npy,data16/3010_labels.npy,data16/3010_dates.npy
3012,data16/3012_sits.npy,data16/3012_labels.npy,data16/3012_dates.npy
3032,data16/3032_sits.npy,data16/3032_labels.npy,data16/3032_dates.npy
3047,data16/3047_sits.npy,data16/3047_labels.npy,data16/3047_dates.npy
3048,data16/3048_sits.npy,data16/3048_labels.npy,data16/3048_dates.npy
3049,data16/3049_sits.npy,data16/3049_labels.npy,data16/3049_dates.npy
3050,data16/3050_sits.npy,data16/3050_labels.npy,data16/3050_dates.npy
3052,data16/3052_sits.npy,data16/3052_labels.npy,data16/3052_dates.npy
3055,data16/3055_sits.npy,data16/3055_labels.npy,data16/3055_dates.npy
3057,data16/3057_sits.npy,data16/3057_labels.npy,data16/3057_dates.npy
3058,data16/3058_sits.npy,data16/3058_labels.npy,data16/3058_dates.npy
3059,data16/3059_sits.npy,data16/3059_labels.npy,data16/3059_dates.npy
3060,data16/3060_sits.npy,data16/3060_labels.npy,data16/3060_dates.npy
3063,data16/3063_sits.npy,data16/3063_labels.npy,data16/3063_dates.npy
3064,data16/3064_sits.npy,data16/3064_labels.npy,data16/3064_dates.npy
3065,data16/3065_sits.npy,data16/3065_labels.npy,data16/3065_dates.npy
3067,data16/3067_sits.npy,data16/3067_labels.npy,data16/3067_dates.npy
3068,data16/3068_sits.npy,data16/3068_labels.npy,data16/3068_dates.npy
3087,data16/3087_sits.npy,data16/3087_labels.npy,data16/3087_dates.npy
3088,data16/3088_sits.npy,data16/3088_labels.npy,data16/3088_dates.npy
3089,data16/3089_sits.npy,data16/3089_labels.npy,data16/3089_dates.npy
3092,data16/3092_sits.npy,data16/3092_labels.npy,data16/3092_dates.npy
3097,data16/3097_sits.npy,data16/3097_labels.npy,data16/3097_dates.npy
3098,data16/3098_sits.npy,data16/3098_labels.npy,data16/3098_dates.npy
3099,data16/3099_sits.npy,data16/3099_labels.npy,data16/3099_dates.npy
3100,data16/3100_sits.npy,data16/3100_labels.npy,data16/3100_dates.npy
3119,data16/3119_sits.npy,data16/3119_labels.npy,data16/3119_dates.npy
3120,data16/3120_sits.npy,data16/3120_labels.npy,data16/3120_dates.npy
3123,data16/3123_sits.npy,data16/3123_labels.npy,data16/3123_dates.npy
3124,data16/3124_sits.npy,data16/3124_labels.npy,data16/3124_dates.npy
3134,data16/3134_sits.npy,data16/3134_labels.npy,data16/3134_dates.npy
3135,data16/3135_sits.npy,data16/3135_labels.npy,data16/3135_dates.npy
3137,data16/3137_sits.npy,data16/3137_labels.npy,data16/3137_dates.npy
3138,data16/3138_sits.npy,data16/3138_labels.npy,data16/3138_dates.npy
3139,data16/3139_sits.npy,data16/3139_labels.npy,data16/3139_dates.npy
3142,data16/3142_sits.npy,data16/3142_labels.npy,data16/3142_dates.npy
3143,data16/3143_sits.npy,data16/3143_labels.npy,data16/3143_dates.npy
3144,data16/3144_sits.npy,data16/3144_labels.npy,data16/3144_dates.npy
3145,data16/3145_sits.npy,data16/3145_labels.npy,data16/3145_dates.npy
3146,data16/3146_sits.npy,data16/3146_labels.npy,data16/3146_dates.npy
3147,data16/3147_sits.npy,data16/3147_labels.npy,data16/3147_dates.npy
3150,data16/3150_sits.npy,data16/3150_labels.npy,data16/3150_dates.npy
3151,data16/3151_sits.npy,data16/3151_labels.npy,data16/3151_dates.npy
3152,data16/3152_sits.npy,data16/3152_labels.npy,data16/3152_dates.npy
3153,data16/3153_sits.npy,data16/3153_labels.npy,data16/3153_dates.npy
3154,data16/3154_sits.npy,data16/3154_labels.npy,data16/3154_dates.npy
3155,data16/3155_sits.npy,data16/3155_labels.npy,data16/3155_dates.npy
3174,data16/3174_sits.npy,data16/3174_labels.npy,data16/3174_dates.npy
3175,data16/3175_sits.npy,data16/3175_labels.npy,data16/3175_dates.npy
3176,data16/3176_sits.npy,data16/3176_labels.npy,data16/3176_dates.npy
3177,data16/3177_sits.npy,data16/3177_labels.npy,data16/3177_dates.npy
3178,data16/3178_sits.npy,data16/3178_labels.npy,data16/3178_dates.npy
3179,data16/3179_sits.npy,data16/3179_labels.npy,data16/3179_dates.npy
3182,data16/3182_sits.npy,data16/3182_labels.npy,data16/3182_dates.npy
3183,data16/3183_sits.npy,data16/3183_labels.npy,data16/3183_dates.npy
3184,data16/3184_sits.npy,data16/3184_labels.npy,data16/3184_dates.npy
3185,data16/3185_sits.npy,data16/3185_labels.npy,data16/3185_dates.npy
3186,data16/3186_sits.npy,data16/3186_labels.npy,data16/3186_dates.npy
3187,data16/3187_sits.npy,data16/3187_labels.npy,data16/3187_dates.npy
3206,data16/3206_sits.npy,data16/3206_labels.npy,data16/3206_dates.npy
3207,data16/3207_sits.npy,data16/3207_labels.npy,data16/3207_dates.npy
3208,data16/3208_sits.npy,data16/3208_labels.npy,data16/3208_dates.npy
3209,data16/3209_sits.npy,data16/3209_labels.npy,data16/3209_dates.npy
3210,data16/3210_sits.npy,data16/3210_labels.npy,data16/3210_dates.npy
3211,data16/3211_sits.npy,data16/3211_labels.npy,data16/3211_dates.npy
3221,data16/3221_sits.npy,data16/3221_labels.npy,data16/3221_dates.npy
3222,data16/3222_sits.npy,data16/3222_labels.npy,data16/3222_dates.npy
3223,data16/3223_sits.npy,data16/3223_labels.npy,data16/3223_dates.npy
3224,data16/3224_sits.npy,data16/3224_labels.npy,data16/3224_dates.npy
3226,data16/3226_sits.npy,data16/3226_labels.npy,data16/3226_dates.npy
3229,data16/3229_sits.npy,data16/3229_labels.npy,data16/3229_dates.npy
3231,data16/3231_sits.npy,data16/3231_labels.npy,data16/3231_dates.npy
3232,data16/3232_sits.npy,data16/3232_labels.npy,data16/3232_dates.npy
3233,data16/3233_sits.npy,data16/3233_labels.npy,data16/3233_dates.npy
3234,data16/3234_sits.npy,data16/3234_labels.npy,data16/3234_dates.npy
3237,data16/3237_sits.npy,data16/3237_labels.npy,data16/3237_dates.npy
3238,data16/3238_sits.npy,data16/3238_labels.npy,data16/3238_dates.npy
3239,data16/3239_sits.npy,data16/3239_labels.npy,data16/3239_dates.npy
3241,data16/3241_sits.npy,data16/3241_labels.npy,data16/3241_dates.npy
3242,data16/3242_sits.npy,data16/3242_labels.npy,data16/3242_dates.npy
3261,data16/3261_sits.npy,data16/3261_labels.npy,data16/3261_dates.npy
3262,data16/3262_sits.npy,data16/3262_labels.npy,data16/3262_dates.npy
3263,data16/3263_sits.npy,data16/3263_labels.npy,data16/3263_dates.npy
3264,data16/3264_sits.npy,data16/3264_labels.npy,data16/3264_dates.npy
3266,data16/3266_sits.npy,data16/3266_labels.npy,data16/3266_dates.npy
3269,data16/3269_sits.npy,data16/3269_labels.npy,data16/3269_dates.npy
3271,data16/3271_sits.npy,data16/3271_labels.npy,data16/3271_dates.npy
3272,data16/3272_sits.npy,data16/3272_labels.npy,data16/3272_dates.npy
3273,data16/3273_sits.npy,data16/3273_labels.npy,data16/3273_dates.npy
3274,data16/3274_sits.npy,data16/3274_labels.npy,data16/3274_dates.npy
3293,data16/3293_sits.npy,data16/3293_labels.npy,data16/3293_dates.npy
3294,data16/3294_sits.npy,data16/3294_labels.npy,data16/3294_dates.npy
3296,data16/3296_sits.npy,data16/3296_labels.npy,data16/3296_dates.npy
3297,data16/3297_sits.npy,data16/3297_labels.npy,data16/3297_dates.npy
3298,data16/3298_sits.npy,data16/3298_labels.npy,data16/3298_dates.npy
3308,data16/3308_sits.npy,data16/3308_labels.npy,data16/3308_dates.npy
3309,data16/3309_sits.npy,data16/3309_labels.npy,data16/3309_dates.npy
3310,data16/3310_sits.npy,data16/3310_labels.npy,data16/3310_dates.npy
3311,data16/3311_sits.npy,data16/3311_labels.npy,data16/3311_dates.npy
3312,data16/3312_sits.npy,data16/3312_labels.npy,data16/3312_dates.npy
3313,data16/3313_sits.npy,data16/3313_labels.npy,data16/3313_dates.npy
3316,data16/3316_sits.npy,data16/3316_labels.npy,data16/3316_dates.npy
3317,data16/3317_sits.npy,data16/3317_labels.npy,data16/3317_dates.npy
3318,data16/3318_sits.npy,data16/3318_labels.npy,data16/3318_dates.npy
3319,data16/3319_sits.npy,data16/3319_labels.npy,data16/3319_dates.npy
3320,data16/3320_sits.npy,data16/3320_labels.npy,data16/3320_dates.npy
3321,data16/3321_sits.npy,data16/3321_labels.npy,data16/3321_dates.npy
3324,data16/3324_sits.npy,data16/3324_labels.npy,data16/3324_dates.npy
3325,data16/3325_sits.npy,data16/3325_labels.npy,data16/3325_dates.npy
3326,data16/3326_sits.npy,data16/3326_labels.npy,data16/3326_dates.npy
3327,data16/3327_sits.npy,data16/3327_labels.npy,data16/3327_dates.npy
3328,data16/3328_sits.npy,data16/3328_labels.npy,data16/3328_dates.npy
3329,data16/3329_sits.npy,data16/3329_labels.npy,data16/3329_dates.npy
3348,data16/3348_sits.npy,data16/3348_labels.npy,data16/3348_dates.npy
3349,data16/3349_sits.npy,data16/3349_labels.npy,data16/3349_dates.npy
3350,data16/3350_sits.npy,data16/3350_labels.npy,data16/3350_dates.npy
3351,data16/3351_sits.npy,data16/3351_labels.npy,data16/3351_dates.npy
3352,data16/3352_sits.npy,data16/3352_labels.npy,data16/3352_dates.npy
3353,data16/3353_sits.npy,data16/3353_labels.npy,data16/3353_dates.npy
3356,data16/3356_sits.npy,data16/3356_labels.npy,data16/3356_dates.npy
3357,data16/3357_sits.npy,data16/3357_labels.npy,data16/3357_dates.npy
3358,data16/3358_sits.npy,data16/3358_labels.npy,data16/3358_dates.npy
3359,data16/3359_sits.npy,data16/3359_labels.npy,data16/3359_dates.npy
3380,data16/3380_sits.npy,data16/3380_labels.npy,data16/3380_dates.npy
3381,data16/3381_sits.npy,data16/3381_labels.npy,data16/3381_dates.npy
3382,data16/3382_sits.npy,data16/3382_labels.npy,data16/3382_dates.npy
3383,data16/3383_sits.npy,data16/3383_labels.npy,data16/3383_dates.npy
3384,data16/3384_sits.npy,data16/3384_labels.npy,data16/3384_dates.npy
3385,data16/3385_sits.npy,data16/3385_labels.npy,data16/3385_dates.npy
3569,data16/3569_sits.npy,data16/3569_labels.npy,data16/3569_dates.npy
3570,data16/3570_sits.npy,data16/3570_labels.npy,data16/3570_dates.npy
3571,data16/3571_sits.npy,data16/3571_labels.npy,data16/3571_dates.npy
3572,data16/3572_sits.npy,data16/3572_labels.npy,data16/3572_dates.npy
3573,data16/3573_sits.npy,data16/3573_labels.npy,data16/3573_dates.npy
3574,data16/3574_sits.npy,data16/3574_labels.npy,data16/3574_dates.npy
3577,data16/3577_sits.npy,data16/3577_labels.npy,data16/3577_dates.npy
3578,data16/3578_sits.npy,data16/3578_labels.npy,data16/3578_dates.npy
3581,data16/3581_sits.npy,data16/3581_labels.npy,data16/3581_dates.npy
3582,data16/3582_sits.npy,data16/3582_labels.npy,data16/3582_dates.npy
3588,data16/3588_sits.npy,data16/3588_labels.npy,data16/3588_dates.npy
3589,data16/3589_sits.npy,data16/3589_labels.npy,data16/3589_dates.npy
3590,data16/3590_sits.npy,data16/3590_labels.npy,data16/3590_dates.npy
3593,data16/3593_sits.npy,data16/3593_labels.npy,data16/3593_dates.npy
3594,data16/3594_sits.npy,data16/3594_labels.npy,data16/3594_dates.npy
3595,data16/3595_sits.npy,data16/3595_labels.npy,data16/3595_dates.npy
3596,data16/3596_sits.npy,data16/3596_labels.npy,data16/3596_dates.npy
3597,data16/3597_sits.npy,data16/3597_labels.npy,data16/3597_dates.npy
3598,data16/3598_sits.npy,data16/3598_labels.npy,data16/3598_dates.npy
3601,data16/3601_sits.npy,data16/3601_labels.npy,data16/3601_dates.npy
3602,data16/3602_sits.npy,data16/3602_labels.npy,data16/3602_dates.npy
3603,data16/3603_sits.npy,data16/3603_labels.npy,data16/3603_dates.npy
3604,data16/3604_sits.npy,data16/3604_labels.npy,data16/3604_dates.npy
3605,data16/3605_sits.npy,data16/3605_labels.npy,data16/3605_dates.npy
3606,data16/3606_sits.npy,data16/3606_labels.npy,data16/3606_dates.npy
3609,data16/3609_sits.npy,data16/3609_labels.npy,data16/3609_dates.npy
3610,data16/3610_sits.npy,data16/3610_labels.npy,data16/3610_dates.npy
3611,data16/3611_sits.npy,data16/3611_labels.npy,data16/3611_dates.npy
3612,data16/3612_sits.npy,data16/3612_labels.npy,data16/3612_dates.npy
3613,data16/3613_sits.npy,data16/3613_labels.npy,data16/3613_dates.npy
3614,data16/3614_sits.npy,data16/3614_labels.npy,data16/3614_dates.npy
3625,data16/3625_sits.npy,data16/3625_labels.npy,data16/3625_dates.npy
3626,data16/3626_sits.npy,data16/3626_labels.npy,data16/3626_dates.npy
3627,data16/3627_sits.npy,data16/3627_labels.npy,data16/3627_dates.npy
3628,data16/3628_sits.npy,data16/3628_labels.npy,data16/3628_dates.npy
3629,data16/3629_sits.npy,data16/3629_labels.npy,data16/3629_dates.npy
3630,data16/3630_sits.npy,data16/3630_labels.npy,data16/3630_dates.npy
3633,data16/3633_sits.npy,data16/3633_labels.npy,data16/3633_dates.npy
3634,data16/3634_sits.npy,data16/3634_labels.npy,data16/3634_dates.npy
3635,data16/3635_sits.npy,data16/3635_labels.npy,data16/3635_dates.npy
3636,data16/3636_sits.npy,data16/3636_labels.npy,data16/3636_dates.npy
3637,data16/3637_sits.npy,data16/3637_labels.npy,data16/3637_dates.npy
3638,data16/3638_sits.npy,data16/3638_labels.npy,data16/3638_dates.npy
3656,data16/3656_sits.npy,data16/3656_labels.npy,data16/3656_dates.npy
3657,data16/3657_sits.npy,data16/3657_labels.npy,data16/3657_dates.npy
3658,data16/3658_sits.npy,data16/3658_labels.npy,data16/3658_dates.npy
3659,data16/3659_sits.npy,data16/3659_labels.npy,data16/3659_dates.npy
3661,data16/3661_sits.npy,data16/3661_labels.npy,data16/3661_dates.npy
3664,data16/3664_sits.npy,data16/3664_labels.npy,data16/3664_dates.npy
3666,data16/3666_sits.npy,data16/3666_labels.npy,data16/3666_dates.npy
3668,data16/3668_sits.npy,data16/3668_labels.npy,data16/3668_dates.npy
3669,data16/3669_sits.npy,data16/3669_labels.npy,data16/3669_dates.npy
3676,data16/3676_sits.npy,data16/3676_labels.npy,data16/3676_dates.npy
3677,data16/3677_sits.npy,data16/3677_labels.npy,data16/3677_dates.npy
3681,data16/3681_sits.npy,data16/3681_labels.npy,data16/3681_dates.npy
3682,data16/3682_sits.npy,data16/3682_labels.npy,data16/3682_dates.npy
3683,data16/3683_sits.npy,data16/3683_labels.npy,data16/3683_dates.npy
3684,data16/3684_sits.npy,data16/3684_labels.npy,data16/3684_dates.npy
3688,data16/3688_sits.npy,data16/3688_labels.npy,data16/3688_dates.npy
3689,data16/3689_sits.npy,data16/3689_labels.npy,data16/3689_dates.npy
3691,data16/3691_sits.npy,data16/3691_labels.npy,data16/3691_dates.npy
3692,data16/3692_sits.npy,data16/3692_labels.npy,data16/3692_dates.npy
3693,data16/3693_sits.npy,data16/3693_labels.npy,data16/3693_dates.npy
3696,data16/3696_sits.npy,data16/3696_labels.npy,data16/3696_dates.npy
3697,data16/3697_sits.npy,data16/3697_labels.npy,data16/3697_dates.npy
3698,data16/3698_sits.npy,data16/3698_labels.npy,data16/3698_dates.npy
3699,data16/3699_sits.npy,data16/3699_labels.npy,data16/3699_dates.npy
3701,data16/3701_sits.npy,data16/3701_labels.npy,data16/3701_dates.npy
3712,data16/3712_sits.npy,data16/3712_labels.npy,data16/3712_dates.npy
3713,data16/3713_sits.npy,data16/3713_labels.npy,data16/3713_dates.npy
3714,data16/3714_sits.npy,data16/3714_labels.npy,data16/3714_dates.npy
3716,data16/3716_sits.npy,data16/3716_labels.npy,data16/3716_dates.npy
3717,data16/3717_sits.npy,data16/3717_labels.npy,data16/3717_dates.npy
3721,data16/3721_sits.npy,data16/3721_labels.npy,data16/3721_dates.npy
3722,data16/3722_sits.npy,data16/3722_labels.npy,data16/3722_dates.npy
3723,data16/3723_sits.npy,data16/3723_labels.npy,data16/3723_dates.npy
3724,data16/3724_sits.npy,data16/3724_labels.npy,data16/3724_dates.npy
3743,data16/3743_sits.npy,data16/3743_labels.npy,data16/3743_dates.npy
3744,data16/3744_sits.npy,data16/3744_labels.npy,data16/3744_dates.npy
3745,data16/3745_sits.npy,data16/3745_labels.npy,data16/3745_dates.npy
3746,data16/3746_sits.npy,data16/3746_labels.npy,data16/3746_dates.npy
3747,data16/3747_sits.npy,data16/3747_labels.npy,data16/3747_dates.npy
3748,data16/3748_sits.npy,data16/3748_labels.npy,data16/3748_dates.npy
3751,data16/3751_sits.npy,data16/3751_labels.npy,data16/3751_dates.npy
3752,data16/3752_sits.npy,data16/3752_labels.npy,data16/3752_dates.npy
3753,data16/3753_sits.npy,data16/3753_labels.npy,data16/3753_dates.npy
3755,data16/3755_sits.npy,data16/3755_labels.npy,data16/3755_dates.npy
3756,data16/3756_sits.npy,data16/3756_labels.npy,data16/3756_dates.npy
3763,data16/3763_sits.npy,data16/3763_labels.npy,data16/3763_dates.npy
3764,data16/3764_sits.npy,data16/3764_labels.npy,data16/3764_dates.npy
3767,data16/3767_sits.npy,data16/3767_labels.npy,data16/3767_dates.npy
3768,data16/3768_sits.npy,data16/3768_labels.npy,data16/3768_dates.npy
3769,data16/3769_sits.npy,data16/3769_labels.npy,data16/3769_dates.npy
3770,data16/3770_sits.npy,data16/3770_labels.npy,data16/3770_dates.npy
3771,data16/3771_sits.npy,data16/3771_labels.npy,data16/3771_dates.npy
3772,data16/3772_sits.npy,data16/3772_labels.npy,data16/3772_dates.npy
3775,data16/3775_sits.npy,data16/3775_labels.npy,data16/3775_dates.npy
3776,data16/3776_sits.npy,data16/3776_labels.npy,data16/3776_dates.npy
3777,data16/3777_sits.npy,data16/3777_labels.npy,data16/3777_dates.npy
3778,data16/3778_sits.npy,data16/3778_labels.npy,data16/3778_dates.npy
3779,data16/3779_sits.npy,data16/3779_labels.npy,data16/3779_dates.npy
3780,data16/3780_sits.npy,data16/3780_labels.npy,data16/3780_dates.npy
3786,data16/3786_sits.npy,data16/3786_labels.npy,data16/3786_dates.npy
3787,data16/3787_sits.npy,data16/3787_labels.npy,data16/3787_dates.npy
3788,data16/3788_sits.npy,data16/3788_labels.npy,data16/3788_dates.npy
3799,data16/3799_sits.npy,data16/3799_labels.npy,data16/3799_dates.npy
3800,data16/3800_sits.npy,data16/3800_labels.npy,data16/3800_dates.npy
3801,data16/3801_sits.npy,data16/3801_labels.npy,data16/3801_dates.npy
3802,data16/3802_sits.npy,data16/3802_labels.npy,data16/3802_dates.npy
3803,data16/3803_sits.npy,data16/3803_labels.npy,data16/3803_dates.npy
3804,data16/3804_sits.npy,data16/3804_labels.npy,data16/3804_dates.npy
3807,data16/3807_sits.npy,data16/3807_labels.npy,data16/3807_dates.npy
3808,data16/3808_sits.npy,data16/3808_labels.npy,data16/3808_dates.npy
3809,data16/3809_sits.npy,data16/3809_labels.npy,data16/3809_dates.npy
3810,data16/3810_sits.npy,data16/3810_labels.npy,data16/3810_dates.npy
3811,data16/3811_sits.npy,data16/3811_labels.npy,data16/3811_dates.npy
3812,data16/3812_sits.npy,data16/3812_labels.npy,data16/3812_dates.npy
3830,data16/3830_sits.npy,data16/3830_labels.npy,data16/3830_dates.npy
3832,data16/3832_sits.npy,data16/3832_labels.npy,data16/3832_dates.npy
3834,data16/3834_sits.npy,data16/3834_labels.npy,data16/3834_dates.npy
3835,data16/3835_sits.npy,data16/3835_labels.npy,data16/3835_dates.npy
3839,data16/3839_sits.npy,data16/3839_labels.npy,data16/3839_dates.npy
3840,data16/3840_sits.npy,data16/3840_labels.npy,data16/3840_dates.npy
3842,data16/3842_sits.npy,data16/3842_labels.npy,data16/3842_dates.npy
3849,data16/3849_sits.npy,data16/3849_labels.npy,data16/3849_dates.npy
3854,data16/3854_sits.npy,data16/3854_labels.npy,data16/3854_dates.npy
3855,data16/3855_sits.npy,data16/3855_labels.npy,data16/3855_dates.npy
3857,data16/3857_sits.npy,data16/3857_labels.npy,data16/3857_dates.npy
3859,data16/3859_sits.npy,data16/3859_labels.npy,data16/3859_dates.npy
3862,data16/3862_sits.npy,data16/3862_labels.npy,data16/3862_dates.npy
3864,data16/3864_sits.npy,data16/3864_labels.npy,data16/3864_dates.npy
3865,data16/3865_sits.npy,data16/3865_labels.npy,data16/3865_dates.npy
3867,data16/3867_sits.npy,data16/3867_labels.npy,data16/3867_dates.npy
3870,data16/3870_sits.npy,data16/3870_labels.npy,data16/3870_dates.npy
3872,data16/3872_sits.npy,data16/3872_labels.npy,data16/3872_dates.npy
3874,data16/3874_sits.npy,data16/3874_labels.npy,data16/3874_dates.npy
3875,data16/3875_sits.npy,data16/3875_labels.npy,data16/3875_dates.npy
3887,data16/3887_sits.npy,data16/3887_labels.npy,data16/3887_dates.npy
3889,data16/3889_sits.npy,data16/3889_labels.npy,data16/3889_dates.npy
3890,data16/3890_sits.npy,data16/3890_labels.npy,data16/3890_dates.npy
3894,data16/3894_sits.npy,data16/3894_labels.npy,data16/3894_dates.npy
3895,data16/3895_sits.npy,data16/3895_labels.npy,data16/3895_dates.npy
3897,data16/3897_sits.npy,data16/3897_labels.npy,data16/3897_dates.npy
3899,data16/3899_sits.npy,data16/3899_labels.npy,data16/3899_dates.npy
3917,data16/3917_sits.npy,data16/3917_labels.npy,data16/3917_dates.npy
3918,data16/3918_sits.npy,data16/3918_labels.npy,data16/3918_dates.npy
3919,data16/3919_sits.npy,data16/3919_labels.npy,data16/3919_dates.npy
3920,data16/3920_sits.npy,data16/3920_labels.npy,data16/3920_dates.npy
3922,data16/3922_sits.npy,data16/3922_labels.npy,data16/3922_dates.npy
3925,data16/3925_sits.npy,data16/3925_labels.npy,data16/3925_dates.npy
3927,data16/3927_sits.npy,data16/3927_labels.npy,data16/3927_dates.npy
3928,data16/3928_sits.npy,data16/3928_labels.npy,data16/3928_dates.npy
3929,data16/3929_sits.npy,data16/3929_labels.npy,data16/3929_dates.npy
3930,data16/3930_sits.npy,data16/3930_labels.npy,data16/3930_dates.npy
3934,data16/3934_sits.npy,data16/3934_labels.npy,data16/3934_dates.npy
3935,data16/3935_sits.npy,data16/3935_labels.npy,data16/3935_dates.npy
3942,data16/3942_sits.npy,data16/3942_labels.npy,data16/3942_dates.npy
3943,data16/3943_sits.npy,data16/3943_labels.npy,data16/3943_dates.npy
3944,data16/3944_sits.npy,data16/3944_labels.npy,data16/3944_dates.npy
3945,data16/3945_sits.npy,data16/3945_labels.npy,data16/3945_dates.npy
3949,data16/3949_sits.npy,data16/3949_labels.npy,data16/3949_dates.npy
3950,data16/3950_sits.npy,data16/3950_labels.npy,data16/3950_dates.npy
3952,data16/3952_sits.npy,data16/3952_labels.npy,data16/3952_dates.npy
3953,data16/3953_sits.npy,data16/3953_labels.npy,data16/3953_dates.npy
3954,data16/3954_sits.npy,data16/3954_labels.npy,data16/3954_dates.npy
3957,data16/3957_sits.npy,data16/3957_labels.npy,data16/3957_dates.npy
3960,data16/3960_sits.npy,data16/3960_labels.npy,data16/3960_dates.npy
3962,data16/3962_sits.npy,data16/3962_labels.npy,data16/3962_dates.npy
3973,data16/3973_sits.npy,data16/3973_labels.npy,data16/3973_dates.npy
3974,data16/3974_sits.npy,data16/3974_labels.npy,data16/3974_dates.npy
3975,data16/3975_sits.npy,data16/3975_labels.npy,data16/3975_dates.npy
3977,data16/3977_sits.npy,data16/3977_labels.npy,data16/3977_dates.npy
3978,data16/3978_sits.npy,data16/3978_labels.npy,data16/3978_dates.npy
3982,data16/3982_sits.npy,data16/3982_labels.npy,data16/3982_dates.npy
3983,data16/3983_sits.npy,data16/3983_labels.npy,data16/3983_dates.npy
3984,data16/3984_sits.npy,data16/3984_labels.npy,data16/3984_dates.npy
3985,data16/3985_sits.npy,data16/3985_labels.npy,data16/3985_dates.npy
4004,data16/4004_sits.npy,data16/4004_labels.npy,data16/4004_dates.npy
4005,data16/4005_sits.npy,data16/4005_labels.npy,data16/4005_dates.npy
4006,data16/4006_sits.npy,data16/4006_labels.npy,data16/4006_dates.npy
4007,data16/4007_sits.npy,data16/4007_labels.npy,data16/4007_dates.npy
4008,data16/4008_sits.npy,data16/4008_labels.npy,data16/4008_dates.npy
4009,data16/4009_sits.npy,data16/4009_labels.npy,data16/4009_dates.npy
4012,data16/4012_sits.npy,data16/4012_labels.npy,data16/4012_dates.npy
4013,data16/4013_sits.npy,data16/4013_labels.npy,data16/4013_dates.npy
4014,data16/4014_sits.npy,data16/4014_labels.npy,data16/4014_dates.npy
4015,data16/4015_sits.npy,data16/4015_labels.npy,data16/4015_dates.npy
4016,data16/4016_sits.npy,data16/4016_labels.npy,data16/4016_dates.npy
4017,data16/4017_sits.npy,data16/4017_labels.npy,data16/4017_dates.npy
4020,data16/4020_sits.npy,data16/4020_labels.npy,data16/4020_dates.npy
4021,data16/4021_sits.npy,data16/4021_labels.npy,data16/4021_dates.npy
4022,data16/4022_sits.npy,data16/4022_labels.npy,data16/4022_dates.npy
4023,data16/4023_sits.npy,data16/4023_labels.npy,data16/4023_dates.npy
4024,data16/4024_sits.npy,data16/4024_labels.npy,data16/4024_dates.npy
4025,data16/4025_sits.npy,data16/4025_labels.npy,data16/4025_dates.npy
4028,data16/4028_sits.npy,data16/4028_labels.npy,data16/4028_dates.npy
4029,data16/4029_sits.npy,data16/4029_labels.npy,data16/4029_dates.npy
4030,data16/4030_sits.npy,data16/4030_labels.npy,data16/4030_dates.npy
4031,data16/4031_sits.npy,data16/4031_labels.npy,data16/4031_dates.npy
4032,data16/4032_sits.npy,data16/4032_labels.npy,data16/4032_dates.npy
4033,data16/4033_sits.npy,data16/4033_labels.npy,data16/4033_dates.npy
4036,data16/4036_sits.npy,data16/4036_labels.npy,data16/4036_dates.npy
4037,data16/4037_sits.npy,data16/4037_labels.npy,data16/4037_dates.npy
4038,data16/4038_sits.npy,data16/4038_labels.npy,data16/4038_dates.npy
4039,data16/4039_sits.npy,data16/4039_labels.npy,data16/4039_dates.npy
4040,data16/4040_sits.npy,data16/4040_labels.npy,data16/4040_dates.npy
4041,data16/4041_sits.npy,data16/4041_labels.npy,data16/4041_dates.npy
4047,data16/4047_sits.npy,data16/4047_labels.npy,data16/4047_dates.npy
4048,data16/4048_sits.npy,data16/4048_labels.npy,data16/4048_dates.npy
4049,data16/4049_sits.npy,data16/4049_labels.npy,data16/4049_dates.npy
4060,data16/4060_sits.npy,data16/4060_labels.npy,data16/4060_dates.npy
4061,data16/4061_sits.npy,data16/4061_labels.npy,data16/4061_dates.npy
4062,data16/4062_sits.npy,data16/4062_labels.npy,data16/4062_dates.npy
4063,data16/4063_sits.npy,data16/4063_labels.npy,data16/4063_dates.npy
4064,data16/4064_sits.npy,data16/4064_labels.npy,data16/4064_dates.npy
4065,data16/4065_sits.npy,data16/4065_labels.npy,data16/4065_dates.npy
4068,data16/4068_sits.npy,data16/4068_labels.npy,data16/4068_dates.npy
4069,data16/4069_sits.npy,data16/4069_labels.npy,data16/4069_dates.npy
4071,data16/4071_sits.npy,data16/4071_labels.npy,data16/4071_dates.npy
4072,data16/4072_sits.npy,data16/4072_labels.npy,data16/4072_dates.npy
4073,data16/4073_sits.npy,data16/4073_labels.npy,data16/4073_dates.npy
4289,data16/4289_sits.npy,data16/4289_labels.npy,data16/4289_dates.npy
4290,data16/4290_sits.npy,data16/4290_labels.npy,data16/4290_dates.npy
4292,data16/4292_sits.npy,data16/4292_labels.npy,data16/4292_dates.npy
4294,data16/4294_sits.npy,data16/4294_labels.npy,data16/4294_dates.npy
4297,data16/4297_sits.npy,data16/4297_labels.npy,data16/4297_dates.npy
4299,data16/4299_sits.npy,data16/4299_labels.npy,data16/4299_dates.npy
4300,data16/4300_sits.npy,data16/4300_labels.npy,data16/4300_dates.npy
4302,data16/4302_sits.npy,data16/4302_labels.npy,data16/4302_dates.npy
4305,data16/4305_sits.npy,data16/4305_labels.npy,data16/4305_dates.npy
4307,data16/4307_sits.npy,data16/4307_labels.npy,data16/4307_dates.npy
4309,data16/4309_sits.npy,data16/4309_labels.npy,data16/4309_dates.npy
4310,data16/4310_sits.npy,data16/4310_labels.npy,data16/4310_dates.npy
4314,data16/4314_sits.npy,data16/4314_labels.npy,data16/4314_dates.npy
4315,data16/4315_sits.npy,data16/4315_labels.npy,data16/4315_dates.npy
4317,data16/4317_sits.npy,data16/4317_labels.npy,data16/4317_dates.npy
4322,data16/4322_sits.npy,data16/4322_labels.npy,data16/4322_dates.npy
4324,data16/4324_sits.npy,data16/4324_labels.npy,data16/4324_dates.npy
4325,data16/4325_sits.npy,data16/4325_labels.npy,data16/4325_dates.npy
4345,data16/4345_sits.npy,data16/4345_labels.npy,data16/4345_dates.npy
4347,data16/4347_sits.npy,data16/4347_labels.npy,data16/4347_dates.npy
4349,data16/4349_sits.npy,data16/4349_labels.npy,data16/4349_dates.npy
4350,data16/4350_sits.npy,data16/4350_labels.npy,data16/4350_dates.npy
4377,data16/4377_sits.npy,data16/4377_labels.npy,data16/4377_dates.npy
4378,data16/4378_sits.npy,data16/4378_labels.npy,data16/4378_dates.npy
4379,data16/4379_sits.npy,data16/4379_labels.npy,data16/4379_dates.npy
4380,data16/4380_sits.npy,data16/4380_labels.npy,data16/4380_dates.npy
4384,data16/4384_sits.npy,data16/4384_labels.npy,data16/4384_dates.npy
4385,data16/4385_sits.npy,data16/4385_labels.npy,data16/4385_dates.npy
4387,data16/4387_sits.npy,data16/4387_labels.npy,data16/4387_dates.npy
4388,data16/4388_sits.npy,data16/4388_labels.npy,data16/4388_dates.npy
4389,data16/4389_sits.npy,data16/4389_labels.npy,data16/4389_dates.npy
4392,data16/4392_sits.npy,data16/4392_labels.npy,data16/4392_dates.npy
4393,data16/4393_sits.npy,data16/4393_labels.npy,data16/4393_dates.npy
4394,data16/4394_sits.npy,data16/4394_labels.npy,data16/4394_dates.npy
4395,data16/4395_sits.npy,data16/4395_labels.npy,data16/4395_dates.npy
4397,data16/4397_sits.npy,data16/4397_labels.npy,data16/4397_dates.npy
4400,data16/4400_sits.npy,data16/4400_labels.npy,data16/4400_dates.npy
4402,data16/4402_sits.npy,data16/4402_labels.npy,data16/4402_dates.npy
4403,data16/4403_sits.npy,data16/4403_labels.npy,data16/4403_dates.npy
4404,data16/4404_sits.npy,data16/4404_labels.npy,data16/4404_dates.npy
4405,data16/4405_sits.npy,data16/4405_labels.npy,data16/4405_dates.npy
4408,data16/4408_sits.npy,data16/4408_labels.npy,data16/4408_dates.npy
4409,data16/4409_sits.npy,data16/4409_labels.npy,data16/4409_dates.npy
4410,data16/4410_sits.npy,data16/4410_labels.npy,data16/4410_dates.npy
4412,data16/4412_sits.npy,data16/4412_labels.npy,data16/4412_dates.npy
4413,data16/4413_sits.npy,data16/4413_labels.npy,data16/4413_dates.npy
4432,data16/4432_sits.npy,data16/4432_labels.npy,data16/4432_dates.npy
4433,data16/4433_sits.npy,data16/4433_labels.npy,data16/4433_dates.npy
4434,data16/4434_sits.npy,data16/4434_labels.npy,data16/4434_dates.npy
4435,data16/4435_sits.npy,data16/4435_labels.npy,data16/4435_dates.npy
4437,data16/4437_sits.npy,data16/4437_labels.npy,data16/4437_dates.npy
4463,data16/4463_sits.npy,data16/4463_labels.npy,data16/4463_dates.npy
4464,data16/4464_sits.npy,data16/4464_labels.npy,data16/4464_dates.npy
4465,data16/4465_sits.npy,data16/4465_labels.npy,data16/4465_dates.npy
4466,data16/4466_sits.npy,data16/4466_labels.npy,data16/4466_dates.npy
4467,data16/4467_sits.npy,data16/4467_labels.npy,data16/4467_dates.npy
4468,data16/4468_sits.npy,data16/4468_labels.npy,data16/4468_dates.npy
4471,data16/4471_sits.npy,data16/4471_labels.npy,data16/4471_dates.npy
4472,data16/4472_sits.npy,data16/4472_labels.npy,data16/4472_dates.npy
4473,data16/4473_sits.npy,data16/4473_labels.npy,data16/4473_dates.npy
4474,data16/4474_sits.npy,data16/4474_labels.npy,data16/4474_dates.npy
4475,data16/4475_sits.npy,data16/4475_labels.npy,data16/4475_dates.npy
4476,data16/4476_sits.npy,data16/4476_labels.npy,data16/4476_dates.npy
4479,data16/4479_sits.npy,data16/4479_labels.npy,data16/4479_dates.npy
4480,data16/4480_sits.npy,data16/4480_labels.npy,data16/4480_dates.npy
4481,data16/4481_sits.npy,data16/4481_labels.npy,data16/4481_dates.npy
4482,data16/4482_sits.npy,data16/4482_labels.npy,data16/4482_dates.npy
4483,data16/4483_sits.npy,data16/4483_labels.npy,data16/4483_dates.npy
4484,data16/4484_sits.npy,data16/4484_labels.npy,data16/4484_dates.npy
4487,data16/4487_sits.npy,data16/4487_labels.npy,data16/4487_dates.npy
4488,data16/4488_sits.npy,data16/4488_labels.npy,data16/4488_dates.npy
4489,data16/4489_sits.npy,data16/4489_labels.npy,data16/4489_dates.npy
4490,data16/4490_sits.npy,data16/4490_labels.npy,data16/4490_dates.npy
4491,data16/4491_sits.npy,data16/4491_labels.npy,data16/4491_dates.npy
4492,data16/4492_sits.npy,data16/4492_labels.npy,data16/4492_dates.npy
4495,data16/4495_sits.npy,data16/4495_labels.npy,data16/4495_dates.npy
4496,data16/4496_sits.npy,data16/4496_labels.npy,data16/4496_dates.npy
4497,data16/4497_sits.npy,data16/4497_labels.npy,data16/4497_dates.npy
4498,data16/4498_sits.npy,data16/4498_labels.npy,data16/4498_dates.npy
4499,data16/4499_sits.npy,data16/4499_labels.npy,data16/4499_dates.npy
4500,data16/4500_sits.npy,data16/4500_labels.npy,data16/4500_dates.npy
4519,data16/4519_sits.npy,data16/4519_labels.npy,data16/4519_dates.npy
4520,data16/4520_sits.npy,data16/4520_labels.npy,data16/4520_dates.npy
4521,data16/4521_sits.npy,data16/4521_labels.npy,data16/4521_dates.npy
4522,data16/4522_sits.npy,data16/4522_labels.npy,data16/4522_dates.npy
4523,data16/4523_sits.npy,data16/4523_labels.npy,data16/4523_dates.npy
4524,data16/4524_sits.npy,data16/4524_labels.npy,data16/4524_dates.npy
4551,data16/4551_sits.npy,data16/4551_labels.npy,data16/4551_dates.npy
4552,data16/4552_sits.npy,data16/4552_labels.npy,data16/4552_dates.npy
4553,data16/4553_sits.npy,data16/4553_labels.npy,data16/4553_dates.npy
4554,data16/4554_sits.npy,data16/4554_labels.npy,data16/4554_dates.npy
4558,data16/4558_sits.npy,data16/4558_labels.npy,data16/4558_dates.npy
4559,data16/4559_sits.npy,data16/4559_labels.npy,data16/4559_dates.npy
4561,data16/4561_sits.npy,data16/4561_labels.npy,data16/4561_dates.npy
4563,data16/4563_sits.npy,data16/4563_labels.npy,data16/4563_dates.npy
4566,data16/4566_sits.npy,data16/4566_labels.npy,data16/4566_dates.npy
4567,data16/4567_sits.npy,data16/4567_labels.npy,data16/4567_dates.npy
4568,data16/4568_sits.npy,data16/4568_labels.npy,data16/4568_dates.npy
4569,data16/4569_sits.npy,data16/4569_labels.npy,data16/4569_dates.npy
4571,data16/4571_sits.npy,data16/4571_labels.npy,data16/4571_dates.npy
4574,data16/4574_sits.npy,data16/4574_labels.npy,data16/4574_dates.npy
4576,data16/4576_sits.npy,data16/4576_labels.npy,data16/4576_dates.npy
4577,data16/4577_sits.npy,data16/4577_labels.npy,data16/4577_dates.npy
4579,data16/4579_sits.npy,data16/4579_labels.npy,data16/4579_dates.npy
4582,data16/4582_sits.npy,data16/4582_labels.npy,data16/4582_dates.npy
4583,data16/4583_sits.npy,data16/4583_labels.npy,data16/4583_dates.npy
4584,data16/4584_sits.npy,data16/4584_labels.npy,data16/4584_dates.npy
4586,data16/4586_sits.npy,data16/4586_labels.npy,data16/4586_dates.npy
4587,data16/4587_sits.npy,data16/4587_labels.npy,data16/4587_dates.npy
4606,data16/4606_sits.npy,data16/4606_labels.npy,data16/4606_dates.npy
4607,data16/4607_sits.npy,data16/4607_labels.npy,data16/4607_dates.npy
4608,data16/4608_sits.npy,data16/4608_labels.npy,data16/4608_dates.npy
4609,data16/4609_sits.npy,data16/4609_labels.npy,data16/4609_dates.npy
4611,data16/4611_sits.npy,data16/4611_labels.npy,data16/4611_dates.npy
4637,data16/4637_sits.npy,data16/4637_labels.npy,data16/4637_dates.npy
4638,data16/4638_sits.npy,data16/4638_labels.npy,data16/4638_dates.npy
4639,data16/4639_sits.npy,data16/4639_labels.npy,data16/4639_dates.npy
4640,data16/4640_sits.npy,data16/4640_labels.npy,data16/4640_dates.npy
4641,data16/4641_sits.npy,data16/4641_labels.npy,data16/4641_dates.npy
4642,data16/4642_sits.npy,data16/4642_labels.npy,data16/4642_dates.npy
4645,data16/4645_sits.npy,data16/4645_labels.npy,data16/4645_dates.npy
4646,data16/4646_sits.npy,data16/4646_labels.npy,data16/4646_dates.npy
4647,data16/4647_sits.npy,data16/4647_labels.npy,data16/4647_dates.npy
4648,data16/4648_sits.npy,data16/4648_labels.npy,data16/4648_dates.npy
4649,data16/4649_sits.npy,data16/4649_labels.npy,data16/4649_dates.npy
4650,data16/4650_sits.npy,data16/4650_labels.npy,data16/4650_dates.npy
4653,data16/4653_sits.npy,data16/4653_labels.npy,data16/4653_dates.npy
4654,data16/4654_sits.npy,data16/4654_labels.npy,data16/4654_dates.npy
4655,data16/4655_sits.npy,data16/4655_labels.npy,data16/4655_dates.npy
4656,data16/4656_sits.npy,data16/4656_labels.npy,data16/4656_dates.npy
4657,data16/4657_sits.npy,data16/4657_labels.npy,data16/4657_dates.npy
4658,data16/4658_sits.npy,data16/4658_labels.npy,data16/4658_dates.npy
4661,data16/4661_sits.npy,data16/4661_labels.npy,data16/4661_dates.npy
4662,data16/4662_sits.npy,data16/4662_labels.npy,data16/4662_dates.npy
4663,data16/4663_sits.npy,data16/4663_labels.npy,data16/4663_dates.npy
4664,data16/4664_sits.npy,data16/4664_labels.npy,data16/4664_dates.npy
4665,data16/4665_sits.npy,data16/4665_labels.npy,data16/4665_dates.npy
4669,data16/4669_sits.npy,data16/4669_labels.npy,data16/4669_dates.npy
4670,data16/4670_sits.npy,data16/4670_labels.npy,data16/4670_dates.npy
4671,data16/4671_sits.npy,data16/4671_labels.npy,data16/4671_dates.npy
4672,data16/4672_sits.npy,data16/4672_labels.npy,data16/4672_dates.npy
4673,data16/4673_sits.npy,data16/4673_labels.npy,data16/4673_dates.npy
4674,data16/4674_sits.npy,data16/4674_labels.npy,data16/4674_dates.npy
4693,data16/4693_sits.npy,data16/4693_labels.npy,data16/4693_dates.npy
4694,data16/4694_sits.npy,data16/4694_labels.npy,data16/4694_dates.npy
4695,data16/4695_sits.npy,data16/4695_labels.npy,data16/4695_dates.npy
4696,data16/4696_sits.npy,data16/4696_labels.npy,data16/4696_dates.npy
4697,data16/4697_sits.npy,data16/4697_labels.npy,data16/4697_dates.npy
4698,data16/4698_sits.npy,data16/4698_labels.npy,data16/4698_dates.npy
4724,data16/4724_sits.npy,data16/4724_labels.npy,data16/4724_dates.npy
4725,data16/4725_sits.npy,data16/4725_labels.npy,data16/4725_dates.npy
4727,data16/4727_sits.npy,data16/4727_labels.npy,data16/4727_dates.npy
4729,data16/4729_sits.npy,data16/4729_labels.npy,data16/4729_dates.npy
4732,data16/4732_sits.npy,data16/4732_labels.npy,data16/4732_dates.npy
4734,data16/4734_sits.npy,data16/4734_labels.npy,data16/4734_dates.npy
4735,data16/4735_sits.npy,data16/4735_labels.npy,data16/4735_dates.npy
4737,data16/4737_sits.npy,data16/4737_labels.npy,data16/4737_dates.npy
4740,data16/4740_sits.npy,data16/4740_labels.npy,data16/4740_dates.npy
4742,data16/4742_sits.npy,data16/4742_labels.npy,data16/4742_dates.npy
4744,data16/4744_sits.npy,data16/4744_labels.npy,data16/4744_dates.npy
4745,data16/4745_sits.npy,data16/4745_labels.npy,data16/4745_dates.npy
4749,data16/4749_sits.npy,data16/4749_labels.npy,data16/4749_dates.npy
4750,data16/4750_sits.npy,data16/4750_labels.npy,data16/4750_dates.npy
4752,data16/4752_sits.npy,data16/4752_labels.npy,data16/4752_dates.npy
4757,data16/4757_sits.npy,data16/4757_labels.npy,data16/4757_dates.npy
4759,data16/4759_sits.npy,data16/4759_labels.npy,data16/4759_dates.npy
4760,data16/4760_sits.npy,data16/4760_labels.npy,data16/4760_dates.npy
4780,data16/4780_sits.npy,data16/4780_labels.npy,data16/4780_dates.npy
4782,data16/4782_sits.npy,data16/4782_labels.npy,data16/4782_dates.npy
4784,data16/4784_sits.npy,data16/4784_labels.npy,data16/4784_dates.npy
4785,data16/4785_sits.npy,data16/4785_labels.npy,data16/4785_dates.npy
4961,data16/4961_sits.npy,data16/4961_labels.npy,data16/4961_dates.npy
4962,data16/4962_sits.npy,data16/4962_labels.npy,data16/4962_dates.npy
4963,data16/4963_sits.npy,data16/4963_labels.npy,data16/4963_dates.npy
4964,data16/4964_sits.npy,data16/4964_labels.npy,data16/4964_dates.npy
4966,data16/4966_sits.npy,data16/4966_labels.npy,data16/4966_dates.npy
4977,data16/4977_sits.npy,data16/4977_labels.npy,data16/4977_dates.npy
4978,data16/4978_sits.npy,data16/4978_labels.npy,data16/4978_dates.npy
4979,data16/4979_sits.npy,data16/4979_labels.npy,data16/4979_dates.npy
4981,data16/4981_sits.npy,data16/4981_labels.npy,data16/4981_dates.npy
4986,data16/4986_sits.npy,data16/4986_labels.npy,data16/4986_dates.npy
4987,data16/4987_sits.npy,data16/4987_labels.npy,data16/4987_dates.npy
4988,data16/4988_sits.npy,data16/4988_labels.npy,data16/4988_dates.npy
4989,data16/4989_sits.npy,data16/4989_labels.npy,data16/4989_dates.npy
4993,data16/4993_sits.npy,data16/4993_labels.npy,data16/4993_dates.npy
4994,data16/4994_sits.npy,data16/4994_labels.npy,data16/4994_dates.npy
4996,data16/4996_sits.npy,data16/4996_labels.npy,data16/4996_dates.npy
4997,data16/4997_sits.npy,data16/4997_labels.npy,data16/4997_dates.npy
4998,data16/4998_sits.npy,data16/4998_labels.npy,data16/4998_dates.npy
5001,data16/5001_sits.npy,data16/5001_labels.npy,data16/5001_dates.npy
5002,data16/5002_sits.npy,data16/5002_labels.npy,data16/5002_dates.npy
5003,data16/5003_sits.npy,data16/5003_labels.npy,data16/5003_dates.npy
5004,data16/5004_sits.npy,data16/5004_labels.npy,data16/5004_dates.npy
5006,data16/5006_sits.npy,data16/5006_labels.npy,data16/5006_dates.npy
5009,data16/5009_sits.npy,data16/5009_labels.npy,data16/5009_dates.npy
5011,data16/5011_sits.npy,data16/5011_labels.npy,data16/5011_dates.npy
5012,data16/5012_sits.npy,data16/5012_labels.npy,data16/5012_dates.npy
5014,data16/5014_sits.npy,data16/5014_labels.npy,data16/5014_dates.npy
5017,data16/5017_sits.npy,data16/5017_labels.npy,data16/5017_dates.npy
5018,data16/5018_sits.npy,data16/5018_labels.npy,data16/5018_dates.npy
5019,data16/5019_sits.npy,data16/5019_labels.npy,data16/5019_dates.npy
5021,data16/5021_sits.npy,data16/5021_labels.npy,data16/5021_dates.npy
5022,data16/5022_sits.npy,data16/5022_labels.npy,data16/5022_dates.npy
5033,data16/5033_sits.npy,data16/5033_labels.npy,data16/5033_dates.npy
5034,data16/5034_sits.npy,data16/5034_labels.npy,data16/5034_dates.npy
5041,data16/5041_sits.npy,data16/5041_labels.npy,data16/5041_dates.npy
5042,data16/5042_sits.npy,data16/5042_labels.npy,data16/5042_dates.npy
5043,data16/5043_sits.npy,data16/5043_labels.npy,data16/5043_dates.npy
5044,data16/5044_sits.npy,data16/5044_labels.npy,data16/5044_dates.npy
5046,data16/5046_sits.npy,data16/5046_labels.npy,data16/5046_dates.npy
5048,data16/5048_sits.npy,data16/5048_labels.npy,data16/5048_dates.npy
5049,data16/5049_sits.npy,data16/5049_labels.npy,data16/5049_dates.npy
5050,data16/5050_sits.npy,data16/5050_labels.npy,data16/5050_dates.npy
5051,data16/5051_sits.npy,data16/5051_labels.npy,data16/5051_dates.npy
5052,data16/5052_sits.npy,data16/5052_labels.npy,data16/5052_dates.npy
5053,data16/5053_sits.npy,data16/5053_labels.npy,data16/5053_dates.npy
5064,data16/5064_sits.npy,data16/5064_labels.npy,data16/5064_dates.npy
5065,data16/5065_sits.npy,data16/5065_labels.npy,data16/5065_dates.npy
5066,data16/5066_sits.npy,data16/5066_labels.npy,data16/5066_dates.npy
5067,data16/5067_sits.npy,data16/5067_labels.npy,data16/5067_dates.npy
5068,data16/5068_sits.npy,data16/5068_labels.npy,data16/5068_dates.npy
5069,data16/5069_sits.npy,data16/5069_labels.npy,data16/5069_dates.npy
5074,data16/5074_sits.npy,data16/5074_labels.npy,data16/5074_dates.npy
5075,data16/5075_sits.npy,data16/5075_labels.npy,data16/5075_dates.npy
5076,data16/5076_sits.npy,data16/5076_labels.npy,data16/5076_dates.npy
5077,data16/5077_sits.npy,data16/5077_labels.npy,data16/5077_dates.npy
5080,data16/5080_sits.npy,data16/5080_labels.npy,data16/5080_dates.npy
5081,data16/5081_sits.npy,data16/5081_labels.npy,data16/5081_dates.npy
5082,data16/5082_sits.npy,data16/5082_labels.npy,data16/5082_dates.npy
5083,data16/5083_sits.npy,data16/5083_labels.npy,data16/5083_dates.npy
5084,data16/5084_sits.npy,data16/5084_labels.npy,data16/5084_dates.npy
5085,data16/5085_sits.npy,data16/5085_labels.npy,data16/5085_dates.npy
5088,data16/5088_sits.npy,data16/5088_labels.npy,data16/5088_dates.npy
5089,data16/5089_sits.npy,data16/5089_labels.npy,data16/5089_dates.npy
5090,data16/5090_sits.npy,data16/5090_labels.npy,data16/5090_dates.npy
5091,data16/5091_sits.npy,data16/5091_labels.npy,data16/5091_dates.npy
5092,data16/5092_sits.npy,data16/5092_labels.npy,data16/5092_dates.npy
5093,data16/5093_sits.npy,data16/5093_labels.npy,data16/5093_dates.npy
5096,data16/5096_sits.npy,data16/5096_labels.npy,data16/5096_dates.npy
5097,data16/5097_sits.npy,data16/5097_labels.npy,data16/5097_dates.npy
5098,data16/5098_sits.npy,data16/5098_labels.npy,data16/5098_dates.npy
5099,data16/5099_sits.npy,data16/5099_labels.npy,data16/5099_dates.npy
5100,data16/5100_sits.npy,data16/5100_labels.npy,data16/5100_dates.npy
5101,data16/5101_sits.npy,data16/5101_labels.npy,data16/5101_dates.npy
5104,data16/5104_sits.npy,data16/5104_labels.npy,data16/5104_dates.npy
5105,data16/5105_sits.npy,data16/5105_labels.npy,data16/5105_dates.npy
5106,data16/5106_sits.npy,data16/5106_labels.npy,data16/5106_dates.npy
5107,data16/5107_sits.npy,data16/5107_labels.npy,data16/5107_dates.npy
5108,data16/5108_sits.npy,data16/5108_labels.npy,data16/5108_dates.npy
5109,data16/5109_sits.npy,data16/5109_labels.npy,data16/5109_dates.npy
5120,data16/5120_sits.npy,data16/5120_labels.npy,data16/5120_dates.npy
5121,data16/5121_sits.npy,data16/5121_labels.npy,data16/5121_dates.npy
5128,data16/5128_sits.npy,data16/5128_labels.npy,data16/5128_dates.npy
5129,data16/5129_sits.npy,data16/5129_labels.npy,data16/5129_dates.npy
5130,data16/5130_sits.npy,data16/5130_labels.npy,data16/5130_dates.npy
5131,data16/5131_sits.npy,data16/5131_labels.npy,data16/5131_dates.npy
5132,data16/5132_sits.npy,data16/5132_labels.npy,data16/5132_dates.npy
5133,data16/5133_sits.npy,data16/5133_labels.npy,data16/5133_dates.npy
5135,data16/5135_sits.npy,data16/5135_labels.npy,data16/5135_dates.npy
5137,data16/5137_sits.npy,data16/5137_labels.npy,data16/5137_dates.npy
5139,data16/5139_sits.npy,data16/5139_labels.npy,data16/5139_dates.npy
5140,data16/5140_sits.npy,data16/5140_labels.npy,data16/5140_dates.npy
5152,data16/5152_sits.npy,data16/5152_labels.npy,data16/5152_dates.npy
5154,data16/5154_sits.npy,data16/5154_labels.npy,data16/5154_dates.npy
5155,data16/5155_sits.npy,data16/5155_labels.npy,data16/5155_dates.npy
5160,data16/5160_sits.npy,data16/5160_labels.npy,data16/5160_dates.npy
5162,data16/5162_sits.npy,data16/5162_labels.npy,data16/5162_dates.npy
5164,data16/5164_sits.npy,data16/5164_labels.npy,data16/5164_dates.npy
5167,data16/5167_sits.npy,data16/5167_labels.npy,data16/5167_dates.npy
5169,data16/5169_sits.npy,data16/5169_labels.npy,data16/5169_dates.npy
5170,data16/5170_sits.npy,data16/5170_labels.npy,data16/5170_dates.npy
5172,data16/5172_sits.npy,data16/5172_labels.npy,data16/5172_dates.npy
5175,data16/5175_sits.npy,data16/5175_labels.npy,data16/5175_dates.npy
5177,data16/5177_sits.npy,data16/5177_labels.npy,data16/5177_dates.npy
5179,data16/5179_sits.npy,data16/5179_labels.npy,data16/5179_dates.npy
5180,data16/5180_sits.npy,data16/5180_labels.npy,data16/5180_dates.npy
5184,data16/5184_sits.npy,data16/5184_labels.npy,data16/5184_dates.npy
5185,data16/5185_sits.npy,data16/5185_labels.npy,data16/5185_dates.npy
5187,data16/5187_sits.npy,data16/5187_labels.npy,data16/5187_dates.npy
5192,data16/5192_sits.npy,data16/5192_labels.npy,data16/5192_dates.npy
5194,data16/5194_sits.npy,data16/5194_labels.npy,data16/5194_dates.npy
5195,data16/5195_sits.npy,data16/5195_labels.npy,data16/5195_dates.npy
5207,data16/5207_sits.npy,data16/5207_labels.npy,data16/5207_dates.npy
5217,data16/5217_sits.npy,data16/5217_labels.npy,data16/5217_dates.npy
5219,data16/5219_sits.npy,data16/5219_labels.npy,data16/5219_dates.npy
5220,data16/5220_sits.npy,data16/5220_labels.npy,data16/5220_dates.npy
5222,data16/5222_sits.npy,data16/5222_labels.npy,data16/5222_dates.npy
5223,data16/5223_sits.npy,data16/5223_labels.npy,data16/5223_dates.npy
5224,data16/5224_sits.npy,data16/5224_labels.npy,data16/5224_dates.npy
5225,data16/5225_sits.npy,data16/5225_labels.npy,data16/5225_dates.npy
5227,data16/5227_sits.npy,data16/5227_labels.npy,data16/5227_dates.npy
5238,data16/5238_sits.npy,data16/5238_labels.npy,data16/5238_dates.npy
5239,data16/5239_sits.npy,data16/5239_labels.npy,data16/5239_dates.npy
5240,data16/5240_sits.npy,data16/5240_labels.npy,data16/5240_dates.npy
5242,data16/5242_sits.npy,data16/5242_labels.npy,data16/5242_dates.npy
5243,data16/5243_sits.npy,data16/5243_labels.npy,data16/5243_dates.npy
5247,data16/5247_sits.npy,data16/5247_labels.npy,data16/5247_dates.npy
5248,data16/5248_sits.npy,data16/5248_labels.npy,data16/5248_dates.npy
5249,data16/5249_sits.npy,data16/5249_labels.npy,data16/5249_dates.npy
5250,data16/5250_sits.npy,data16/5250_labels.npy,data16/5250_dates.npy
5254,data16/5254_sits.npy,data16/5254_labels.npy,data16/5254_dates.npy
5255,data16/5255_sits.npy,data16/5255_labels.npy,data16/5255_dates.npy
5257,data16/5257_sits.npy,data16/5257_labels.npy,data16/5257_dates.npy
5258,data16/5258_sits.npy,data16/5258_labels.npy,data16/5258_dates.npy
5259,data16/5259_sits.npy,data16/5259_labels.npy,data16/5259_dates.npy
5262,data16/5262_sits.npy,data16/5262_labels.npy,data16/5262_dates.npy
5263,data16/5263_sits.npy,data16/5263_labels.npy,data16/5263_dates.npy
5264,data16/5264_sits.npy,data16/5264_labels.npy,data16/5264_dates.npy
5265,data16/5265_sits.npy,data16/5265_labels.npy,data16/5265_dates.npy
5267,data16/5267_sits.npy,data16/5267_labels.npy,data16/5267_dates.npy
5270,data16/5270_sits.npy,data16/5270_labels.npy,data16/5270_dates.npy
5272,data16/5272_sits.npy,data16/5272_labels.npy,data16/5272_dates.npy
5274,data16/5274_sits.npy,data16/5274_labels.npy,data16/5274_dates.npy
5275,data16/5275_sits.npy,data16/5275_labels.npy,data16/5275_dates.npy
5278,data16/5278_sits.npy,data16/5278_labels.npy,data16/5278_dates.npy
5279,data16/5279_sits.npy,data16/5279_labels.npy,data16/5279_dates.npy
5280,data16/5280_sits.npy,data16/5280_labels.npy,data16/5280_dates.npy
5282,data16/5282_sits.npy,data16/5282_labels.npy,data16/5282_dates.npy
5283,data16/5283_sits.npy,data16/5283_labels.npy,data16/5283_dates.npy
5302,data16/5302_sits.npy,data16/5302_labels.npy,data16/5302_dates.npy
5303,data16/5303_sits.npy,data16/5303_labels.npy,data16/5303_dates.npy
5304,data16/5304_sits.npy,data16/5304_labels.npy,data16/5304_dates.npy
5305,data16/5305_sits.npy,data16/5305_labels.npy,data16/5305_dates.npy
5307,data16/5307_sits.npy,data16/5307_labels.npy,data16/5307_dates.npy
5309,data16/5309_sits.npy,data16/5309_labels.npy,data16/5309_dates.npy
5310,data16/5310_sits.npy,data16/5310_labels.npy,data16/5310_dates.npy
5311,data16/5311_sits.npy,data16/5311_labels.npy,data16/5311_dates.npy
5312,data16/5312_sits.npy,data16/5312_labels.npy,data16/5312_dates.npy
5313,data16/5313_sits.npy,data16/5313_labels.npy,data16/5313_dates.npy
5314,data16/5314_sits.npy,data16/5314_labels.npy,data16/5314_dates.npy
5325,data16/5325_sits.npy,data16/5325_labels.npy,data16/5325_dates.npy
5326,data16/5326_sits.npy,data16/5326_labels.npy,data16/5326_dates.npy
5327,data16/5327_sits.npy,data16/5327_labels.npy,data16/5327_dates.npy
5328,data16/5328_sits.npy,data16/5328_labels.npy,data16/5328_dates.npy
5329,data16/5329_sits.npy,data16/5329_labels.npy,data16/5329_dates.npy
5330,data16/5330_sits.npy,data16/5330_labels.npy,data16/5330_dates.npy
5333,data16/5333_sits.npy,data16/5333_labels.npy,data16/5333_dates.npy
5334,data16/5334_sits.npy,data16/5334_labels.npy,data16/5334_dates.npy
5335,data16/5335_sits.npy,data16/5335_labels.npy,data16/5335_dates.npy
5336,data16/5336_sits.npy,data16/5336_labels.npy,data16/5336_dates.npy
5337,data16/5337_sits.npy,data16/5337_labels.npy,data16/5337_dates.npy
5338,data16/5338_sits.npy,data16/5338_labels.npy,data16/5338_dates.npy
5341,data16/5341_sits.npy,data16/5341_labels.npy,data16/5341_dates.npy
5342,data16/5342_sits.npy,data16/5342_labels.npy,data16/5342_dates.npy
5343,data16/5343_sits.npy,data16/5343_labels.npy,data16/5343_dates.npy
5344,data16/5344_sits.npy,data16/5344_labels.npy,data16/5344_dates.npy
5345,data16/5345_sits.npy,data16/5345_labels.npy,data16/5345_dates.npy
5346,data16/5346_sits.npy,data16/5346_labels.npy,data16/5346_dates.npy
5349,data16/5349_sits.npy,data16/5349_labels.npy,data16/5349_dates.npy
5350,data16/5350_sits.npy,data16/5350_labels.npy,data16/5350_dates.npy
5351,data16/5351_sits.npy,data16/5351_labels.npy,data16/5351_dates.npy
5352,data16/5352_sits.npy,data16/5352_labels.npy,data16/5352_dates.npy
5353,data16/5353_sits.npy,data16/5353_labels.npy,data16/5353_dates.npy
5354,data16/5354_sits.npy,data16/5354_labels.npy,data16/5354_dates.npy
5358,data16/5358_sits.npy,data16/5358_labels.npy,data16/5358_dates.npy
5359,data16/5359_sits.npy,data16/5359_labels.npy,data16/5359_dates.npy
5360,data16/5360_sits.npy,data16/5360_labels.npy,data16/5360_dates.npy
5361,data16/5361_sits.npy,data16/5361_labels.npy,data16/5361_dates.npy
5362,data16/5362_sits.npy,data16/5362_labels.npy,data16/5362_dates.npy
5365,data16/5365_sits.npy,data16/5365_labels.npy,data16/5365_dates.npy
5366,data16/5366_sits.npy,data16/5366_labels.npy,data16/5366_dates.npy
5367,data16/5367_sits.npy,data16/5367_labels.npy,data16/5367_dates.npy
5368,data16/5368_sits.npy,data16/5368_labels.npy,data16/5368_dates.npy
5369,data16/5369_sits.npy,data16/5369_labels.npy,data16/5369_dates.npy
5370,data16/5370_sits.npy,data16/5370_labels.npy,data16/5370_dates.npy
5381,data16/5381_sits.npy,data16/5381_labels.npy,data16/5381_dates.npy
5384,data16/5384_sits.npy,data16/5384_labels.npy,data16/5384_dates.npy
5389,data16/5389_sits.npy,data16/5389_labels.npy,data16/5389_dates.npy
5390,data16/5390_sits.npy,data16/5390_labels.npy,data16/5390_dates.npy
5391,data16/5391_sits.npy,data16/5391_labels.npy,data16/5391_dates.npy
5392,data16/5392_sits.npy,data16/5392_labels.npy,data16/5392_dates.npy
5393,data16/5393_sits.npy,data16/5393_labels.npy,data16/5393_dates.npy
5394,data16/5394_sits.npy,data16/5394_labels.npy,data16/5394_dates.npy
5396,data16/5396_sits.npy,data16/5396_labels.npy,data16/5396_dates.npy
5397,data16/5397_sits.npy,data16/5397_labels.npy,data16/5397_dates.npy
5398,data16/5398_sits.npy,data16/5398_labels.npy,data16/5398_dates.npy
5399,data16/5399_sits.npy,data16/5399_labels.npy,data16/5399_dates.npy
5401,data16/5401_sits.npy,data16/5401_labels.npy,data16/5401_dates.npy
5412,data16/5412_sits.npy,data16/5412_labels.npy,data16/5412_dates.npy
5413,data16/5413_sits.npy,data16/5413_labels.npy,data16/5413_dates.npy
5414,data16/5414_sits.npy,data16/5414_labels.npy,data16/5414_dates.npy
5416,data16/5416_sits.npy,data16/5416_labels.npy,data16/5416_dates.npy
5417,data16/5417_sits.npy,data16/5417_labels.npy,data16/5417_dates.npy
5421,data16/5421_sits.npy,data16/5421_labels.npy,data16/5421_dates.npy
5422,data16/5422_sits.npy,data16/5422_labels.npy,data16/5422_dates.npy
5423,data16/5423_sits.npy,data16/5423_labels.npy,data16/5423_dates.npy
5424,data16/5424_sits.npy,data16/5424_labels.npy,data16/5424_dates.npy
5428,data16/5428_sits.npy,data16/5428_labels.npy,data16/5428_dates.npy
5429,data16/5429_sits.npy,data16/5429_labels.npy,data16/5429_dates.npy
5431,data16/5431_sits.npy,data16/5431_labels.npy,data16/5431_dates.npy
5432,data16/5432_sits.npy,data16/5432_labels.npy,data16/5432_dates.npy
5433,data16/5433_sits.npy,data16/5433_labels.npy,data16/5433_dates.npy
5437,data16/5437_sits.npy,data16/5437_labels.npy,data16/5437_dates.npy
5438,data16/5438_sits.npy,data16/5438_labels.npy,data16/5438_dates.npy
5439,data16/5439_sits.npy,data16/5439_labels.npy,data16/5439_dates.npy
5441,data16/5441_sits.npy,data16/5441_labels.npy,data16/5441_dates.npy
5444,data16/5444_sits.npy,data16/5444_labels.npy,data16/5444_dates.npy
5446,data16/5446_sits.npy,data16/5446_labels.npy,data16/5446_dates.npy
5447,data16/5447_sits.npy,data16/5447_labels.npy,data16/5447_dates.npy
5448,data16/5448_sits.npy,data16/5448_labels.npy,data16/5448_dates.npy
5449,data16/5449_sits.npy,data16/5449_labels.npy,data16/5449_dates.npy
5452,data16/5452_sits.npy,data16/5452_labels.npy,data16/5452_dates.npy
5453,data16/5453_sits.npy,data16/5453_labels.npy,data16/5453_dates.npy
5454,data16/5454_sits.npy,data16/5454_labels.npy,data16/5454_dates.npy
5456,data16/5456_sits.npy,data16/5456_labels.npy,data16/5456_dates.npy
5457,data16/5457_sits.npy,data16/5457_labels.npy,data16/5457_dates.npy
5468,data16/5468_sits.npy,data16/5468_labels.npy,data16/5468_dates.npy
5469,data16/5469_sits.npy,data16/5469_labels.npy,data16/5469_dates.npy
5471,data16/5471_sits.npy,data16/5471_labels.npy,data16/5471_dates.npy
5472,data16/5472_sits.npy,data16/5472_labels.npy,data16/5472_dates.npy
5473,data16/5473_sits.npy,data16/5473_labels.npy,data16/5473_dates.npy
5476,data16/5476_sits.npy,data16/5476_labels.npy,data16/5476_dates.npy
5477,data16/5477_sits.npy,data16/5477_labels.npy,data16/5477_dates.npy
5478,data16/5478_sits.npy,data16/5478_labels.npy,data16/5478_dates.npy
5479,data16/5479_sits.npy,data16/5479_labels.npy,data16/5479_dates.npy
5481,data16/5481_sits.npy,data16/5481_labels.npy,data16/5481_dates.npy
5657,data16/5657_sits.npy,data16/5657_labels.npy,data16/5657_dates.npy
5658,data16/5658_sits.npy,data16/5658_labels.npy,data16/5658_dates.npy
5659,data16/5659_sits.npy,data16/5659_labels.npy,data16/5659_dates.npy
5660,data16/5660_sits.npy,data16/5660_labels.npy,data16/5660_dates.npy
5662,data16/5662_sits.npy,data16/5662_labels.npy,data16/5662_dates.npy
5665,data16/5665_sits.npy,data16/5665_labels.npy,data16/5665_dates.npy
5667,data16/5667_sits.npy,data16/5667_labels.npy,data16/5667_dates.npy
5668,data16/5668_sits.npy,data16/5668_labels.npy,data16/5668_dates.npy
5669,data16/5669_sits.npy,data16/5669_labels.npy,data16/5669_dates.npy
5670,data16/5670_sits.npy,data16/5670_labels.npy,data16/5670_dates.npy
5689,data16/5689_sits.npy,data16/5689_labels.npy,data16/5689_dates.npy
5690,data16/5690_sits.npy,data16/5690_labels.npy,data16/5690_dates.npy
5692,data16/5692_sits.npy,data16/5692_labels.npy,data16/5692_dates.npy
5693,data16/5693_sits.npy,data16/5693_labels.npy,data16/5693_dates.npy
5694,data16/5694_sits.npy,data16/5694_labels.npy,data16/5694_dates.npy
5705,data16/5705_sits.npy,data16/5705_labels.npy,data16/5705_dates.npy
5707,data16/5707_sits.npy,data16/5707_labels.npy,data16/5707_dates.npy
5708,data16/5708_sits.npy,data16/5708_labels.npy,data16/5708_dates.npy
5709,data16/5709_sits.npy,data16/5709_labels.npy,data16/5709_dates.npy
5710,data16/5710_sits.npy,data16/5710_labels.npy,data16/5710_dates.npy
5713,data16/5713_sits.npy,data16/5713_labels.npy,data16/5713_dates.npy
5714,data16/5714_sits.npy,data16/5714_labels.npy,data16/5714_dates.npy
5715,data16/5715_sits.npy,data16/5715_labels.npy,data16/5715_dates.npy
5717,data16/5717_sits.npy,data16/5717_labels.npy,data16/5717_dates.npy
5718,data16/5718_sits.npy,data16/5718_labels.npy,data16/5718_dates.npy
5722,data16/5722_sits.npy,data16/5722_labels.npy,data16/5722_dates.npy
5723,data16/5723_sits.npy,data16/5723_labels.npy,data16/5723_dates.npy
5724,data16/5724_sits.npy,data16/5724_labels.npy,data16/5724_dates.npy
5725,data16/5725_sits.npy,data16/5725_labels.npy,data16/5725_dates.npy
5729,data16/5729_sits.npy,data16/5729_labels.npy,data16/5729_dates.npy
5732,data16/5732_sits.npy,data16/5732_labels.npy,data16/5732_dates.npy
5733,data16/5733_sits.npy,data16/5733_labels.npy,data16/5733_dates.npy
5734,data16/5734_sits.npy,data16/5734_labels.npy,data16/5734_dates.npy
5737,data16/5737_sits.npy,data16/5737_labels.npy,data16/5737_dates.npy
5738,data16/5738_sits.npy,data16/5738_labels.npy,data16/5738_dates.npy
5739,data16/5739_sits.npy,data16/5739_labels.npy,data16/5739_dates.npy
5740,data16/5740_sits.npy,data16/5740_labels.npy,data16/5740_dates.npy
5742,data16/5742_sits.npy,data16/5742_labels.npy,data16/5742_dates.npy
5744,data16/5744_sits.npy,data16/5744_labels.npy,data16/5744_dates.npy
5745,data16/5745_sits.npy,data16/5745_labels.npy,data16/5745_dates.npy
5746,data16/5746_sits.npy,data16/5746_labels.npy,data16/5746_dates.npy
5747,data16/5747_sits.npy,data16/5747_labels.npy,data16/5747_dates.npy
5748,data16/5748_sits.npy,data16/5748_labels.npy,data16/5748_dates.npy
5749,data16/5749_sits.npy,data16/5749_labels.npy,data16/5749_dates.npy
5752,data16/5752_sits.npy,data16/5752_labels.npy,data16/5752_dates.npy
5753,data16/5753_sits.npy,data16/5753_labels.npy,data16/5753_dates.npy
5754,data16/5754_sits.npy,data16/5754_labels.npy,data16/5754_dates.npy
5755,data16/5755_sits.npy,data16/5755_labels.npy,data16/5755_dates.npy
5756,data16/5756_sits.npy,data16/5756_labels.npy,data16/5756_dates.npy
5757,data16/5757_sits.npy,data16/5757_labels.npy,data16/5757_dates.npy
5776,data16/5776_sits.npy,data16/5776_labels.npy,data16/5776_dates.npy
5777,data16/5777_sits.npy,data16/5777_labels.npy,data16/5777_dates.npy
5778,data16/5778_sits.npy,data16/5778_labels.npy,data16/5778_dates.npy
5779,data16/5779_sits.npy,data16/5779_labels.npy,data16/5779_dates.npy
5780,data16/5780_sits.npy,data16/5780_labels.npy,data16/5780_dates.npy
5781,data16/5781_sits.npy,data16/5781_labels.npy,data16/5781_dates.npy
5792,data16/5792_sits.npy,data16/5792_labels.npy,data16/5792_dates.npy
5794,data16/5794_sits.npy,data16/5794_labels.npy,data16/5794_dates.npy
5795,data16/5795_sits.npy,data16/5795_labels.npy,data16/5795_dates.npy
5797,data16/5797_sits.npy,data16/5797_labels.npy,data16/5797_dates.npy
5800,data16/5800_sits.npy,data16/5800_labels.npy,data16/5800_dates.npy
5801,data16/5801_sits.npy,data16/5801_labels.npy,data16/5801_dates.npy
5802,data16/5802_sits.npy,data16/5802_labels.npy,data16/5802_dates.npy
5803,data16/5803_sits.npy,data16/5803_labels.npy,data16/5803_dates.npy
5804,data16/5804_sits.npy,data16/5804_labels.npy,data16/5804_dates.npy
5805,data16/5805_sits.npy,data16/5805_labels.npy,data16/5805_dates.npy
5808,data16/5808_sits.npy,data16/5808_labels.npy,data16/5808_dates.npy
5809,data16/5809_sits.npy,data16/5809_labels.npy,data16/5809_dates.npy
5810,data16/5810_sits.npy,data16/5810_labels.npy,data16/5810_dates.npy
5811,data16/5811_sits.npy,data16/5811_labels.npy,data16/5811_dates.npy
5812,data16/5812_sits.npy,data16/5812_labels.npy,data16/5812_dates.npy
5813,data16/5813_sits.npy,data16/5813_labels.npy,data16/5813_dates.npy
5816,data16/5816_sits.npy,data16/5816_labels.npy,data16/5816_dates.npy
5817,data16/5817_sits.npy,data16/5817_labels.npy,data16/5817_dates.npy
5819,data16/5819_sits.npy,data16/5819_labels.npy,data16/5819_dates.npy
5820,data16/5820_sits.npy,data16/5820_labels.npy,data16/5820_dates.npy
5821,data16/5821_sits.npy,data16/5821_labels.npy,data16/5821_dates.npy
5824,data16/5824_sits.npy,data16/5824_labels.npy,data16/5824_dates.npy
5825,data16/5825_sits.npy,data16/5825_labels.npy,data16/5825_dates.npy
5826,data16/5826_sits.npy,data16/5826_labels.npy,data16/5826_dates.npy
5827,data16/5827_sits.npy,data16/5827_labels.npy,data16/5827_dates.npy
5828,data16/5828_sits.npy,data16/5828_labels.npy,data16/5828_dates.npy
5829,data16/5829_sits.npy,data16/5829_labels.npy,data16/5829_dates.npy
5831,data16/5831_sits.npy,data16/5831_labels.npy,data16/5831_dates.npy
5832,data16/5832_sits.npy,data16/5832_labels.npy,data16/5832_dates.npy
5833,data16/5833_sits.npy,data16/5833_labels.npy,data16/5833_dates.npy
5834,data16/5834_sits.npy,data16/5834_labels.npy,data16/5834_dates.npy
5836,data16/5836_sits.npy,data16/5836_labels.npy,data16/5836_dates.npy
5839,data16/5839_sits.npy,data16/5839_labels.npy,data16/5839_dates.npy
5841,data16/5841_sits.npy,data16/5841_labels.npy,data16/5841_dates.npy
5842,data16/5842_sits.npy,data16/5842_labels.npy,data16/5842_dates.npy
5843,data16/5843_sits.npy,data16/5843_labels.npy,data16/5843_dates.npy
5844,data16/5844_sits.npy,data16/5844_labels.npy,data16/5844_dates.npy
5863,data16/5863_sits.npy,data16/5863_labels.npy,data16/5863_dates.npy
5864,data16/5864_sits.npy,data16/5864_labels.npy,data16/5864_dates.npy
5866,data16/5866_sits.npy,data16/5866_labels.npy,data16/5866_dates.npy
5867,data16/5867_sits.npy,data16/5867_labels.npy,data16/5867_dates.npy
5868,data16/5868_sits.npy,data16/5868_labels.npy,data16/5868_dates.npy
5883,data16/5883_sits.npy,data16/5883_labels.npy,data16/5883_dates.npy
5884,data16/5884_sits.npy,data16/5884_labels.npy,data16/5884_dates.npy
5887,data16/5887_sits.npy,data16/5887_labels.npy,data16/5887_dates.npy
5888,data16/5888_sits.npy,data16/5888_labels.npy,data16/5888_dates.npy
5889,data16/5889_sits.npy,data16/5889_labels.npy,data16/5889_dates.npy
5891,data16/5891_sits.npy,data16/5891_labels.npy,data16/5891_dates.npy
5892,data16/5892_sits.npy,data16/5892_labels.npy,data16/5892_dates.npy
5896,data16/5896_sits.npy,data16/5896_labels.npy,data16/5896_dates.npy
5897,data16/5897_sits.npy,data16/5897_labels.npy,data16/5897_dates.npy
5898,data16/5898_sits.npy,data16/5898_labels.npy,data16/5898_dates.npy
5899,data16/5899_sits.npy,data16/5899_labels.npy,data16/5899_dates.npy
5903,data16/5903_sits.npy,data16/5903_labels.npy,data16/5903_dates.npy
5906,data16/5906_sits.npy,data16/5906_labels.npy,data16/5906_dates.npy
5907,data16/5907_sits.npy,data16/5907_labels.npy,data16/5907_dates.npy
5908,data16/5908_sits.npy,data16/5908_labels.npy,data16/5908_dates.npy
5911,data16/5911_sits.npy,data16/5911_labels.npy,data16/5911_dates.npy
5912,data16/5912_sits.npy,data16/5912_labels.npy,data16/5912_dates.npy
5913,data16/5913_sits.npy,data16/5913_labels.npy,data16/5913_dates.npy
5914,data16/5914_sits.npy,data16/5914_labels.npy,data16/5914_dates.npy
5916,data16/5916_sits.npy,data16/5916_labels.npy,data16/5916_dates.npy
5919,data16/5919_sits.npy,data16/5919_labels.npy,data16/5919_dates.npy
5921,data16/5921_sits.npy,data16/5921_labels.npy,data16/5921_dates.npy
5922,data16/5922_sits.npy,data16/5922_labels.npy,data16/5922_dates.npy
5923,data16/5923_sits.npy,data16/5923_labels.npy,data16/5923_dates.npy
5926,data16/5926_sits.npy,data16/5926_labels.npy,data16/5926_dates.npy
5927,data16/5927_sits.npy,data16/5927_labels.npy,data16/5927_dates.npy
5928,data16/5928_sits.npy,data16/5928_labels.npy,data16/5928_dates.npy
5929,data16/5929_sits.npy,data16/5929_labels.npy,data16/5929_dates.npy
5930,data16/5930_sits.npy,data16/5930_labels.npy,data16/5930_dates.npy
5931,data16/5931_sits.npy,data16/5931_labels.npy,data16/5931_dates.npy
5950,data16/5950_sits.npy,data16/5950_labels.npy,data16/5950_dates.npy
5951,data16/5951_sits.npy,data16/5951_labels.npy,data16/5951_dates.npy
5952,data16/5952_sits.npy,data16/5952_labels.npy,data16/5952_dates.npy
5953,data16/5953_sits.npy,data16/5953_labels.npy,data16/5953_dates.npy
5954,data16/5954_sits.npy,data16/5954_labels.npy,data16/5954_dates.npy
5955,data16/5955_sits.npy,data16/5955_labels.npy,data16/5955_dates.npy
5966,data16/5966_sits.npy,data16/5966_labels.npy,data16/5966_dates.npy
5967,data16/5967_sits.npy,data16/5967_labels.npy,data16/5967_dates.npy
5968,data16/5968_sits.npy,data16/5968_labels.npy,data16/5968_dates.npy
5969,data16/5969_sits.npy,data16/5969_labels.npy,data16/5969_dates.npy
5970,data16/5970_sits.npy,data16/5970_labels.npy,data16/5970_dates.npy
5971,data16/5971_sits.npy,data16/5971_labels.npy,data16/5971_dates.npy
5974,data16/5974_sits.npy,data16/5974_labels.npy,data16/5974_dates.npy
5975,data16/5975_sits.npy,data16/5975_labels.npy,data16/5975_dates.npy
5976,data16/5976_sits.npy,data16/5976_labels.npy,data16/5976_dates.npy
5977,data16/5977_sits.npy,data16/5977_labels.npy,data16/5977_dates.npy
5978,data16/5978_sits.npy,data16/5978_labels.npy,data16/5978_dates.npy
5979,data16/5979_sits.npy,data16/5979_labels.npy,data16/5979_dates.npy
5982,data16/5982_sits.npy,data16/5982_labels.npy,data16/5982_dates.npy
5983,data16/5983_sits.npy,data16/5983_labels.npy,data16/5983_dates.npy
5984,data16/5984_sits.npy,data16/5984_labels.npy,data16/5984_dates.npy
5985,data16/5985_sits.npy,data16/5985_labels.npy,data16/5985_dates.npy
5986,data16/5986_sits.npy,data16/5986_labels.npy,data16/5986_dates.npy
5987,data16/5987_sits.npy,data16/5987_labels.npy,data16/5987_dates.npy
5990,data16/5990_sits.npy,data16/5990_labels.npy,data16/5990_dates.npy
5991,data16/5991_sits.npy,data16/5991_labels.npy,data16/5991_dates.npy
5993,data16/5993_sits.npy,data16/5993_labels.npy,data16/5993_dates.npy
5994,data16/5994_sits.npy,data16/5994_labels.npy,data16/5994_dates.npy
5995,data16/5995_sits.npy,data16/5995_labels.npy,data16/5995_dates.npy
5998,data16/5998_sits.npy,data16/5998_labels.npy,data16/5998_dates.npy
5999,data16/5999_sits.npy,data16/5999_labels.npy,data16/5999_dates.npy
6000,data16/6000_sits.npy,data16/6000_labels.npy,data16/6000_dates.npy
6001,data16/6001_sits.npy,data16/6001_labels.npy,data16/6001_dates.npy
6002,data16/6002_sits.npy,data16/6002_labels.npy,data16/6002_dates.npy
6003,data16/6003_sits.npy,data16/6003_labels.npy,data16/6003_dates.npy
6005,data16/6005_sits.npy,data16/6005_labels.npy,data16/6005_dates.npy
6007,data16/6007_sits.npy,data16/6007_labels.npy,data16/6007_dates.npy
6009,data16/6009_sits.npy,data16/6009_labels.npy,data16/6009_dates.npy
6010,data16/6010_sits.npy,data16/6010_labels.npy,data16/6010_dates.npy
6014,data16/6014_sits.npy,data16/6014_labels.npy,data16/6014_dates.npy
6015,data16/6015_sits.npy,data16/6015_labels.npy,data16/6015_dates.npy
6017,data16/6017_sits.npy,data16/6017_labels.npy,data16/6017_dates.npy
6037,data16/6037_sits.npy,data16/6037_labels.npy,data16/6037_dates.npy
6039,data16/6039_sits.npy,data16/6039_labels.npy,data16/6039_dates.npy
6040,data16/6040_sits.npy,data16/6040_labels.npy,data16/6040_dates.npy
6042,data16/6042_sits.npy,data16/6042_labels.npy,data16/6042_dates.npy
6054,data16/6054_sits.npy,data16/6054_labels.npy,data16/6054_dates.npy
6055,data16/6055_sits.npy,data16/6055_labels.npy,data16/6055_dates.npy
6057,data16/6057_sits.npy,data16/6057_labels.npy,data16/6057_dates.npy
6062,data16/6062_sits.npy,data16/6062_labels.npy,data16/6062_dates.npy
6064,data16/6064_sits.npy,data16/6064_labels.npy,data16/6064_dates.npy
6065,data16/6065_sits.npy,data16/6065_labels.npy,data16/6065_dates.npy
6069,data16/6069_sits.npy,data16/6069_labels.npy,data16/6069_dates.npy
6070,data16/6070_sits.npy,data16/6070_labels.npy,data16/6070_dates.npy
6072,data16/6072_sits.npy,data16/6072_labels.npy,data16/6072_dates.npy
6074,data16/6074_sits.npy,data16/6074_labels.npy,data16/6074_dates.npy
6077,data16/6077_sits.npy,data16/6077_labels.npy,data16/6077_dates.npy
6082,data16/6082_sits.npy,data16/6082_labels.npy,data16/6082_dates.npy
6085,data16/6085_sits.npy,data16/6085_labels.npy,data16/6085_dates.npy
6087,data16/6087_sits.npy,data16/6087_labels.npy,data16/6087_dates.npy
6089,data16/6089_sits.npy,data16/6089_labels.npy,data16/6089_dates.npy
6090,data16/6090_sits.npy,data16/6090_labels.npy,data16/6090_dates.npy
6092,data16/6092_sits.npy,data16/6092_labels.npy,data16/6092_dates.npy
6093,data16/6093_sits.npy,data16/6093_labels.npy,data16/6093_dates.npy
6094,data16/6094_sits.npy,data16/6094_labels.npy,data16/6094_dates.npy
6095,data16/6095_sits.npy,data16/6095_labels.npy,data16/6095_dates.npy
6097,data16/6097_sits.npy,data16/6097_labels.npy,data16/6097_dates.npy
6100,data16/6100_sits.npy,data16/6100_labels.npy,data16/6100_dates.npy
6102,data16/6102_sits.npy,data16/6102_labels.npy,data16/6102_dates.npy
6103,data16/6103_sits.npy,data16/6103_labels.npy,data16/6103_dates.npy
6104,data16/6104_sits.npy,data16/6104_labels.npy,data16/6104_dates.npy
6105,data16/6105_sits.npy,data16/6105_labels.npy,data16/6105_dates.npy
6124,data16/6124_sits.npy,data16/6124_labels.npy,data16/6124_dates.npy
6125,data16/6125_sits.npy,data16/6125_labels.npy,data16/6125_dates.npy
6127,data16/6127_sits.npy,data16/6127_labels.npy,data16/6127_dates.npy
6128,data16/6128_sits.npy,data16/6128_labels.npy,data16/6128_dates.npy
6129,data16/6129_sits.npy,data16/6129_labels.npy,data16/6129_dates.npy
6140,data16/6140_sits.npy,data16/6140_labels.npy,data16/6140_dates.npy
6142,data16/6142_sits.npy,data16/6142_labels.npy,data16/6142_dates.npy
6143,data16/6143_sits.npy,data16/6143_labels.npy,data16/6143_dates.npy
6144,data16/6144_sits.npy,data16/6144_labels.npy,data16/6144_dates.npy
6145,data16/6145_sits.npy,data16/6145_labels.npy,data16/6145_dates.npy
6148,data16/6148_sits.npy,data16/6148_labels.npy,data16/6148_dates.npy
6149,data16/6149_sits.npy,data16/6149_labels.npy,data16/6149_dates.npy
6150,data16/6150_sits.npy,data16/6150_labels.npy,data16/6150_dates.npy
6152,data16/6152_sits.npy,data16/6152_labels.npy,data16/6152_dates.npy
6153,data16/6153_sits.npy,data16/6153_labels.npy,data16/6153_dates.npy
6157,data16/6157_sits.npy,data16/6157_labels.npy,data16/6157_dates.npy
6158,data16/6158_sits.npy,data16/6158_labels.npy,data16/6158_dates.npy
6159,data16/6159_sits.npy,data16/6159_labels.npy,data16/6159_dates.npy
6160,data16/6160_sits.npy,data16/6160_labels.npy,data16/6160_dates.npy
6164,data16/6164_sits.npy,data16/6164_labels.npy,data16/6164_dates.npy
6165,data16/6165_sits.npy,data16/6165_labels.npy,data16/6165_dates.npy
6167,data16/6167_sits.npy,data16/6167_labels.npy,data16/6167_dates.npy
6168,data16/6168_sits.npy,data16/6168_labels.npy,data16/6168_dates.npy
6169,data16/6169_sits.npy,data16/6169_labels.npy,data16/6169_dates.npy
6172,data16/6172_sits.npy,data16/6172_labels.npy,data16/6172_dates.npy
6173,data16/6173_sits.npy,data16/6173_labels.npy,data16/6173_dates.npy
6174,data16/6174_sits.npy,data16/6174_labels.npy,data16/6174_dates.npy
6175,data16/6175_sits.npy,data16/6175_labels.npy,data16/6175_dates.npy
6177,data16/6177_sits.npy,data16/6177_labels.npy,data16/6177_dates.npy
6353,data16/6353_sits.npy,data16/6353_labels.npy,data16/6353_dates.npy
6354,data16/6354_sits.npy,data16/6354_labels.npy,data16/6354_dates.npy
6355,data16/6355_sits.npy,data16/6355_labels.npy,data16/6355_dates.npy
6356,data16/6356_sits.npy,data16/6356_labels.npy,data16/6356_dates.npy
6357,data16/6357_sits.npy,data16/6357_labels.npy,data16/6357_dates.npy
6358,data16/6358_sits.npy,data16/6358_labels.npy,data16/6358_dates.npy
6369,data16/6369_sits.npy,data16/6369_labels.npy,data16/6369_dates.npy
6370,data16/6370_sits.npy,data16/6370_labels.npy,data16/6370_dates.npy
6371,data16/6371_sits.npy,data16/6371_labels.npy,data16/6371_dates.npy
6372,data16/6372_sits.npy,data16/6372_labels.npy,data16/6372_dates.npy
6373,data16/6373_sits.npy,data16/6373_labels.npy,data16/6373_dates.npy
6374,data16/6374_sits.npy,data16/6374_labels.npy,data16/6374_dates.npy
6385,data16/6385_sits.npy,data16/6385_labels.npy,data16/6385_dates.npy
6386,data16/6386_sits.npy,data16/6386_labels.npy,data16/6386_dates.npy
6387,data16/6387_sits.npy,data16/6387_labels.npy,data16/6387_dates.npy
6388,data16/6388_sits.npy,data16/6388_labels.npy,data16/6388_dates.npy
6389,data16/6389_sits.npy,data16/6389_labels.npy,data16/6389_dates.npy
6390,data16/6390_sits.npy,data16/6390_labels.npy,data16/6390_dates.npy
6401,data16/6401_sits.npy,data16/6401_labels.npy,data16/6401_dates.npy
6402,data16/6402_sits.npy,data16/6402_labels.npy,data16/6402_dates.npy
6403,data16/6403_sits.npy,data16/6403_labels.npy,data16/6403_dates.npy
6404,data16/6404_sits.npy,data16/6404_labels.npy,data16/6404_dates.npy
6405,data16/6405_sits.npy,data16/6405_labels.npy,data16/6405_dates.npy
6406,data16/6406_sits.npy,data16/6406_labels.npy,data16/6406_dates.npy
6409,data16/6409_sits.npy,data16/6409_labels.npy,data16/6409_dates.npy
6410,data16/6410_sits.npy,data16/6410_labels.npy,data16/6410_dates.npy
6411,data16/6411_sits.npy,data16/6411_labels.npy,data16/6411_dates.npy
6412,data16/6412_sits.npy,data16/6412_labels.npy,data16/6412_dates.npy
6414,data16/6414_sits.npy,data16/6414_labels.npy,data16/6414_dates.npy
6417,data16/6417_sits.npy,data16/6417_labels.npy,data16/6417_dates.npy
6418,data16/6418_sits.npy,data16/6418_labels.npy,data16/6418_dates.npy
6419,data16/6419_sits.npy,data16/6419_labels.npy,data16/6419_dates.npy
6420,data16/6420_sits.npy,data16/6420_labels.npy,data16/6420_dates.npy
6421,data16/6421_sits.npy,data16/6421_labels.npy,data16/6421_dates.npy
6422,data16/6422_sits.npy,data16/6422_labels.npy,data16/6422_dates.npy
6425,data16/6425_sits.npy,data16/6425_labels.npy,data16/6425_dates.npy
6426,data16/6426_sits.npy,data16/6426_labels.npy,data16/6426_dates.npy
6427,data16/6427_sits.npy,data16/6427_labels.npy,data16/6427_dates.npy
6428,data16/6428_sits.npy,data16/6428_labels.npy,data16/6428_dates.npy
6429,data16/6429_sits.npy,data16/6429_labels.npy,data16/6429_dates.npy
6430,data16/6430_sits.npy,data16/6430_labels.npy,data16/6430_dates.npy
6433,data16/6433_sits.npy,data16/6433_labels.npy,data16/6433_dates.npy
6438,data16/6438_sits.npy,data16/6438_labels.npy,data16/6438_dates.npy
6440,data16/6440_sits.npy,data16/6440_labels.npy,data16/6440_dates.npy
6442,data16/6442_sits.npy,data16/6442_labels.npy,data16/6442_dates.npy
6444,data16/6444_sits.npy,data16/6444_labels.npy,data16/6444_dates.npy
6445,data16/6445_sits.npy,data16/6445_labels.npy,data16/6445_dates.npy
6457,data16/6457_sits.npy,data16/6457_labels.npy,data16/6457_dates.npy
6459,data16/6459_sits.npy,data16/6459_labels.npy,data16/6459_dates.npy
6460,data16/6460_sits.npy,data16/6460_labels.npy,data16/6460_dates.npy
6472,data16/6472_sits.npy,data16/6472_labels.npy,data16/6472_dates.npy
6474,data16/6474_sits.npy,data16/6474_labels.npy,data16/6474_dates.npy
6475,data16/6475_sits.npy,data16/6475_labels.npy,data16/6475_dates.npy
6477,data16/6477_sits.npy,data16/6477_labels.npy,data16/6477_dates.npy
6489,data16/6489_sits.npy,data16/6489_labels.npy,data16/6489_dates.npy
6490,data16/6490_sits.npy,data16/6490_labels.npy,data16/6490_dates.npy
6492,data16/6492_sits.npy,data16/6492_labels.npy,data16/6492_dates.npy
6497,data16/6497_sits.npy,data16/6497_labels.npy,data16/6497_dates.npy
6499,data16/6499_sits.npy,data16/6499_labels.npy,data16/6499_dates.npy
6500,data16/6500_sits.npy,data16/6500_labels.npy,data16/6500_dates.npy
6504,data16/6504_sits.npy,data16/6504_labels.npy,data16/6504_dates.npy
6505,data16/6505_sits.npy,data16/6505_labels.npy,data16/6505_dates.npy
6507,data16/6507_sits.npy,data16/6507_labels.npy,data16/6507_dates.npy
6509,data16/6509_sits.npy,data16/6509_labels.npy,data16/6509_dates.npy
6512,data16/6512_sits.npy,data16/6512_labels.npy,data16/6512_dates.npy
6514,data16/6514_sits.npy,data16/6514_labels.npy,data16/6514_dates.npy
6515,data16/6515_sits.npy,data16/6515_labels.npy,data16/6515_dates.npy
6517,data16/6517_sits.npy,data16/6517_labels.npy,data16/6517_dates.npy
6520,data16/6520_sits.npy,data16/6520_labels.npy,data16/6520_dates.npy
6522,data16/6522_sits.npy,data16/6522_labels.npy,data16/6522_dates.npy
6524,data16/6524_sits.npy,data16/6524_labels.npy,data16/6524_dates.npy
6525,data16/6525_sits.npy,data16/6525_labels.npy,data16/6525_dates.npy
6528,data16/6528_sits.npy,data16/6528_labels.npy,data16/6528_dates.npy
6529,data16/6529_sits.npy,data16/6529_labels.npy,data16/6529_dates.npy
6530,data16/6530_sits.npy,data16/6530_labels.npy,data16/6530_dates.npy
6532,data16/6532_sits.npy,data16/6532_labels.npy,data16/6532_dates.npy
6543,data16/6543_sits.npy,data16/6543_labels.npy,data16/6543_dates.npy
6544,data16/6544_sits.npy,data16/6544_labels.npy,data16/6544_dates.npy
6545,data16/6545_sits.npy,data16/6545_labels.npy,data16/6545_dates.npy
6547,data16/6547_sits.npy,data16/6547_labels.npy,data16/6547_dates.npy
6548,data16/6548_sits.npy,data16/6548_labels.npy,data16/6548_dates.npy
6559,data16/6559_sits.npy,data16/6559_labels.npy,data16/6559_dates.npy
6560,data16/6560_sits.npy,data16/6560_labels.npy,data16/6560_dates.npy
6562,data16/6562_sits.npy,data16/6562_labels.npy,data16/6562_dates.npy
6563,data16/6563_sits.npy,data16/6563_labels.npy,data16/6563_dates.npy
6564,data16/6564_sits.npy,data16/6564_labels.npy,data16/6564_dates.npy
6575,data16/6575_sits.npy,data16/6575_labels.npy,data16/6575_dates.npy
6577,data16/6577_sits.npy,data16/6577_labels.npy,data16/6577_dates.npy
6578,data16/6578_sits.npy,data16/6578_labels.npy,data16/6578_dates.npy
6579,data16/6579_sits.npy,data16/6579_labels.npy,data16/6579_dates.npy
6580,data16/6580_sits.npy,data16/6580_labels.npy,data16/6580_dates.npy
6583,data16/6583_sits.npy,data16/6583_labels.npy,data16/6583_dates.npy
6584,data16/6584_sits.npy,data16/6584_labels.npy,data16/6584_dates.npy
6585,data16/6585_sits.npy,data16/6585_labels.npy,data16/6585_dates.npy
6587,data16/6587_sits.npy,data16/6587_labels.npy,data16/6587_dates.npy
6588,data16/6588_sits.npy,data16/6588_labels.npy,data16/6588_dates.npy
6592,data16/6592_sits.npy,data16/6592_labels.npy,data16/6592_dates.npy
6594,data16/6594_sits.npy,data16/6594_labels.npy,data16/6594_dates.npy
6595,data16/6595_sits.npy,data16/6595_labels.npy,data16/6595_dates.npy
6599,data16/6599_sits.npy,data16/6599_labels.npy,data16/6599_dates.npy
6600,data16/6600_sits.npy,data16/6600_labels.npy,data16/6600_dates.npy
6602,data16/6602_sits.npy,data16/6602_labels.npy,data16/6602_dates.npy
6603,data16/6603_sits.npy,data16/6603_labels.npy,data16/6603_dates.npy
6604,data16/6604_sits.npy,data16/6604_labels.npy,data16/6604_dates.npy
6607,data16/6607_sits.npy,data16/6607_labels.npy,data16/6607_dates.npy
6608,data16/6608_sits.npy,data16/6608_labels.npy,data16/6608_dates.npy
6609,data16/6609_sits.npy,data16/6609_labels.npy,data16/6609_dates.npy
6610,data16/6610_sits.npy,data16/6610_labels.npy,data16/6610_dates.npy
6612,data16/6612_sits.npy,data16/6612_labels.npy,data16/6612_dates.npy
6615,data16/6615_sits.npy,data16/6615_labels.npy,data16/6615_dates.npy
6616,data16/6616_sits.npy,data16/6616_labels.npy,data16/6616_dates.npy
6617,data16/6617_sits.npy,data16/6617_labels.npy,data16/6617_dates.npy
6618,data16/6618_sits.npy,data16/6618_labels.npy,data16/6618_dates.npy
6619,data16/6619_sits.npy,data16/6619_labels.npy,data16/6619_dates.npy
6630,data16/6630_sits.npy,data16/6630_labels.npy,data16/6630_dates.npy
6631,data16/6631_sits.npy,data16/6631_labels.npy,data16/6631_dates.npy
6632,data16/6632_sits.npy,data16/6632_labels.npy,data16/6632_dates.npy
6633,data16/6633_sits.npy,data16/6633_labels.npy,data16/6633_dates.npy
6634,data16/6634_sits.npy,data16/6634_labels.npy,data16/6634_dates.npy
6635,data16/6635_sits.npy,data16/6635_labels.npy,data16/6635_dates.npy
6646,data16/6646_sits.npy,data16/6646_labels.npy,data16/6646_dates.npy
6647,data16/6647_sits.npy,data16/6647_labels.npy,data16/6647_dates.npy
6648,data16/6648_sits.npy,data16/6648_labels.npy,data16/6648_dates.npy
6649,data16/6649_sits.npy,data16/6649_labels.npy,data16/6649_dates.npy
6650,data16/6650_sits.npy,data16/6650_labels.npy,data16/6650_dates.npy
6651,data16/6651_sits.npy,data16/6651_labels.npy,data16/6651_dates.npy
6662,data16/6662_sits.npy,data16/6662_labels.npy,data16/6662_dates.npy
6663,data16/6663_sits.npy,data16/6663_labels.npy,data16/6663_dates.npy
6664,data16/6664_sits.npy,data16/6664_labels.npy,data16/6664_dates.npy
6665,data16/6665_sits.npy,data16/6665_labels.npy,data16/6665_dates.npy
6666,data16/6666_sits.npy,data16/6666_labels.npy,data16/6666_dates.npy
6667,data16/6667_sits.npy,data16/6667_labels.npy,data16/6667_dates.npy
6670,data16/6670_sits.npy,data16/6670_labels.npy,data16/6670_dates.npy
6671,data16/6671_sits.npy,data16/6671_labels.npy,data16/6671_dates.npy
6672,data16/6672_sits.npy,data16/6672_labels.npy,data16/6672_dates.npy
6673,data16/6673_sits.npy,data16/6673_labels.npy,data16/6673_dates.npy
6674,data16/6674_sits.npy,data16/6674_labels.npy,data16/6674_dates.npy
6675,data16/6675_sits.npy,data16/6675_labels.npy,data16/6675_dates.npy
6680,data16/6680_sits.npy,data16/6680_labels.npy,data16/6680_dates.npy
6681,data16/6681_sits.npy,data16/6681_labels.npy,data16/6681_dates.npy
6682,data16/6682_sits.npy,data16/6682_labels.npy,data16/6682_dates.npy
6683,data16/6683_sits.npy,data16/6683_labels.npy,data16/6683_dates.npy
6686,data16/6686_sits.npy,data16/6686_labels.npy,data16/6686_dates.npy
6687,data16/6687_sits.npy,data16/6687_labels.npy,data16/6687_dates.npy
6688,data16/6688_sits.npy,data16/6688_labels.npy,data16/6688_dates.npy
6689,data16/6689_sits.npy,data16/6689_labels.npy,data16/6689_dates.npy
6690,data16/6690_sits.npy,data16/6690_labels.npy,data16/6690_dates.npy
6691,data16/6691_sits.npy,data16/6691_labels.npy,data16/6691_dates.npy
6694,data16/6694_sits.npy,data16/6694_labels.npy,data16/6694_dates.npy
6695,data16/6695_sits.npy,data16/6695_labels.npy,data16/6695_dates.npy
6696,data16/6696_sits.npy,data16/6696_labels.npy,data16/6696_dates.npy
6697,data16/6697_sits.npy,data16/6697_labels.npy,data16/6697_dates.npy
6698,data16/6698_sits.npy,data16/6698_labels.npy,data16/6698_dates.npy
6699,data16/6699_sits.npy,data16/6699_labels.npy,data16/6699_dates.npy
6701,data16/6701_sits.npy,data16/6701_labels.npy,data16/6701_dates.npy
6702,data16/6702_sits.npy,data16/6702_labels.npy,data16/6702_dates.npy
6703,data16/6703_sits.npy,data16/6703_labels.npy,data16/6703_dates.npy
6704,data16/6704_sits.npy,data16/6704_labels.npy,data16/6704_dates.npy
6706,data16/6706_sits.npy,data16/6706_labels.npy,data16/6706_dates.npy
6717,data16/6717_sits.npy,data16/6717_labels.npy,data16/6717_dates.npy
6718,data16/6718_sits.npy,data16/6718_labels.npy,data16/6718_dates.npy
6719,data16/6719_sits.npy,data16/6719_labels.npy,data16/6719_dates.npy
6721,data16/6721_sits.npy,data16/6721_labels.npy,data16/6721_dates.npy
6722,data16/6722_sits.npy,data16/6722_labels.npy,data16/6722_dates.npy
6733,data16/6733_sits.npy,data16/6733_labels.npy,data16/6733_dates.npy
6734,data16/6734_sits.npy,data16/6734_labels.npy,data16/6734_dates.npy
6736,data16/6736_sits.npy,data16/6736_labels.npy,data16/6736_dates.npy
6737,data16/6737_sits.npy,data16/6737_labels.npy,data16/6737_dates.npy
6738,data16/6738_sits.npy,data16/6738_labels.npy,data16/6738_dates.npy
6749,data16/6749_sits.npy,data16/6749_labels.npy,data16/6749_dates.npy
6751,data16/6751_sits.npy,data16/6751_labels.npy,data16/6751_dates.npy
6752,data16/6752_sits.npy,data16/6752_labels.npy,data16/6752_dates.npy
6753,data16/6753_sits.npy,data16/6753_labels.npy,data16/6753_dates.npy
6754,data16/6754_sits.npy,data16/6754_labels.npy,data16/6754_dates.npy
6757,data16/6757_sits.npy,data16/6757_labels.npy,data16/6757_dates.npy
6758,data16/6758_sits.npy,data16/6758_labels.npy,data16/6758_dates.npy
6759,data16/6759_sits.npy,data16/6759_labels.npy,data16/6759_dates.npy
6761,data16/6761_sits.npy,data16/6761_labels.npy,data16/6761_dates.npy
6762,data16/6762_sits.npy,data16/6762_labels.npy,data16/6762_dates.npy
6767,data16/6767_sits.npy,data16/6767_labels.npy,data16/6767_dates.npy
6768,data16/6768_sits.npy,data16/6768_labels.npy,data16/6768_dates.npy
6769,data16/6769_sits.npy,data16/6769_labels.npy,data16/6769_dates.npy
6773,data16/6773_sits.npy,data16/6773_labels.npy,data16/6773_dates.npy
6774,data16/6774_sits.npy,data16/6774_labels.npy,data16/6774_dates.npy
6776,data16/6776_sits.npy,data16/6776_labels.npy,data16/6776_dates.npy
6777,data16/6777_sits.npy,data16/6777_labels.npy,data16/6777_dates.npy
6778,data16/6778_sits.npy,data16/6778_labels.npy,data16/6778_dates.npy
6781,data16/6781_sits.npy,data16/6781_labels.npy,data16/6781_dates.npy
6782,data16/6782_sits.npy,data16/6782_labels.npy,data16/6782_dates.npy
6783,data16/6783_sits.npy,data16/6783_labels.npy,data16/6783_dates.npy
6784,data16/6784_sits.npy,data16/6784_labels.npy,data16/6784_dates.npy
6786,data16/6786_sits.npy,data16/6786_labels.npy,data16/6786_dates.npy
6788,data16/6788_sits.npy,data16/6788_labels.npy,data16/6788_dates.npy
6789,data16/6789_sits.npy,data16/6789_labels.npy,data16/6789_dates.npy
6790,data16/6790_sits.npy,data16/6790_labels.npy,data16/6790_dates.npy
6791,data16/6791_sits.npy,data16/6791_labels.npy,data16/6791_dates.npy
6792,data16/6792_sits.npy,data16/6792_labels.npy,data16/6792_dates.npy
6793,data16/6793_sits.npy,data16/6793_labels.npy,data16/6793_dates.npy
6804,data16/6804_sits.npy,data16/6804_labels.npy,data16/6804_dates.npy
6805,data16/6805_sits.npy,data16/6805_labels.npy,data16/6805_dates.npy
6806,data16/6806_sits.npy,data16/6806_labels.npy,data16/6806_dates.npy
6807,data16/6807_sits.npy,data16/6807_labels.npy,data16/6807_dates.npy
6808,data16/6808_sits.npy,data16/6808_labels.npy,data16/6808_dates.npy
6809,data16/6809_sits.npy,data16/6809_labels.npy,data16/6809_dates.npy
6820,data16/6820_sits.npy,data16/6820_labels.npy,data16/6820_dates.npy
6821,data16/6821_sits.npy,data16/6821_labels.npy,data16/6821_dates.npy
6822,data16/6822_sits.npy,data16/6822_labels.npy,data16/6822_dates.npy
6823,data16/6823_sits.npy,data16/6823_labels.npy,data16/6823_dates.npy
6824,data16/6824_sits.npy,data16/6824_labels.npy,data16/6824_dates.npy
6825,data16/6825_sits.npy,data16/6825_labels.npy,data16/6825_dates.npy
6836,data16/6836_sits.npy,data16/6836_labels.npy,data16/6836_dates.npy
6837,data16/6837_sits.npy,data16/6837_labels.npy,data16/6837_dates.npy
6838,data16/6838_sits.npy,data16/6838_labels.npy,data16/6838_dates.npy
6839,data16/6839_sits.npy,data16/6839_labels.npy,data16/6839_dates.npy
6840,data16/6840_sits.npy,data16/6840_labels.npy,data16/6840_dates.npy
6841,data16/6841_sits.npy,data16/6841_labels.npy,data16/6841_dates.npy
6844,data16/6844_sits.npy,data16/6844_labels.npy,data16/6844_dates.npy
6845,data16/6845_sits.npy,data16/6845_labels.npy,data16/6845_dates.npy
6846,data16/6846_sits.npy,data16/6846_labels.npy,data16/6846_dates.npy
6847,data16/6847_sits.npy,data16/6847_labels.npy,data16/6847_dates.npy
6848,data16/6848_sits.npy,data16/6848_labels.npy,data16/6848_dates.npy
6849,data16/6849_sits.npy,data16/6849_labels.npy,data16/6849_dates.npy
6852,data16/6852_sits.npy,data16/6852_labels.npy,data16/6852_dates.npy
6853,data16/6853_sits.npy,data16/6853_labels.npy,data16/6853_dates.npy
6854,data16/6854_sits.npy,data16/6854_labels.npy,data16/6854_dates.npy
6855,data16/6855_sits.npy,data16/6855_labels.npy,data16/6855_dates.npy
6856,data16/6856_sits.npy,data16/6856_labels.npy,data16/6856_dates.npy
6857,data16/6857_sits.npy,data16/6857_labels.npy,data16/6857_dates.npy
6860,data16/6860_sits.npy,data16/6860_labels.npy,data16/6860_dates.npy
6861,data16/6861_sits.npy,data16/6861_labels.npy,data16/6861_dates.npy
6862,data16/6862_sits.npy,data16/6862_labels.npy,data16/6862_dates.npy
6863,data16/6863_sits.npy,data16/6863_labels.npy,data16/6863_dates.npy
6864,data16/6864_sits.npy,data16/6864_labels.npy,data16/6864_dates.npy
6865,data16/6865_sits.npy,data16/6865_labels.npy,data16/6865_dates.npy
6868,data16/6868_sits.npy,data16/6868_labels.npy,data16/6868_dates.npy
6869,data16/6869_sits.npy,data16/6869_labels.npy,data16/6869_dates.npy
6870,data16/6870_sits.npy,data16/6870_labels.npy,data16/6870_dates.npy
6871,data16/6871_sits.npy,data16/6871_labels.npy,data16/6871_dates.npy
6872,data16/6872_sits.npy,data16/6872_labels.npy,data16/6872_dates.npy
7049,data16/7049_sits.npy,data16/7049_labels.npy,data16/7049_dates.npy
7050,data16/7050_sits.npy,data16/7050_labels.npy,data16/7050_dates.npy
7051,data16/7051_sits.npy,data16/7051_labels.npy,data16/7051_dates.npy
7052,data16/7052_sits.npy,data16/7052_labels.npy,data16/7052_dates.npy
7053,data16/7053_sits.npy,data16/7053_labels.npy,data16/7053_dates.npy
7054,data16/7054_sits.npy,data16/7054_labels.npy,data16/7054_dates.npy
7065,data16/7065_sits.npy,data16/7065_labels.npy,data16/7065_dates.npy
7066,data16/7066_sits.npy,data16/7066_labels.npy,data16/7066_dates.npy
7067,data16/7067_sits.npy,data16/7067_labels.npy,data16/7067_dates.npy
7068,data16/7068_sits.npy,data16/7068_labels.npy,data16/7068_dates.npy
7069,data16/7069_sits.npy,data16/7069_labels.npy,data16/7069_dates.npy
7070,data16/7070_sits.npy,data16/7070_labels.npy,data16/7070_dates.npy
7097,data16/7097_sits.npy,data16/7097_labels.npy,data16/7097_dates.npy
7098,data16/7098_sits.npy,data16/7098_labels.npy,data16/7098_dates.npy
7099,data16/7099_sits.npy,data16/7099_labels.npy,data16/7099_dates.npy
7100,data16/7100_sits.npy,data16/7100_labels.npy,data16/7100_dates.npy
7101,data16/7101_sits.npy,data16/7101_labels.npy,data16/7101_dates.npy
7102,data16/7102_sits.npy,data16/7102_labels.npy,data16/7102_dates.npy
7105,data16/7105_sits.npy,data16/7105_labels.npy,data16/7105_dates.npy
7106,data16/7106_sits.npy,data16/7106_labels.npy,data16/7106_dates.npy
7107,data16/7107_sits.npy,data16/7107_labels.npy,data16/7107_dates.npy
7108,data16/7108_sits.npy,data16/7108_labels.npy,data16/7108_dates.npy
7109,data16/7109_sits.npy,data16/7109_labels.npy,data16/7109_dates.npy
7110,data16/7110_sits.npy,data16/7110_labels.npy,data16/7110_dates.npy
7121,data16/7121_sits.npy,data16/7121_labels.npy,data16/7121_dates.npy
7122,data16/7122_sits.npy,data16/7122_labels.npy,data16/7122_dates.npy
7123,data16/7123_sits.npy,data16/7123_labels.npy,data16/7123_dates.npy
7124,data16/7124_sits.npy,data16/7124_labels.npy,data16/7124_dates.npy
7125,data16/7125_sits.npy,data16/7125_labels.npy,data16/7125_dates.npy
7126,data16/7126_sits.npy,data16/7126_labels.npy,data16/7126_dates.npy
7136,data16/7136_sits.npy,data16/7136_labels.npy,data16/7136_dates.npy
7137,data16/7137_sits.npy,data16/7137_labels.npy,data16/7137_dates.npy
7138,data16/7138_sits.npy,data16/7138_labels.npy,data16/7138_dates.npy
7139,data16/7139_sits.npy,data16/7139_labels.npy,data16/7139_dates.npy
7141,data16/7141_sits.npy,data16/7141_labels.npy,data16/7141_dates.npy
7152,data16/7152_sits.npy,data16/7152_labels.npy,data16/7152_dates.npy
7153,data16/7153_sits.npy,data16/7153_labels.npy,data16/7153_dates.npy
7154,data16/7154_sits.npy,data16/7154_labels.npy,data16/7154_dates.npy
7156,data16/7156_sits.npy,data16/7156_labels.npy,data16/7156_dates.npy
7157,data16/7157_sits.npy,data16/7157_labels.npy,data16/7157_dates.npy
7184,data16/7184_sits.npy,data16/7184_labels.npy,data16/7184_dates.npy
7186,data16/7186_sits.npy,data16/7186_labels.npy,data16/7186_dates.npy
7187,data16/7187_sits.npy,data16/7187_labels.npy,data16/7187_dates.npy
7188,data16/7188_sits.npy,data16/7188_labels.npy,data16/7188_dates.npy
7189,data16/7189_sits.npy,data16/7189_labels.npy,data16/7189_dates.npy
7192,data16/7192_sits.npy,data16/7192_labels.npy,data16/7192_dates.npy
7193,data16/7193_sits.npy,data16/7193_labels.npy,data16/7193_dates.npy
7194,data16/7194_sits.npy,data16/7194_labels.npy,data16/7194_dates.npy
7196,data16/7196_sits.npy,data16/7196_labels.npy,data16/7196_dates.npy
7197,data16/7197_sits.npy,data16/7197_labels.npy,data16/7197_dates.npy
7208,data16/7208_sits.npy,data16/7208_labels.npy,data16/7208_dates.npy
7209,data16/7209_sits.npy,data16/7209_labels.npy,data16/7209_dates.npy
7211,data16/7211_sits.npy,data16/7211_labels.npy,data16/7211_dates.npy
7212,data16/7212_sits.npy,data16/7212_labels.npy,data16/7212_dates.npy
7213,data16/7213_sits.npy,data16/7213_labels.npy,data16/7213_dates.npy
7223,data16/7223_sits.npy,data16/7223_labels.npy,data16/7223_dates.npy
7224,data16/7224_sits.npy,data16/7224_labels.npy,data16/7224_dates.npy
7225,data16/7225_sits.npy,data16/7225_labels.npy,data16/7225_dates.npy
7226,data16/7226_sits.npy,data16/7226_labels.npy,data16/7226_dates.npy
7227,data16/7227_sits.npy,data16/7227_labels.npy,data16/7227_dates.npy
7228,data16/7228_sits.npy,data16/7228_labels.npy,data16/7228_dates.npy
7239,data16/7239_sits.npy,data16/7239_labels.npy,data16/7239_dates.npy
7240,data16/7240_sits.npy,data16/7240_labels.npy,data16/7240_dates.npy
7241,data16/7241_sits.npy,data16/7241_labels.npy,data16/7241_dates.npy
7242,data16/7242_sits.npy,data16/7242_labels.npy,data16/7242_dates.npy
7243,data16/7243_sits.npy,data16/7243_labels.npy,data16/7243_dates.npy
7244,data16/7244_sits.npy,data16/7244_labels.npy,data16/7244_dates.npy
7271,data16/7271_sits.npy,data16/7271_labels.npy,data16/7271_dates.npy
7272,data16/7272_sits.npy,data16/7272_labels.npy,data16/7272_dates.npy
7273,data16/7273_sits.npy,data16/7273_labels.npy,data16/7273_dates.npy
7274,data16/7274_sits.npy,data16/7274_labels.npy,data16/7274_dates.npy
7275,data16/7275_sits.npy,data16/7275_labels.npy,data16/7275_dates.npy
7276,data16/7276_sits.npy,data16/7276_labels.npy,data16/7276_dates.npy
7279,data16/7279_sits.npy,data16/7279_labels.npy,data16/7279_dates.npy
7280,data16/7280_sits.npy,data16/7280_labels.npy,data16/7280_dates.npy
7281,data16/7281_sits.npy,data16/7281_labels.npy,data16/7281_dates.npy
7282,data16/7282_sits.npy,data16/7282_labels.npy,data16/7282_dates.npy
7283,data16/7283_sits.npy,data16/7283_labels.npy,data16/7283_dates.npy
7284,data16/7284_sits.npy,data16/7284_labels.npy,data16/7284_dates.npy
7295,data16/7295_sits.npy,data16/7295_labels.npy,data16/7295_dates.npy
7296,data16/7296_sits.npy,data16/7296_labels.npy,data16/7296_dates.npy
7297,data16/7297_sits.npy,data16/7297_labels.npy,data16/7297_dates.npy
7298,data16/7298_sits.npy,data16/7298_labels.npy,data16/7298_dates.npy
7299,data16/7299_sits.npy,data16/7299_labels.npy,data16/7299_dates.npy
7300,data16/7300_sits.npy,data16/7300_labels.npy,data16/7300_dates.npy
7310,data16/7310_sits.npy,data16/7310_labels.npy,data16/7310_dates.npy
7312,data16/7312_sits.npy,data16/7312_labels.npy,data16/7312_dates.npy
7314,data16/7314_sits.npy,data16/7314_labels.npy,data16/7314_dates.npy
7315,data16/7315_sits.npy,data16/7315_labels.npy,data16/7315_dates.npy
7327,data16/7327_sits.npy,data16/7327_labels.npy,data16/7327_dates.npy
7329,data16/7329_sits.npy,data16/7329_labels.npy,data16/7329_dates.npy
7330,data16/7330_sits.npy,data16/7330_labels.npy,data16/7330_dates.npy
7359,data16/7359_sits.npy,data16/7359_labels.npy,data16/7359_dates.npy
7360,data16/7360_sits.npy,data16/7360_labels.npy,data16/7360_dates.npy
7362,data16/7362_sits.npy,data16/7362_labels.npy,data16/7362_dates.npy
7367,data16/7367_sits.npy,data16/7367_labels.npy,data16/7367_dates.npy
7369,data16/7369_sits.npy,data16/7369_labels.npy,data16/7369_dates.npy
7370,data16/7370_sits.npy,data16/7370_labels.npy,data16/7370_dates.npy
7382,data16/7382_sits.npy,data16/7382_labels.npy,data16/7382_dates.npy
7384,data16/7384_sits.npy,data16/7384_labels.npy,data16/7384_dates.npy
7385,data16/7385_sits.npy,data16/7385_labels.npy,data16/7385_dates.npy
7387,data16/7387_sits.npy,data16/7387_labels.npy,data16/7387_dates.npy
7397,data16/7397_sits.npy,data16/7397_labels.npy,data16/7397_dates.npy
7398,data16/7398_sits.npy,data16/7398_labels.npy,data16/7398_dates.npy
7399,data16/7399_sits.npy,data16/7399_labels.npy,data16/7399_dates.npy
7400,data16/7400_sits.npy,data16/7400_labels.npy,data16/7400_dates.npy
7402,data16/7402_sits.npy,data16/7402_labels.npy,data16/7402_dates.npy
7413,data16/7413_sits.npy,data16/7413_labels.npy,data16/7413_dates.npy
7414,data16/7414_sits.npy,data16/7414_labels.npy,data16/7414_dates.npy
7415,data16/7415_sits.npy,data16/7415_labels.npy,data16/7415_dates.npy
7417,data16/7417_sits.npy,data16/7417_labels.npy,data16/7417_dates.npy
7418,data16/7418_sits.npy,data16/7418_labels.npy,data16/7418_dates.npy
7445,data16/7445_sits.npy,data16/7445_labels.npy,data16/7445_dates.npy
7447,data16/7447_sits.npy,data16/7447_labels.npy,data16/7447_dates.npy
7448,data16/7448_sits.npy,data16/7448_labels.npy,data16/7448_dates.npy
7449,data16/7449_sits.npy,data16/7449_labels.npy,data16/7449_dates.npy
7450,data16/7450_sits.npy,data16/7450_labels.npy,data16/7450_dates.npy
7453,data16/7453_sits.npy,data16/7453_labels.npy,data16/7453_dates.npy
7454,data16/7454_sits.npy,data16/7454_labels.npy,data16/7454_dates.npy
7455,data16/7455_sits.npy,data16/7455_labels.npy,data16/7455_dates.npy
7457,data16/7457_sits.npy,data16/7457_labels.npy,data16/7457_dates.npy
7458,data16/7458_sits.npy,data16/7458_labels.npy,data16/7458_dates.npy
7469,data16/7469_sits.npy,data16/7469_labels.npy,data16/7469_dates.npy
7470,data16/7470_sits.npy,data16/7470_labels.npy,data16/7470_dates.npy
7472,data16/7472_sits.npy,data16/7472_labels.npy,data16/7472_dates.npy
7473,data16/7473_sits.npy,data16/7473_labels.npy,data16/7473_dates.npy
7474,data16/7474_sits.npy,data16/7474_labels.npy,data16/7474_dates.npy
7484,data16/7484_sits.npy,data16/7484_labels.npy,data16/7484_dates.npy
7485,data16/7485_sits.npy,data16/7485_labels.npy,data16/7485_dates.npy
7486,data16/7486_sits.npy,data16/7486_labels.npy,data16/7486_dates.npy
7487,data16/7487_sits.npy,data16/7487_labels.npy,data16/7487_dates.npy
7488,data16/7488_sits.npy,data16/7488_labels.npy,data16/7488_dates.npy
7489,data16/7489_sits.npy,data16/7489_labels.npy,data16/7489_dates.npy
7500,data16/7500_sits.npy,data16/7500_labels.npy,data16/7500_dates.npy
7501,data16/7501_sits.npy,data16/7501_labels.npy,data16/7501_dates.npy
7502,data16/7502_sits.npy,data16/7502_labels.npy,data16/7502_dates.npy
7503,data16/7503_sits.npy,data16/7503_labels.npy,data16/7503_dates.npy
7504,data16/7504_sits.npy,data16/7504_labels.npy,data16/7504_dates.npy
7505,data16/7505_sits.npy,data16/7505_labels.npy,data16/7505_dates.npy
7532,data16/7532_sits.npy,data16/7532_labels.npy,data16/7532_dates.npy
7533,data16/7533_sits.npy,data16/7533_labels.npy,data16/7533_dates.npy
7534,data16/7534_sits.npy,data16/7534_labels.npy,data16/7534_dates.npy
7535,data16/7535_sits.npy,data16/7535_labels.npy,data16/7535_dates.npy
7536,data16/7536_sits.npy,data16/7536_labels.npy,data16/7536_dates.npy
7537,data16/7537_sits.npy,data16/7537_labels.npy,data16/7537_dates.npy
7540,data16/7540_sits.npy,data16/7540_labels.npy,data16/7540_dates.npy
7541,data16/7541_sits.npy,data16/7541_labels.npy,data16/7541_dates.npy
7542,data16/7542_sits.npy,data16/7542_labels.npy,data16/7542_dates.npy
7543,data16/7543_sits.npy,data16/7543_labels.npy,data16/7543_dates.npy
7544,data16/7544_sits.npy,data16/7544_labels.npy,data16/7544_dates.npy
7545,data16/7545_sits.npy,data16/7545_labels.npy,data16/7545_dates.npy
7556,data16/7556_sits.npy,data16/7556_labels.npy,data16/7556_dates.npy
7557,data16/7557_sits.npy,data16/7557_labels.npy,data16/7557_dates.npy
7558,data16/7558_sits.npy,data16/7558_labels.npy,data16/7558_dates.npy
7559,data16/7559_sits.npy,data16/7559_labels.npy,data16/7559_dates.npy
7560,data16/7560_sits.npy,data16/7560_labels.npy,data16/7560_dates.npy
7561,data16/7561_sits.npy,data16/7561_labels.npy,data16/7561_dates.npy
7745,data16/7745_sits.npy,data16/7745_labels.npy,data16/7745_dates.npy
7747,data16/7747_sits.npy,data16/7747_labels.npy,data16/7747_dates.npy
7749,data16/7749_sits.npy,data16/7749_labels.npy,data16/7749_dates.npy
7750,data16/7750_sits.npy,data16/7750_labels.npy,data16/7750_dates.npy
7754,data16/7754_sits.npy,data16/7754_labels.npy,data16/7754_dates.npy
7755,data16/7755_sits.npy,data16/7755_labels.npy,data16/7755_dates.npy
7757,data16/7757_sits.npy,data16/7757_labels.npy,data16/7757_dates.npy
7762,data16/7762_sits.npy,data16/7762_labels.npy,data16/7762_dates.npy
7764,data16/7764_sits.npy,data16/7764_labels.npy,data16/7764_dates.npy
7765,data16/7765_sits.npy,data16/7765_labels.npy,data16/7765_dates.npy
7769,data16/7769_sits.npy,data16/7769_labels.npy,data16/7769_dates.npy
7770,data16/7770_sits.npy,data16/7770_labels.npy,data16/7770_dates.npy
7772,data16/7772_sits.npy,data16/7772_labels.npy,data16/7772_dates.npy
7774,data16/7774_sits.npy,data16/7774_labels.npy,data16/7774_dates.npy
7794,data16/7794_sits.npy,data16/7794_labels.npy,data16/7794_dates.npy
7797,data16/7797_sits.npy,data16/7797_labels.npy,data16/7797_dates.npy
7802,data16/7802_sits.npy,data16/7802_labels.npy,data16/7802_dates.npy
7804,data16/7804_sits.npy,data16/7804_labels.npy,data16/7804_dates.npy
7805,data16/7805_sits.npy,data16/7805_labels.npy,data16/7805_dates.npy
7817,data16/7817_sits.npy,data16/7817_labels.npy,data16/7817_dates.npy
7819,data16/7819_sits.npy,data16/7819_labels.npy,data16/7819_dates.npy
7820,data16/7820_sits.npy,data16/7820_labels.npy,data16/7820_dates.npy
7822,data16/7822_sits.npy,data16/7822_labels.npy,data16/7822_dates.npy
7825,data16/7825_sits.npy,data16/7825_labels.npy,data16/7825_dates.npy
7827,data16/7827_sits.npy,data16/7827_labels.npy,data16/7827_dates.npy
7829,data16/7829_sits.npy,data16/7829_labels.npy,data16/7829_dates.npy
7830,data16/7830_sits.npy,data16/7830_labels.npy,data16/7830_dates.npy
7832,data16/7832_sits.npy,data16/7832_labels.npy,data16/7832_dates.npy
7833,data16/7833_sits.npy,data16/7833_labels.npy,data16/7833_dates.npy
7834,data16/7834_sits.npy,data16/7834_labels.npy,data16/7834_dates.npy
7835,data16/7835_sits.npy,data16/7835_labels.npy,data16/7835_dates.npy
7837,data16/7837_sits.npy,data16/7837_labels.npy,data16/7837_dates.npy
7840,data16/7840_sits.npy,data16/7840_labels.npy,data16/7840_dates.npy
7842,data16/7842_sits.npy,data16/7842_labels.npy,data16/7842_dates.npy
7843,data16/7843_sits.npy,data16/7843_labels.npy,data16/7843_dates.npy
7844,data16/7844_sits.npy,data16/7844_labels.npy,data16/7844_dates.npy
7845,data16/7845_sits.npy,data16/7845_labels.npy,data16/7845_dates.npy
7848,data16/7848_sits.npy,data16/7848_labels.npy,data16/7848_dates.npy
7849,data16/7849_sits.npy,data16/7849_labels.npy,data16/7849_dates.npy
7850,data16/7850_sits.npy,data16/7850_labels.npy,data16/7850_dates.npy
7852,data16/7852_sits.npy,data16/7852_labels.npy,data16/7852_dates.npy
7853,data16/7853_sits.npy,data16/7853_labels.npy,data16/7853_dates.npy
7857,data16/7857_sits.npy,data16/7857_labels.npy,data16/7857_dates.npy
7858,data16/7858_sits.npy,data16/7858_labels.npy,data16/7858_dates.npy
7859,data16/7859_sits.npy,data16/7859_labels.npy,data16/7859_dates.npy
7860,data16/7860_sits.npy,data16/7860_labels.npy,data16/7860_dates.npy
7880,data16/7880_sits.npy,data16/7880_labels.npy,data16/7880_dates.npy
7882,data16/7882_sits.npy,data16/7882_labels.npy,data16/7882_dates.npy
7883,data16/7883_sits.npy,data16/7883_labels.npy,data16/7883_dates.npy
7884,data16/7884_sits.npy,data16/7884_labels.npy,data16/7884_dates.npy
7885,data16/7885_sits.npy,data16/7885_labels.npy,data16/7885_dates.npy
7888,data16/7888_sits.npy,data16/7888_labels.npy,data16/7888_dates.npy
7889,data16/7889_sits.npy,data16/7889_labels.npy,data16/7889_dates.npy
7890,data16/7890_sits.npy,data16/7890_labels.npy,data16/7890_dates.npy
7892,data16/7892_sits.npy,data16/7892_labels.npy,data16/7892_dates.npy
7893,data16/7893_sits.npy,data16/7893_labels.npy,data16/7893_dates.npy
7904,data16/7904_sits.npy,data16/7904_labels.npy,data16/7904_dates.npy
7907,data16/7907_sits.npy,data16/7907_labels.npy,data16/7907_dates.npy
7908,data16/7908_sits.npy,data16/7908_labels.npy,data16/7908_dates.npy
7909,data16/7909_sits.npy,data16/7909_labels.npy,data16/7909_dates.npy
7912,data16/7912_sits.npy,data16/7912_labels.npy,data16/7912_dates.npy
7913,data16/7913_sits.npy,data16/7913_labels.npy,data16/7913_dates.npy
7914,data16/7914_sits.npy,data16/7914_labels.npy,data16/7914_dates.npy
7915,data16/7915_sits.npy,data16/7915_labels.npy,data16/7915_dates.npy
7917,data16/7917_sits.npy,data16/7917_labels.npy,data16/7917_dates.npy
7919,data16/7919_sits.npy,data16/7919_labels.npy,data16/7919_dates.npy
7920,data16/7920_sits.npy,data16/7920_labels.npy,data16/7920_dates.npy
7921,data16/7921_sits.npy,data16/7921_labels.npy,data16/7921_dates.npy
7922,data16/7922_sits.npy,data16/7922_labels.npy,data16/7922_dates.npy
7923,data16/7923_sits.npy,data16/7923_labels.npy,data16/7923_dates.npy
7924,data16/7924_sits.npy,data16/7924_labels.npy,data16/7924_dates.npy
7927,data16/7927_sits.npy,data16/7927_labels.npy,data16/7927_dates.npy
7928,data16/7928_sits.npy,data16/7928_labels.npy,data16/7928_dates.npy
7929,data16/7929_sits.npy,data16/7929_labels.npy,data16/7929_dates.npy
7930,data16/7930_sits.npy,data16/7930_labels.npy,data16/7930_dates.npy
7931,data16/7931_sits.npy,data16/7931_labels.npy,data16/7931_dates.npy
7932,data16/7932_sits.npy,data16/7932_labels.npy,data16/7932_dates.npy
7935,data16/7935_sits.npy,data16/7935_labels.npy,data16/7935_dates.npy
7936,data16/7936_sits.npy,data16/7936_labels.npy,data16/7936_dates.npy
7937,data16/7937_sits.npy,data16/7937_labels.npy,data16/7937_dates.npy
7938,data16/7938_sits.npy,data16/7938_labels.npy,data16/7938_dates.npy
7939,data16/7939_sits.npy,data16/7939_labels.npy,data16/7939_dates.npy
7940,data16/7940_sits.npy,data16/7940_labels.npy,data16/7940_dates.npy
7943,data16/7943_sits.npy,data16/7943_labels.npy,data16/7943_dates.npy
7944,data16/7944_sits.npy,data16/7944_labels.npy,data16/7944_dates.npy
7945,data16/7945_sits.npy,data16/7945_labels.npy,data16/7945_dates.npy
7946,data16/7946_sits.npy,data16/7946_labels.npy,data16/7946_dates.npy
7947,data16/7947_sits.npy,data16/7947_labels.npy,data16/7947_dates.npy
7948,data16/7948_sits.npy,data16/7948_labels.npy,data16/7948_dates.npy
7968,data16/7968_sits.npy,data16/7968_labels.npy,data16/7968_dates.npy
7969,data16/7969_sits.npy,data16/7969_labels.npy,data16/7969_dates.npy
7970,data16/7970_sits.npy,data16/7970_labels.npy,data16/7970_dates.npy
7971,data16/7971_sits.npy,data16/7971_labels.npy,data16/7971_dates.npy
7975,data16/7975_sits.npy,data16/7975_labels.npy,data16/7975_dates.npy
7976,data16/7976_sits.npy,data16/7976_labels.npy,data16/7976_dates.npy
7977,data16/7977_sits.npy,data16/7977_labels.npy,data16/7977_dates.npy
7978,data16/7978_sits.npy,data16/7978_labels.npy,data16/7978_dates.npy
7979,data16/7979_sits.npy,data16/7979_labels.npy,data16/7979_dates.npy
7980,data16/7980_sits.npy,data16/7980_labels.npy,data16/7980_dates.npy
7991,data16/7991_sits.npy,data16/7991_labels.npy,data16/7991_dates.npy
7992,data16/7992_sits.npy,data16/7992_labels.npy,data16/7992_dates.npy
7993,data16/7993_sits.npy,data16/7993_labels.npy,data16/7993_dates.npy
7994,data16/7994_sits.npy,data16/7994_labels.npy,data16/7994_dates.npy
7995,data16/7995_sits.npy,data16/7995_labels.npy,data16/7995_dates.npy
7996,data16/7996_sits.npy,data16/7996_labels.npy,data16/7996_dates.npy
7999,data16/7999_sits.npy,data16/7999_labels.npy,data16/7999_dates.npy
8000,data16/8000_sits.npy,data16/8000_labels.npy,data16/8000_dates.npy
8001,data16/8001_sits.npy,data16/8001_labels.npy,data16/8001_dates.npy
8002,data16/8002_sits.npy,data16/8002_labels.npy,data16/8002_dates.npy
8003,data16/8003_sits.npy,data16/8003_labels.npy,data16/8003_dates.npy
8004,data16/8004_sits.npy,data16/8004_labels.npy,data16/8004_dates.npy
8006,data16/8006_sits.npy,data16/8006_labels.npy,data16/8006_dates.npy
8007,data16/8007_sits.npy,data16/8007_labels.npy,data16/8007_dates.npy
8008,data16/8008_sits.npy,data16/8008_labels.npy,data16/8008_dates.npy
8009,data16/8009_sits.npy,data16/8009_labels.npy,data16/8009_dates.npy
8011,data16/8011_sits.npy,data16/8011_labels.npy,data16/8011_dates.npy
8014,data16/8014_sits.npy,data16/8014_labels.npy,data16/8014_dates.npy
8016,data16/8016_sits.npy,data16/8016_labels.npy,data16/8016_dates.npy
8017,data16/8017_sits.npy,data16/8017_labels.npy,data16/8017_dates.npy
8018,data16/8018_sits.npy,data16/8018_labels.npy,data16/8018_dates.npy
8019,data16/8019_sits.npy,data16/8019_labels.npy,data16/8019_dates.npy
8022,data16/8022_sits.npy,data16/8022_labels.npy,data16/8022_dates.npy
8023,data16/8023_sits.npy,data16/8023_labels.npy,data16/8023_dates.npy
8024,data16/8024_sits.npy,data16/8024_labels.npy,data16/8024_dates.npy
8026,data16/8026_sits.npy,data16/8026_labels.npy,data16/8026_dates.npy
8027,data16/8027_sits.npy,data16/8027_labels.npy,data16/8027_dates.npy
8031,data16/8031_sits.npy,data16/8031_labels.npy,data16/8031_dates.npy
8033,data16/8033_sits.npy,data16/8033_labels.npy,data16/8033_dates.npy
8034,data16/8034_sits.npy,data16/8034_labels.npy,data16/8034_dates.npy
8056,data16/8056_sits.npy,data16/8056_labels.npy,data16/8056_dates.npy
8057,data16/8057_sits.npy,data16/8057_labels.npy,data16/8057_dates.npy
8058,data16/8058_sits.npy,data16/8058_labels.npy,data16/8058_dates.npy
8059,data16/8059_sits.npy,data16/8059_labels.npy,data16/8059_dates.npy
8063,data16/8063_sits.npy,data16/8063_labels.npy,data16/8063_dates.npy
8064,data16/8064_sits.npy,data16/8064_labels.npy,data16/8064_dates.npy
8066,data16/8066_sits.npy,data16/8066_labels.npy,data16/8066_dates.npy
8067,data16/8067_sits.npy,data16/8067_labels.npy,data16/8067_dates.npy
8079,data16/8079_sits.npy,data16/8079_labels.npy,data16/8079_dates.npy
8081,data16/8081_sits.npy,data16/8081_labels.npy,data16/8081_dates.npy
8082,data16/8082_sits.npy,data16/8082_labels.npy,data16/8082_dates.npy
8083,data16/8083_sits.npy,data16/8083_labels.npy,data16/8083_dates.npy
8086,data16/8086_sits.npy,data16/8086_labels.npy,data16/8086_dates.npy
8087,data16/8087_sits.npy,data16/8087_labels.npy,data16/8087_dates.npy
8088,data16/8088_sits.npy,data16/8088_labels.npy,data16/8088_dates.npy
8089,data16/8089_sits.npy,data16/8089_labels.npy,data16/8089_dates.npy
8091,data16/8091_sits.npy,data16/8091_labels.npy,data16/8091_dates.npy
8093,data16/8093_sits.npy,data16/8093_labels.npy,data16/8093_dates.npy
8094,data16/8094_sits.npy,data16/8094_labels.npy,data16/8094_dates.npy
8095,data16/8095_sits.npy,data16/8095_labels.npy,data16/8095_dates.npy
8096,data16/8096_sits.npy,data16/8096_labels.npy,data16/8096_dates.npy
8101,data16/8101_sits.npy,data16/8101_labels.npy,data16/8101_dates.npy
8102,data16/8102_sits.npy,data16/8102_labels.npy,data16/8102_dates.npy
8103,data16/8103_sits.npy,data16/8103_labels.npy,data16/8103_dates.npy
8104,data16/8104_sits.npy,data16/8104_labels.npy,data16/8104_dates.npy
8105,data16/8105_sits.npy,data16/8105_labels.npy,data16/8105_dates.npy
8106,data16/8106_sits.npy,data16/8106_labels.npy,data16/8106_dates.npy
8109,data16/8109_sits.npy,data16/8109_labels.npy,data16/8109_dates.npy
8110,data16/8110_sits.npy,data16/8110_labels.npy,data16/8110_dates.npy
8111,data16/8111_sits.npy,data16/8111_labels.npy,data16/8111_dates.npy
8112,data16/8112_sits.npy,data16/8112_labels.npy,data16/8112_dates.npy
8113,data16/8113_sits.npy,data16/8113_labels.npy,data16/8113_dates.npy
8114,data16/8114_sits.npy,data16/8114_labels.npy,data16/8114_dates.npy
8117,data16/8117_sits.npy,data16/8117_labels.npy,data16/8117_dates.npy
8118,data16/8118_sits.npy,data16/8118_labels.npy,data16/8118_dates.npy
8119,data16/8119_sits.npy,data16/8119_labels.npy,data16/8119_dates.npy
8120,data16/8120_sits.npy,data16/8120_labels.npy,data16/8120_dates.npy
8121,data16/8121_sits.npy,data16/8121_labels.npy,data16/8121_dates.npy
8122,data16/8122_sits.npy,data16/8122_labels.npy,data16/8122_dates.npy
8141,data16/8141_sits.npy,data16/8141_labels.npy,data16/8141_dates.npy
8142,data16/8142_sits.npy,data16/8142_labels.npy,data16/8142_dates.npy
8143,data16/8143_sits.npy,data16/8143_labels.npy,data16/8143_dates.npy
8144,data16/8144_sits.npy,data16/8144_labels.npy,data16/8144_dates.npy
8145,data16/8145_sits.npy,data16/8145_labels.npy,data16/8145_dates.npy
8146,data16/8146_sits.npy,data16/8146_labels.npy,data16/8146_dates.npy
8152,data16/8152_sits.npy,data16/8152_labels.npy,data16/8152_dates.npy
8153,data16/8153_sits.npy,data16/8153_labels.npy,data16/8153_dates.npy
8154,data16/8154_sits.npy,data16/8154_labels.npy,data16/8154_dates.npy
8165,data16/8165_sits.npy,data16/8165_labels.npy,data16/8165_dates.npy
8166,data16/8166_sits.npy,data16/8166_labels.npy,data16/8166_dates.npy
8167,data16/8167_sits.npy,data16/8167_labels.npy,data16/8167_dates.npy
8168,data16/8168_sits.npy,data16/8168_labels.npy,data16/8168_dates.npy
8169,data16/8169_sits.npy,data16/8169_labels.npy,data16/8169_dates.npy
8170,data16/8170_sits.npy,data16/8170_labels.npy,data16/8170_dates.npy
8173,data16/8173_sits.npy,data16/8173_labels.npy,data16/8173_dates.npy
8174,data16/8174_sits.npy,data16/8174_labels.npy,data16/8174_dates.npy
8175,data16/8175_sits.npy,data16/8175_labels.npy,data16/8175_dates.npy
8176,data16/8176_sits.npy,data16/8176_labels.npy,data16/8176_dates.npy
8177,data16/8177_sits.npy,data16/8177_labels.npy,data16/8177_dates.npy
8178,data16/8178_sits.npy,data16/8178_labels.npy,data16/8178_dates.npy
8180,data16/8180_sits.npy,data16/8180_labels.npy,data16/8180_dates.npy
8182,data16/8182_sits.npy,data16/8182_labels.npy,data16/8182_dates.npy
8189,data16/8189_sits.npy,data16/8189_labels.npy,data16/8189_dates.npy
8190,data16/8190_sits.npy,data16/8190_labels.npy,data16/8190_dates.npy
8192,data16/8192_sits.npy,data16/8192_labels.npy,data16/8192_dates.npy
8197,data16/8197_sits.npy,data16/8197_labels.npy,data16/8197_dates.npy
8199,data16/8199_sits.npy,data16/8199_labels.npy,data16/8199_dates.npy
8200,data16/8200_sits.npy,data16/8200_labels.npy,data16/8200_dates.npy
8204,data16/8204_sits.npy,data16/8204_labels.npy,data16/8204_dates.npy
8205,data16/8205_sits.npy,data16/8205_labels.npy,data16/8205_dates.npy
8207,data16/8207_sits.npy,data16/8207_labels.npy,data16/8207_dates.npy
8209,data16/8209_sits.npy,data16/8209_labels.npy,data16/8209_dates.npy
8229,data16/8229_sits.npy,data16/8229_labels.npy,data16/8229_dates.npy
8230,data16/8230_sits.npy,data16/8230_labels.npy,data16/8230_dates.npy
8232,data16/8232_sits.npy,data16/8232_labels.npy,data16/8232_dates.npy
8239,data16/8239_sits.npy,data16/8239_labels.npy,data16/8239_dates.npy
8240,data16/8240_sits.npy,data16/8240_labels.npy,data16/8240_dates.npy
8252,data16/8252_sits.npy,data16/8252_labels.npy,data16/8252_dates.npy
8254,data16/8254_sits.npy,data16/8254_labels.npy,data16/8254_dates.npy
8255,data16/8255_sits.npy,data16/8255_labels.npy,data16/8255_dates.npy
8257,data16/8257_sits.npy,data16/8257_labels.npy,data16/8257_dates.npy
8260,data16/8260_sits.npy,data16/8260_labels.npy,data16/8260_dates.npy
8262,data16/8262_sits.npy,data16/8262_labels.npy,data16/8262_dates.npy
8264,data16/8264_sits.npy,data16/8264_labels.npy,data16/8264_dates.npy
8265,data16/8265_sits.npy,data16/8265_labels.npy,data16/8265_dates.npy
8449,data16/8449_sits.npy,data16/8449_labels.npy,data16/8449_dates.npy
8451,data16/8451_sits.npy,data16/8451_labels.npy,data16/8451_dates.npy
8452,data16/8452_sits.npy,data16/8452_labels.npy,data16/8452_dates.npy
8453,data16/8453_sits.npy,data16/8453_labels.npy,data16/8453_dates.npy
8454,data16/8454_sits.npy,data16/8454_labels.npy,data16/8454_dates.npy
8466,data16/8466_sits.npy,data16/8466_labels.npy,data16/8466_dates.npy
8467,data16/8467_sits.npy,data16/8467_labels.npy,data16/8467_dates.npy
8468,data16/8468_sits.npy,data16/8468_labels.npy,data16/8468_dates.npy
8469,data16/8469_sits.npy,data16/8469_labels.npy,data16/8469_dates.npy
8481,data16/8481_sits.npy,data16/8481_labels.npy,data16/8481_dates.npy
8482,data16/8482_sits.npy,data16/8482_labels.npy,data16/8482_dates.npy
8483,data16/8483_sits.npy,data16/8483_labels.npy,data16/8483_dates.npy
8484,data16/8484_sits.npy,data16/8484_labels.npy,data16/8484_dates.npy
8486,data16/8486_sits.npy,data16/8486_labels.npy,data16/8486_dates.npy
8489,data16/8489_sits.npy,data16/8489_labels.npy,data16/8489_dates.npy
8491,data16/8491_sits.npy,data16/8491_labels.npy,data16/8491_dates.npy
8492,data16/8492_sits.npy,data16/8492_labels.npy,data16/8492_dates.npy
8493,data16/8493_sits.npy,data16/8493_labels.npy,data16/8493_dates.npy
8494,data16/8494_sits.npy,data16/8494_labels.npy,data16/8494_dates.npy
8506,data16/8506_sits.npy,data16/8506_labels.npy,data16/8506_dates.npy
8507,data16/8507_sits.npy,data16/8507_labels.npy,data16/8507_dates.npy
8508,data16/8508_sits.npy,data16/8508_labels.npy,data16/8508_dates.npy
8509,data16/8509_sits.npy,data16/8509_labels.npy,data16/8509_dates.npy
8521,data16/8521_sits.npy,data16/8521_labels.npy,data16/8521_dates.npy
8522,data16/8522_sits.npy,data16/8522_labels.npy,data16/8522_dates.npy
8523,data16/8523_sits.npy,data16/8523_labels.npy,data16/8523_dates.npy
8524,data16/8524_sits.npy,data16/8524_labels.npy,data16/8524_dates.npy
8526,data16/8526_sits.npy,data16/8526_labels.npy,data16/8526_dates.npy
8536,data16/8536_sits.npy,data16/8536_labels.npy,data16/8536_dates.npy
8537,data16/8537_sits.npy,data16/8537_labels.npy,data16/8537_dates.npy
8538,data16/8538_sits.npy,data16/8538_labels.npy,data16/8538_dates.npy
8539,data16/8539_sits.npy,data16/8539_labels.npy,data16/8539_dates.npy
8540,data16/8540_sits.npy,data16/8540_labels.npy,data16/8540_dates.npy
8541,data16/8541_sits.npy,data16/8541_labels.npy,data16/8541_dates.npy
8552,data16/8552_sits.npy,data16/8552_labels.npy,data16/8552_dates.npy
8553,data16/8553_sits.npy,data16/8553_labels.npy,data16/8553_dates.npy
8554,data16/8554_sits.npy,data16/8554_labels.npy,data16/8554_dates.npy
8555,data16/8555_sits.npy,data16/8555_labels.npy,data16/8555_dates.npy
8556,data16/8556_sits.npy,data16/8556_labels.npy,data16/8556_dates.npy
8557,data16/8557_sits.npy,data16/8557_labels.npy,data16/8557_dates.npy
8568,data16/8568_sits.npy,data16/8568_labels.npy,data16/8568_dates.npy
8569,data16/8569_sits.npy,data16/8569_labels.npy,data16/8569_dates.npy
8570,data16/8570_sits.npy,data16/8570_labels.npy,data16/8570_dates.npy
8571,data16/8571_sits.npy,data16/8571_labels.npy,data16/8571_dates.npy
8572,data16/8572_sits.npy,data16/8572_labels.npy,data16/8572_dates.npy
8573,data16/8573_sits.npy,data16/8573_labels.npy,data16/8573_dates.npy
8576,data16/8576_sits.npy,data16/8576_labels.npy,data16/8576_dates.npy
8577,data16/8577_sits.npy,data16/8577_labels.npy,data16/8577_dates.npy
8578,data16/8578_sits.npy,data16/8578_labels.npy,data16/8578_dates.npy
8579,data16/8579_sits.npy,data16/8579_labels.npy,data16/8579_dates.npy
8580,data16/8580_sits.npy,data16/8580_labels.npy,data16/8580_dates.npy
8581,data16/8581_sits.npy,data16/8581_labels.npy,data16/8581_dates.npy
8592,data16/8592_sits.npy,data16/8592_labels.npy,data16/8592_dates.npy
8593,data16/8593_sits.npy,data16/8593_labels.npy,data16/8593_dates.npy
8594,data16/8594_sits.npy,data16/8594_labels.npy,data16/8594_dates.npy
8595,data16/8595_sits.npy,data16/8595_labels.npy,data16/8595_dates.npy
8596,data16/8596_sits.npy,data16/8596_labels.npy,data16/8596_dates.npy
8597,data16/8597_sits.npy,data16/8597_labels.npy,data16/8597_dates.npy
8608,data16/8608_sits.npy,data16/8608_labels.npy,data16/8608_dates.npy
8609,data16/8609_sits.npy,data16/8609_labels.npy,data16/8609_dates.npy
8610,data16/8610_sits.npy,data16/8610_labels.npy,data16/8610_dates.npy
8611,data16/8611_sits.npy,data16/8611_labels.npy,data16/8611_dates.npy
8612,data16/8612_sits.npy,data16/8612_labels.npy,data16/8612_dates.npy
8613,data16/8613_sits.npy,data16/8613_labels.npy,data16/8613_dates.npy
8624,data16/8624_sits.npy,data16/8624_labels.npy,data16/8624_dates.npy
8625,data16/8625_sits.npy,data16/8625_labels.npy,data16/8625_dates.npy
8627,data16/8627_sits.npy,data16/8627_labels.npy,data16/8627_dates.npy
8640,data16/8640_sits.npy,data16/8640_labels.npy,data16/8640_dates.npy
8642,data16/8642_sits.npy,data16/8642_labels.npy,data16/8642_dates.npy
8644,data16/8644_sits.npy,data16/8644_labels.npy,data16/8644_dates.npy
8655,data16/8655_sits.npy,data16/8655_labels.npy,data16/8655_dates.npy
8657,data16/8657_sits.npy,data16/8657_labels.npy,data16/8657_dates.npy
8659,data16/8659_sits.npy,data16/8659_labels.npy,data16/8659_dates.npy
8660,data16/8660_sits.npy,data16/8660_labels.npy,data16/8660_dates.npy
8664,data16/8664_sits.npy,data16/8664_labels.npy,data16/8664_dates.npy
8665,data16/8665_sits.npy,data16/8665_labels.npy,data16/8665_dates.npy
8667,data16/8667_sits.npy,data16/8667_labels.npy,data16/8667_dates.npy
8679,data16/8679_sits.npy,data16/8679_labels.npy,data16/8679_dates.npy
8680,data16/8680_sits.npy,data16/8680_labels.npy,data16/8680_dates.npy
8682,data16/8682_sits.npy,data16/8682_labels.npy,data16/8682_dates.npy
8684,data16/8684_sits.npy,data16/8684_labels.npy,data16/8684_dates.npy
8695,data16/8695_sits.npy,data16/8695_labels.npy,data16/8695_dates.npy
8697,data16/8697_sits.npy,data16/8697_labels.npy,data16/8697_dates.npy
8699,data16/8699_sits.npy,data16/8699_labels.npy,data16/8699_dates.npy
8700,data16/8700_sits.npy,data16/8700_labels.npy,data16/8700_dates.npy
8712,data16/8712_sits.npy,data16/8712_labels.npy,data16/8712_dates.npy
8713,data16/8713_sits.npy,data16/8713_labels.npy,data16/8713_dates.npy
8714,data16/8714_sits.npy,data16/8714_labels.npy,data16/8714_dates.npy
8715,data16/8715_sits.npy,data16/8715_labels.npy,data16/8715_dates.npy
8727,data16/8727_sits.npy,data16/8727_labels.npy,data16/8727_dates.npy
8728,data16/8728_sits.npy,data16/8728_labels.npy,data16/8728_dates.npy
8729,data16/8729_sits.npy,data16/8729_labels.npy,data16/8729_dates.npy
8730,data16/8730_sits.npy,data16/8730_labels.npy,data16/8730_dates.npy
8742,data16/8742_sits.npy,data16/8742_labels.npy,data16/8742_dates.npy
8743,data16/8743_sits.npy,data16/8743_labels.npy,data16/8743_dates.npy
8744,data16/8744_sits.npy,data16/8744_labels.npy,data16/8744_dates.npy
8745,data16/8745_sits.npy,data16/8745_labels.npy,data16/8745_dates.npy
8747,data16/8747_sits.npy,data16/8747_labels.npy,data16/8747_dates.npy
8750,data16/8750_sits.npy,data16/8750_labels.npy,data16/8750_dates.npy
8752,data16/8752_sits.npy,data16/8752_labels.npy,data16/8752_dates.npy
8753,data16/8753_sits.npy,data16/8753_labels.npy,data16/8753_dates.npy
8754,data16/8754_sits.npy,data16/8754_labels.npy,data16/8754_dates.npy
8755,data16/8755_sits.npy,data16/8755_labels.npy,data16/8755_dates.npy
8768,data16/8768_sits.npy,data16/8768_labels.npy,data16/8768_dates.npy
8769,data16/8769_sits.npy,data16/8769_labels.npy,data16/8769_dates.npy
8782,data16/8782_sits.npy,data16/8782_labels.npy,data16/8782_dates.npy
8783,data16/8783_sits.npy,data16/8783_labels.npy,data16/8783_dates.npy
8784,data16/8784_sits.npy,data16/8784_labels.npy,data16/8784_dates.npy
8787,data16/8787_sits.npy,data16/8787_labels.npy,data16/8787_dates.npy
8797,data16/8797_sits.npy,data16/8797_labels.npy,data16/8797_dates.npy
8798,data16/8798_sits.npy,data16/8798_labels.npy,data16/8798_dates.npy
8799,data16/8799_sits.npy,data16/8799_labels.npy,data16/8799_dates.npy
8800,data16/8800_sits.npy,data16/8800_labels.npy,data16/8800_dates.npy
8801,data16/8801_sits.npy,data16/8801_labels.npy,data16/8801_dates.npy
8802,data16/8802_sits.npy,data16/8802_labels.npy,data16/8802_dates.npy
8813,data16/8813_sits.npy,data16/8813_labels.npy,data16/8813_dates.npy
8814,data16/8814_sits.npy,data16/8814_labels.npy,data16/8814_dates.npy
8815,data16/8815_sits.npy,data16/8815_labels.npy,data16/8815_dates.npy
8816,data16/8816_sits.npy,data16/8816_labels.npy,data16/8816_dates.npy
8817,data16/8817_sits.npy,data16/8817_labels.npy,data16/8817_dates.npy
8818,data16/8818_sits.npy,data16/8818_labels.npy,data16/8818_dates.npy
8829,data16/8829_sits.npy,data16/8829_labels.npy,data16/8829_dates.npy
8830,data16/8830_sits.npy,data16/8830_labels.npy,data16/8830_dates.npy
8831,data16/8831_sits.npy,data16/8831_labels.npy,data16/8831_dates.npy
8832,data16/8832_sits.npy,data16/8832_labels.npy,data16/8832_dates.npy
8833,data16/8833_sits.npy,data16/8833_labels.npy,data16/8833_dates.npy
8834,data16/8834_sits.npy,data16/8834_labels.npy,data16/8834_dates.npy
8837,data16/8837_sits.npy,data16/8837_labels.npy,data16/8837_dates.npy
8838,data16/8838_sits.npy,data16/8838_labels.npy,data16/8838_dates.npy
8839,data16/8839_sits.npy,data16/8839_labels.npy,data16/8839_dates.npy
8840,data16/8840_sits.npy,data16/8840_labels.npy,data16/8840_dates.npy
8841,data16/8841_sits.npy,data16/8841_labels.npy,data16/8841_dates.npy
8842,data16/8842_sits.npy,data16/8842_labels.npy,data16/8842_dates.npy
8853,data16/8853_sits.npy,data16/8853_labels.npy,data16/8853_dates.npy
8854,data16/8854_sits.npy,data16/8854_labels.npy,data16/8854_dates.npy
8855,data16/8855_sits.npy,data16/8855_labels.npy,data16/8855_dates.npy
8856,data16/8856_sits.npy,data16/8856_labels.npy,data16/8856_dates.npy
8870,data16/8870_sits.npy,data16/8870_labels.npy,data16/8870_dates.npy
8871,data16/8871_sits.npy,data16/8871_labels.npy,data16/8871_dates.npy
8886,data16/8886_sits.npy,data16/8886_labels.npy,data16/8886_dates.npy
8887,data16/8887_sits.npy,data16/8887_labels.npy,data16/8887_dates.npy
8888,data16/8888_sits.npy,data16/8888_labels.npy,data16/8888_dates.npy
8889,data16/8889_sits.npy,data16/8889_labels.npy,data16/8889_dates.npy
8901,data16/8901_sits.npy,data16/8901_labels.npy,data16/8901_dates.npy
8902,data16/8902_sits.npy,data16/8902_labels.npy,data16/8902_dates.npy
8903,data16/8903_sits.npy,data16/8903_labels.npy,data16/8903_dates.npy
8904,data16/8904_sits.npy,data16/8904_labels.npy,data16/8904_dates.npy
8916,data16/8916_sits.npy,data16/8916_labels.npy,data16/8916_dates.npy
8917,data16/8917_sits.npy,data16/8917_labels.npy,data16/8917_dates.npy
8918,data16/8918_sits.npy,data16/8918_labels.npy,data16/8918_dates.npy
8919,data16/8919_sits.npy,data16/8919_labels.npy,data16/8919_dates.npy
8921,data16/8921_sits.npy,data16/8921_labels.npy,data16/8921_dates.npy
8924,data16/8924_sits.npy,data16/8924_labels.npy,data16/8924_dates.npy
8926,data16/8926_sits.npy,data16/8926_labels.npy,data16/8926_dates.npy
8927,data16/8927_sits.npy,data16/8927_labels.npy,data16/8927_dates.npy
8929,data16/8929_sits.npy,data16/8929_labels.npy,data16/8929_dates.npy
8941,data16/8941_sits.npy,data16/8941_labels.npy,data16/8941_dates.npy
8942,data16/8942_sits.npy,data16/8942_labels.npy,data16/8942_dates.npy
8943,data16/8943_sits.npy,data16/8943_labels.npy,data16/8943_dates.npy
8956,data16/8956_sits.npy,data16/8956_labels.npy,data16/8956_dates.npy
8957,data16/8957_sits.npy,data16/8957_labels.npy,data16/8957_dates.npy
8958,data16/8958_sits.npy,data16/8958_labels.npy,data16/8958_dates.npy
8961,data16/8961_sits.npy,data16/8961_labels.npy,data16/8961_dates.npy
9137,data16/9137_sits.npy,data16/9137_labels.npy,data16/9137_dates.npy
9138,data16/9138_sits.npy,data16/9138_labels.npy,data16/9138_dates.npy
9139,data16/9139_sits.npy,data16/9139_labels.npy,data16/9139_dates.npy
9140,data16/9140_sits.npy,data16/9140_labels.npy,data16/9140_dates.npy
9142,data16/9142_sits.npy,data16/9142_labels.npy,data16/9142_dates.npy
9162,data16/9162_sits.npy,data16/9162_labels.npy,data16/9162_dates.npy
9163,data16/9163_sits.npy,data16/9163_labels.npy,data16/9163_dates.npy
9164,data16/9164_sits.npy,data16/9164_labels.npy,data16/9164_dates.npy
9165,data16/9165_sits.npy,data16/9165_labels.npy,data16/9165_dates.npy
9169,data16/9169_sits.npy,data16/9169_labels.npy,data16/9169_dates.npy
9170,data16/9170_sits.npy,data16/9170_labels.npy,data16/9170_dates.npy
9172,data16/9172_sits.npy,data16/9172_labels.npy,data16/9172_dates.npy
9173,data16/9173_sits.npy,data16/9173_labels.npy,data16/9173_dates.npy
9174,data16/9174_sits.npy,data16/9174_labels.npy,data16/9174_dates.npy
9177,data16/9177_sits.npy,data16/9177_labels.npy,data16/9177_dates.npy
9178,data16/9178_sits.npy,data16/9178_labels.npy,data16/9178_dates.npy
9179,data16/9179_sits.npy,data16/9179_labels.npy,data16/9179_dates.npy
9180,data16/9180_sits.npy,data16/9180_labels.npy,data16/9180_dates.npy
9182,data16/9182_sits.npy,data16/9182_labels.npy,data16/9182_dates.npy
9185,data16/9185_sits.npy,data16/9185_labels.npy,data16/9185_dates.npy
9187,data16/9187_sits.npy,data16/9187_labels.npy,data16/9187_dates.npy
9188,data16/9188_sits.npy,data16/9188_labels.npy,data16/9188_dates.npy
9189,data16/9189_sits.npy,data16/9189_labels.npy,data16/9189_dates.npy
9202,data16/9202_sits.npy,data16/9202_labels.npy,data16/9202_dates.npy
9203,data16/9203_sits.npy,data16/9203_labels.npy,data16/9203_dates.npy
9205,data16/9205_sits.npy,data16/9205_labels.npy,data16/9205_dates.npy
9209,data16/9209_sits.npy,data16/9209_labels.npy,data16/9209_dates.npy
9210,data16/9210_sits.npy,data16/9210_labels.npy,data16/9210_dates.npy
9212,data16/9212_sits.npy,data16/9212_labels.npy,data16/9212_dates.npy
9213,data16/9213_sits.npy,data16/9213_labels.npy,data16/9213_dates.npy
9214,data16/9214_sits.npy,data16/9214_labels.npy,data16/9214_dates.npy
9217,data16/9217_sits.npy,data16/9217_labels.npy,data16/9217_dates.npy
9218,data16/9218_sits.npy,data16/9218_labels.npy,data16/9218_dates.npy
9219,data16/9219_sits.npy,data16/9219_labels.npy,data16/9219_dates.npy
9220,data16/9220_sits.npy,data16/9220_labels.npy,data16/9220_dates.npy
9222,data16/9222_sits.npy,data16/9222_labels.npy,data16/9222_dates.npy
9224,data16/9224_sits.npy,data16/9224_labels.npy,data16/9224_dates.npy
9225,data16/9225_sits.npy,data16/9225_labels.npy,data16/9225_dates.npy
9226,data16/9226_sits.npy,data16/9226_labels.npy,data16/9226_dates.npy
9227,data16/9227_sits.npy,data16/9227_labels.npy,data16/9227_dates.npy
9228,data16/9228_sits.npy,data16/9228_labels.npy,data16/9228_dates.npy
9248,data16/9248_sits.npy,data16/9248_labels.npy,data16/9248_dates.npy
9249,data16/9249_sits.npy,data16/9249_labels.npy,data16/9249_dates.npy
9250,data16/9250_sits.npy,data16/9250_labels.npy,data16/9250_dates.npy
9251,data16/9251_sits.npy,data16/9251_labels.npy,data16/9251_dates.npy
9252,data16/9252_sits.npy,data16/9252_labels.npy,data16/9252_dates.npy
9253,data16/9253_sits.npy,data16/9253_labels.npy,data16/9253_dates.npy
9256,data16/9256_sits.npy,data16/9256_labels.npy,data16/9256_dates.npy
9257,data16/9257_sits.npy,data16/9257_labels.npy,data16/9257_dates.npy
9258,data16/9258_sits.npy,data16/9258_labels.npy,data16/9258_dates.npy
9259,data16/9259_sits.npy,data16/9259_labels.npy,data16/9259_dates.npy
9260,data16/9260_sits.npy,data16/9260_labels.npy,data16/9260_dates.npy
9261,data16/9261_sits.npy,data16/9261_labels.npy,data16/9261_dates.npy
9264,data16/9264_sits.npy,data16/9264_labels.npy,data16/9264_dates.npy
9265,data16/9265_sits.npy,data16/9265_labels.npy,data16/9265_dates.npy
9266,data16/9266_sits.npy,data16/9266_labels.npy,data16/9266_dates.npy
9267,data16/9267_sits.npy,data16/9267_labels.npy,data16/9267_dates.npy
9268,data16/9268_sits.npy,data16/9268_labels.npy,data16/9268_dates.npy
9269,data16/9269_sits.npy,data16/9269_labels.npy,data16/9269_dates.npy
9272,data16/9272_sits.npy,data16/9272_labels.npy,data16/9272_dates.npy
9273,data16/9273_sits.npy,data16/9273_labels.npy,data16/9273_dates.npy
9274,data16/9274_sits.npy,data16/9274_labels.npy,data16/9274_dates.npy
9275,data16/9275_sits.npy,data16/9275_labels.npy,data16/9275_dates.npy
9276,data16/9276_sits.npy,data16/9276_labels.npy,data16/9276_dates.npy
9277,data16/9277_sits.npy,data16/9277_labels.npy,data16/9277_dates.npy
9288,data16/9288_sits.npy,data16/9288_labels.npy,data16/9288_dates.npy
9289,data16/9289_sits.npy,data16/9289_labels.npy,data16/9289_dates.npy
9290,data16/9290_sits.npy,data16/9290_labels.npy,data16/9290_dates.npy
9291,data16/9291_sits.npy,data16/9291_labels.npy,data16/9291_dates.npy
9292,data16/9292_sits.npy,data16/9292_labels.npy,data16/9292_dates.npy
9293,data16/9293_sits.npy,data16/9293_labels.npy,data16/9293_dates.npy
9296,data16/9296_sits.npy,data16/9296_labels.npy,data16/9296_dates.npy
9297,data16/9297_sits.npy,data16/9297_labels.npy,data16/9297_dates.npy
9298,data16/9298_sits.npy,data16/9298_labels.npy,data16/9298_dates.npy
9299,data16/9299_sits.npy,data16/9299_labels.npy,data16/9299_dates.npy
9300,data16/9300_sits.npy,data16/9300_labels.npy,data16/9300_dates.npy
9301,data16/9301_sits.npy,data16/9301_labels.npy,data16/9301_dates.npy
9304,data16/9304_sits.npy,data16/9304_labels.npy,data16/9304_dates.npy
9305,data16/9305_sits.npy,data16/9305_labels.npy,data16/9305_dates.npy
9306,data16/9306_sits.npy,data16/9306_labels.npy,data16/9306_dates.npy
9307,data16/9307_sits.npy,data16/9307_labels.npy,data16/9307_dates.npy
9308,data16/9308_sits.npy,data16/9308_labels.npy,data16/9308_dates.npy
9309,data16/9309_sits.npy,data16/9309_labels.npy,data16/9309_dates.npy
9311,data16/9311_sits.npy,data16/9311_labels.npy,data16/9311_dates.npy
9312,data16/9312_sits.npy,data16/9312_labels.npy,data16/9312_dates.npy
9313,data16/9313_sits.npy,data16/9313_labels.npy,data16/9313_dates.npy
9314,data16/9314_sits.npy,data16/9314_labels.npy,data16/9314_dates.npy
9316,data16/9316_sits.npy,data16/9316_labels.npy,data16/9316_dates.npy
9336,data16/9336_sits.npy,data16/9336_labels.npy,data16/9336_dates.npy
9337,data16/9337_sits.npy,data16/9337_labels.npy,data16/9337_dates.npy
9338,data16/9338_sits.npy,data16/9338_labels.npy,data16/9338_dates.npy
9339,data16/9339_sits.npy,data16/9339_labels.npy,data16/9339_dates.npy
9343,data16/9343_sits.npy,data16/9343_labels.npy,data16/9343_dates.npy
9344,data16/9344_sits.npy,data16/9344_labels.npy,data16/9344_dates.npy
9346,data16/9346_sits.npy,data16/9346_labels.npy,data16/9346_dates.npy
9348,data16/9348_sits.npy,data16/9348_labels.npy,data16/9348_dates.npy
9351,data16/9351_sits.npy,data16/9351_labels.npy,data16/9351_dates.npy
9352,data16/9352_sits.npy,data16/9352_labels.npy,data16/9352_dates.npy
9353,data16/9353_sits.npy,data16/9353_labels.npy,data16/9353_dates.npy
9354,data16/9354_sits.npy,data16/9354_labels.npy,data16/9354_dates.npy
9356,data16/9356_sits.npy,data16/9356_labels.npy,data16/9356_dates.npy
9359,data16/9359_sits.npy,data16/9359_labels.npy,data16/9359_dates.npy
9361,data16/9361_sits.npy,data16/9361_labels.npy,data16/9361_dates.npy
9362,data16/9362_sits.npy,data16/9362_labels.npy,data16/9362_dates.npy
9363,data16/9363_sits.npy,data16/9363_labels.npy,data16/9363_dates.npy
9376,data16/9376_sits.npy,data16/9376_labels.npy,data16/9376_dates.npy
9377,data16/9377_sits.npy,data16/9377_labels.npy,data16/9377_dates.npy
9378,data16/9378_sits.npy,data16/9378_labels.npy,data16/9378_dates.npy
9379,data16/9379_sits.npy,data16/9379_labels.npy,data16/9379_dates.npy
9383,data16/9383_sits.npy,data16/9383_labels.npy,data16/9383_dates.npy
9384,data16/9384_sits.npy,data16/9384_labels.npy,data16/9384_dates.npy
9386,data16/9386_sits.npy,data16/9386_labels.npy,data16/9386_dates.npy
9387,data16/9387_sits.npy,data16/9387_labels.npy,data16/9387_dates.npy
9388,data16/9388_sits.npy,data16/9388_labels.npy,data16/9388_dates.npy
9391,data16/9391_sits.npy,data16/9391_labels.npy,data16/9391_dates.npy
9392,data16/9392_sits.npy,data16/9392_labels.npy,data16/9392_dates.npy
9393,data16/9393_sits.npy,data16/9393_labels.npy,data16/9393_dates.npy
9394,data16/9394_sits.npy,data16/9394_labels.npy,data16/9394_dates.npy
9396,data16/9396_sits.npy,data16/9396_labels.npy,data16/9396_dates.npy
9398,data16/9398_sits.npy,data16/9398_labels.npy,data16/9398_dates.npy
9399,data16/9399_sits.npy,data16/9399_labels.npy,data16/9399_dates.npy
9401,data16/9401_sits.npy,data16/9401_labels.npy,data16/9401_dates.npy
9402,data16/9402_sits.npy,data16/9402_labels.npy,data16/9402_dates.npy
9403,data16/9403_sits.npy,data16/9403_labels.npy,data16/9403_dates.npy
9422,data16/9422_sits.npy,data16/9422_labels.npy,data16/9422_dates.npy
9423,data16/9423_sits.npy,data16/9423_labels.npy,data16/9423_dates.npy
9424,data16/9424_sits.npy,data16/9424_labels.npy,data16/9424_dates.npy
9425,data16/9425_sits.npy,data16/9425_labels.npy,data16/9425_dates.npy
9426,data16/9426_sits.npy,data16/9426_labels.npy,data16/9426_dates.npy
9427,data16/9427_sits.npy,data16/9427_labels.npy,data16/9427_dates.npy
9430,data16/9430_sits.npy,data16/9430_labels.npy,data16/9430_dates.npy
9431,data16/9431_sits.npy,data16/9431_labels.npy,data16/9431_dates.npy
9432,data16/9432_sits.npy,data16/9432_labels.npy,data16/9432_dates.npy
9433,data16/9433_sits.npy,data16/9433_labels.npy,data16/9433_dates.npy
9434,data16/9434_sits.npy,data16/9434_labels.npy,data16/9434_dates.npy
9435,data16/9435_sits.npy,data16/9435_labels.npy,data16/9435_dates.npy
9438,data16/9438_sits.npy,data16/9438_labels.npy,data16/9438_dates.npy
9439,data16/9439_sits.npy,data16/9439_labels.npy,data16/9439_dates.npy
9440,data16/9440_sits.npy,data16/9440_labels.npy,data16/9440_dates.npy
9441,data16/9441_sits.npy,data16/9441_labels.npy,data16/9441_dates.npy
9442,data16/9442_sits.npy,data16/9442_labels.npy,data16/9442_dates.npy
9443,data16/9443_sits.npy,data16/9443_labels.npy,data16/9443_dates.npy
9446,data16/9446_sits.npy,data16/9446_labels.npy,data16/9446_dates.npy
9447,data16/9447_sits.npy,data16/9447_labels.npy,data16/9447_dates.npy
9448,data16/9448_sits.npy,data16/9448_labels.npy,data16/9448_dates.npy
9449,data16/9449_sits.npy,data16/9449_labels.npy,data16/9449_dates.npy
9462,data16/9462_sits.npy,data16/9462_labels.npy,data16/9462_dates.npy
9463,data16/9463_sits.npy,data16/9463_labels.npy,data16/9463_dates.npy
9464,data16/9464_sits.npy,data16/9464_labels.npy,data16/9464_dates.npy
9465,data16/9465_sits.npy,data16/9465_labels.npy,data16/9465_dates.npy
9466,data16/9466_sits.npy,data16/9466_labels.npy,data16/9466_dates.npy
9467,data16/9467_sits.npy,data16/9467_labels.npy,data16/9467_dates.npy
9470,data16/9470_sits.npy,data16/9470_labels.npy,data16/9470_dates.npy
9471,data16/9471_sits.npy,data16/9471_labels.npy,data16/9471_dates.npy
9472,data16/9472_sits.npy,data16/9472_labels.npy,data16/9472_dates.npy
9473,data16/9473_sits.npy,data16/9473_labels.npy,data16/9473_dates.npy
9474,data16/9474_sits.npy,data16/9474_labels.npy,data16/9474_dates.npy
9475,data16/9475_sits.npy,data16/9475_labels.npy,data16/9475_dates.npy
9478,data16/9478_sits.npy,data16/9478_labels.npy,data16/9478_dates.npy
9479,data16/9479_sits.npy,data16/9479_labels.npy,data16/9479_dates.npy
9480,data16/9480_sits.npy,data16/9480_labels.npy,data16/9480_dates.npy
9481,data16/9481_sits.npy,data16/9481_labels.npy,data16/9481_dates.npy
9482,data16/9482_sits.npy,data16/9482_labels.npy,data16/9482_dates.npy
9483,data16/9483_sits.npy,data16/9483_labels.npy,data16/9483_dates.npy
9485,data16/9485_sits.npy,data16/9485_labels.npy,data16/9485_dates.npy
9487,data16/9487_sits.npy,data16/9487_labels.npy,data16/9487_dates.npy
9489,data16/9489_sits.npy,data16/9489_labels.npy,data16/9489_dates.npy
9490,data16/9490_sits.npy,data16/9490_labels.npy,data16/9490_dates.npy
9509,data16/9509_sits.npy,data16/9509_labels.npy,data16/9509_dates.npy
9510,data16/9510_sits.npy,data16/9510_labels.npy,data16/9510_dates.npy
9512,data16/9512_sits.npy,data16/9512_labels.npy,data16/9512_dates.npy
9514,data16/9514_sits.npy,data16/9514_labels.npy,data16/9514_dates.npy
9517,data16/9517_sits.npy,data16/9517_labels.npy,data16/9517_dates.npy
9519,data16/9519_sits.npy,data16/9519_labels.npy,data16/9519_dates.npy
9520,data16/9520_sits.npy,data16/9520_labels.npy,data16/9520_dates.npy
9522,data16/9522_sits.npy,data16/9522_labels.npy,data16/9522_dates.npy
9525,data16/9525_sits.npy,data16/9525_labels.npy,data16/9525_dates.npy
9527,data16/9527_sits.npy,data16/9527_labels.npy,data16/9527_dates.npy
9529,data16/9529_sits.npy,data16/9529_labels.npy,data16/9529_dates.npy
9530,data16/9530_sits.npy,data16/9530_labels.npy,data16/9530_dates.npy
9534,data16/9534_sits.npy,data16/9534_labels.npy,data16/9534_dates.npy
9535,data16/9535_sits.npy,data16/9535_labels.npy,data16/9535_dates.npy
9550,data16/9550_sits.npy,data16/9550_labels.npy,data16/9550_dates.npy
9552,data16/9552_sits.npy,data16/9552_labels.npy,data16/9552_dates.npy
9554,data16/9554_sits.npy,data16/9554_labels.npy,data16/9554_dates.npy
9557,data16/9557_sits.npy,data16/9557_labels.npy,data16/9557_dates.npy
9559,data16/9559_sits.npy,data16/9559_labels.npy,data16/9559_dates.npy
9560,data16/9560_sits.npy,data16/9560_labels.npy,data16/9560_dates.npy
9562,data16/9562_sits.npy,data16/9562_labels.npy,data16/9562_dates.npy
9565,data16/9565_sits.npy,data16/9565_labels.npy,data16/9565_dates.npy
9567,data16/9567_sits.npy,data16/9567_labels.npy,data16/9567_dates.npy
9569,data16/9569_sits.npy,data16/9569_labels.npy,data16/9569_dates.npy
9570,data16/9570_sits.npy,data16/9570_labels.npy,data16/9570_dates.npy
9572,data16/9572_sits.npy,data16/9572_labels.npy,data16/9572_dates.npy
9573,data16/9573_sits.npy,data16/9573_labels.npy,data16/9573_dates.npy
9574,data16/9574_sits.npy,data16/9574_labels.npy,data16/9574_dates.npy
9575,data16/9575_sits.npy,data16/9575_labels.npy,data16/9575_dates.npy
9577,data16/9577_sits.npy,data16/9577_labels.npy,data16/9577_dates.npy
9597,data16/9597_sits.npy,data16/9597_labels.npy,data16/9597_dates.npy
9598,data16/9598_sits.npy,data16/9598_labels.npy,data16/9598_dates.npy
9599,data16/9599_sits.npy,data16/9599_labels.npy,data16/9599_dates.npy
9600,data16/9600_sits.npy,data16/9600_labels.npy,data16/9600_dates.npy
9604,data16/9604_sits.npy,data16/9604_labels.npy,data16/9604_dates.npy
9605,data16/9605_sits.npy,data16/9605_labels.npy,data16/9605_dates.npy
9607,data16/9607_sits.npy,data16/9607_labels.npy,data16/9607_dates.npy
9608,data16/9608_sits.npy,data16/9608_labels.npy,data16/9608_dates.npy
9609,data16/9609_sits.npy,data16/9609_labels.npy,data16/9609_dates.npy
9612,data16/9612_sits.npy,data16/9612_labels.npy,data16/9612_dates.npy
9613,data16/9613_sits.npy,data16/9613_labels.npy,data16/9613_dates.npy
9614,data16/9614_sits.npy,data16/9614_labels.npy,data16/9614_dates.npy
9615,data16/9615_sits.npy,data16/9615_labels.npy,data16/9615_dates.npy
9617,data16/9617_sits.npy,data16/9617_labels.npy,data16/9617_dates.npy
9620,data16/9620_sits.npy,data16/9620_labels.npy,data16/9620_dates.npy
9624,data16/9624_sits.npy,data16/9624_labels.npy,data16/9624_dates.npy
9625,data16/9625_sits.npy,data16/9625_labels.npy,data16/9625_dates.npy
9637,data16/9637_sits.npy,data16/9637_labels.npy,data16/9637_dates.npy
9638,data16/9638_sits.npy,data16/9638_labels.npy,data16/9638_dates.npy
9639,data16/9639_sits.npy,data16/9639_labels.npy,data16/9639_dates.npy
9640,data16/9640_sits.npy,data16/9640_labels.npy,data16/9640_dates.npy
9644,data16/9644_sits.npy,data16/9644_labels.npy,data16/9644_dates.npy
9645,data16/9645_sits.npy,data16/9645_labels.npy,data16/9645_dates.npy
9647,data16/9647_sits.npy,data16/9647_labels.npy,data16/9647_dates.npy
9648,data16/9648_sits.npy,data16/9648_labels.npy,data16/9648_dates.npy
9649,data16/9649_sits.npy,data16/9649_labels.npy,data16/9649_dates.npy
9652,data16/9652_sits.npy,data16/9652_labels.npy,data16/9652_dates.npy
9653,data16/9653_sits.npy,data16/9653_labels.npy,data16/9653_dates.npy
9654,data16/9654_sits.npy,data16/9654_labels.npy,data16/9654_dates.npy
9655,data16/9655_sits.npy,data16/9655_labels.npy,data16/9655_dates.npy
9657,data16/9657_sits.npy,data16/9657_labels.npy,data16/9657_dates.npy
9841,data16/9841_sits.npy,data16/9841_labels.npy,data16/9841_dates.npy
9842,data16/9842_sits.npy,data16/9842_labels.npy,data16/9842_dates.npy
9843,data16/9843_sits.npy,data16/9843_labels.npy,data16/9843_dates.npy
9844,data16/9844_sits.npy,data16/9844_labels.npy,data16/9844_dates.npy
9845,data16/9845_sits.npy,data16/9845_labels.npy,data16/9845_dates.npy
9846,data16/9846_sits.npy,data16/9846_labels.npy,data16/9846_dates.npy
9849,data16/9849_sits.npy,data16/9849_labels.npy,data16/9849_dates.npy
9850,data16/9850_sits.npy,data16/9850_labels.npy,data16/9850_dates.npy
9851,data16/9851_sits.npy,data16/9851_labels.npy,data16/9851_dates.npy
9852,data16/9852_sits.npy,data16/9852_labels.npy,data16/9852_dates.npy
9853,data16/9853_sits.npy,data16/9853_labels.npy,data16/9853_dates.npy
9854,data16/9854_sits.npy,data16/9854_labels.npy,data16/9854_dates.npy
9881,data16/9881_sits.npy,data16/9881_labels.npy,data16/9881_dates.npy
9882,data16/9882_sits.npy,data16/9882_labels.npy,data16/9882_dates.npy
9883,data16/9883_sits.npy,data16/9883_labels.npy,data16/9883_dates.npy
9884,data16/9884_sits.npy,data16/9884_labels.npy,data16/9884_dates.npy
9885,data16/9885_sits.npy,data16/9885_labels.npy,data16/9885_dates.npy
9886,data16/9886_sits.npy,data16/9886_labels.npy,data16/9886_dates.npy
9889,data16/9889_sits.npy,data16/9889_labels.npy,data16/9889_dates.npy
9890,data16/9890_sits.npy,data16/9890_labels.npy,data16/9890_dates.npy
9891,data16/9891_sits.npy,data16/9891_labels.npy,data16/9891_dates.npy
9892,data16/9892_sits.npy,data16/9892_labels.npy,data16/9892_dates.npy
9893,data16/9893_sits.npy,data16/9893_labels.npy,data16/9893_dates.npy
9894,data16/9894_sits.npy,data16/9894_labels.npy,data16/9894_dates.npy
9905,data16/9905_sits.npy,data16/9905_labels.npy,data16/9905_dates.npy
9906,data16/9906_sits.npy,data16/9906_labels.npy,data16/9906_dates.npy
9907,data16/9907_sits.npy,data16/9907_labels.npy,data16/9907_dates.npy
9908,data16/9908_sits.npy,data16/9908_labels.npy,data16/9908_dates.npy
9909,data16/9909_sits.npy,data16/9909_labels.npy,data16/9909_dates.npy
9910,data16/9910_sits.npy,data16/9910_labels.npy,data16/9910_dates.npy
9913,data16/9913_sits.npy,data16/9913_labels.npy,data16/9913_dates.npy
9914,data16/9914_sits.npy,data16/9914_labels.npy,data16/9914_dates.npy
9915,data16/9915_sits.npy,data16/9915_labels.npy,data16/9915_dates.npy
9916,data16/9916_sits.npy,data16/9916_labels.npy,data16/9916_dates.npy
9917,data16/9917_sits.npy,data16/9917_labels.npy,data16/9917_dates.npy
9918,data16/9918_sits.npy,data16/9918_labels.npy,data16/9918_dates.npy
9929,data16/9929_sits.npy,data16/9929_labels.npy,data16/9929_dates.npy
9930,data16/9930_sits.npy,data16/9930_labels.npy,data16/9930_dates.npy
9932,data16/9932_sits.npy,data16/9932_labels.npy,data16/9932_dates.npy
9937,data16/9937_sits.npy,data16/9937_labels.npy,data16/9937_dates.npy
9939,data16/9939_sits.npy,data16/9939_labels.npy,data16/9939_dates.npy
9940,data16/9940_sits.npy,data16/9940_labels.npy,data16/9940_dates.npy
9969,data16/9969_sits.npy,data16/9969_labels.npy,data16/9969_dates.npy
9972,data16/9972_sits.npy,data16/9972_labels.npy,data16/9972_dates.npy
9977,data16/9977_sits.npy,data16/9977_labels.npy,data16/9977_dates.npy
9979,data16/9979_sits.npy,data16/9979_labels.npy,data16/9979_dates.npy
9980,data16/9980_sits.npy,data16/9980_labels.npy,data16/9980_dates.npy
9992,data16/9992_sits.npy,data16/9992_labels.npy,data16/9992_dates.npy
9994,data16/9994_sits.npy,data16/9994_labels.npy,data16/9994_dates.npy
9995,data16/9995_sits.npy,data16/9995_labels.npy,data16/9995_dates.npy
9997,data16/9997_sits.npy,data16/9997_labels.npy,data16/9997_dates.npy
10000,data16/10000_sits.npy,data16/10000_labels.npy,data16/10000_dates.npy
10002,data16/10002_sits.npy,data16/10002_labels.npy,data16/10002_dates.npy
10004,data16/10004_sits.npy,data16/10004_labels.npy,data16/10004_dates.npy
10005,data16/10005_sits.npy,data16/10005_labels.npy,data16/10005_dates.npy
10015,data16/10015_sits.npy,data16/10015_labels.npy,data16/10015_dates.npy
10017,data16/10017_sits.npy,data16/10017_labels.npy,data16/10017_dates.npy
10019,data16/10019_sits.npy,data16/10019_labels.npy,data16/10019_dates.npy
10020,data16/10020_sits.npy,data16/10020_labels.npy,data16/10020_dates.npy
10023,data16/10023_sits.npy,data16/10023_labels.npy,data16/10023_dates.npy
10024,data16/10024_sits.npy,data16/10024_labels.npy,data16/10024_dates.npy
10025,data16/10025_sits.npy,data16/10025_labels.npy,data16/10025_dates.npy
10027,data16/10027_sits.npy,data16/10027_labels.npy,data16/10027_dates.npy
10028,data16/10028_sits.npy,data16/10028_labels.npy,data16/10028_dates.npy
10055,data16/10055_sits.npy,data16/10055_labels.npy,data16/10055_dates.npy
10058,data16/10058_sits.npy,data16/10058_labels.npy,data16/10058_dates.npy
10059,data16/10059_sits.npy,data16/10059_labels.npy,data16/10059_dates.npy
10060,data16/10060_sits.npy,data16/10060_labels.npy,data16/10060_dates.npy
10063,data16/10063_sits.npy,data16/10063_labels.npy,data16/10063_dates.npy
10064,data16/10064_sits.npy,data16/10064_labels.npy,data16/10064_dates.npy
10065,data16/10065_sits.npy,data16/10065_labels.npy,data16/10065_dates.npy
10067,data16/10067_sits.npy,data16/10067_labels.npy,data16/10067_dates.npy
10068,data16/10068_sits.npy,data16/10068_labels.npy,data16/10068_dates.npy
10079,data16/10079_sits.npy,data16/10079_labels.npy,data16/10079_dates.npy
10080,data16/10080_sits.npy,data16/10080_labels.npy,data16/10080_dates.npy
10082,data16/10082_sits.npy,data16/10082_labels.npy,data16/10082_dates.npy
10084,data16/10084_sits.npy,data16/10084_labels.npy,data16/10084_dates.npy
10087,data16/10087_sits.npy,data16/10087_labels.npy,data16/10087_dates.npy
10088,data16/10088_sits.npy,data16/10088_labels.npy,data16/10088_dates.npy
10089,data16/10089_sits.npy,data16/10089_labels.npy,data16/10089_dates.npy
10090,data16/10090_sits.npy,data16/10090_labels.npy,data16/10090_dates.npy
10092,data16/10092_sits.npy,data16/10092_labels.npy,data16/10092_dates.npy
10102,data16/10102_sits.npy,data16/10102_labels.npy,data16/10102_dates.npy
10107,data16/10107_sits.npy,data16/10107_labels.npy,data16/10107_dates.npy
10110,data16/10110_sits.npy,data16/10110_labels.npy,data16/10110_dates.npy
10111,data16/10111_sits.npy,data16/10111_labels.npy,data16/10111_dates.npy
10112,data16/10112_sits.npy,data16/10112_labels.npy,data16/10112_dates.npy
10113,data16/10113_sits.npy,data16/10113_labels.npy,data16/10113_dates.npy
10114,data16/10114_sits.npy,data16/10114_labels.npy,data16/10114_dates.npy
10115,data16/10115_sits.npy,data16/10115_labels.npy,data16/10115_dates.npy
10142,data16/10142_sits.npy,data16/10142_labels.npy,data16/10142_dates.npy
10143,data16/10143_sits.npy,data16/10143_labels.npy,data16/10143_dates.npy
10145,data16/10145_sits.npy,data16/10145_labels.npy,data16/10145_dates.npy
10146,data16/10146_sits.npy,data16/10146_labels.npy,data16/10146_dates.npy
10147,data16/10147_sits.npy,data16/10147_labels.npy,data16/10147_dates.npy
10150,data16/10150_sits.npy,data16/10150_labels.npy,data16/10150_dates.npy
10151,data16/10151_sits.npy,data16/10151_labels.npy,data16/10151_dates.npy
10152,data16/10152_sits.npy,data16/10152_labels.npy,data16/10152_dates.npy
10153,data16/10153_sits.npy,data16/10153_labels.npy,data16/10153_dates.npy
10154,data16/10154_sits.npy,data16/10154_labels.npy,data16/10154_dates.npy
10155,data16/10155_sits.npy,data16/10155_labels.npy,data16/10155_dates.npy
10166,data16/10166_sits.npy,data16/10166_labels.npy,data16/10166_dates.npy
10167,data16/10167_sits.npy,data16/10167_labels.npy,data16/10167_dates.npy
10168,data16/10168_sits.npy,data16/10168_labels.npy,data16/10168_dates.npy
10169,data16/10169_sits.npy,data16/10169_labels.npy,data16/10169_dates.npy
10170,data16/10170_sits.npy,data16/10170_labels.npy,data16/10170_dates.npy
10171,data16/10171_sits.npy,data16/10171_labels.npy,data16/10171_dates.npy
10174,data16/10174_sits.npy,data16/10174_labels.npy,data16/10174_dates.npy
10175,data16/10175_sits.npy,data16/10175_labels.npy,data16/10175_dates.npy
10176,data16/10176_sits.npy,data16/10176_labels.npy,data16/10176_dates.npy
10177,data16/10177_sits.npy,data16/10177_labels.npy,data16/10177_dates.npy
10178,data16/10178_sits.npy,data16/10178_labels.npy,data16/10178_dates.npy
10179,data16/10179_sits.npy,data16/10179_labels.npy,data16/10179_dates.npy
10189,data16/10189_sits.npy,data16/10189_labels.npy,data16/10189_dates.npy
10194,data16/10194_sits.npy,data16/10194_labels.npy,data16/10194_dates.npy
10197,data16/10197_sits.npy,data16/10197_labels.npy,data16/10197_dates.npy
10198,data16/10198_sits.npy,data16/10198_labels.npy,data16/10198_dates.npy
10199,data16/10199_sits.npy,data16/10199_labels.npy,data16/10199_dates.npy
10201,data16/10201_sits.npy,data16/10201_labels.npy,data16/10201_dates.npy
10202,data16/10202_sits.npy,data16/10202_labels.npy,data16/10202_dates.npy
10229,data16/10229_sits.npy,data16/10229_labels.npy,data16/10229_dates.npy
10232,data16/10232_sits.npy,data16/10232_labels.npy,data16/10232_dates.npy
10233,data16/10233_sits.npy,data16/10233_labels.npy,data16/10233_dates.npy
10234,data16/10234_sits.npy,data16/10234_labels.npy,data16/10234_dates.npy
10237,data16/10237_sits.npy,data16/10237_labels.npy,data16/10237_dates.npy
10238,data16/10238_sits.npy,data16/10238_labels.npy,data16/10238_dates.npy
10239,data16/10239_sits.npy,data16/10239_labels.npy,data16/10239_dates.npy
10241,data16/10241_sits.npy,data16/10241_labels.npy,data16/10241_dates.npy
10242,data16/10242_sits.npy,data16/10242_labels.npy,data16/10242_dates.npy
10253,data16/10253_sits.npy,data16/10253_labels.npy,data16/10253_dates.npy
10254,data16/10254_sits.npy,data16/10254_labels.npy,data16/10254_dates.npy
10256,data16/10256_sits.npy,data16/10256_labels.npy,data16/10256_dates.npy
10257,data16/10257_sits.npy,data16/10257_labels.npy,data16/10257_dates.npy
10258,data16/10258_sits.npy,data16/10258_labels.npy,data16/10258_dates.npy
10261,data16/10261_sits.npy,data16/10261_labels.npy,data16/10261_dates.npy
10262,data16/10262_sits.npy,data16/10262_labels.npy,data16/10262_dates.npy
10263,data16/10263_sits.npy,data16/10263_labels.npy,data16/10263_dates.npy
10264,data16/10264_sits.npy,data16/10264_labels.npy,data16/10264_dates.npy
10266,data16/10266_sits.npy,data16/10266_labels.npy,data16/10266_dates.npy
10278,data16/10278_sits.npy,data16/10278_labels.npy,data16/10278_dates.npy
10279,data16/10279_sits.npy,data16/10279_labels.npy,data16/10279_dates.npy
10280,data16/10280_sits.npy,data16/10280_labels.npy,data16/10280_dates.npy
10281,data16/10281_sits.npy,data16/10281_labels.npy,data16/10281_dates.npy
10284,data16/10284_sits.npy,data16/10284_labels.npy,data16/10284_dates.npy
10285,data16/10285_sits.npy,data16/10285_labels.npy,data16/10285_dates.npy
10286,data16/10286_sits.npy,data16/10286_labels.npy,data16/10286_dates.npy
10287,data16/10287_sits.npy,data16/10287_labels.npy,data16/10287_dates.npy
10288,data16/10288_sits.npy,data16/10288_labels.npy,data16/10288_dates.npy
10289,data16/10289_sits.npy,data16/10289_labels.npy,data16/10289_dates.npy
10316,data16/10316_sits.npy,data16/10316_labels.npy,data16/10316_dates.npy
10317,data16/10317_sits.npy,data16/10317_labels.npy,data16/10317_dates.npy
10318,data16/10318_sits.npy,data16/10318_labels.npy,data16/10318_dates.npy
10319,data16/10319_sits.npy,data16/10319_labels.npy,data16/10319_dates.npy
10320,data16/10320_sits.npy,data16/10320_labels.npy,data16/10320_dates.npy
10321,data16/10321_sits.npy,data16/10321_labels.npy,data16/10321_dates.npy
10324,data16/10324_sits.npy,data16/10324_labels.npy,data16/10324_dates.npy
10325,data16/10325_sits.npy,data16/10325_labels.npy,data16/10325_dates.npy
10326,data16/10326_sits.npy,data16/10326_labels.npy,data16/10326_dates.npy
10327,data16/10327_sits.npy,data16/10327_labels.npy,data16/10327_dates.npy
10328,data16/10328_sits.npy,data16/10328_labels.npy,data16/10328_dates.npy
10329,data16/10329_sits.npy,data16/10329_labels.npy,data16/10329_dates.npy
10340,data16/10340_sits.npy,data16/10340_labels.npy,data16/10340_dates.npy
10341,data16/10341_sits.npy,data16/10341_labels.npy,data16/10341_dates.npy
10342,data16/10342_sits.npy,data16/10342_labels.npy,data16/10342_dates.npy
10343,data16/10343_sits.npy,data16/10343_labels.npy,data16/10343_dates.npy
10344,data16/10344_sits.npy,data16/10344_labels.npy,data16/10344_dates.npy
10345,data16/10345_sits.npy,data16/10345_labels.npy,data16/10345_dates.npy
10348,data16/10348_sits.npy,data16/10348_labels.npy,data16/10348_dates.npy
10349,data16/10349_sits.npy,data16/10349_labels.npy,data16/10349_dates.npy
10350,data16/10350_sits.npy,data16/10350_labels.npy,data16/10350_dates.npy
10351,data16/10351_sits.npy,data16/10351_labels.npy,data16/10351_dates.npy
10352,data16/10352_sits.npy,data16/10352_labels.npy,data16/10352_dates.npy
10353,data16/10353_sits.npy,data16/10353_labels.npy,data16/10353_dates.npy
10539,data16/10539_sits.npy,data16/10539_labels.npy,data16/10539_dates.npy
10540,data16/10540_sits.npy,data16/10540_labels.npy,data16/10540_dates.npy
10541,data16/10541_sits.npy,data16/10541_labels.npy,data16/10541_dates.npy
10542,data16/10542_sits.npy,data16/10542_labels.npy,data16/10542_dates.npy
10545,data16/10545_sits.npy,data16/10545_labels.npy,data16/10545_dates.npy
10546,data16/10546_sits.npy,data16/10546_labels.npy,data16/10546_dates.npy
10547,data16/10547_sits.npy,data16/10547_labels.npy,data16/10547_dates.npy
10548,data16/10548_sits.npy,data16/10548_labels.npy,data16/10548_dates.npy
10549,data16/10549_sits.npy,data16/10549_labels.npy,data16/10549_dates.npy
10550,data16/10550_sits.npy,data16/10550_labels.npy,data16/10550_dates.npy
10561,data16/10561_sits.npy,data16/10561_labels.npy,data16/10561_dates.npy
10562,data16/10562_sits.npy,data16/10562_labels.npy,data16/10562_dates.npy
10563,data16/10563_sits.npy,data16/10563_labels.npy,data16/10563_dates.npy
10564,data16/10564_sits.npy,data16/10564_labels.npy,data16/10564_dates.npy
10565,data16/10565_sits.npy,data16/10565_labels.npy,data16/10565_dates.npy
10566,data16/10566_sits.npy,data16/10566_labels.npy,data16/10566_dates.npy
10577,data16/10577_sits.npy,data16/10577_labels.npy,data16/10577_dates.npy
10578,data16/10578_sits.npy,data16/10578_labels.npy,data16/10578_dates.npy
10579,data16/10579_sits.npy,data16/10579_labels.npy,data16/10579_dates.npy
10580,data16/10580_sits.npy,data16/10580_labels.npy,data16/10580_dates.npy
10581,data16/10581_sits.npy,data16/10581_labels.npy,data16/10581_dates.npy
10582,data16/10582_sits.npy,data16/10582_labels.npy,data16/10582_dates.npy
10593,data16/10593_sits.npy,data16/10593_labels.npy,data16/10593_dates.npy
10594,data16/10594_sits.npy,data16/10594_labels.npy,data16/10594_dates.npy
10595,data16/10595_sits.npy,data16/10595_labels.npy,data16/10595_dates.npy
10596,data16/10596_sits.npy,data16/10596_labels.npy,data16/10596_dates.npy
10597,data16/10597_sits.npy,data16/10597_labels.npy,data16/10597_dates.npy
10598,data16/10598_sits.npy,data16/10598_labels.npy,data16/10598_dates.npy
10601,data16/10601_sits.npy,data16/10601_labels.npy,data16/10601_dates.npy
10602,data16/10602_sits.npy,data16/10602_labels.npy,data16/10602_dates.npy
10603,data16/10603_sits.npy,data16/10603_labels.npy,data16/10603_dates.npy
10604,data16/10604_sits.npy,data16/10604_labels.npy,data16/10604_dates.npy
10605,data16/10605_sits.npy,data16/10605_labels.npy,data16/10605_dates.npy
10606,data16/10606_sits.npy,data16/10606_labels.npy,data16/10606_dates.npy
10627,data16/10627_sits.npy,data16/10627_labels.npy,data16/10627_dates.npy
10628,data16/10628_sits.npy,data16/10628_labels.npy,data16/10628_dates.npy
10629,data16/10629_sits.npy,data16/10629_labels.npy,data16/10629_dates.npy
10632,data16/10632_sits.npy,data16/10632_labels.npy,data16/10632_dates.npy
10633,data16/10633_sits.npy,data16/10633_labels.npy,data16/10633_dates.npy
10634,data16/10634_sits.npy,data16/10634_labels.npy,data16/10634_dates.npy
10636,data16/10636_sits.npy,data16/10636_labels.npy,data16/10636_dates.npy
10637,data16/10637_sits.npy,data16/10637_labels.npy,data16/10637_dates.npy
10648,data16/10648_sits.npy,data16/10648_labels.npy,data16/10648_dates.npy
10649,data16/10649_sits.npy,data16/10649_labels.npy,data16/10649_dates.npy
10651,data16/10651_sits.npy,data16/10651_labels.npy,data16/10651_dates.npy
10652,data16/10652_sits.npy,data16/10652_labels.npy,data16/10652_dates.npy
10653,data16/10653_sits.npy,data16/10653_labels.npy,data16/10653_dates.npy
10664,data16/10664_sits.npy,data16/10664_labels.npy,data16/10664_dates.npy
10666,data16/10666_sits.npy,data16/10666_labels.npy,data16/10666_dates.npy
10667,data16/10667_sits.npy,data16/10667_labels.npy,data16/10667_dates.npy
10668,data16/10668_sits.npy,data16/10668_labels.npy,data16/10668_dates.npy
10669,data16/10669_sits.npy,data16/10669_labels.npy,data16/10669_dates.npy
10681,data16/10681_sits.npy,data16/10681_labels.npy,data16/10681_dates.npy
10682,data16/10682_sits.npy,data16/10682_labels.npy,data16/10682_dates.npy
10683,data16/10683_sits.npy,data16/10683_labels.npy,data16/10683_dates.npy
10684,data16/10684_sits.npy,data16/10684_labels.npy,data16/10684_dates.npy
10688,data16/10688_sits.npy,data16/10688_labels.npy,data16/10688_dates.npy
10689,data16/10689_sits.npy,data16/10689_labels.npy,data16/10689_dates.npy
10691,data16/10691_sits.npy,data16/10691_labels.npy,data16/10691_dates.npy
10692,data16/10692_sits.npy,data16/10692_labels.npy,data16/10692_dates.npy
10693,data16/10693_sits.npy,data16/10693_labels.npy,data16/10693_dates.npy
10714,data16/10714_sits.npy,data16/10714_labels.npy,data16/10714_dates.npy
10715,data16/10715_sits.npy,data16/10715_labels.npy,data16/10715_dates.npy
10716,data16/10716_sits.npy,data16/10716_labels.npy,data16/10716_dates.npy
10719,data16/10719_sits.npy,data16/10719_labels.npy,data16/10719_dates.npy
10720,data16/10720_sits.npy,data16/10720_labels.npy,data16/10720_dates.npy
10721,data16/10721_sits.npy,data16/10721_labels.npy,data16/10721_dates.npy
10722,data16/10722_sits.npy,data16/10722_labels.npy,data16/10722_dates.npy
10723,data16/10723_sits.npy,data16/10723_labels.npy,data16/10723_dates.npy
10724,data16/10724_sits.npy,data16/10724_labels.npy,data16/10724_dates.npy
10735,data16/10735_sits.npy,data16/10735_labels.npy,data16/10735_dates.npy
10736,data16/10736_sits.npy,data16/10736_labels.npy,data16/10736_dates.npy
10737,data16/10737_sits.npy,data16/10737_labels.npy,data16/10737_dates.npy
10738,data16/10738_sits.npy,data16/10738_labels.npy,data16/10738_dates.npy
10739,data16/10739_sits.npy,data16/10739_labels.npy,data16/10739_dates.npy
10740,data16/10740_sits.npy,data16/10740_labels.npy,data16/10740_dates.npy
10751,data16/10751_sits.npy,data16/10751_labels.npy,data16/10751_dates.npy
10752,data16/10752_sits.npy,data16/10752_labels.npy,data16/10752_dates.npy
10753,data16/10753_sits.npy,data16/10753_labels.npy,data16/10753_dates.npy
10754,data16/10754_sits.npy,data16/10754_labels.npy,data16/10754_dates.npy
10755,data16/10755_sits.npy,data16/10755_labels.npy,data16/10755_dates.npy
10756,data16/10756_sits.npy,data16/10756_labels.npy,data16/10756_dates.npy
10767,data16/10767_sits.npy,data16/10767_labels.npy,data16/10767_dates.npy
10768,data16/10768_sits.npy,data16/10768_labels.npy,data16/10768_dates.npy
10769,data16/10769_sits.npy,data16/10769_labels.npy,data16/10769_dates.npy
10770,data16/10770_sits.npy,data16/10770_labels.npy,data16/10770_dates.npy
10771,data16/10771_sits.npy,data16/10771_labels.npy,data16/10771_dates.npy
10772,data16/10772_sits.npy,data16/10772_labels.npy,data16/10772_dates.npy
10775,data16/10775_sits.npy,data16/10775_labels.npy,data16/10775_dates.npy
10776,data16/10776_sits.npy,data16/10776_labels.npy,data16/10776_dates.npy
10777,data16/10777_sits.npy,data16/10777_labels.npy,data16/10777_dates.npy
10778,data16/10778_sits.npy,data16/10778_labels.npy,data16/10778_dates.npy
10779,data16/10779_sits.npy,data16/10779_labels.npy,data16/10779_dates.npy
10780,data16/10780_sits.npy,data16/10780_labels.npy,data16/10780_dates.npy
10799,data16/10799_sits.npy,data16/10799_labels.npy,data16/10799_dates.npy
10800,data16/10800_sits.npy,data16/10800_labels.npy,data16/10800_dates.npy
10802,data16/10802_sits.npy,data16/10802_labels.npy,data16/10802_dates.npy
10807,data16/10807_sits.npy,data16/10807_labels.npy,data16/10807_dates.npy
10809,data16/10809_sits.npy,data16/10809_labels.npy,data16/10809_dates.npy
10810,data16/10810_sits.npy,data16/10810_labels.npy,data16/10810_dates.npy
10822,data16/10822_sits.npy,data16/10822_labels.npy,data16/10822_dates.npy
10824,data16/10824_sits.npy,data16/10824_labels.npy,data16/10824_dates.npy
10825,data16/10825_sits.npy,data16/10825_labels.npy,data16/10825_dates.npy
10827,data16/10827_sits.npy,data16/10827_labels.npy,data16/10827_dates.npy
10839,data16/10839_sits.npy,data16/10839_labels.npy,data16/10839_dates.npy
10840,data16/10840_sits.npy,data16/10840_labels.npy,data16/10840_dates.npy
10842,data16/10842_sits.npy,data16/10842_labels.npy,data16/10842_dates.npy
10854,data16/10854_sits.npy,data16/10854_labels.npy,data16/10854_dates.npy
10855,data16/10855_sits.npy,data16/10855_labels.npy,data16/10855_dates.npy
10857,data16/10857_sits.npy,data16/10857_labels.npy,data16/10857_dates.npy
10859,data16/10859_sits.npy,data16/10859_labels.npy,data16/10859_dates.npy
10862,data16/10862_sits.npy,data16/10862_labels.npy,data16/10862_dates.npy
10864,data16/10864_sits.npy,data16/10864_labels.npy,data16/10864_dates.npy
10865,data16/10865_sits.npy,data16/10865_labels.npy,data16/10865_dates.npy
10867,data16/10867_sits.npy,data16/10867_labels.npy,data16/10867_dates.npy
10885,data16/10885_sits.npy,data16/10885_labels.npy,data16/10885_dates.npy
10887,data16/10887_sits.npy,data16/10887_labels.npy,data16/10887_dates.npy
10888,data16/10888_sits.npy,data16/10888_labels.npy,data16/10888_dates.npy
10889,data16/10889_sits.npy,data16/10889_labels.npy,data16/10889_dates.npy
10890,data16/10890_sits.npy,data16/10890_labels.npy,data16/10890_dates.npy
10893,data16/10893_sits.npy,data16/10893_labels.npy,data16/10893_dates.npy
10894,data16/10894_sits.npy,data16/10894_labels.npy,data16/10894_dates.npy
10895,data16/10895_sits.npy,data16/10895_labels.npy,data16/10895_dates.npy
10897,data16/10897_sits.npy,data16/10897_labels.npy,data16/10897_dates.npy
10898,data16/10898_sits.npy,data16/10898_labels.npy,data16/10898_dates.npy
10909,data16/10909_sits.npy,data16/10909_labels.npy,data16/10909_dates.npy
10910,data16/10910_sits.npy,data16/10910_labels.npy,data16/10910_dates.npy
10912,data16/10912_sits.npy,data16/10912_labels.npy,data16/10912_dates.npy
10913,data16/10913_sits.npy,data16/10913_labels.npy,data16/10913_dates.npy
10914,data16/10914_sits.npy,data16/10914_labels.npy,data16/10914_dates.npy
10925,data16/10925_sits.npy,data16/10925_labels.npy,data16/10925_dates.npy
10927,data16/10927_sits.npy,data16/10927_labels.npy,data16/10927_dates.npy
10928,data16/10928_sits.npy,data16/10928_labels.npy,data16/10928_dates.npy
10929,data16/10929_sits.npy,data16/10929_labels.npy,data16/10929_dates.npy
10930,data16/10930_sits.npy,data16/10930_labels.npy,data16/10930_dates.npy
10942,data16/10942_sits.npy,data16/10942_labels.npy,data16/10942_dates.npy
10943,data16/10943_sits.npy,data16/10943_labels.npy,data16/10943_dates.npy
10944,data16/10944_sits.npy,data16/10944_labels.npy,data16/10944_dates.npy
10945,data16/10945_sits.npy,data16/10945_labels.npy,data16/10945_dates.npy
10949,data16/10949_sits.npy,data16/10949_labels.npy,data16/10949_dates.npy
10950,data16/10950_sits.npy,data16/10950_labels.npy,data16/10950_dates.npy
10952,data16/10952_sits.npy,data16/10952_labels.npy,data16/10952_dates.npy
10953,data16/10953_sits.npy,data16/10953_labels.npy,data16/10953_dates.npy
10954,data16/10954_sits.npy,data16/10954_labels.npy,data16/10954_dates.npy
10972,data16/10972_sits.npy,data16/10972_labels.npy,data16/10972_dates.npy
10973,data16/10973_sits.npy,data16/10973_labels.npy,data16/10973_dates.npy
10974,data16/10974_sits.npy,data16/10974_labels.npy,data16/10974_dates.npy
10975,data16/10975_sits.npy,data16/10975_labels.npy,data16/10975_dates.npy
10976,data16/10976_sits.npy,data16/10976_labels.npy,data16/10976_dates.npy
10977,data16/10977_sits.npy,data16/10977_labels.npy,data16/10977_dates.npy
10980,data16/10980_sits.npy,data16/10980_labels.npy,data16/10980_dates.npy
10981,data16/10981_sits.npy,data16/10981_labels.npy,data16/10981_dates.npy
10982,data16/10982_sits.npy,data16/10982_labels.npy,data16/10982_dates.npy
10983,data16/10983_sits.npy,data16/10983_labels.npy,data16/10983_dates.npy
10984,data16/10984_sits.npy,data16/10984_labels.npy,data16/10984_dates.npy
10985,data16/10985_sits.npy,data16/10985_labels.npy,data16/10985_dates.npy
10996,data16/10996_sits.npy,data16/10996_labels.npy,data16/10996_dates.npy
10997,data16/10997_sits.npy,data16/10997_labels.npy,data16/10997_dates.npy
10998,data16/10998_sits.npy,data16/10998_labels.npy,data16/10998_dates.npy
10999,data16/10999_sits.npy,data16/10999_labels.npy,data16/10999_dates.npy
11000,data16/11000_sits.npy,data16/11000_labels.npy,data16/11000_dates.npy
11001,data16/11001_sits.npy,data16/11001_labels.npy,data16/11001_dates.npy
11012,data16/11012_sits.npy,data16/11012_labels.npy,data16/11012_dates.npy
11013,data16/11013_sits.npy,data16/11013_labels.npy,data16/11013_dates.npy
11014,data16/11014_sits.npy,data16/11014_labels.npy,data16/11014_dates.npy
11015,data16/11015_sits.npy,data16/11015_labels.npy,data16/11015_dates.npy
11016,data16/11016_sits.npy,data16/11016_labels.npy,data16/11016_dates.npy
11017,data16/11017_sits.npy,data16/11017_labels.npy,data16/11017_dates.npy
11028,data16/11028_sits.npy,data16/11028_labels.npy,data16/11028_dates.npy
11029,data16/11029_sits.npy,data16/11029_labels.npy,data16/11029_dates.npy
11030,data16/11030_sits.npy,data16/11030_labels.npy,data16/11030_dates.npy
11031,data16/11031_sits.npy,data16/11031_labels.npy,data16/11031_dates.npy
11032,data16/11032_sits.npy,data16/11032_labels.npy,data16/11032_dates.npy
11033,data16/11033_sits.npy,data16/11033_labels.npy,data16/11033_dates.npy
11036,data16/11036_sits.npy,data16/11036_labels.npy,data16/11036_dates.npy
11037,data16/11037_sits.npy,data16/11037_labels.npy,data16/11037_dates.npy
11038,data16/11038_sits.npy,data16/11038_labels.npy,data16/11038_dates.npy
11039,data16/11039_sits.npy,data16/11039_labels.npy,data16/11039_dates.npy
11040,data16/11040_sits.npy,data16/11040_labels.npy,data16/11040_dates.npy
11041,data16/11041_sits.npy,data16/11041_labels.npy,data16/11041_dates.npy
11225,data16/11225_sits.npy,data16/11225_labels.npy,data16/11225_dates.npy
11227,data16/11227_sits.npy,data16/11227_labels.npy,data16/11227_dates.npy
11229,data16/11229_sits.npy,data16/11229_labels.npy,data16/11229_dates.npy
11230,data16/11230_sits.npy,data16/11230_labels.npy,data16/11230_dates.npy
11242,data16/11242_sits.npy,data16/11242_labels.npy,data16/11242_dates.npy
11245,data16/11245_sits.npy,data16/11245_labels.npy,data16/11245_dates.npy
11249,data16/11249_sits.npy,data16/11249_labels.npy,data16/11249_dates.npy
11250,data16/11250_sits.npy,data16/11250_labels.npy,data16/11250_dates.npy
11252,data16/11252_sits.npy,data16/11252_labels.npy,data16/11252_dates.npy
11254,data16/11254_sits.npy,data16/11254_labels.npy,data16/11254_dates.npy
11257,data16/11257_sits.npy,data16/11257_labels.npy,data16/11257_dates.npy
11259,data16/11259_sits.npy,data16/11259_labels.npy,data16/11259_dates.npy
11260,data16/11260_sits.npy,data16/11260_labels.npy,data16/11260_dates.npy
11262,data16/11262_sits.npy,data16/11262_labels.npy,data16/11262_dates.npy
11269,data16/11269_sits.npy,data16/11269_labels.npy,data16/11269_dates.npy
11270,data16/11270_sits.npy,data16/11270_labels.npy,data16/11270_dates.npy
11274,data16/11274_sits.npy,data16/11274_labels.npy,data16/11274_dates.npy
11275,data16/11275_sits.npy,data16/11275_labels.npy,data16/11275_dates.npy
11277,data16/11277_sits.npy,data16/11277_labels.npy,data16/11277_dates.npy
11282,data16/11282_sits.npy,data16/11282_labels.npy,data16/11282_dates.npy
11284,data16/11284_sits.npy,data16/11284_labels.npy,data16/11284_dates.npy
11285,data16/11285_sits.npy,data16/11285_labels.npy,data16/11285_dates.npy
11289,data16/11289_sits.npy,data16/11289_labels.npy,data16/11289_dates.npy
11290,data16/11290_sits.npy,data16/11290_labels.npy,data16/11290_dates.npy
11292,data16/11292_sits.npy,data16/11292_labels.npy,data16/11292_dates.npy
11294,data16/11294_sits.npy,data16/11294_labels.npy,data16/11294_dates.npy
11312,data16/11312_sits.npy,data16/11312_labels.npy,data16/11312_dates.npy
11313,data16/11313_sits.npy,data16/11313_labels.npy,data16/11313_dates.npy
11314,data16/11314_sits.npy,data16/11314_labels.npy,data16/11314_dates.npy
11315,data16/11315_sits.npy,data16/11315_labels.npy,data16/11315_dates.npy
11317,data16/11317_sits.npy,data16/11317_labels.npy,data16/11317_dates.npy
11328,data16/11328_sits.npy,data16/11328_labels.npy,data16/11328_dates.npy
11329,data16/11329_sits.npy,data16/11329_labels.npy,data16/11329_dates.npy
11330,data16/11330_sits.npy,data16/11330_labels.npy,data16/11330_dates.npy
11332,data16/11332_sits.npy,data16/11332_labels.npy,data16/11332_dates.npy
11333,data16/11333_sits.npy,data16/11333_labels.npy,data16/11333_dates.npy
11337,data16/11337_sits.npy,data16/11337_labels.npy,data16/11337_dates.npy
11338,data16/11338_sits.npy,data16/11338_labels.npy,data16/11338_dates.npy
11339,data16/11339_sits.npy,data16/11339_labels.npy,data16/11339_dates.npy
11340,data16/11340_sits.npy,data16/11340_labels.npy,data16/11340_dates.npy
11345,data16/11345_sits.npy,data16/11345_labels.npy,data16/11345_dates.npy
11347,data16/11347_sits.npy,data16/11347_labels.npy,data16/11347_dates.npy
11348,data16/11348_sits.npy,data16/11348_labels.npy,data16/11348_dates.npy
11349,data16/11349_sits.npy,data16/11349_labels.npy,data16/11349_dates.npy
11352,data16/11352_sits.npy,data16/11352_labels.npy,data16/11352_dates.npy
11355,data16/11355_sits.npy,data16/11355_labels.npy,data16/11355_dates.npy
11357,data16/11357_sits.npy,data16/11357_labels.npy,data16/11357_dates.npy
11360,data16/11360_sits.npy,data16/11360_labels.npy,data16/11360_dates.npy
11362,data16/11362_sits.npy,data16/11362_labels.npy,data16/11362_dates.npy
11363,data16/11363_sits.npy,data16/11363_labels.npy,data16/11363_dates.npy
11364,data16/11364_sits.npy,data16/11364_labels.npy,data16/11364_dates.npy
11365,data16/11365_sits.npy,data16/11365_labels.npy,data16/11365_dates.npy
11368,data16/11368_sits.npy,data16/11368_labels.npy,data16/11368_dates.npy
11369,data16/11369_sits.npy,data16/11369_labels.npy,data16/11369_dates.npy
11370,data16/11370_sits.npy,data16/11370_labels.npy,data16/11370_dates.npy
11372,data16/11372_sits.npy,data16/11372_labels.npy,data16/11372_dates.npy
11373,data16/11373_sits.npy,data16/11373_labels.npy,data16/11373_dates.npy
11377,data16/11377_sits.npy,data16/11377_labels.npy,data16/11377_dates.npy
11378,data16/11378_sits.npy,data16/11378_labels.npy,data16/11378_dates.npy
11379,data16/11379_sits.npy,data16/11379_labels.npy,data16/11379_dates.npy
11380,data16/11380_sits.npy,data16/11380_labels.npy,data16/11380_dates.npy
11401,data16/11401_sits.npy,data16/11401_labels.npy,data16/11401_dates.npy
11402,data16/11402_sits.npy,data16/11402_labels.npy,data16/11402_dates.npy
11403,data16/11403_sits.npy,data16/11403_labels.npy,data16/11403_dates.npy
11404,data16/11404_sits.npy,data16/11404_labels.npy,data16/11404_dates.npy
11415,data16/11415_sits.npy,data16/11415_labels.npy,data16/11415_dates.npy
11416,data16/11416_sits.npy,data16/11416_labels.npy,data16/11416_dates.npy
11417,data16/11417_sits.npy,data16/11417_labels.npy,data16/11417_dates.npy
11418,data16/11418_sits.npy,data16/11418_labels.npy,data16/11418_dates.npy
11419,data16/11419_sits.npy,data16/11419_labels.npy,data16/11419_dates.npy
11420,data16/11420_sits.npy,data16/11420_labels.npy,data16/11420_dates.npy
11423,data16/11423_sits.npy,data16/11423_labels.npy,data16/11423_dates.npy
11424,data16/11424_sits.npy,data16/11424_labels.npy,data16/11424_dates.npy
11425,data16/11425_sits.npy,data16/11425_labels.npy,data16/11425_dates.npy
11426,data16/11426_sits.npy,data16/11426_labels.npy,data16/11426_dates.npy
11427,data16/11427_sits.npy,data16/11427_labels.npy,data16/11427_dates.npy
11428,data16/11428_sits.npy,data16/11428_labels.npy,data16/11428_dates.npy
11431,data16/11431_sits.npy,data16/11431_labels.npy,data16/11431_dates.npy
11432,data16/11432_sits.npy,data16/11432_labels.npy,data16/11432_dates.npy
11433,data16/11433_sits.npy,data16/11433_labels.npy,data16/11433_dates.npy
11434,data16/11434_sits.npy,data16/11434_labels.npy,data16/11434_dates.npy
11435,data16/11435_sits.npy,data16/11435_labels.npy,data16/11435_dates.npy
11436,data16/11436_sits.npy,data16/11436_labels.npy,data16/11436_dates.npy
11439,data16/11439_sits.npy,data16/11439_labels.npy,data16/11439_dates.npy
11442,data16/11442_sits.npy,data16/11442_labels.npy,data16/11442_dates.npy
11443,data16/11443_sits.npy,data16/11443_labels.npy,data16/11443_dates.npy
11444,data16/11444_sits.npy,data16/11444_labels.npy,data16/11444_dates.npy
11447,data16/11447_sits.npy,data16/11447_labels.npy,data16/11447_dates.npy
11448,data16/11448_sits.npy,data16/11448_labels.npy,data16/11448_dates.npy
11449,data16/11449_sits.npy,data16/11449_labels.npy,data16/11449_dates.npy
11450,data16/11450_sits.npy,data16/11450_labels.npy,data16/11450_dates.npy
11451,data16/11451_sits.npy,data16/11451_labels.npy,data16/11451_dates.npy
11452,data16/11452_sits.npy,data16/11452_labels.npy,data16/11452_dates.npy
11455,data16/11455_sits.npy,data16/11455_labels.npy,data16/11455_dates.npy
11456,data16/11456_sits.npy,data16/11456_labels.npy,data16/11456_dates.npy
11457,data16/11457_sits.npy,data16/11457_labels.npy,data16/11457_dates.npy
11458,data16/11458_sits.npy,data16/11458_labels.npy,data16/11458_dates.npy
11459,data16/11459_sits.npy,data16/11459_labels.npy,data16/11459_dates.npy
11460,data16/11460_sits.npy,data16/11460_labels.npy,data16/11460_dates.npy
11463,data16/11463_sits.npy,data16/11463_labels.npy,data16/11463_dates.npy
11464,data16/11464_sits.npy,data16/11464_labels.npy,data16/11464_dates.npy
11465,data16/11465_sits.npy,data16/11465_labels.npy,data16/11465_dates.npy
11466,data16/11466_sits.npy,data16/11466_labels.npy,data16/11466_dates.npy
11467,data16/11467_sits.npy,data16/11467_labels.npy,data16/11467_dates.npy
11468,data16/11468_sits.npy,data16/11468_labels.npy,data16/11468_dates.npy
11489,data16/11489_sits.npy,data16/11489_labels.npy,data16/11489_dates.npy
11491,data16/11491_sits.npy,data16/11491_labels.npy,data16/11491_dates.npy
11502,data16/11502_sits.npy,data16/11502_labels.npy,data16/11502_dates.npy
11503,data16/11503_sits.npy,data16/11503_labels.npy,data16/11503_dates.npy
11504,data16/11504_sits.npy,data16/11504_labels.npy,data16/11504_dates.npy
11506,data16/11506_sits.npy,data16/11506_labels.npy,data16/11506_dates.npy
11507,data16/11507_sits.npy,data16/11507_labels.npy,data16/11507_dates.npy
11511,data16/11511_sits.npy,data16/11511_labels.npy,data16/11511_dates.npy
11512,data16/11512_sits.npy,data16/11512_labels.npy,data16/11512_dates.npy
11513,data16/11513_sits.npy,data16/11513_labels.npy,data16/11513_dates.npy
11514,data16/11514_sits.npy,data16/11514_labels.npy,data16/11514_dates.npy
11518,data16/11518_sits.npy,data16/11518_labels.npy,data16/11518_dates.npy
11519,data16/11519_sits.npy,data16/11519_labels.npy,data16/11519_dates.npy
11521,data16/11521_sits.npy,data16/11521_labels.npy,data16/11521_dates.npy
11522,data16/11522_sits.npy,data16/11522_labels.npy,data16/11522_dates.npy
11523,data16/11523_sits.npy,data16/11523_labels.npy,data16/11523_dates.npy
11526,data16/11526_sits.npy,data16/11526_labels.npy,data16/11526_dates.npy
11531,data16/11531_sits.npy,data16/11531_labels.npy,data16/11531_dates.npy
11534,data16/11534_sits.npy,data16/11534_labels.npy,data16/11534_dates.npy
11536,data16/11536_sits.npy,data16/11536_labels.npy,data16/11536_dates.npy
11537,data16/11537_sits.npy,data16/11537_labels.npy,data16/11537_dates.npy
11538,data16/11538_sits.npy,data16/11538_labels.npy,data16/11538_dates.npy
11539,data16/11539_sits.npy,data16/11539_labels.npy,data16/11539_dates.npy
11542,data16/11542_sits.npy,data16/11542_labels.npy,data16/11542_dates.npy
11543,data16/11543_sits.npy,data16/11543_labels.npy,data16/11543_dates.npy
11544,data16/11544_sits.npy,data16/11544_labels.npy,data16/11544_dates.npy
11546,data16/11546_sits.npy,data16/11546_labels.npy,data16/11546_dates.npy
11547,data16/11547_sits.npy,data16/11547_labels.npy,data16/11547_dates.npy
11551,data16/11551_sits.npy,data16/11551_labels.npy,data16/11551_dates.npy
11552,data16/11552_sits.npy,data16/11552_labels.npy,data16/11552_dates.npy
11553,data16/11553_sits.npy,data16/11553_labels.npy,data16/11553_dates.npy
11554,data16/11554_sits.npy,data16/11554_labels.npy,data16/11554_dates.npy
11573,data16/11573_sits.npy,data16/11573_labels.npy,data16/11573_dates.npy
11574,data16/11574_sits.npy,data16/11574_labels.npy,data16/11574_dates.npy
11575,data16/11575_sits.npy,data16/11575_labels.npy,data16/11575_dates.npy
11589,data16/11589_sits.npy,data16/11589_labels.npy,data16/11589_dates.npy
11590,data16/11590_sits.npy,data16/11590_labels.npy,data16/11590_dates.npy
11591,data16/11591_sits.npy,data16/11591_labels.npy,data16/11591_dates.npy
11592,data16/11592_sits.npy,data16/11592_labels.npy,data16/11592_dates.npy
11593,data16/11593_sits.npy,data16/11593_labels.npy,data16/11593_dates.npy
11594,data16/11594_sits.npy,data16/11594_labels.npy,data16/11594_dates.npy
11597,data16/11597_sits.npy,data16/11597_labels.npy,data16/11597_dates.npy
11598,data16/11598_sits.npy,data16/11598_labels.npy,data16/11598_dates.npy
11599,data16/11599_sits.npy,data16/11599_labels.npy,data16/11599_dates.npy
11600,data16/11600_sits.npy,data16/11600_labels.npy,data16/11600_dates.npy
11601,data16/11601_sits.npy,data16/11601_labels.npy,data16/11601_dates.npy
11602,data16/11602_sits.npy,data16/11602_labels.npy,data16/11602_dates.npy
11605,data16/11605_sits.npy,data16/11605_labels.npy,data16/11605_dates.npy
11606,data16/11606_sits.npy,data16/11606_labels.npy,data16/11606_dates.npy
11607,data16/11607_sits.npy,data16/11607_labels.npy,data16/11607_dates.npy
11608,data16/11608_sits.npy,data16/11608_labels.npy,data16/11608_dates.npy
11609,data16/11609_sits.npy,data16/11609_labels.npy,data16/11609_dates.npy
11610,data16/11610_sits.npy,data16/11610_labels.npy,data16/11610_dates.npy
11613,data16/11613_sits.npy,data16/11613_labels.npy,data16/11613_dates.npy
11614,data16/11614_sits.npy,data16/11614_labels.npy,data16/11614_dates.npy
11621,data16/11621_sits.npy,data16/11621_labels.npy,data16/11621_dates.npy
11622,data16/11622_sits.npy,data16/11622_labels.npy,data16/11622_dates.npy
11623,data16/11623_sits.npy,data16/11623_labels.npy,data16/11623_dates.npy
11624,data16/11624_sits.npy,data16/11624_labels.npy,data16/11624_dates.npy
11625,data16/11625_sits.npy,data16/11625_labels.npy,data16/11625_dates.npy
11626,data16/11626_sits.npy,data16/11626_labels.npy,data16/11626_dates.npy
11629,data16/11629_sits.npy,data16/11629_labels.npy,data16/11629_dates.npy
11630,data16/11630_sits.npy,data16/11630_labels.npy,data16/11630_dates.npy
11631,data16/11631_sits.npy,data16/11631_labels.npy,data16/11631_dates.npy
11632,data16/11632_sits.npy,data16/11632_labels.npy,data16/11632_dates.npy
11633,data16/11633_sits.npy,data16/11633_labels.npy,data16/11633_dates.npy
11634,data16/11634_sits.npy,data16/11634_labels.npy,data16/11634_dates.npy
11637,data16/11637_sits.npy,data16/11637_labels.npy,data16/11637_dates.npy
11638,data16/11638_sits.npy,data16/11638_labels.npy,data16/11638_dates.npy
11639,data16/11639_sits.npy,data16/11639_labels.npy,data16/11639_dates.npy
11640,data16/11640_sits.npy,data16/11640_labels.npy,data16/11640_dates.npy
11641,data16/11641_sits.npy,data16/11641_labels.npy,data16/11641_dates.npy
11642,data16/11642_sits.npy,data16/11642_labels.npy,data16/11642_dates.npy
11660,data16/11660_sits.npy,data16/11660_labels.npy,data16/11660_dates.npy
11662,data16/11662_sits.npy,data16/11662_labels.npy,data16/11662_dates.npy
11664,data16/11664_sits.npy,data16/11664_labels.npy,data16/11664_dates.npy
11677,data16/11677_sits.npy,data16/11677_labels.npy,data16/11677_dates.npy
11679,data16/11679_sits.npy,data16/11679_labels.npy,data16/11679_dates.npy
11680,data16/11680_sits.npy,data16/11680_labels.npy,data16/11680_dates.npy
11684,data16/11684_sits.npy,data16/11684_labels.npy,data16/11684_dates.npy
11685,data16/11685_sits.npy,data16/11685_labels.npy,data16/11685_dates.npy
11687,data16/11687_sits.npy,data16/11687_labels.npy,data16/11687_dates.npy
11689,data16/11689_sits.npy,data16/11689_labels.npy,data16/11689_dates.npy
11692,data16/11692_sits.npy,data16/11692_labels.npy,data16/11692_dates.npy
11694,data16/11694_sits.npy,data16/11694_labels.npy,data16/11694_dates.npy
11695,data16/11695_sits.npy,data16/11695_labels.npy,data16/11695_dates.npy
11697,data16/11697_sits.npy,data16/11697_labels.npy,data16/11697_dates.npy
11700,data16/11700_sits.npy,data16/11700_labels.npy,data16/11700_dates.npy
11705,data16/11705_sits.npy,data16/11705_labels.npy,data16/11705_dates.npy
11709,data16/11709_sits.npy,data16/11709_labels.npy,data16/11709_dates.npy
11710,data16/11710_sits.npy,data16/11710_labels.npy,data16/11710_dates.npy
11712,data16/11712_sits.npy,data16/11712_labels.npy,data16/11712_dates.npy
11717,data16/11717_sits.npy,data16/11717_labels.npy,data16/11717_dates.npy
11719,data16/11719_sits.npy,data16/11719_labels.npy,data16/11719_dates.npy
11720,data16/11720_sits.npy,data16/11720_labels.npy,data16/11720_dates.npy
11724,data16/11724_sits.npy,data16/11724_labels.npy,data16/11724_dates.npy
11725,data16/11725_sits.npy,data16/11725_labels.npy,data16/11725_dates.npy
11727,data16/11727_sits.npy,data16/11727_labels.npy,data16/11727_dates.npy
11729,data16/11729_sits.npy,data16/11729_labels.npy,data16/11729_dates.npy
11921,data16/11921_sits.npy,data16/11921_labels.npy,data16/11921_dates.npy
11922,data16/11922_sits.npy,data16/11922_labels.npy,data16/11922_dates.npy
11923,data16/11923_sits.npy,data16/11923_labels.npy,data16/11923_dates.npy
11924,data16/11924_sits.npy,data16/11924_labels.npy,data16/11924_dates.npy
11926,data16/11926_sits.npy,data16/11926_labels.npy,data16/11926_dates.npy
11929,data16/11929_sits.npy,data16/11929_labels.npy,data16/11929_dates.npy
11931,data16/11931_sits.npy,data16/11931_labels.npy,data16/11931_dates.npy
11932,data16/11932_sits.npy,data16/11932_labels.npy,data16/11932_dates.npy
11933,data16/11933_sits.npy,data16/11933_labels.npy,data16/11933_dates.npy
11934,data16/11934_sits.npy,data16/11934_labels.npy,data16/11934_dates.npy
11946,data16/11946_sits.npy,data16/11946_labels.npy,data16/11946_dates.npy
11947,data16/11947_sits.npy,data16/11947_labels.npy,data16/11947_dates.npy
11948,data16/11948_sits.npy,data16/11948_labels.npy,data16/11948_dates.npy
11949,data16/11949_sits.npy,data16/11949_labels.npy,data16/11949_dates.npy
11953,data16/11953_sits.npy,data16/11953_labels.npy,data16/11953_dates.npy
11954,data16/11954_sits.npy,data16/11954_labels.npy,data16/11954_dates.npy
11956,data16/11956_sits.npy,data16/11956_labels.npy,data16/11956_dates.npy
11957,data16/11957_sits.npy,data16/11957_labels.npy,data16/11957_dates.npy
11958,data16/11958_sits.npy,data16/11958_labels.npy,data16/11958_dates.npy
11977,data16/11977_sits.npy,data16/11977_labels.npy,data16/11977_dates.npy
11978,data16/11978_sits.npy,data16/11978_labels.npy,data16/11978_dates.npy
11979,data16/11979_sits.npy,data16/11979_labels.npy,data16/11979_dates.npy
11981,data16/11981_sits.npy,data16/11981_labels.npy,data16/11981_dates.npy
11982,data16/11982_sits.npy,data16/11982_labels.npy,data16/11982_dates.npy
11986,data16/11986_sits.npy,data16/11986_labels.npy,data16/11986_dates.npy
11987,data16/11987_sits.npy,data16/11987_labels.npy,data16/11987_dates.npy
11988,data16/11988_sits.npy,data16/11988_labels.npy,data16/11988_dates.npy
11989,data16/11989_sits.npy,data16/11989_labels.npy,data16/11989_dates.npy
12001,data16/12001_sits.npy,data16/12001_labels.npy,data16/12001_dates.npy
12002,data16/12002_sits.npy,data16/12002_labels.npy,data16/12002_dates.npy
12003,data16/12003_sits.npy,data16/12003_labels.npy,data16/12003_dates.npy
12004,data16/12004_sits.npy,data16/12004_labels.npy,data16/12004_dates.npy
12006,data16/12006_sits.npy,data16/12006_labels.npy,data16/12006_dates.npy
12008,data16/12008_sits.npy,data16/12008_labels.npy,data16/12008_dates.npy
12009,data16/12009_sits.npy,data16/12009_labels.npy,data16/12009_dates.npy
12010,data16/12010_sits.npy,data16/12010_labels.npy,data16/12010_dates.npy
12011,data16/12011_sits.npy,data16/12011_labels.npy,data16/12011_dates.npy
12012,data16/12012_sits.npy,data16/12012_labels.npy,data16/12012_dates.npy
12013,data16/12013_sits.npy,data16/12013_labels.npy,data16/12013_dates.npy
12016,data16/12016_sits.npy,data16/12016_labels.npy,data16/12016_dates.npy
12017,data16/12017_sits.npy,data16/12017_labels.npy,data16/12017_dates.npy
12018,data16/12018_sits.npy,data16/12018_labels.npy,data16/12018_dates.npy
12019,data16/12019_sits.npy,data16/12019_labels.npy,data16/12019_dates.npy
12020,data16/12020_sits.npy,data16/12020_labels.npy,data16/12020_dates.npy
12021,data16/12021_sits.npy,data16/12021_labels.npy,data16/12021_dates.npy
12032,data16/12032_sits.npy,data16/12032_labels.npy,data16/12032_dates.npy
12033,data16/12033_sits.npy,data16/12033_labels.npy,data16/12033_dates.npy
12035,data16/12035_sits.npy,data16/12035_labels.npy,data16/12035_dates.npy
12036,data16/12036_sits.npy,data16/12036_labels.npy,data16/12036_dates.npy
12037,data16/12037_sits.npy,data16/12037_labels.npy,data16/12037_dates.npy
12040,data16/12040_sits.npy,data16/12040_labels.npy,data16/12040_dates.npy
12041,data16/12041_sits.npy,data16/12041_labels.npy,data16/12041_dates.npy
12042,data16/12042_sits.npy,data16/12042_labels.npy,data16/12042_dates.npy
12043,data16/12043_sits.npy,data16/12043_labels.npy,data16/12043_dates.npy
12044,data16/12044_sits.npy,data16/12044_labels.npy,data16/12044_dates.npy
12045,data16/12045_sits.npy,data16/12045_labels.npy,data16/12045_dates.npy
12064,data16/12064_sits.npy,data16/12064_labels.npy,data16/12064_dates.npy
12065,data16/12065_sits.npy,data16/12065_labels.npy,data16/12065_dates.npy
12066,data16/12066_sits.npy,data16/12066_labels.npy,data16/12066_dates.npy
12067,data16/12067_sits.npy,data16/12067_labels.npy,data16/12067_dates.npy
12068,data16/12068_sits.npy,data16/12068_labels.npy,data16/12068_dates.npy
12069,data16/12069_sits.npy,data16/12069_labels.npy,data16/12069_dates.npy
12072,data16/12072_sits.npy,data16/12072_labels.npy,data16/12072_dates.npy
12073,data16/12073_sits.npy,data16/12073_labels.npy,data16/12073_dates.npy
12074,data16/12074_sits.npy,data16/12074_labels.npy,data16/12074_dates.npy
12075,data16/12075_sits.npy,data16/12075_labels.npy,data16/12075_dates.npy
12076,data16/12076_sits.npy,data16/12076_labels.npy,data16/12076_dates.npy
12077,data16/12077_sits.npy,data16/12077_labels.npy,data16/12077_dates.npy
12088,data16/12088_sits.npy,data16/12088_labels.npy,data16/12088_dates.npy
12089,data16/12089_sits.npy,data16/12089_labels.npy,data16/12089_dates.npy
12090,data16/12090_sits.npy,data16/12090_labels.npy,data16/12090_dates.npy
12091,data16/12091_sits.npy,data16/12091_labels.npy,data16/12091_dates.npy
12092,data16/12092_sits.npy,data16/12092_labels.npy,data16/12092_dates.npy
12093,data16/12093_sits.npy,data16/12093_labels.npy,data16/12093_dates.npy
12095,data16/12095_sits.npy,data16/12095_labels.npy,data16/12095_dates.npy
12097,data16/12097_sits.npy,data16/12097_labels.npy,data16/12097_dates.npy
12099,data16/12099_sits.npy,data16/12099_labels.npy,data16/12099_dates.npy
12100,data16/12100_sits.npy,data16/12100_labels.npy,data16/12100_dates.npy
12104,data16/12104_sits.npy,data16/12104_labels.npy,data16/12104_dates.npy
12105,data16/12105_sits.npy,data16/12105_labels.npy,data16/12105_dates.npy
12107,data16/12107_sits.npy,data16/12107_labels.npy,data16/12107_dates.npy
12119,data16/12119_sits.npy,data16/12119_labels.npy,data16/12119_dates.npy
12120,data16/12120_sits.npy,data16/12120_labels.npy,data16/12120_dates.npy
12124,data16/12124_sits.npy,data16/12124_labels.npy,data16/12124_dates.npy
12127,data16/12127_sits.npy,data16/12127_labels.npy,data16/12127_dates.npy
12129,data16/12129_sits.npy,data16/12129_labels.npy,data16/12129_dates.npy
12130,data16/12130_sits.npy,data16/12130_labels.npy,data16/12130_dates.npy
12132,data16/12132_sits.npy,data16/12132_labels.npy,data16/12132_dates.npy
12152,data16/12152_sits.npy,data16/12152_labels.npy,data16/12152_dates.npy
12154,data16/12154_sits.npy,data16/12154_labels.npy,data16/12154_dates.npy
12155,data16/12155_sits.npy,data16/12155_labels.npy,data16/12155_dates.npy
12159,data16/12159_sits.npy,data16/12159_labels.npy,data16/12159_dates.npy
12160,data16/12160_sits.npy,data16/12160_labels.npy,data16/12160_dates.npy
12162,data16/12162_sits.npy,data16/12162_labels.npy,data16/12162_dates.npy
12164,data16/12164_sits.npy,data16/12164_labels.npy,data16/12164_dates.npy
12175,data16/12175_sits.npy,data16/12175_labels.npy,data16/12175_dates.npy
12177,data16/12177_sits.npy,data16/12177_labels.npy,data16/12177_dates.npy
12179,data16/12179_sits.npy,data16/12179_labels.npy,data16/12179_dates.npy
12180,data16/12180_sits.npy,data16/12180_labels.npy,data16/12180_dates.npy
12182,data16/12182_sits.npy,data16/12182_labels.npy,data16/12182_dates.npy
12183,data16/12183_sits.npy,data16/12183_labels.npy,data16/12183_dates.npy
12184,data16/12184_sits.npy,data16/12184_labels.npy,data16/12184_dates.npy
12185,data16/12185_sits.npy,data16/12185_labels.npy,data16/12185_dates.npy
12187,data16/12187_sits.npy,data16/12187_labels.npy,data16/12187_dates.npy
12190,data16/12190_sits.npy,data16/12190_labels.npy,data16/12190_dates.npy
12192,data16/12192_sits.npy,data16/12192_labels.npy,data16/12192_dates.npy
12193,data16/12193_sits.npy,data16/12193_labels.npy,data16/12193_dates.npy
12194,data16/12194_sits.npy,data16/12194_labels.npy,data16/12194_dates.npy
12195,data16/12195_sits.npy,data16/12195_labels.npy,data16/12195_dates.npy
12207,data16/12207_sits.npy,data16/12207_labels.npy,data16/12207_dates.npy
12208,data16/12208_sits.npy,data16/12208_labels.npy,data16/12208_dates.npy
12209,data16/12209_sits.npy,data16/12209_labels.npy,data16/12209_dates.npy
12210,data16/12210_sits.npy,data16/12210_labels.npy,data16/12210_dates.npy
12217,data16/12217_sits.npy,data16/12217_labels.npy,data16/12217_dates.npy
12218,data16/12218_sits.npy,data16/12218_labels.npy,data16/12218_dates.npy
12219,data16/12219_sits.npy,data16/12219_labels.npy,data16/12219_dates.npy
12238,data16/12238_sits.npy,data16/12238_labels.npy,data16/12238_dates.npy
12239,data16/12239_sits.npy,data16/12239_labels.npy,data16/12239_dates.npy
12240,data16/12240_sits.npy,data16/12240_labels.npy,data16/12240_dates.npy
12242,data16/12242_sits.npy,data16/12242_labels.npy,data16/12242_dates.npy
12243,data16/12243_sits.npy,data16/12243_labels.npy,data16/12243_dates.npy
12247,data16/12247_sits.npy,data16/12247_labels.npy,data16/12247_dates.npy
12248,data16/12248_sits.npy,data16/12248_labels.npy,data16/12248_dates.npy
12249,data16/12249_sits.npy,data16/12249_labels.npy,data16/12249_dates.npy
12250,data16/12250_sits.npy,data16/12250_labels.npy,data16/12250_dates.npy
12262,data16/12262_sits.npy,data16/12262_labels.npy,data16/12262_dates.npy
12263,data16/12263_sits.npy,data16/12263_labels.npy,data16/12263_dates.npy
12264,data16/12264_sits.npy,data16/12264_labels.npy,data16/12264_dates.npy
12265,data16/12265_sits.npy,data16/12265_labels.npy,data16/12265_dates.npy
12267,data16/12267_sits.npy,data16/12267_labels.npy,data16/12267_dates.npy
12269,data16/12269_sits.npy,data16/12269_labels.npy,data16/12269_dates.npy
12270,data16/12270_sits.npy,data16/12270_labels.npy,data16/12270_dates.npy
12271,data16/12271_sits.npy,data16/12271_labels.npy,data16/12271_dates.npy
12272,data16/12272_sits.npy,data16/12272_labels.npy,data16/12272_dates.npy
12273,data16/12273_sits.npy,data16/12273_labels.npy,data16/12273_dates.npy
12274,data16/12274_sits.npy,data16/12274_labels.npy,data16/12274_dates.npy
12277,data16/12277_sits.npy,data16/12277_labels.npy,data16/12277_dates.npy
12278,data16/12278_sits.npy,data16/12278_labels.npy,data16/12278_dates.npy
12279,data16/12279_sits.npy,data16/12279_labels.npy,data16/12279_dates.npy
12280,data16/12280_sits.npy,data16/12280_labels.npy,data16/12280_dates.npy
12281,data16/12281_sits.npy,data16/12281_labels.npy,data16/12281_dates.npy
12282,data16/12282_sits.npy,data16/12282_labels.npy,data16/12282_dates.npy
12293,data16/12293_sits.npy,data16/12293_labels.npy,data16/12293_dates.npy
12295,data16/12295_sits.npy,data16/12295_labels.npy,data16/12295_dates.npy
12296,data16/12296_sits.npy,data16/12296_labels.npy,data16/12296_dates.npy
12297,data16/12297_sits.npy,data16/12297_labels.npy,data16/12297_dates.npy
12298,data16/12298_sits.npy,data16/12298_labels.npy,data16/12298_dates.npy
12301,data16/12301_sits.npy,data16/12301_labels.npy,data16/12301_dates.npy
12304,data16/12304_sits.npy,data16/12304_labels.npy,data16/12304_dates.npy
12325,data16/12325_sits.npy,data16/12325_labels.npy,data16/12325_dates.npy
12326,data16/12326_sits.npy,data16/12326_labels.npy,data16/12326_dates.npy
12327,data16/12327_sits.npy,data16/12327_labels.npy,data16/12327_dates.npy
12328,data16/12328_sits.npy,data16/12328_labels.npy,data16/12328_dates.npy
12329,data16/12329_sits.npy,data16/12329_labels.npy,data16/12329_dates.npy
12330,data16/12330_sits.npy,data16/12330_labels.npy,data16/12330_dates.npy
12333,data16/12333_sits.npy,data16/12333_labels.npy,data16/12333_dates.npy
12334,data16/12334_sits.npy,data16/12334_labels.npy,data16/12334_dates.npy
12335,data16/12335_sits.npy,data16/12335_labels.npy,data16/12335_dates.npy
12336,data16/12336_sits.npy,data16/12336_labels.npy,data16/12336_dates.npy
12337,data16/12337_sits.npy,data16/12337_labels.npy,data16/12337_dates.npy
12338,data16/12338_sits.npy,data16/12338_labels.npy,data16/12338_dates.npy
12349,data16/12349_sits.npy,data16/12349_labels.npy,data16/12349_dates.npy
12350,data16/12350_sits.npy,data16/12350_labels.npy,data16/12350_dates.npy
12351,data16/12351_sits.npy,data16/12351_labels.npy,data16/12351_dates.npy
12352,data16/12352_sits.npy,data16/12352_labels.npy,data16/12352_dates.npy
12353,data16/12353_sits.npy,data16/12353_labels.npy,data16/12353_dates.npy
12354,data16/12354_sits.npy,data16/12354_labels.npy,data16/12354_dates.npy
12356,data16/12356_sits.npy,data16/12356_labels.npy,data16/12356_dates.npy
12357,data16/12357_sits.npy,data16/12357_labels.npy,data16/12357_dates.npy
12358,data16/12358_sits.npy,data16/12358_labels.npy,data16/12358_dates.npy
12359,data16/12359_sits.npy,data16/12359_labels.npy,data16/12359_dates.npy
12361,data16/12361_sits.npy,data16/12361_labels.npy,data16/12361_dates.npy
12364,data16/12364_sits.npy,data16/12364_labels.npy,data16/12364_dates.npy
12366,data16/12366_sits.npy,data16/12366_labels.npy,data16/12366_dates.npy
12367,data16/12367_sits.npy,data16/12367_labels.npy,data16/12367_dates.npy
12368,data16/12368_sits.npy,data16/12368_labels.npy,data16/12368_dates.npy
12369,data16/12369_sits.npy,data16/12369_labels.npy,data16/12369_dates.npy
12383,data16/12383_sits.npy,data16/12383_labels.npy,data16/12383_dates.npy
12384,data16/12384_sits.npy,data16/12384_labels.npy,data16/12384_dates.npy
12388,data16/12388_sits.npy,data16/12388_labels.npy,data16/12388_dates.npy
12389,data16/12389_sits.npy,data16/12389_labels.npy,data16/12389_dates.npy
12391,data16/12391_sits.npy,data16/12391_labels.npy,data16/12391_dates.npy
12392,data16/12392_sits.npy,data16/12392_labels.npy,data16/12392_dates.npy
12412,data16/12412_sits.npy,data16/12412_labels.npy,data16/12412_dates.npy
12413,data16/12413_sits.npy,data16/12413_labels.npy,data16/12413_dates.npy
12414,data16/12414_sits.npy,data16/12414_labels.npy,data16/12414_dates.npy
12416,data16/12416_sits.npy,data16/12416_labels.npy,data16/12416_dates.npy
12417,data16/12417_sits.npy,data16/12417_labels.npy,data16/12417_dates.npy
12421,data16/12421_sits.npy,data16/12421_labels.npy,data16/12421_dates.npy
12422,data16/12422_sits.npy,data16/12422_labels.npy,data16/12422_dates.npy
12423,data16/12423_sits.npy,data16/12423_labels.npy,data16/12423_dates.npy
12424,data16/12424_sits.npy,data16/12424_labels.npy,data16/12424_dates.npy
12436,data16/12436_sits.npy,data16/12436_labels.npy,data16/12436_dates.npy
12437,data16/12437_sits.npy,data16/12437_labels.npy,data16/12437_dates.npy
12438,data16/12438_sits.npy,data16/12438_labels.npy,data16/12438_dates.npy
12439,data16/12439_sits.npy,data16/12439_labels.npy,data16/12439_dates.npy
12625,data16/12625_sits.npy,data16/12625_labels.npy,data16/12625_dates.npy
12627,data16/12627_sits.npy,data16/12627_labels.npy,data16/12627_dates.npy
12628,data16/12628_sits.npy,data16/12628_labels.npy,data16/12628_dates.npy
12642,data16/12642_sits.npy,data16/12642_labels.npy,data16/12642_dates.npy
12649,data16/12649_sits.npy,data16/12649_labels.npy,data16/12649_dates.npy
12650,data16/12650_sits.npy,data16/12650_labels.npy,data16/12650_dates.npy
12652,data16/12652_sits.npy,data16/12652_labels.npy,data16/12652_dates.npy
12653,data16/12653_sits.npy,data16/12653_labels.npy,data16/12653_dates.npy
12654,data16/12654_sits.npy,data16/12654_labels.npy,data16/12654_dates.npy
12658,data16/12658_sits.npy,data16/12658_labels.npy,data16/12658_dates.npy
12659,data16/12659_sits.npy,data16/12659_labels.npy,data16/12659_dates.npy
12660,data16/12660_sits.npy,data16/12660_labels.npy,data16/12660_dates.npy
12662,data16/12662_sits.npy,data16/12662_labels.npy,data16/12662_dates.npy
12665,data16/12665_sits.npy,data16/12665_labels.npy,data16/12665_dates.npy
12667,data16/12667_sits.npy,data16/12667_labels.npy,data16/12667_dates.npy
12668,data16/12668_sits.npy,data16/12668_labels.npy,data16/12668_dates.npy
12669,data16/12669_sits.npy,data16/12669_labels.npy,data16/12669_dates.npy
12670,data16/12670_sits.npy,data16/12670_labels.npy,data16/12670_dates.npy
12673,data16/12673_sits.npy,data16/12673_labels.npy,data16/12673_dates.npy
12674,data16/12674_sits.npy,data16/12674_labels.npy,data16/12674_dates.npy
12675,data16/12675_sits.npy,data16/12675_labels.npy,data16/12675_dates.npy
12677,data16/12677_sits.npy,data16/12677_labels.npy,data16/12677_dates.npy
12678,data16/12678_sits.npy,data16/12678_labels.npy,data16/12678_dates.npy
12682,data16/12682_sits.npy,data16/12682_labels.npy,data16/12682_dates.npy
12683,data16/12683_sits.npy,data16/12683_labels.npy,data16/12683_dates.npy
12684,data16/12684_sits.npy,data16/12684_labels.npy,data16/12684_dates.npy
12685,data16/12685_sits.npy,data16/12685_labels.npy,data16/12685_dates.npy
12712,data16/12712_sits.npy,data16/12712_labels.npy,data16/12712_dates.npy
12713,data16/12713_sits.npy,data16/12713_labels.npy,data16/12713_dates.npy
12714,data16/12714_sits.npy,data16/12714_labels.npy,data16/12714_dates.npy
12715,data16/12715_sits.npy,data16/12715_labels.npy,data16/12715_dates.npy
12728,data16/12728_sits.npy,data16/12728_labels.npy,data16/12728_dates.npy
12729,data16/12729_sits.npy,data16/12729_labels.npy,data16/12729_dates.npy
12736,data16/12736_sits.npy,data16/12736_labels.npy,data16/12736_dates.npy
12737,data16/12737_sits.npy,data16/12737_labels.npy,data16/12737_dates.npy
12738,data16/12738_sits.npy,data16/12738_labels.npy,data16/12738_dates.npy
12739,data16/12739_sits.npy,data16/12739_labels.npy,data16/12739_dates.npy
12740,data16/12740_sits.npy,data16/12740_labels.npy,data16/12740_dates.npy
12741,data16/12741_sits.npy,data16/12741_labels.npy,data16/12741_dates.npy
12746,data16/12746_sits.npy,data16/12746_labels.npy,data16/12746_dates.npy
12747,data16/12747_sits.npy,data16/12747_labels.npy,data16/12747_dates.npy
12748,data16/12748_sits.npy,data16/12748_labels.npy,data16/12748_dates.npy
12749,data16/12749_sits.npy,data16/12749_labels.npy,data16/12749_dates.npy
12752,data16/12752_sits.npy,data16/12752_labels.npy,data16/12752_dates.npy
12753,data16/12753_sits.npy,data16/12753_labels.npy,data16/12753_dates.npy
12754,data16/12754_sits.npy,data16/12754_labels.npy,data16/12754_dates.npy
12755,data16/12755_sits.npy,data16/12755_labels.npy,data16/12755_dates.npy
12756,data16/12756_sits.npy,data16/12756_labels.npy,data16/12756_dates.npy
12757,data16/12757_sits.npy,data16/12757_labels.npy,data16/12757_dates.npy
12760,data16/12760_sits.npy,data16/12760_labels.npy,data16/12760_dates.npy
12761,data16/12761_sits.npy,data16/12761_labels.npy,data16/12761_dates.npy
12762,data16/12762_sits.npy,data16/12762_labels.npy,data16/12762_dates.npy
12763,data16/12763_sits.npy,data16/12763_labels.npy,data16/12763_dates.npy
12764,data16/12764_sits.npy,data16/12764_labels.npy,data16/12764_dates.npy
12765,data16/12765_sits.npy,data16/12765_labels.npy,data16/12765_dates.npy
12768,data16/12768_sits.npy,data16/12768_labels.npy,data16/12768_dates.npy
12769,data16/12769_sits.npy,data16/12769_labels.npy,data16/12769_dates.npy
12770,data16/12770_sits.npy,data16/12770_labels.npy,data16/12770_dates.npy
12771,data16/12771_sits.npy,data16/12771_labels.npy,data16/12771_dates.npy
12772,data16/12772_sits.npy,data16/12772_labels.npy,data16/12772_dates.npy
12773,data16/12773_sits.npy,data16/12773_labels.npy,data16/12773_dates.npy
12801,data16/12801_sits.npy,data16/12801_labels.npy,data16/12801_dates.npy
12802,data16/12802_sits.npy,data16/12802_labels.npy,data16/12802_dates.npy
12803,data16/12803_sits.npy,data16/12803_labels.npy,data16/12803_dates.npy
12804,data16/12804_sits.npy,data16/12804_labels.npy,data16/12804_dates.npy
12816,data16/12816_sits.npy,data16/12816_labels.npy,data16/12816_dates.npy
12823,data16/12823_sits.npy,data16/12823_labels.npy,data16/12823_dates.npy
12824,data16/12824_sits.npy,data16/12824_labels.npy,data16/12824_dates.npy
12826,data16/12826_sits.npy,data16/12826_labels.npy,data16/12826_dates.npy
12827,data16/12827_sits.npy,data16/12827_labels.npy,data16/12827_dates.npy
12828,data16/12828_sits.npy,data16/12828_labels.npy,data16/12828_dates.npy
12832,data16/12832_sits.npy,data16/12832_labels.npy,data16/12832_dates.npy
12833,data16/12833_sits.npy,data16/12833_labels.npy,data16/12833_dates.npy
12834,data16/12834_sits.npy,data16/12834_labels.npy,data16/12834_dates.npy
12836,data16/12836_sits.npy,data16/12836_labels.npy,data16/12836_dates.npy
12839,data16/12839_sits.npy,data16/12839_labels.npy,data16/12839_dates.npy
12841,data16/12841_sits.npy,data16/12841_labels.npy,data16/12841_dates.npy
12842,data16/12842_sits.npy,data16/12842_labels.npy,data16/12842_dates.npy
12843,data16/12843_sits.npy,data16/12843_labels.npy,data16/12843_dates.npy
12844,data16/12844_sits.npy,data16/12844_labels.npy,data16/12844_dates.npy
12847,data16/12847_sits.npy,data16/12847_labels.npy,data16/12847_dates.npy
12848,data16/12848_sits.npy,data16/12848_labels.npy,data16/12848_dates.npy
12849,data16/12849_sits.npy,data16/12849_labels.npy,data16/12849_dates.npy
12851,data16/12851_sits.npy,data16/12851_labels.npy,data16/12851_dates.npy
12852,data16/12852_sits.npy,data16/12852_labels.npy,data16/12852_dates.npy
12856,data16/12856_sits.npy,data16/12856_labels.npy,data16/12856_dates.npy
12857,data16/12857_sits.npy,data16/12857_labels.npy,data16/12857_dates.npy
12858,data16/12858_sits.npy,data16/12858_labels.npy,data16/12858_dates.npy
12859,data16/12859_sits.npy,data16/12859_labels.npy,data16/12859_dates.npy
12886,data16/12886_sits.npy,data16/12886_labels.npy,data16/12886_dates.npy
12887,data16/12887_sits.npy,data16/12887_labels.npy,data16/12887_dates.npy
12888,data16/12888_sits.npy,data16/12888_labels.npy,data16/12888_dates.npy
12889,data16/12889_sits.npy,data16/12889_labels.npy,data16/12889_dates.npy
12890,data16/12890_sits.npy,data16/12890_labels.npy,data16/12890_dates.npy
12891,data16/12891_sits.npy,data16/12891_labels.npy,data16/12891_dates.npy
12902,data16/12902_sits.npy,data16/12902_labels.npy,data16/12902_dates.npy
12903,data16/12903_sits.npy,data16/12903_labels.npy,data16/12903_dates.npy
12910,data16/12910_sits.npy,data16/12910_labels.npy,data16/12910_dates.npy
12911,data16/12911_sits.npy,data16/12911_labels.npy,data16/12911_dates.npy
12912,data16/12912_sits.npy,data16/12912_labels.npy,data16/12912_dates.npy
12913,data16/12913_sits.npy,data16/12913_labels.npy,data16/12913_dates.npy
12914,data16/12914_sits.npy,data16/12914_labels.npy,data16/12914_dates.npy
12915,data16/12915_sits.npy,data16/12915_labels.npy,data16/12915_dates.npy
12919,data16/12919_sits.npy,data16/12919_labels.npy,data16/12919_dates.npy
12920,data16/12920_sits.npy,data16/12920_labels.npy,data16/12920_dates.npy
12921,data16/12921_sits.npy,data16/12921_labels.npy,data16/12921_dates.npy
12922,data16/12922_sits.npy,data16/12922_labels.npy,data16/12922_dates.npy
12923,data16/12923_sits.npy,data16/12923_labels.npy,data16/12923_dates.npy
12926,data16/12926_sits.npy,data16/12926_labels.npy,data16/12926_dates.npy
12927,data16/12927_sits.npy,data16/12927_labels.npy,data16/12927_dates.npy
12928,data16/12928_sits.npy,data16/12928_labels.npy,data16/12928_dates.npy
12929,data16/12929_sits.npy,data16/12929_labels.npy,data16/12929_dates.npy
12930,data16/12930_sits.npy,data16/12930_labels.npy,data16/12930_dates.npy
12931,data16/12931_sits.npy,data16/12931_labels.npy,data16/12931_dates.npy
12934,data16/12934_sits.npy,data16/12934_labels.npy,data16/12934_dates.npy
12935,data16/12935_sits.npy,data16/12935_labels.npy,data16/12935_dates.npy
12936,data16/12936_sits.npy,data16/12936_labels.npy,data16/12936_dates.npy
12937,data16/12937_sits.npy,data16/12937_labels.npy,data16/12937_dates.npy
12938,data16/12938_sits.npy,data16/12938_labels.npy,data16/12938_dates.npy
12939,data16/12939_sits.npy,data16/12939_labels.npy,data16/12939_dates.npy
12942,data16/12942_sits.npy,data16/12942_labels.npy,data16/12942_dates.npy
12943,data16/12943_sits.npy,data16/12943_labels.npy,data16/12943_dates.npy
12944,data16/12944_sits.npy,data16/12944_labels.npy,data16/12944_dates.npy
12945,data16/12945_sits.npy,data16/12945_labels.npy,data16/12945_dates.npy
12946,data16/12946_sits.npy,data16/12946_labels.npy,data16/12946_dates.npy
12947,data16/12947_sits.npy,data16/12947_labels.npy,data16/12947_dates.npy
12974,data16/12974_sits.npy,data16/12974_labels.npy,data16/12974_dates.npy
12975,data16/12975_sits.npy,data16/12975_labels.npy,data16/12975_dates.npy
12977,data16/12977_sits.npy,data16/12977_labels.npy,data16/12977_dates.npy
12989,data16/12989_sits.npy,data16/12989_labels.npy,data16/12989_dates.npy
12990,data16/12990_sits.npy,data16/12990_labels.npy,data16/12990_dates.npy
12997,data16/12997_sits.npy,data16/12997_labels.npy,data16/12997_dates.npy
12999,data16/12999_sits.npy,data16/12999_labels.npy,data16/12999_dates.npy
13002,data16/13002_sits.npy,data16/13002_labels.npy,data16/13002_dates.npy
13007,data16/13007_sits.npy,data16/13007_labels.npy,data16/13007_dates.npy
13009,data16/13009_sits.npy,data16/13009_labels.npy,data16/13009_dates.npy
13010,data16/13010_sits.npy,data16/13010_labels.npy,data16/13010_dates.npy
13014,data16/13014_sits.npy,data16/13014_labels.npy,data16/13014_dates.npy
13015,data16/13015_sits.npy,data16/13015_labels.npy,data16/13015_dates.npy
13017,data16/13017_sits.npy,data16/13017_labels.npy,data16/13017_dates.npy
13022,data16/13022_sits.npy,data16/13022_labels.npy,data16/13022_dates.npy
13024,data16/13024_sits.npy,data16/13024_labels.npy,data16/13024_dates.npy
13025,data16/13025_sits.npy,data16/13025_labels.npy,data16/13025_dates.npy
13029,data16/13029_sits.npy,data16/13029_labels.npy,data16/13029_dates.npy
13030,data16/13030_sits.npy,data16/13030_labels.npy,data16/13030_dates.npy
13032,data16/13032_sits.npy,data16/13032_labels.npy,data16/13032_dates.npy
13034,data16/13034_sits.npy,data16/13034_labels.npy,data16/13034_dates.npy
13060,data16/13060_sits.npy,data16/13060_labels.npy,data16/13060_dates.npy
13062,data16/13062_sits.npy,data16/13062_labels.npy,data16/13062_dates.npy
13063,data16/13063_sits.npy,data16/13063_labels.npy,data16/13063_dates.npy
13064,data16/13064_sits.npy,data16/13064_labels.npy,data16/13064_dates.npy
13065,data16/13065_sits.npy,data16/13065_labels.npy,data16/13065_dates.npy
13077,data16/13077_sits.npy,data16/13077_labels.npy,data16/13077_dates.npy
13078,data16/13078_sits.npy,data16/13078_labels.npy,data16/13078_dates.npy
13084,data16/13084_sits.npy,data16/13084_labels.npy,data16/13084_dates.npy
13085,data16/13085_sits.npy,data16/13085_labels.npy,data16/13085_dates.npy
13087,data16/13087_sits.npy,data16/13087_labels.npy,data16/13087_dates.npy
13088,data16/13088_sits.npy,data16/13088_labels.npy,data16/13088_dates.npy
13089,data16/13089_sits.npy,data16/13089_labels.npy,data16/13089_dates.npy
13093,data16/13093_sits.npy,data16/13093_labels.npy,data16/13093_dates.npy
13094,data16/13094_sits.npy,data16/13094_labels.npy,data16/13094_dates.npy
13095,data16/13095_sits.npy,data16/13095_labels.npy,data16/13095_dates.npy
13097,data16/13097_sits.npy,data16/13097_labels.npy,data16/13097_dates.npy
13100,data16/13100_sits.npy,data16/13100_labels.npy,data16/13100_dates.npy
13102,data16/13102_sits.npy,data16/13102_labels.npy,data16/13102_dates.npy
13103,data16/13103_sits.npy,data16/13103_labels.npy,data16/13103_dates.npy
13104,data16/13104_sits.npy,data16/13104_labels.npy,data16/13104_dates.npy
13105,data16/13105_sits.npy,data16/13105_labels.npy,data16/13105_dates.npy
13108,data16/13108_sits.npy,data16/13108_labels.npy,data16/13108_dates.npy
13109,data16/13109_sits.npy,data16/13109_labels.npy,data16/13109_dates.npy
13110,data16/13110_sits.npy,data16/13110_labels.npy,data16/13110_dates.npy
13112,data16/13112_sits.npy,data16/13112_labels.npy,data16/13112_dates.npy
13113,data16/13113_sits.npy,data16/13113_labels.npy,data16/13113_dates.npy
13117,data16/13117_sits.npy,data16/13117_labels.npy,data16/13117_dates.npy
13118,data16/13118_sits.npy,data16/13118_labels.npy,data16/13118_dates.npy
13119,data16/13119_sits.npy,data16/13119_labels.npy,data16/13119_dates.npy
13120,data16/13120_sits.npy,data16/13120_labels.npy,data16/13120_dates.npy
13313,data16/13313_sits.npy,data16/13313_labels.npy,data16/13313_dates.npy
13314,data16/13314_sits.npy,data16/13314_labels.npy,data16/13314_dates.npy
13315,data16/13315_sits.npy,data16/13315_labels.npy,data16/13315_dates.npy
13316,data16/13316_sits.npy,data16/13316_labels.npy,data16/13316_dates.npy
13317,data16/13317_sits.npy,data16/13317_labels.npy,data16/13317_dates.npy
13318,data16/13318_sits.npy,data16/13318_labels.npy,data16/13318_dates.npy
13321,data16/13321_sits.npy,data16/13321_labels.npy,data16/13321_dates.npy
13322,data16/13322_sits.npy,data16/13322_labels.npy,data16/13322_dates.npy
13323,data16/13323_sits.npy,data16/13323_labels.npy,data16/13323_dates.npy
13324,data16/13324_sits.npy,data16/13324_labels.npy,data16/13324_dates.npy
13325,data16/13325_sits.npy,data16/13325_labels.npy,data16/13325_dates.npy
13326,data16/13326_sits.npy,data16/13326_labels.npy,data16/13326_dates.npy
13369,data16/13369_sits.npy,data16/13369_labels.npy,data16/13369_dates.npy
13370,data16/13370_sits.npy,data16/13370_labels.npy,data16/13370_dates.npy
13371,data16/13371_sits.npy,data16/13371_labels.npy,data16/13371_dates.npy
13374,data16/13374_sits.npy,data16/13374_labels.npy,data16/13374_dates.npy
13377,data16/13377_sits.npy,data16/13377_labels.npy,data16/13377_dates.npy
13378,data16/13378_sits.npy,data16/13378_labels.npy,data16/13378_dates.npy
13379,data16/13379_sits.npy,data16/13379_labels.npy,data16/13379_dates.npy
13380,data16/13380_sits.npy,data16/13380_labels.npy,data16/13380_dates.npy
13381,data16/13381_sits.npy,data16/13381_labels.npy,data16/13381_dates.npy
13382,data16/13382_sits.npy,data16/13382_labels.npy,data16/13382_dates.npy
13385,data16/13385_sits.npy,data16/13385_labels.npy,data16/13385_dates.npy
13386,data16/13386_sits.npy,data16/13386_labels.npy,data16/13386_dates.npy
13387,data16/13387_sits.npy,data16/13387_labels.npy,data16/13387_dates.npy
13388,data16/13388_sits.npy,data16/13388_labels.npy,data16/13388_dates.npy
13389,data16/13389_sits.npy,data16/13389_labels.npy,data16/13389_dates.npy
13390,data16/13390_sits.npy,data16/13390_labels.npy,data16/13390_dates.npy
13393,data16/13393_sits.npy,data16/13393_labels.npy,data16/13393_dates.npy
13394,data16/13394_sits.npy,data16/13394_labels.npy,data16/13394_dates.npy
13395,data16/13395_sits.npy,data16/13395_labels.npy,data16/13395_dates.npy
13396,data16/13396_sits.npy,data16/13396_labels.npy,data16/13396_dates.npy
13397,data16/13397_sits.npy,data16/13397_labels.npy,data16/13397_dates.npy
13398,data16/13398_sits.npy,data16/13398_labels.npy,data16/13398_dates.npy
13400,data16/13400_sits.npy,data16/13400_labels.npy,data16/13400_dates.npy
13402,data16/13402_sits.npy,data16/13402_labels.npy,data16/13402_dates.npy
13404,data16/13404_sits.npy,data16/13404_labels.npy,data16/13404_dates.npy
13405,data16/13405_sits.npy,data16/13405_labels.npy,data16/13405_dates.npy
13409,data16/13409_sits.npy,data16/13409_labels.npy,data16/13409_dates.npy
13410,data16/13410_sits.npy,data16/13410_labels.npy,data16/13410_dates.npy
13412,data16/13412_sits.npy,data16/13412_labels.npy,data16/13412_dates.npy
13457,data16/13457_sits.npy,data16/13457_labels.npy,data16/13457_dates.npy
13464,data16/13464_sits.npy,data16/13464_labels.npy,data16/13464_dates.npy
13465,data16/13465_sits.npy,data16/13465_labels.npy,data16/13465_dates.npy
13467,data16/13467_sits.npy,data16/13467_labels.npy,data16/13467_dates.npy
13469,data16/13469_sits.npy,data16/13469_labels.npy,data16/13469_dates.npy
13472,data16/13472_sits.npy,data16/13472_labels.npy,data16/13472_dates.npy
13474,data16/13474_sits.npy,data16/13474_labels.npy,data16/13474_dates.npy
13475,data16/13475_sits.npy,data16/13475_labels.npy,data16/13475_dates.npy
13477,data16/13477_sits.npy,data16/13477_labels.npy,data16/13477_dates.npy
13480,data16/13480_sits.npy,data16/13480_labels.npy,data16/13480_dates.npy
13482,data16/13482_sits.npy,data16/13482_labels.npy,data16/13482_dates.npy
13484,data16/13484_sits.npy,data16/13484_labels.npy,data16/13484_dates.npy
13485,data16/13485_sits.npy,data16/13485_labels.npy,data16/13485_dates.npy
13487,data16/13487_sits.npy,data16/13487_labels.npy,data16/13487_dates.npy
13488,data16/13488_sits.npy,data16/13488_labels.npy,data16/13488_dates.npy
13489,data16/13489_sits.npy,data16/13489_labels.npy,data16/13489_dates.npy
13490,data16/13490_sits.npy,data16/13490_labels.npy,data16/13490_dates.npy
13492,data16/13492_sits.npy,data16/13492_labels.npy,data16/13492_dates.npy
13495,data16/13495_sits.npy,data16/13495_labels.npy,data16/13495_dates.npy
13497,data16/13497_sits.npy,data16/13497_labels.npy,data16/13497_dates.npy
13498,data16/13498_sits.npy,data16/13498_labels.npy,data16/13498_dates.npy
13499,data16/13499_sits.npy,data16/13499_labels.npy,data16/13499_dates.npy
13500,data16/13500_sits.npy,data16/13500_labels.npy,data16/13500_dates.npy
13543,data16/13543_sits.npy,data16/13543_labels.npy,data16/13543_dates.npy
13544,data16/13544_sits.npy,data16/13544_labels.npy,data16/13544_dates.npy
13545,data16/13545_sits.npy,data16/13545_labels.npy,data16/13545_dates.npy
13547,data16/13547_sits.npy,data16/13547_labels.npy,data16/13547_dates.npy
13548,data16/13548_sits.npy,data16/13548_labels.npy,data16/13548_dates.npy
13552,data16/13552_sits.npy,data16/13552_labels.npy,data16/13552_dates.npy
13553,data16/13553_sits.npy,data16/13553_labels.npy,data16/13553_dates.npy
13554,data16/13554_sits.npy,data16/13554_labels.npy,data16/13554_dates.npy
13555,data16/13555_sits.npy,data16/13555_labels.npy,data16/13555_dates.npy
13559,data16/13559_sits.npy,data16/13559_labels.npy,data16/13559_dates.npy
13560,data16/13560_sits.npy,data16/13560_labels.npy,data16/13560_dates.npy
13562,data16/13562_sits.npy,data16/13562_labels.npy,data16/13562_dates.npy
13564,data16/13564_sits.npy,data16/13564_labels.npy,data16/13564_dates.npy
13568,data16/13568_sits.npy,data16/13568_labels.npy,data16/13568_dates.npy
13569,data16/13569_sits.npy,data16/13569_labels.npy,data16/13569_dates.npy
13570,data16/13570_sits.npy,data16/13570_labels.npy,data16/13570_dates.npy
13572,data16/13572_sits.npy,data16/13572_labels.npy,data16/13572_dates.npy
13574,data16/13574_sits.npy,data16/13574_labels.npy,data16/13574_dates.npy
13575,data16/13575_sits.npy,data16/13575_labels.npy,data16/13575_dates.npy
13576,data16/13576_sits.npy,data16/13576_labels.npy,data16/13576_dates.npy
13577,data16/13577_sits.npy,data16/13577_labels.npy,data16/13577_dates.npy
13578,data16/13578_sits.npy,data16/13578_labels.npy,data16/13578_dates.npy
13579,data16/13579_sits.npy,data16/13579_labels.npy,data16/13579_dates.npy
13582,data16/13582_sits.npy,data16/13582_labels.npy,data16/13582_dates.npy
13583,data16/13583_sits.npy,data16/13583_labels.npy,data16/13583_dates.npy
13584,data16/13584_sits.npy,data16/13584_labels.npy,data16/13584_dates.npy
13585,data16/13585_sits.npy,data16/13585_labels.npy,data16/13585_dates.npy
13586,data16/13586_sits.npy,data16/13586_labels.npy,data16/13586_dates.npy
13587,data16/13587_sits.npy,data16/13587_labels.npy,data16/13587_dates.npy
13630,data16/13630_sits.npy,data16/13630_labels.npy,data16/13630_dates.npy
13631,data16/13631_sits.npy,data16/13631_labels.npy,data16/13631_dates.npy
13632,data16/13632_sits.npy,data16/13632_labels.npy,data16/13632_dates.npy
13633,data16/13633_sits.npy,data16/13633_labels.npy,data16/13633_dates.npy
13634,data16/13634_sits.npy,data16/13634_labels.npy,data16/13634_dates.npy
13635,data16/13635_sits.npy,data16/13635_labels.npy,data16/13635_dates.npy
13639,data16/13639_sits.npy,data16/13639_labels.npy,data16/13639_dates.npy
13640,data16/13640_sits.npy,data16/13640_labels.npy,data16/13640_dates.npy
13641,data16/13641_sits.npy,data16/13641_labels.npy,data16/13641_dates.npy
13642,data16/13642_sits.npy,data16/13642_labels.npy,data16/13642_dates.npy
13643,data16/13643_sits.npy,data16/13643_labels.npy,data16/13643_dates.npy
13646,data16/13646_sits.npy,data16/13646_labels.npy,data16/13646_dates.npy
13647,data16/13647_sits.npy,data16/13647_labels.npy,data16/13647_dates.npy
13648,data16/13648_sits.npy,data16/13648_labels.npy,data16/13648_dates.npy
13649,data16/13649_sits.npy,data16/13649_labels.npy,data16/13649_dates.npy
13650,data16/13650_sits.npy,data16/13650_labels.npy,data16/13650_dates.npy
13651,data16/13651_sits.npy,data16/13651_labels.npy,data16/13651_dates.npy
13655,data16/13655_sits.npy,data16/13655_labels.npy,data16/13655_dates.npy
13656,data16/13656_sits.npy,data16/13656_labels.npy,data16/13656_dates.npy
13657,data16/13657_sits.npy,data16/13657_labels.npy,data16/13657_dates.npy
13658,data16/13658_sits.npy,data16/13658_labels.npy,data16/13658_dates.npy
13659,data16/13659_sits.npy,data16/13659_labels.npy,data16/13659_dates.npy
13661,data16/13661_sits.npy,data16/13661_labels.npy,data16/13661_dates.npy
13662,data16/13662_sits.npy,data16/13662_labels.npy,data16/13662_dates.npy
13663,data16/13663_sits.npy,data16/13663_labels.npy,data16/13663_dates.npy
13664,data16/13664_sits.npy,data16/13664_labels.npy,data16/13664_dates.npy
13666,data16/13666_sits.npy,data16/13666_labels.npy,data16/13666_dates.npy
13669,data16/13669_sits.npy,data16/13669_labels.npy,data16/13669_dates.npy
13671,data16/13671_sits.npy,data16/13671_labels.npy,data16/13671_dates.npy
13672,data16/13672_sits.npy,data16/13672_labels.npy,data16/13672_dates.npy
13673,data16/13673_sits.npy,data16/13673_labels.npy,data16/13673_dates.npy
13674,data16/13674_sits.npy,data16/13674_labels.npy,data16/13674_dates.npy
13717,data16/13717_sits.npy,data16/13717_labels.npy,data16/13717_dates.npy
13718,data16/13718_sits.npy,data16/13718_labels.npy,data16/13718_dates.npy
13719,data16/13719_sits.npy,data16/13719_labels.npy,data16/13719_dates.npy
13721,data16/13721_sits.npy,data16/13721_labels.npy,data16/13721_dates.npy
13722,data16/13722_sits.npy,data16/13722_labels.npy,data16/13722_dates.npy
13726,data16/13726_sits.npy,data16/13726_labels.npy,data16/13726_dates.npy
13727,data16/13727_sits.npy,data16/13727_labels.npy,data16/13727_dates.npy
13728,data16/13728_sits.npy,data16/13728_labels.npy,data16/13728_dates.npy
13729,data16/13729_sits.npy,data16/13729_labels.npy,data16/13729_dates.npy
13733,data16/13733_sits.npy,data16/13733_labels.npy,data16/13733_dates.npy
13734,data16/13734_sits.npy,data16/13734_labels.npy,data16/13734_dates.npy
13736,data16/13736_sits.npy,data16/13736_labels.npy,data16/13736_dates.npy
13737,data16/13737_sits.npy,data16/13737_labels.npy,data16/13737_dates.npy
13738,data16/13738_sits.npy,data16/13738_labels.npy,data16/13738_dates.npy
13741,data16/13741_sits.npy,data16/13741_labels.npy,data16/13741_dates.npy
13742,data16/13742_sits.npy,data16/13742_labels.npy,data16/13742_dates.npy
13743,data16/13743_sits.npy,data16/13743_labels.npy,data16/13743_dates.npy
13744,data16/13744_sits.npy,data16/13744_labels.npy,data16/13744_dates.npy
13746,data16/13746_sits.npy,data16/13746_labels.npy,data16/13746_dates.npy
13748,data16/13748_sits.npy,data16/13748_labels.npy,data16/13748_dates.npy
13749,data16/13749_sits.npy,data16/13749_labels.npy,data16/13749_dates.npy
13750,data16/13750_sits.npy,data16/13750_labels.npy,data16/13750_dates.npy
13751,data16/13751_sits.npy,data16/13751_labels.npy,data16/13751_dates.npy
13752,data16/13752_sits.npy,data16/13752_labels.npy,data16/13752_dates.npy
13753,data16/13753_sits.npy,data16/13753_labels.npy,data16/13753_dates.npy
13756,data16/13756_sits.npy,data16/13756_labels.npy,data16/13756_dates.npy
13757,data16/13757_sits.npy,data16/13757_labels.npy,data16/13757_dates.npy
13758,data16/13758_sits.npy,data16/13758_labels.npy,data16/13758_dates.npy
13759,data16/13759_sits.npy,data16/13759_labels.npy,data16/13759_dates.npy
13760,data16/13760_sits.npy,data16/13760_labels.npy,data16/13760_dates.npy
13761,data16/13761_sits.npy,data16/13761_labels.npy,data16/13761_dates.npy
13804,data16/13804_sits.npy,data16/13804_labels.npy,data16/13804_dates.npy
13805,data16/13805_sits.npy,data16/13805_labels.npy,data16/13805_dates.npy
13806,data16/13806_sits.npy,data16/13806_labels.npy,data16/13806_dates.npy
13807,data16/13807_sits.npy,data16/13807_labels.npy,data16/13807_dates.npy
13808,data16/13808_sits.npy,data16/13808_labels.npy,data16/13808_dates.npy
13809,data16/13809_sits.npy,data16/13809_labels.npy,data16/13809_dates.npy
13812,data16/13812_sits.npy,data16/13812_labels.npy,data16/13812_dates.npy
13813,data16/13813_sits.npy,data16/13813_labels.npy,data16/13813_dates.npy
13814,data16/13814_sits.npy,data16/13814_labels.npy,data16/13814_dates.npy
13815,data16/13815_sits.npy,data16/13815_labels.npy,data16/13815_dates.npy
13816,data16/13816_sits.npy,data16/13816_labels.npy,data16/13816_dates.npy
13817,data16/13817_sits.npy,data16/13817_labels.npy,data16/13817_dates.npy
13820,data16/13820_sits.npy,data16/13820_labels.npy,data16/13820_dates.npy
13821,data16/13821_sits.npy,data16/13821_labels.npy,data16/13821_dates.npy
13822,data16/13822_sits.npy,data16/13822_labels.npy,data16/13822_dates.npy
13823,data16/13823_sits.npy,data16/13823_labels.npy,data16/13823_dates.npy
13824,data16/13824_sits.npy,data16/13824_labels.npy,data16/13824_dates.npy
13825,data16/13825_sits.npy,data16/13825_labels.npy,data16/13825_dates.npy
13828,data16/13828_sits.npy,data16/13828_labels.npy,data16/13828_dates.npy
13829,data16/13829_sits.npy,data16/13829_labels.npy,data16/13829_dates.npy
13830,data16/13830_sits.npy,data16/13830_labels.npy,data16/13830_dates.npy
13831,data16/13831_sits.npy,data16/13831_labels.npy,data16/13831_dates.npy
13832,data16/13832_sits.npy,data16/13832_labels.npy,data16/13832_dates.npy
13833,data16/13833_sits.npy,data16/13833_labels.npy,data16/13833_dates.npy
14009,data16/14009_sits.npy,data16/14009_labels.npy,data16/14009_dates.npy
14010,data16/14010_sits.npy,data16/14010_labels.npy,data16/14010_dates.npy
14011,data16/14011_sits.npy,data16/14011_labels.npy,data16/14011_dates.npy
14012,data16/14012_sits.npy,data16/14012_labels.npy,data16/14012_dates.npy
14013,data16/14013_sits.npy,data16/14013_labels.npy,data16/14013_dates.npy
14014,data16/14014_sits.npy,data16/14014_labels.npy,data16/14014_dates.npy
14017,data16/14017_sits.npy,data16/14017_labels.npy,data16/14017_dates.npy
14018,data16/14018_sits.npy,data16/14018_labels.npy,data16/14018_dates.npy
14019,data16/14019_sits.npy,data16/14019_labels.npy,data16/14019_dates.npy
14020,data16/14020_sits.npy,data16/14020_labels.npy,data16/14020_dates.npy
14021,data16/14021_sits.npy,data16/14021_labels.npy,data16/14021_dates.npy
14022,data16/14022_sits.npy,data16/14022_labels.npy,data16/14022_dates.npy
14025,data16/14025_sits.npy,data16/14025_labels.npy,data16/14025_dates.npy
14026,data16/14026_sits.npy,data16/14026_labels.npy,data16/14026_dates.npy
14027,data16/14027_sits.npy,data16/14027_labels.npy,data16/14027_dates.npy
14028,data16/14028_sits.npy,data16/14028_labels.npy,data16/14028_dates.npy
14029,data16/14029_sits.npy,data16/14029_labels.npy,data16/14029_dates.npy
14030,data16/14030_sits.npy,data16/14030_labels.npy,data16/14030_dates.npy
14033,data16/14033_sits.npy,data16/14033_labels.npy,data16/14033_dates.npy
14034,data16/14034_sits.npy,data16/14034_labels.npy,data16/14034_dates.npy
14035,data16/14035_sits.npy,data16/14035_labels.npy,data16/14035_dates.npy
14036,data16/14036_sits.npy,data16/14036_labels.npy,data16/14036_dates.npy
14037,data16/14037_sits.npy,data16/14037_labels.npy,data16/14037_dates.npy
14038,data16/14038_sits.npy,data16/14038_labels.npy,data16/14038_dates.npy
14057,data16/14057_sits.npy,data16/14057_labels.npy,data16/14057_dates.npy
14058,data16/14058_sits.npy,data16/14058_labels.npy,data16/14058_dates.npy
14059,data16/14059_sits.npy,data16/14059_labels.npy,data16/14059_dates.npy
14060,data16/14060_sits.npy,data16/14060_labels.npy,data16/14060_dates.npy
14061,data16/14061_sits.npy,data16/14061_labels.npy,data16/14061_dates.npy
14062,data16/14062_sits.npy,data16/14062_labels.npy,data16/14062_dates.npy
14073,data16/14073_sits.npy,data16/14073_labels.npy,data16/14073_dates.npy
14074,data16/14074_sits.npy,data16/14074_labels.npy,data16/14074_dates.npy
14075,data16/14075_sits.npy,data16/14075_labels.npy,data16/14075_dates.npy
14076,data16/14076_sits.npy,data16/14076_labels.npy,data16/14076_dates.npy
14077,data16/14077_sits.npy,data16/14077_labels.npy,data16/14077_dates.npy
14078,data16/14078_sits.npy,data16/14078_labels.npy,data16/14078_dates.npy
14081,data16/14081_sits.npy,data16/14081_labels.npy,data16/14081_dates.npy
14082,data16/14082_sits.npy,data16/14082_labels.npy,data16/14082_dates.npy
14083,data16/14083_sits.npy,data16/14083_labels.npy,data16/14083_dates.npy
14084,data16/14084_sits.npy,data16/14084_labels.npy,data16/14084_dates.npy
14085,data16/14085_sits.npy,data16/14085_labels.npy,data16/14085_dates.npy
14086,data16/14086_sits.npy,data16/14086_labels.npy,data16/14086_dates.npy
14096,data16/14096_sits.npy,data16/14096_labels.npy,data16/14096_dates.npy
14097,data16/14097_sits.npy,data16/14097_labels.npy,data16/14097_dates.npy
14098,data16/14098_sits.npy,data16/14098_labels.npy,data16/14098_dates.npy
14099,data16/14099_sits.npy,data16/14099_labels.npy,data16/14099_dates.npy
14101,data16/14101_sits.npy,data16/14101_labels.npy,data16/14101_dates.npy
14104,data16/14104_sits.npy,data16/14104_labels.npy,data16/14104_dates.npy
14106,data16/14106_sits.npy,data16/14106_labels.npy,data16/14106_dates.npy
14107,data16/14107_sits.npy,data16/14107_labels.npy,data16/14107_dates.npy
14108,data16/14108_sits.npy,data16/14108_labels.npy,data16/14108_dates.npy
14109,data16/14109_sits.npy,data16/14109_labels.npy,data16/14109_dates.npy
14112,data16/14112_sits.npy,data16/14112_labels.npy,data16/14112_dates.npy
14113,data16/14113_sits.npy,data16/14113_labels.npy,data16/14113_dates.npy
14114,data16/14114_sits.npy,data16/14114_labels.npy,data16/14114_dates.npy
14116,data16/14116_sits.npy,data16/14116_labels.npy,data16/14116_dates.npy
14117,data16/14117_sits.npy,data16/14117_labels.npy,data16/14117_dates.npy
14121,data16/14121_sits.npy,data16/14121_labels.npy,data16/14121_dates.npy
14122,data16/14122_sits.npy,data16/14122_labels.npy,data16/14122_dates.npy
14123,data16/14123_sits.npy,data16/14123_labels.npy,data16/14123_dates.npy
14124,data16/14124_sits.npy,data16/14124_labels.npy,data16/14124_dates.npy
14144,data16/14144_sits.npy,data16/14144_labels.npy,data16/14144_dates.npy
14146,data16/14146_sits.npy,data16/14146_labels.npy,data16/14146_dates.npy
14147,data16/14147_sits.npy,data16/14147_labels.npy,data16/14147_dates.npy
14148,data16/14148_sits.npy,data16/14148_labels.npy,data16/14148_dates.npy
14149,data16/14149_sits.npy,data16/14149_labels.npy,data16/14149_dates.npy
14161,data16/14161_sits.npy,data16/14161_labels.npy,data16/14161_dates.npy
14162,data16/14162_sits.npy,data16/14162_labels.npy,data16/14162_dates.npy
14163,data16/14163_sits.npy,data16/14163_labels.npy,data16/14163_dates.npy
14164,data16/14164_sits.npy,data16/14164_labels.npy,data16/14164_dates.npy
14168,data16/14168_sits.npy,data16/14168_labels.npy,data16/14168_dates.npy
14169,data16/14169_sits.npy,data16/14169_labels.npy,data16/14169_dates.npy
14171,data16/14171_sits.npy,data16/14171_labels.npy,data16/14171_dates.npy
14172,data16/14172_sits.npy,data16/14172_labels.npy,data16/14172_dates.npy
14173,data16/14173_sits.npy,data16/14173_labels.npy,data16/14173_dates.npy
14183,data16/14183_sits.npy,data16/14183_labels.npy,data16/14183_dates.npy
14184,data16/14184_sits.npy,data16/14184_labels.npy,data16/14184_dates.npy
14185,data16/14185_sits.npy,data16/14185_labels.npy,data16/14185_dates.npy
14186,data16/14186_sits.npy,data16/14186_labels.npy,data16/14186_dates.npy
14187,data16/14187_sits.npy,data16/14187_labels.npy,data16/14187_dates.npy
14188,data16/14188_sits.npy,data16/14188_labels.npy,data16/14188_dates.npy
14191,data16/14191_sits.npy,data16/14191_labels.npy,data16/14191_dates.npy
14193,data16/14193_sits.npy,data16/14193_labels.npy,data16/14193_dates.npy
14194,data16/14194_sits.npy,data16/14194_labels.npy,data16/14194_dates.npy
14195,data16/14195_sits.npy,data16/14195_labels.npy,data16/14195_dates.npy
14196,data16/14196_sits.npy,data16/14196_labels.npy,data16/14196_dates.npy
14199,data16/14199_sits.npy,data16/14199_labels.npy,data16/14199_dates.npy
14200,data16/14200_sits.npy,data16/14200_labels.npy,data16/14200_dates.npy
14201,data16/14201_sits.npy,data16/14201_labels.npy,data16/14201_dates.npy
14202,data16/14202_sits.npy,data16/14202_labels.npy,data16/14202_dates.npy
14203,data16/14203_sits.npy,data16/14203_labels.npy,data16/14203_dates.npy
14204,data16/14204_sits.npy,data16/14204_labels.npy,data16/14204_dates.npy
14207,data16/14207_sits.npy,data16/14207_labels.npy,data16/14207_dates.npy
14208,data16/14208_sits.npy,data16/14208_labels.npy,data16/14208_dates.npy
14209,data16/14209_sits.npy,data16/14209_labels.npy,data16/14209_dates.npy
14210,data16/14210_sits.npy,data16/14210_labels.npy,data16/14210_dates.npy
14211,data16/14211_sits.npy,data16/14211_labels.npy,data16/14211_dates.npy
14212,data16/14212_sits.npy,data16/14212_labels.npy,data16/14212_dates.npy
14231,data16/14231_sits.npy,data16/14231_labels.npy,data16/14231_dates.npy
14232,data16/14232_sits.npy,data16/14232_labels.npy,data16/14232_dates.npy
14233,data16/14233_sits.npy,data16/14233_labels.npy,data16/14233_dates.npy
14234,data16/14234_sits.npy,data16/14234_labels.npy,data16/14234_dates.npy
14235,data16/14235_sits.npy,data16/14235_labels.npy,data16/14235_dates.npy
14236,data16/14236_sits.npy,data16/14236_labels.npy,data16/14236_dates.npy
14247,data16/14247_sits.npy,data16/14247_labels.npy,data16/14247_dates.npy
14248,data16/14248_sits.npy,data16/14248_labels.npy,data16/14248_dates.npy
14249,data16/14249_sits.npy,data16/14249_labels.npy,data16/14249_dates.npy
14250,data16/14250_sits.npy,data16/14250_labels.npy,data16/14250_dates.npy
14251,data16/14251_sits.npy,data16/14251_labels.npy,data16/14251_dates.npy
14252,data16/14252_sits.npy,data16/14252_labels.npy,data16/14252_dates.npy
14255,data16/14255_sits.npy,data16/14255_labels.npy,data16/14255_dates.npy
14256,data16/14256_sits.npy,data16/14256_labels.npy,data16/14256_dates.npy
14257,data16/14257_sits.npy,data16/14257_labels.npy,data16/14257_dates.npy
14258,data16/14258_sits.npy,data16/14258_labels.npy,data16/14258_dates.npy
14259,data16/14259_sits.npy,data16/14259_labels.npy,data16/14259_dates.npy
14260,data16/14260_sits.npy,data16/14260_labels.npy,data16/14260_dates.npy
14270,data16/14270_sits.npy,data16/14270_labels.npy,data16/14270_dates.npy
14272,data16/14272_sits.npy,data16/14272_labels.npy,data16/14272_dates.npy
14274,data16/14274_sits.npy,data16/14274_labels.npy,data16/14274_dates.npy
14275,data16/14275_sits.npy,data16/14275_labels.npy,data16/14275_dates.npy
14279,data16/14279_sits.npy,data16/14279_labels.npy,data16/14279_dates.npy
14280,data16/14280_sits.npy,data16/14280_labels.npy,data16/14280_dates.npy
14282,data16/14282_sits.npy,data16/14282_labels.npy,data16/14282_dates.npy
14287,data16/14287_sits.npy,data16/14287_labels.npy,data16/14287_dates.npy
14289,data16/14289_sits.npy,data16/14289_labels.npy,data16/14289_dates.npy
14290,data16/14290_sits.npy,data16/14290_labels.npy,data16/14290_dates.npy
14294,data16/14294_sits.npy,data16/14294_labels.npy,data16/14294_dates.npy
14295,data16/14295_sits.npy,data16/14295_labels.npy,data16/14295_dates.npy
14297,data16/14297_sits.npy,data16/14297_labels.npy,data16/14297_dates.npy
14299,data16/14299_sits.npy,data16/14299_labels.npy,data16/14299_dates.npy
14319,data16/14319_sits.npy,data16/14319_labels.npy,data16/14319_dates.npy
14320,data16/14320_sits.npy,data16/14320_labels.npy,data16/14320_dates.npy
14322,data16/14322_sits.npy,data16/14322_labels.npy,data16/14322_dates.npy
14334,data16/14334_sits.npy,data16/14334_labels.npy,data16/14334_dates.npy
14335,data16/14335_sits.npy,data16/14335_labels.npy,data16/14335_dates.npy
14337,data16/14337_sits.npy,data16/14337_labels.npy,data16/14337_dates.npy
14339,data16/14339_sits.npy,data16/14339_labels.npy,data16/14339_dates.npy
14342,data16/14342_sits.npy,data16/14342_labels.npy,data16/14342_dates.npy
14344,data16/14344_sits.npy,data16/14344_labels.npy,data16/14344_dates.npy
14345,data16/14345_sits.npy,data16/14345_labels.npy,data16/14345_dates.npy
14347,data16/14347_sits.npy,data16/14347_labels.npy,data16/14347_dates.npy
14357,data16/14357_sits.npy,data16/14357_labels.npy,data16/14357_dates.npy
14358,data16/14358_sits.npy,data16/14358_labels.npy,data16/14358_dates.npy
14359,data16/14359_sits.npy,data16/14359_labels.npy,data16/14359_dates.npy
14360,data16/14360_sits.npy,data16/14360_labels.npy,data16/14360_dates.npy
14362,data16/14362_sits.npy,data16/14362_labels.npy,data16/14362_dates.npy
14365,data16/14365_sits.npy,data16/14365_labels.npy,data16/14365_dates.npy
14367,data16/14367_sits.npy,data16/14367_labels.npy,data16/14367_dates.npy
14368,data16/14368_sits.npy,data16/14368_labels.npy,data16/14368_dates.npy
14369,data16/14369_sits.npy,data16/14369_labels.npy,data16/14369_dates.npy
14370,data16/14370_sits.npy,data16/14370_labels.npy,data16/14370_dates.npy
14373,data16/14373_sits.npy,data16/14373_labels.npy,data16/14373_dates.npy
14374,data16/14374_sits.npy,data16/14374_labels.npy,data16/14374_dates.npy
14375,data16/14375_sits.npy,data16/14375_labels.npy,data16/14375_dates.npy
14377,data16/14377_sits.npy,data16/14377_labels.npy,data16/14377_dates.npy
14378,data16/14378_sits.npy,data16/14378_labels.npy,data16/14378_dates.npy
14382,data16/14382_sits.npy,data16/14382_labels.npy,data16/14382_dates.npy
14383,data16/14383_sits.npy,data16/14383_labels.npy,data16/14383_dates.npy
14384,data16/14384_sits.npy,data16/14384_labels.npy,data16/14384_dates.npy
14385,data16/14385_sits.npy,data16/14385_labels.npy,data16/14385_dates.npy
14405,data16/14405_sits.npy,data16/14405_labels.npy,data16/14405_dates.npy
14407,data16/14407_sits.npy,data16/14407_labels.npy,data16/14407_dates.npy
14408,data16/14408_sits.npy,data16/14408_labels.npy,data16/14408_dates.npy
14409,data16/14409_sits.npy,data16/14409_labels.npy,data16/14409_dates.npy
14410,data16/14410_sits.npy,data16/14410_labels.npy,data16/14410_dates.npy
14422,data16/14422_sits.npy,data16/14422_labels.npy,data16/14422_dates.npy
14423,data16/14423_sits.npy,data16/14423_labels.npy,data16/14423_dates.npy
14424,data16/14424_sits.npy,data16/14424_labels.npy,data16/14424_dates.npy
14425,data16/14425_sits.npy,data16/14425_labels.npy,data16/14425_dates.npy
14429,data16/14429_sits.npy,data16/14429_labels.npy,data16/14429_dates.npy
14430,data16/14430_sits.npy,data16/14430_labels.npy,data16/14430_dates.npy
14432,data16/14432_sits.npy,data16/14432_labels.npy,data16/14432_dates.npy
14433,data16/14433_sits.npy,data16/14433_labels.npy,data16/14433_dates.npy
14434,data16/14434_sits.npy,data16/14434_labels.npy,data16/14434_dates.npy
14444,data16/14444_sits.npy,data16/14444_labels.npy,data16/14444_dates.npy
14445,data16/14445_sits.npy,data16/14445_labels.npy,data16/14445_dates.npy
14446,data16/14446_sits.npy,data16/14446_labels.npy,data16/14446_dates.npy
14447,data16/14447_sits.npy,data16/14447_labels.npy,data16/14447_dates.npy
14448,data16/14448_sits.npy,data16/14448_labels.npy,data16/14448_dates.npy
14449,data16/14449_sits.npy,data16/14449_labels.npy,data16/14449_dates.npy
14452,data16/14452_sits.npy,data16/14452_labels.npy,data16/14452_dates.npy
14453,data16/14453_sits.npy,data16/14453_labels.npy,data16/14453_dates.npy
14454,data16/14454_sits.npy,data16/14454_labels.npy,data16/14454_dates.npy
14455,data16/14455_sits.npy,data16/14455_labels.npy,data16/14455_dates.npy
14456,data16/14456_sits.npy,data16/14456_labels.npy,data16/14456_dates.npy
14457,data16/14457_sits.npy,data16/14457_labels.npy,data16/14457_dates.npy
14463,data16/14463_sits.npy,data16/14463_labels.npy,data16/14463_dates.npy
14464,data16/14464_sits.npy,data16/14464_labels.npy,data16/14464_dates.npy
14465,data16/14465_sits.npy,data16/14465_labels.npy,data16/14465_dates.npy
14468,data16/14468_sits.npy,data16/14468_labels.npy,data16/14468_dates.npy
14469,data16/14469_sits.npy,data16/14469_labels.npy,data16/14469_dates.npy
14470,data16/14470_sits.npy,data16/14470_labels.npy,data16/14470_dates.npy
14471,data16/14471_sits.npy,data16/14471_labels.npy,data16/14471_dates.npy
14472,data16/14472_sits.npy,data16/14472_labels.npy,data16/14472_dates.npy
14473,data16/14473_sits.npy,data16/14473_labels.npy,data16/14473_dates.npy
14493,data16/14493_sits.npy,data16/14493_labels.npy,data16/14493_dates.npy
14494,data16/14494_sits.npy,data16/14494_labels.npy,data16/14494_dates.npy
14495,data16/14495_sits.npy,data16/14495_labels.npy,data16/14495_dates.npy
14496,data16/14496_sits.npy,data16/14496_labels.npy,data16/14496_dates.npy
14497,data16/14497_sits.npy,data16/14497_labels.npy,data16/14497_dates.npy
14508,data16/14508_sits.npy,data16/14508_labels.npy,data16/14508_dates.npy
14509,data16/14509_sits.npy,data16/14509_labels.npy,data16/14509_dates.npy
14510,data16/14510_sits.npy,data16/14510_labels.npy,data16/14510_dates.npy
14511,data16/14511_sits.npy,data16/14511_labels.npy,data16/14511_dates.npy
14512,data16/14512_sits.npy,data16/14512_labels.npy,data16/14512_dates.npy
14513,data16/14513_sits.npy,data16/14513_labels.npy,data16/14513_dates.npy
14516,data16/14516_sits.npy,data16/14516_labels.npy,data16/14516_dates.npy
14517,data16/14517_sits.npy,data16/14517_labels.npy,data16/14517_dates.npy
14518,data16/14518_sits.npy,data16/14518_labels.npy,data16/14518_dates.npy
14519,data16/14519_sits.npy,data16/14519_labels.npy,data16/14519_dates.npy
14520,data16/14520_sits.npy,data16/14520_labels.npy,data16/14520_dates.npy
14521,data16/14521_sits.npy,data16/14521_labels.npy,data16/14521_dates.npy
14705,data16/14705_sits.npy,data16/14705_labels.npy,data16/14705_dates.npy
14707,data16/14707_sits.npy,data16/14707_labels.npy,data16/14707_dates.npy
14709,data16/14709_sits.npy,data16/14709_labels.npy,data16/14709_dates.npy
14710,data16/14710_sits.npy,data16/14710_labels.npy,data16/14710_dates.npy
14714,data16/14714_sits.npy,data16/14714_labels.npy,data16/14714_dates.npy
14715,data16/14715_sits.npy,data16/14715_labels.npy,data16/14715_dates.npy
14717,data16/14717_sits.npy,data16/14717_labels.npy,data16/14717_dates.npy
14729,data16/14729_sits.npy,data16/14729_labels.npy,data16/14729_dates.npy
14730,data16/14730_sits.npy,data16/14730_labels.npy,data16/14730_dates.npy
14732,data16/14732_sits.npy,data16/14732_labels.npy,data16/14732_dates.npy
14734,data16/14734_sits.npy,data16/14734_labels.npy,data16/14734_dates.npy
14737,data16/14737_sits.npy,data16/14737_labels.npy,data16/14737_dates.npy
14739,data16/14739_sits.npy,data16/14739_labels.npy,data16/14739_dates.npy
14740,data16/14740_sits.npy,data16/14740_labels.npy,data16/14740_dates.npy
14742,data16/14742_sits.npy,data16/14742_labels.npy,data16/14742_dates.npy
14745,data16/14745_sits.npy,data16/14745_labels.npy,data16/14745_dates.npy
14747,data16/14747_sits.npy,data16/14747_labels.npy,data16/14747_dates.npy
14749,data16/14749_sits.npy,data16/14749_labels.npy,data16/14749_dates.npy
14750,data16/14750_sits.npy,data16/14750_labels.npy,data16/14750_dates.npy
14762,data16/14762_sits.npy,data16/14762_labels.npy,data16/14762_dates.npy
14764,data16/14764_sits.npy,data16/14764_labels.npy,data16/14764_dates.npy
14765,data16/14765_sits.npy,data16/14765_labels.npy,data16/14765_dates.npy
14769,data16/14769_sits.npy,data16/14769_labels.npy,data16/14769_dates.npy
14770,data16/14770_sits.npy,data16/14770_labels.npy,data16/14770_dates.npy
14772,data16/14772_sits.npy,data16/14772_labels.npy,data16/14772_dates.npy
14774,data16/14774_sits.npy,data16/14774_labels.npy,data16/14774_dates.npy
14777,data16/14777_sits.npy,data16/14777_labels.npy,data16/14777_dates.npy
14779,data16/14779_sits.npy,data16/14779_labels.npy,data16/14779_dates.npy
14780,data16/14780_sits.npy,data16/14780_labels.npy,data16/14780_dates.npy
14782,data16/14782_sits.npy,data16/14782_labels.npy,data16/14782_dates.npy
14792,data16/14792_sits.npy,data16/14792_labels.npy,data16/14792_dates.npy
14793,data16/14793_sits.npy,data16/14793_labels.npy,data16/14793_dates.npy
14794,data16/14794_sits.npy,data16/14794_labels.npy,data16/14794_dates.npy
14795,data16/14795_sits.npy,data16/14795_labels.npy,data16/14795_dates.npy
14797,data16/14797_sits.npy,data16/14797_labels.npy,data16/14797_dates.npy
14800,data16/14800_sits.npy,data16/14800_labels.npy,data16/14800_dates.npy
14802,data16/14802_sits.npy,data16/14802_labels.npy,data16/14802_dates.npy
14803,data16/14803_sits.npy,data16/14803_labels.npy,data16/14803_dates.npy
14804,data16/14804_sits.npy,data16/14804_labels.npy,data16/14804_dates.npy
14805,data16/14805_sits.npy,data16/14805_labels.npy,data16/14805_dates.npy
14817,data16/14817_sits.npy,data16/14817_labels.npy,data16/14817_dates.npy
14818,data16/14818_sits.npy,data16/14818_labels.npy,data16/14818_dates.npy
14819,data16/14819_sits.npy,data16/14819_labels.npy,data16/14819_dates.npy
14820,data16/14820_sits.npy,data16/14820_labels.npy,data16/14820_dates.npy
14824,data16/14824_sits.npy,data16/14824_labels.npy,data16/14824_dates.npy
14825,data16/14825_sits.npy,data16/14825_labels.npy,data16/14825_dates.npy
14827,data16/14827_sits.npy,data16/14827_labels.npy,data16/14827_dates.npy
14828,data16/14828_sits.npy,data16/14828_labels.npy,data16/14828_dates.npy
14829,data16/14829_sits.npy,data16/14829_labels.npy,data16/14829_dates.npy
14832,data16/14832_sits.npy,data16/14832_labels.npy,data16/14832_dates.npy
14833,data16/14833_sits.npy,data16/14833_labels.npy,data16/14833_dates.npy
14834,data16/14834_sits.npy,data16/14834_labels.npy,data16/14834_dates.npy
14835,data16/14835_sits.npy,data16/14835_labels.npy,data16/14835_dates.npy
14837,data16/14837_sits.npy,data16/14837_labels.npy,data16/14837_dates.npy
14850,data16/14850_sits.npy,data16/14850_labels.npy,data16/14850_dates.npy
14852,data16/14852_sits.npy,data16/14852_labels.npy,data16/14852_dates.npy
14853,data16/14853_sits.npy,data16/14853_labels.npy,data16/14853_dates.npy
14857,data16/14857_sits.npy,data16/14857_labels.npy,data16/14857_dates.npy
14858,data16/14858_sits.npy,data16/14858_labels.npy,data16/14858_dates.npy
14859,data16/14859_sits.npy,data16/14859_labels.npy,data16/14859_dates.npy
14860,data16/14860_sits.npy,data16/14860_labels.npy,data16/14860_dates.npy
14864,data16/14864_sits.npy,data16/14864_labels.npy,data16/14864_dates.npy
14865,data16/14865_sits.npy,data16/14865_labels.npy,data16/14865_dates.npy
14867,data16/14867_sits.npy,data16/14867_labels.npy,data16/14867_dates.npy
14868,data16/14868_sits.npy,data16/14868_labels.npy,data16/14868_dates.npy
14869,data16/14869_sits.npy,data16/14869_labels.npy,data16/14869_dates.npy
14879,data16/14879_sits.npy,data16/14879_labels.npy,data16/14879_dates.npy
14880,data16/14880_sits.npy,data16/14880_labels.npy,data16/14880_dates.npy
14881,data16/14881_sits.npy,data16/14881_labels.npy,data16/14881_dates.npy
14882,data16/14882_sits.npy,data16/14882_labels.npy,data16/14882_dates.npy
14883,data16/14883_sits.npy,data16/14883_labels.npy,data16/14883_dates.npy
14884,data16/14884_sits.npy,data16/14884_labels.npy,data16/14884_dates.npy
14887,data16/14887_sits.npy,data16/14887_labels.npy,data16/14887_dates.npy
14888,data16/14888_sits.npy,data16/14888_labels.npy,data16/14888_dates.npy
14889,data16/14889_sits.npy,data16/14889_labels.npy,data16/14889_dates.npy
14890,data16/14890_sits.npy,data16/14890_labels.npy,data16/14890_dates.npy
14891,data16/14891_sits.npy,data16/14891_labels.npy,data16/14891_dates.npy
14892,data16/14892_sits.npy,data16/14892_labels.npy,data16/14892_dates.npy
14903,data16/14903_sits.npy,data16/14903_labels.npy,data16/14903_dates.npy
14904,data16/14904_sits.npy,data16/14904_labels.npy,data16/14904_dates.npy
14905,data16/14905_sits.npy,data16/14905_labels.npy,data16/14905_dates.npy
14906,data16/14906_sits.npy,data16/14906_labels.npy,data16/14906_dates.npy
14907,data16/14907_sits.npy,data16/14907_labels.npy,data16/14907_dates.npy
14908,data16/14908_sits.npy,data16/14908_labels.npy,data16/14908_dates.npy
14911,data16/14911_sits.npy,data16/14911_labels.npy,data16/14911_dates.npy
14912,data16/14912_sits.npy,data16/14912_labels.npy,data16/14912_dates.npy
14913,data16/14913_sits.npy,data16/14913_labels.npy,data16/14913_dates.npy
14914,data16/14914_sits.npy,data16/14914_labels.npy,data16/14914_dates.npy
14915,data16/14915_sits.npy,data16/14915_labels.npy,data16/14915_dates.npy
14916,data16/14916_sits.npy,data16/14916_labels.npy,data16/14916_dates.npy
14919,data16/14919_sits.npy,data16/14919_labels.npy,data16/14919_dates.npy
14920,data16/14920_sits.npy,data16/14920_labels.npy,data16/14920_dates.npy
14921,data16/14921_sits.npy,data16/14921_labels.npy,data16/14921_dates.npy
14922,data16/14922_sits.npy,data16/14922_labels.npy,data16/14922_dates.npy
14923,data16/14923_sits.npy,data16/14923_labels.npy,data16/14923_dates.npy
14924,data16/14924_sits.npy,data16/14924_labels.npy,data16/14924_dates.npy
14936,data16/14936_sits.npy,data16/14936_labels.npy,data16/14936_dates.npy
14937,data16/14937_sits.npy,data16/14937_labels.npy,data16/14937_dates.npy
14939,data16/14939_sits.npy,data16/14939_labels.npy,data16/14939_dates.npy
14940,data16/14940_sits.npy,data16/14940_labels.npy,data16/14940_dates.npy
14943,data16/14943_sits.npy,data16/14943_labels.npy,data16/14943_dates.npy
14944,data16/14944_sits.npy,data16/14944_labels.npy,data16/14944_dates.npy
14946,data16/14946_sits.npy,data16/14946_labels.npy,data16/14946_dates.npy
14947,data16/14947_sits.npy,data16/14947_labels.npy,data16/14947_dates.npy
14948,data16/14948_sits.npy,data16/14948_labels.npy,data16/14948_dates.npy
14951,data16/14951_sits.npy,data16/14951_labels.npy,data16/14951_dates.npy
14952,data16/14952_sits.npy,data16/14952_labels.npy,data16/14952_dates.npy
14953,data16/14953_sits.npy,data16/14953_labels.npy,data16/14953_dates.npy
14954,data16/14954_sits.npy,data16/14954_labels.npy,data16/14954_dates.npy
14955,data16/14955_sits.npy,data16/14955_labels.npy,data16/14955_dates.npy
14956,data16/14956_sits.npy,data16/14956_labels.npy,data16/14956_dates.npy
14966,data16/14966_sits.npy,data16/14966_labels.npy,data16/14966_dates.npy
14967,data16/14967_sits.npy,data16/14967_labels.npy,data16/14967_dates.npy
14968,data16/14968_sits.npy,data16/14968_labels.npy,data16/14968_dates.npy
14969,data16/14969_sits.npy,data16/14969_labels.npy,data16/14969_dates.npy
14971,data16/14971_sits.npy,data16/14971_labels.npy,data16/14971_dates.npy
14974,data16/14974_sits.npy,data16/14974_labels.npy,data16/14974_dates.npy
14976,data16/14976_sits.npy,data16/14976_labels.npy,data16/14976_dates.npy
14977,data16/14977_sits.npy,data16/14977_labels.npy,data16/14977_dates.npy
14978,data16/14978_sits.npy,data16/14978_labels.npy,data16/14978_dates.npy
14979,data16/14979_sits.npy,data16/14979_labels.npy,data16/14979_dates.npy
14991,data16/14991_sits.npy,data16/14991_labels.npy,data16/14991_dates.npy
14992,data16/14992_sits.npy,data16/14992_labels.npy,data16/14992_dates.npy
14993,data16/14993_sits.npy,data16/14993_labels.npy,data16/14993_dates.npy
14994,data16/14994_sits.npy,data16/14994_labels.npy,data16/14994_dates.npy
14998,data16/14998_sits.npy,data16/14998_labels.npy,data16/14998_dates.npy
14999,data16/14999_sits.npy,data16/14999_labels.npy,data16/14999_dates.npy
15001,data16/15001_sits.npy,data16/15001_labels.npy,data16/15001_dates.npy
15002,data16/15002_sits.npy,data16/15002_labels.npy,data16/15002_dates.npy
15003,data16/15003_sits.npy,data16/15003_labels.npy,data16/15003_dates.npy
15006,data16/15006_sits.npy,data16/15006_labels.npy,data16/15006_dates.npy
15007,data16/15007_sits.npy,data16/15007_labels.npy,data16/15007_dates.npy
15008,data16/15008_sits.npy,data16/15008_labels.npy,data16/15008_dates.npy
15009,data16/15009_sits.npy,data16/15009_labels.npy,data16/15009_dates.npy
15011,data16/15011_sits.npy,data16/15011_labels.npy,data16/15011_dates.npy
15026,data16/15026_sits.npy,data16/15026_labels.npy,data16/15026_dates.npy
15031,data16/15031_sits.npy,data16/15031_labels.npy,data16/15031_dates.npy
15032,data16/15032_sits.npy,data16/15032_labels.npy,data16/15032_dates.npy
15033,data16/15033_sits.npy,data16/15033_labels.npy,data16/15033_dates.npy
15038,data16/15038_sits.npy,data16/15038_labels.npy,data16/15038_dates.npy
15039,data16/15039_sits.npy,data16/15039_labels.npy,data16/15039_dates.npy
15041,data16/15041_sits.npy,data16/15041_labels.npy,data16/15041_dates.npy
15042,data16/15042_sits.npy,data16/15042_labels.npy,data16/15042_dates.npy
15043,data16/15043_sits.npy,data16/15043_labels.npy,data16/15043_dates.npy
15053,data16/15053_sits.npy,data16/15053_labels.npy,data16/15053_dates.npy
15054,data16/15054_sits.npy,data16/15054_labels.npy,data16/15054_dates.npy
15055,data16/15055_sits.npy,data16/15055_labels.npy,data16/15055_dates.npy
15056,data16/15056_sits.npy,data16/15056_labels.npy,data16/15056_dates.npy
15057,data16/15057_sits.npy,data16/15057_labels.npy,data16/15057_dates.npy
15058,data16/15058_sits.npy,data16/15058_labels.npy,data16/15058_dates.npy
15061,data16/15061_sits.npy,data16/15061_labels.npy,data16/15061_dates.npy
15062,data16/15062_sits.npy,data16/15062_labels.npy,data16/15062_dates.npy
15063,data16/15063_sits.npy,data16/15063_labels.npy,data16/15063_dates.npy
15064,data16/15064_sits.npy,data16/15064_labels.npy,data16/15064_dates.npy
15065,data16/15065_sits.npy,data16/15065_labels.npy,data16/15065_dates.npy
15066,data16/15066_sits.npy,data16/15066_labels.npy,data16/15066_dates.npy
15077,data16/15077_sits.npy,data16/15077_labels.npy,data16/15077_dates.npy
15078,data16/15078_sits.npy,data16/15078_labels.npy,data16/15078_dates.npy
15079,data16/15079_sits.npy,data16/15079_labels.npy,data16/15079_dates.npy
15080,data16/15080_sits.npy,data16/15080_labels.npy,data16/15080_dates.npy
15081,data16/15081_sits.npy,data16/15081_labels.npy,data16/15081_dates.npy
15082,data16/15082_sits.npy,data16/15082_labels.npy,data16/15082_dates.npy
15085,data16/15085_sits.npy,data16/15085_labels.npy,data16/15085_dates.npy
15086,data16/15086_sits.npy,data16/15086_labels.npy,data16/15086_dates.npy
15087,data16/15087_sits.npy,data16/15087_labels.npy,data16/15087_dates.npy
15088,data16/15088_sits.npy,data16/15088_labels.npy,data16/15088_dates.npy
15089,data16/15089_sits.npy,data16/15089_labels.npy,data16/15089_dates.npy
15090,data16/15090_sits.npy,data16/15090_labels.npy,data16/15090_dates.npy
15093,data16/15093_sits.npy,data16/15093_labels.npy,data16/15093_dates.npy
15094,data16/15094_sits.npy,data16/15094_labels.npy,data16/15094_dates.npy
15095,data16/15095_sits.npy,data16/15095_labels.npy,data16/15095_dates.npy
15096,data16/15096_sits.npy,data16/15096_labels.npy,data16/15096_dates.npy
15097,data16/15097_sits.npy,data16/15097_labels.npy,data16/15097_dates.npy
15098,data16/15098_sits.npy,data16/15098_labels.npy,data16/15098_dates.npy
15109,data16/15109_sits.npy,data16/15109_labels.npy,data16/15109_dates.npy
15113,data16/15113_sits.npy,data16/15113_labels.npy,data16/15113_dates.npy
15114,data16/15114_sits.npy,data16/15114_labels.npy,data16/15114_dates.npy
15117,data16/15117_sits.npy,data16/15117_labels.npy,data16/15117_dates.npy
15118,data16/15118_sits.npy,data16/15118_labels.npy,data16/15118_dates.npy
15119,data16/15119_sits.npy,data16/15119_labels.npy,data16/15119_dates.npy
15120,data16/15120_sits.npy,data16/15120_labels.npy,data16/15120_dates.npy
15121,data16/15121_sits.npy,data16/15121_labels.npy,data16/15121_dates.npy
15122,data16/15122_sits.npy,data16/15122_labels.npy,data16/15122_dates.npy
15125,data16/15125_sits.npy,data16/15125_labels.npy,data16/15125_dates.npy
15126,data16/15126_sits.npy,data16/15126_labels.npy,data16/15126_dates.npy
15127,data16/15127_sits.npy,data16/15127_labels.npy,data16/15127_dates.npy
15128,data16/15128_sits.npy,data16/15128_labels.npy,data16/15128_dates.npy
15129,data16/15129_sits.npy,data16/15129_labels.npy,data16/15129_dates.npy
15130,data16/15130_sits.npy,data16/15130_labels.npy,data16/15130_dates.npy
15140,data16/15140_sits.npy,data16/15140_labels.npy,data16/15140_dates.npy
15142,data16/15142_sits.npy,data16/15142_labels.npy,data16/15142_dates.npy
15144,data16/15144_sits.npy,data16/15144_labels.npy,data16/15144_dates.npy
15145,data16/15145_sits.npy,data16/15145_labels.npy,data16/15145_dates.npy
15149,data16/15149_sits.npy,data16/15149_labels.npy,data16/15149_dates.npy
15150,data16/15150_sits.npy,data16/15150_labels.npy,data16/15150_dates.npy
15152,data16/15152_sits.npy,data16/15152_labels.npy,data16/15152_dates.npy
15164,data16/15164_sits.npy,data16/15164_labels.npy,data16/15164_dates.npy
15165,data16/15165_sits.npy,data16/15165_labels.npy,data16/15165_dates.npy
15167,data16/15167_sits.npy,data16/15167_labels.npy,data16/15167_dates.npy
15169,data16/15169_sits.npy,data16/15169_labels.npy,data16/15169_dates.npy
15172,data16/15172_sits.npy,data16/15172_labels.npy,data16/15172_dates.npy
15174,data16/15174_sits.npy,data16/15174_labels.npy,data16/15174_dates.npy
15175,data16/15175_sits.npy,data16/15175_labels.npy,data16/15175_dates.npy
15177,data16/15177_sits.npy,data16/15177_labels.npy,data16/15177_dates.npy
15180,data16/15180_sits.npy,data16/15180_labels.npy,data16/15180_dates.npy
15182,data16/15182_sits.npy,data16/15182_labels.npy,data16/15182_dates.npy
15184,data16/15184_sits.npy,data16/15184_labels.npy,data16/15184_dates.npy
15185,data16/15185_sits.npy,data16/15185_labels.npy,data16/15185_dates.npy
15197,data16/15197_sits.npy,data16/15197_labels.npy,data16/15197_dates.npy
15199,data16/15199_sits.npy,data16/15199_labels.npy,data16/15199_dates.npy
15200,data16/15200_sits.npy,data16/15200_labels.npy,data16/15200_dates.npy
15204,data16/15204_sits.npy,data16/15204_labels.npy,data16/15204_dates.npy
15205,data16/15205_sits.npy,data16/15205_labels.npy,data16/15205_dates.npy
15207,data16/15207_sits.npy,data16/15207_labels.npy,data16/15207_dates.npy
15209,data16/15209_sits.npy,data16/15209_labels.npy,data16/15209_dates.npy
15212,data16/15212_sits.npy,data16/15212_labels.npy,data16/15212_dates.npy
15214,data16/15214_sits.npy,data16/15214_labels.npy,data16/15214_dates.npy
15215,data16/15215_sits.npy,data16/15215_labels.npy,data16/15215_dates.npy
15217,data16/15217_sits.npy,data16/15217_labels.npy,data16/15217_dates.npy
15404,data16/15404_sits.npy,data16/15404_labels.npy,data16/15404_dates.npy
15406,data16/15406_sits.npy,data16/15406_labels.npy,data16/15406_dates.npy
15409,data16/15409_sits.npy,data16/15409_labels.npy,data16/15409_dates.npy
15411,data16/15411_sits.npy,data16/15411_labels.npy,data16/15411_dates.npy
15412,data16/15412_sits.npy,data16/15412_labels.npy,data16/15412_dates.npy
15413,data16/15413_sits.npy,data16/15413_labels.npy,data16/15413_dates.npy
15414,data16/15414_sits.npy,data16/15414_labels.npy,data16/15414_dates.npy
15441,data16/15441_sits.npy,data16/15441_labels.npy,data16/15441_dates.npy
15442,data16/15442_sits.npy,data16/15442_labels.npy,data16/15442_dates.npy
15443,data16/15443_sits.npy,data16/15443_labels.npy,data16/15443_dates.npy
15444,data16/15444_sits.npy,data16/15444_labels.npy,data16/15444_dates.npy
15446,data16/15446_sits.npy,data16/15446_labels.npy,data16/15446_dates.npy
15449,data16/15449_sits.npy,data16/15449_labels.npy,data16/15449_dates.npy
15451,data16/15451_sits.npy,data16/15451_labels.npy,data16/15451_dates.npy
15452,data16/15452_sits.npy,data16/15452_labels.npy,data16/15452_dates.npy
15453,data16/15453_sits.npy,data16/15453_labels.npy,data16/15453_dates.npy
15454,data16/15454_sits.npy,data16/15454_labels.npy,data16/15454_dates.npy
15457,data16/15457_sits.npy,data16/15457_labels.npy,data16/15457_dates.npy
15458,data16/15458_sits.npy,data16/15458_labels.npy,data16/15458_dates.npy
15459,data16/15459_sits.npy,data16/15459_labels.npy,data16/15459_dates.npy
15462,data16/15462_sits.npy,data16/15462_labels.npy,data16/15462_dates.npy
15473,data16/15473_sits.npy,data16/15473_labels.npy,data16/15473_dates.npy
15474,data16/15474_sits.npy,data16/15474_labels.npy,data16/15474_dates.npy
15476,data16/15476_sits.npy,data16/15476_labels.npy,data16/15476_dates.npy
15477,data16/15477_sits.npy,data16/15477_labels.npy,data16/15477_dates.npy
15478,data16/15478_sits.npy,data16/15478_labels.npy,data16/15478_dates.npy
15481,data16/15481_sits.npy,data16/15481_labels.npy,data16/15481_dates.npy
15482,data16/15482_sits.npy,data16/15482_labels.npy,data16/15482_dates.npy
15483,data16/15483_sits.npy,data16/15483_labels.npy,data16/15483_dates.npy
15484,data16/15484_sits.npy,data16/15484_labels.npy,data16/15484_dates.npy
15486,data16/15486_sits.npy,data16/15486_labels.npy,data16/15486_dates.npy
15488,data16/15488_sits.npy,data16/15488_labels.npy,data16/15488_dates.npy
15489,data16/15489_sits.npy,data16/15489_labels.npy,data16/15489_dates.npy
15491,data16/15491_sits.npy,data16/15491_labels.npy,data16/15491_dates.npy
15492,data16/15492_sits.npy,data16/15492_labels.npy,data16/15492_dates.npy
15493,data16/15493_sits.npy,data16/15493_labels.npy,data16/15493_dates.npy
15496,data16/15496_sits.npy,data16/15496_labels.npy,data16/15496_dates.npy
15497,data16/15497_sits.npy,data16/15497_labels.npy,data16/15497_dates.npy
15498,data16/15498_sits.npy,data16/15498_labels.npy,data16/15498_dates.npy
15499,data16/15499_sits.npy,data16/15499_labels.npy,data16/15499_dates.npy
15500,data16/15500_sits.npy,data16/15500_labels.npy,data16/15500_dates.npy
15501,data16/15501_sits.npy,data16/15501_labels.npy,data16/15501_dates.npy
15528,data16/15528_sits.npy,data16/15528_labels.npy,data16/15528_dates.npy
15529,data16/15529_sits.npy,data16/15529_labels.npy,data16/15529_dates.npy
15530,data16/15530_sits.npy,data16/15530_labels.npy,data16/15530_dates.npy
15531,data16/15531_sits.npy,data16/15531_labels.npy,data16/15531_dates.npy
15532,data16/15532_sits.npy,data16/15532_labels.npy,data16/15532_dates.npy
15533,data16/15533_sits.npy,data16/15533_labels.npy,data16/15533_dates.npy
15536,data16/15536_sits.npy,data16/15536_labels.npy,data16/15536_dates.npy
15537,data16/15537_sits.npy,data16/15537_labels.npy,data16/15537_dates.npy
15538,data16/15538_sits.npy,data16/15538_labels.npy,data16/15538_dates.npy
15539,data16/15539_sits.npy,data16/15539_labels.npy,data16/15539_dates.npy
15540,data16/15540_sits.npy,data16/15540_labels.npy,data16/15540_dates.npy
15541,data16/15541_sits.npy,data16/15541_labels.npy,data16/15541_dates.npy
15544,data16/15544_sits.npy,data16/15544_labels.npy,data16/15544_dates.npy
15545,data16/15545_sits.npy,data16/15545_labels.npy,data16/15545_dates.npy
15546,data16/15546_sits.npy,data16/15546_labels.npy,data16/15546_dates.npy
15547,data16/15547_sits.npy,data16/15547_labels.npy,data16/15547_dates.npy
15548,data16/15548_sits.npy,data16/15548_labels.npy,data16/15548_dates.npy
15549,data16/15549_sits.npy,data16/15549_labels.npy,data16/15549_dates.npy
15560,data16/15560_sits.npy,data16/15560_labels.npy,data16/15560_dates.npy
15561,data16/15561_sits.npy,data16/15561_labels.npy,data16/15561_dates.npy
15562,data16/15562_sits.npy,data16/15562_labels.npy,data16/15562_dates.npy
15563,data16/15563_sits.npy,data16/15563_labels.npy,data16/15563_dates.npy
15564,data16/15564_sits.npy,data16/15564_labels.npy,data16/15564_dates.npy
15565,data16/15565_sits.npy,data16/15565_labels.npy,data16/15565_dates.npy
15568,data16/15568_sits.npy,data16/15568_labels.npy,data16/15568_dates.npy
15570,data16/15570_sits.npy,data16/15570_labels.npy,data16/15570_dates.npy
15571,data16/15571_sits.npy,data16/15571_labels.npy,data16/15571_dates.npy
15572,data16/15572_sits.npy,data16/15572_labels.npy,data16/15572_dates.npy
15573,data16/15573_sits.npy,data16/15573_labels.npy,data16/15573_dates.npy
15575,data16/15575_sits.npy,data16/15575_labels.npy,data16/15575_dates.npy
15577,data16/15577_sits.npy,data16/15577_labels.npy,data16/15577_dates.npy
15579,data16/15579_sits.npy,data16/15579_labels.npy,data16/15579_dates.npy
15580,data16/15580_sits.npy,data16/15580_labels.npy,data16/15580_dates.npy
15584,data16/15584_sits.npy,data16/15584_labels.npy,data16/15584_dates.npy
15585,data16/15585_sits.npy,data16/15585_labels.npy,data16/15585_dates.npy
15587,data16/15587_sits.npy,data16/15587_labels.npy,data16/15587_dates.npy
15615,data16/15615_sits.npy,data16/15615_labels.npy,data16/15615_dates.npy
15617,data16/15617_sits.npy,data16/15617_labels.npy,data16/15617_dates.npy
15619,data16/15619_sits.npy,data16/15619_labels.npy,data16/15619_dates.npy
15620,data16/15620_sits.npy,data16/15620_labels.npy,data16/15620_dates.npy
15624,data16/15624_sits.npy,data16/15624_labels.npy,data16/15624_dates.npy
15625,data16/15625_sits.npy,data16/15625_labels.npy,data16/15625_dates.npy
15627,data16/15627_sits.npy,data16/15627_labels.npy,data16/15627_dates.npy
15632,data16/15632_sits.npy,data16/15632_labels.npy,data16/15632_dates.npy
15634,data16/15634_sits.npy,data16/15634_labels.npy,data16/15634_dates.npy
15635,data16/15635_sits.npy,data16/15635_labels.npy,data16/15635_dates.npy
15647,data16/15647_sits.npy,data16/15647_labels.npy,data16/15647_dates.npy
15649,data16/15649_sits.npy,data16/15649_labels.npy,data16/15649_dates.npy
15650,data16/15650_sits.npy,data16/15650_labels.npy,data16/15650_dates.npy
15652,data16/15652_sits.npy,data16/15652_labels.npy,data16/15652_dates.npy
15655,data16/15655_sits.npy,data16/15655_labels.npy,data16/15655_dates.npy
15657,data16/15657_sits.npy,data16/15657_labels.npy,data16/15657_dates.npy
15659,data16/15659_sits.npy,data16/15659_labels.npy,data16/15659_dates.npy
15660,data16/15660_sits.npy,data16/15660_labels.npy,data16/15660_dates.npy
15662,data16/15662_sits.npy,data16/15662_labels.npy,data16/15662_dates.npy
15663,data16/15663_sits.npy,data16/15663_labels.npy,data16/15663_dates.npy
15664,data16/15664_sits.npy,data16/15664_labels.npy,data16/15664_dates.npy
15665,data16/15665_sits.npy,data16/15665_labels.npy,data16/15665_dates.npy
15667,data16/15667_sits.npy,data16/15667_labels.npy,data16/15667_dates.npy
15670,data16/15670_sits.npy,data16/15670_labels.npy,data16/15670_dates.npy
15672,data16/15672_sits.npy,data16/15672_labels.npy,data16/15672_dates.npy
15673,data16/15673_sits.npy,data16/15673_labels.npy,data16/15673_dates.npy
15674,data16/15674_sits.npy,data16/15674_labels.npy,data16/15674_dates.npy
15675,data16/15675_sits.npy,data16/15675_labels.npy,data16/15675_dates.npy
15702,data16/15702_sits.npy,data16/15702_labels.npy,data16/15702_dates.npy
15704,data16/15704_sits.npy,data16/15704_labels.npy,data16/15704_dates.npy
15705,data16/15705_sits.npy,data16/15705_labels.npy,data16/15705_dates.npy
15707,data16/15707_sits.npy,data16/15707_labels.npy,data16/15707_dates.npy
15710,data16/15710_sits.npy,data16/15710_labels.npy,data16/15710_dates.npy
15712,data16/15712_sits.npy,data16/15712_labels.npy,data16/15712_dates.npy
15713,data16/15713_sits.npy,data16/15713_labels.npy,data16/15713_dates.npy
15714,data16/15714_sits.npy,data16/15714_labels.npy,data16/15714_dates.npy
15715,data16/15715_sits.npy,data16/15715_labels.npy,data16/15715_dates.npy
15718,data16/15718_sits.npy,data16/15718_labels.npy,data16/15718_dates.npy
15719,data16/15719_sits.npy,data16/15719_labels.npy,data16/15719_dates.npy
15720,data16/15720_sits.npy,data16/15720_labels.npy,data16/15720_dates.npy
15722,data16/15722_sits.npy,data16/15722_labels.npy,data16/15722_dates.npy
15723,data16/15723_sits.npy,data16/15723_labels.npy,data16/15723_dates.npy
15734,data16/15734_sits.npy,data16/15734_labels.npy,data16/15734_dates.npy
15735,data16/15735_sits.npy,data16/15735_labels.npy,data16/15735_dates.npy
15737,data16/15737_sits.npy,data16/15737_labels.npy,data16/15737_dates.npy
15738,data16/15738_sits.npy,data16/15738_labels.npy,data16/15738_dates.npy
15739,data16/15739_sits.npy,data16/15739_labels.npy,data16/15739_dates.npy
15742,data16/15742_sits.npy,data16/15742_labels.npy,data16/15742_dates.npy
15743,data16/15743_sits.npy,data16/15743_labels.npy,data16/15743_dates.npy
15744,data16/15744_sits.npy,data16/15744_labels.npy,data16/15744_dates.npy
15745,data16/15745_sits.npy,data16/15745_labels.npy,data16/15745_dates.npy
15747,data16/15747_sits.npy,data16/15747_labels.npy,data16/15747_dates.npy
15749,data16/15749_sits.npy,data16/15749_labels.npy,data16/15749_dates.npy
15750,data16/15750_sits.npy,data16/15750_labels.npy,data16/15750_dates.npy
15751,data16/15751_sits.npy,data16/15751_labels.npy,data16/15751_dates.npy
15752,data16/15752_sits.npy,data16/15752_labels.npy,data16/15752_dates.npy
15753,data16/15753_sits.npy,data16/15753_labels.npy,data16/15753_dates.npy
15754,data16/15754_sits.npy,data16/15754_labels.npy,data16/15754_dates.npy
15757,data16/15757_sits.npy,data16/15757_labels.npy,data16/15757_dates.npy
15758,data16/15758_sits.npy,data16/15758_labels.npy,data16/15758_dates.npy
15759,data16/15759_sits.npy,data16/15759_labels.npy,data16/15759_dates.npy
15760,data16/15760_sits.npy,data16/15760_labels.npy,data16/15760_dates.npy
15761,data16/15761_sits.npy,data16/15761_labels.npy,data16/15761_dates.npy
15762,data16/15762_sits.npy,data16/15762_labels.npy,data16/15762_dates.npy
15789,data16/15789_sits.npy,data16/15789_labels.npy,data16/15789_dates.npy
15790,data16/15790_sits.npy,data16/15790_labels.npy,data16/15790_dates.npy
15791,data16/15791_sits.npy,data16/15791_labels.npy,data16/15791_dates.npy
15792,data16/15792_sits.npy,data16/15792_labels.npy,data16/15792_dates.npy
15793,data16/15793_sits.npy,data16/15793_labels.npy,data16/15793_dates.npy
15794,data16/15794_sits.npy,data16/15794_labels.npy,data16/15794_dates.npy
15797,data16/15797_sits.npy,data16/15797_labels.npy,data16/15797_dates.npy
15798,data16/15798_sits.npy,data16/15798_labels.npy,data16/15798_dates.npy
15799,data16/15799_sits.npy,data16/15799_labels.npy,data16/15799_dates.npy
15800,data16/15800_sits.npy,data16/15800_labels.npy,data16/15800_dates.npy
15801,data16/15801_sits.npy,data16/15801_labels.npy,data16/15801_dates.npy
15802,data16/15802_sits.npy,data16/15802_labels.npy,data16/15802_dates.npy
15805,data16/15805_sits.npy,data16/15805_labels.npy,data16/15805_dates.npy
15806,data16/15806_sits.npy,data16/15806_labels.npy,data16/15806_dates.npy
15807,data16/15807_sits.npy,data16/15807_labels.npy,data16/15807_dates.npy
15808,data16/15808_sits.npy,data16/15808_labels.npy,data16/15808_dates.npy
15809,data16/15809_sits.npy,data16/15809_labels.npy,data16/15809_dates.npy
15810,data16/15810_sits.npy,data16/15810_labels.npy,data16/15810_dates.npy
15821,data16/15821_sits.npy,data16/15821_labels.npy,data16/15821_dates.npy
15822,data16/15822_sits.npy,data16/15822_labels.npy,data16/15822_dates.npy
15823,data16/15823_sits.npy,data16/15823_labels.npy,data16/15823_dates.npy
15824,data16/15824_sits.npy,data16/15824_labels.npy,data16/15824_dates.npy
15825,data16/15825_sits.npy,data16/15825_labels.npy,data16/15825_dates.npy
15826,data16/15826_sits.npy,data16/15826_labels.npy,data16/15826_dates.npy
15829,data16/15829_sits.npy,data16/15829_labels.npy,data16/15829_dates.npy
15830,data16/15830_sits.npy,data16/15830_labels.npy,data16/15830_dates.npy
15831,data16/15831_sits.npy,data16/15831_labels.npy,data16/15831_dates.npy
15832,data16/15832_sits.npy,data16/15832_labels.npy,data16/15832_dates.npy
15833,data16/15833_sits.npy,data16/15833_labels.npy,data16/15833_dates.npy
15834,data16/15834_sits.npy,data16/15834_labels.npy,data16/15834_dates.npy
15836,data16/15836_sits.npy,data16/15836_labels.npy,data16/15836_dates.npy
15838,data16/15838_sits.npy,data16/15838_labels.npy,data16/15838_dates.npy
15839,data16/15839_sits.npy,data16/15839_labels.npy,data16/15839_dates.npy
15841,data16/15841_sits.npy,data16/15841_labels.npy,data16/15841_dates.npy
15844,data16/15844_sits.npy,data16/15844_labels.npy,data16/15844_dates.npy
15846,data16/15846_sits.npy,data16/15846_labels.npy,data16/15846_dates.npy
15847,data16/15847_sits.npy,data16/15847_labels.npy,data16/15847_dates.npy
15848,data16/15848_sits.npy,data16/15848_labels.npy,data16/15848_dates.npy
15849,data16/15849_sits.npy,data16/15849_labels.npy,data16/15849_dates.npy
15876,data16/15876_sits.npy,data16/15876_labels.npy,data16/15876_dates.npy
15877,data16/15877_sits.npy,data16/15877_labels.npy,data16/15877_dates.npy
15879,data16/15879_sits.npy,data16/15879_labels.npy,data16/15879_dates.npy
15881,data16/15881_sits.npy,data16/15881_labels.npy,data16/15881_dates.npy
15884,data16/15884_sits.npy,data16/15884_labels.npy,data16/15884_dates.npy
15886,data16/15886_sits.npy,data16/15886_labels.npy,data16/15886_dates.npy
15887,data16/15887_sits.npy,data16/15887_labels.npy,data16/15887_dates.npy
15888,data16/15888_sits.npy,data16/15888_labels.npy,data16/15888_dates.npy
15889,data16/15889_sits.npy,data16/15889_labels.npy,data16/15889_dates.npy
15892,data16/15892_sits.npy,data16/15892_labels.npy,data16/15892_dates.npy
15893,data16/15893_sits.npy,data16/15893_labels.npy,data16/15893_dates.npy
15894,data16/15894_sits.npy,data16/15894_labels.npy,data16/15894_dates.npy
15896,data16/15896_sits.npy,data16/15896_labels.npy,data16/15896_dates.npy
15897,data16/15897_sits.npy,data16/15897_labels.npy,data16/15897_dates.npy
15908,data16/15908_sits.npy,data16/15908_labels.npy,data16/15908_dates.npy
15909,data16/15909_sits.npy,data16/15909_labels.npy,data16/15909_dates.npy
15911,data16/15911_sits.npy,data16/15911_labels.npy,data16/15911_dates.npy
15912,data16/15912_sits.npy,data16/15912_labels.npy,data16/15912_dates.npy
15913,data16/15913_sits.npy,data16/15913_labels.npy,data16/15913_dates.npy
15916,data16/15916_sits.npy,data16/15916_labels.npy,data16/15916_dates.npy
15917,data16/15917_sits.npy,data16/15917_labels.npy,data16/15917_dates.npy
15918,data16/15918_sits.npy,data16/15918_labels.npy,data16/15918_dates.npy
15919,data16/15919_sits.npy,data16/15919_labels.npy,data16/15919_dates.npy
16097,data16/16097_sits.npy,data16/16097_labels.npy,data16/16097_dates.npy
16098,data16/16098_sits.npy,data16/16098_labels.npy,data16/16098_dates.npy
16099,data16/16099_sits.npy,data16/16099_labels.npy,data16/16099_dates.npy
16100,data16/16100_sits.npy,data16/16100_labels.npy,data16/16100_dates.npy
16102,data16/16102_sits.npy,data16/16102_labels.npy,data16/16102_dates.npy
16105,data16/16105_sits.npy,data16/16105_labels.npy,data16/16105_dates.npy
16107,data16/16107_sits.npy,data16/16107_labels.npy,data16/16107_dates.npy
16108,data16/16108_sits.npy,data16/16108_labels.npy,data16/16108_dates.npy
16109,data16/16109_sits.npy,data16/16109_labels.npy,data16/16109_dates.npy
16110,data16/16110_sits.npy,data16/16110_labels.npy,data16/16110_dates.npy
16113,data16/16113_sits.npy,data16/16113_labels.npy,data16/16113_dates.npy
16114,data16/16114_sits.npy,data16/16114_labels.npy,data16/16114_dates.npy
16115,data16/16115_sits.npy,data16/16115_labels.npy,data16/16115_dates.npy
16117,data16/16117_sits.npy,data16/16117_labels.npy,data16/16117_dates.npy
16118,data16/16118_sits.npy,data16/16118_labels.npy,data16/16118_dates.npy
16137,data16/16137_sits.npy,data16/16137_labels.npy,data16/16137_dates.npy
16138,data16/16138_sits.npy,data16/16138_labels.npy,data16/16138_dates.npy
16139,data16/16139_sits.npy,data16/16139_labels.npy,data16/16139_dates.npy
16142,data16/16142_sits.npy,data16/16142_labels.npy,data16/16142_dates.npy
16153,data16/16153_sits.npy,data16/16153_labels.npy,data16/16153_dates.npy
16154,data16/16154_sits.npy,data16/16154_labels.npy,data16/16154_dates.npy
16155,data16/16155_sits.npy,data16/16155_labels.npy,data16/16155_dates.npy
16157,data16/16157_sits.npy,data16/16157_labels.npy,data16/16157_dates.npy
16158,data16/16158_sits.npy,data16/16158_labels.npy,data16/16158_dates.npy
16163,data16/16163_sits.npy,data16/16163_labels.npy,data16/16163_dates.npy
16164,data16/16164_sits.npy,data16/16164_labels.npy,data16/16164_dates.npy
16165,data16/16165_sits.npy,data16/16165_labels.npy,data16/16165_dates.npy
16169,data16/16169_sits.npy,data16/16169_labels.npy,data16/16169_dates.npy
16170,data16/16170_sits.npy,data16/16170_labels.npy,data16/16170_dates.npy
16172,data16/16172_sits.npy,data16/16172_labels.npy,data16/16172_dates.npy
16173,data16/16173_sits.npy,data16/16173_labels.npy,data16/16173_dates.npy
16174,data16/16174_sits.npy,data16/16174_labels.npy,data16/16174_dates.npy
16177,data16/16177_sits.npy,data16/16177_labels.npy,data16/16177_dates.npy
16178,data16/16178_sits.npy,data16/16178_labels.npy,data16/16178_dates.npy
16179,data16/16179_sits.npy,data16/16179_labels.npy,data16/16179_dates.npy
16180,data16/16180_sits.npy,data16/16180_labels.npy,data16/16180_dates.npy
16182,data16/16182_sits.npy,data16/16182_labels.npy,data16/16182_dates.npy
16184,data16/16184_sits.npy,data16/16184_labels.npy,data16/16184_dates.npy
16185,data16/16185_sits.npy,data16/16185_labels.npy,data16/16185_dates.npy
16186,data16/16186_sits.npy,data16/16186_labels.npy,data16/16186_dates.npy
16187,data16/16187_sits.npy,data16/16187_labels.npy,data16/16187_dates.npy
16188,data16/16188_sits.npy,data16/16188_labels.npy,data16/16188_dates.npy
16189,data16/16189_sits.npy,data16/16189_labels.npy,data16/16189_dates.npy
16192,data16/16192_sits.npy,data16/16192_labels.npy,data16/16192_dates.npy
16193,data16/16193_sits.npy,data16/16193_labels.npy,data16/16193_dates.npy
16194,data16/16194_sits.npy,data16/16194_labels.npy,data16/16194_dates.npy
16195,data16/16195_sits.npy,data16/16195_labels.npy,data16/16195_dates.npy
16196,data16/16196_sits.npy,data16/16196_labels.npy,data16/16196_dates.npy
16197,data16/16197_sits.npy,data16/16197_labels.npy,data16/16197_dates.npy
16200,data16/16200_sits.npy,data16/16200_labels.npy,data16/16200_dates.npy
16201,data16/16201_sits.npy,data16/16201_labels.npy,data16/16201_dates.npy
16202,data16/16202_sits.npy,data16/16202_labels.npy,data16/16202_dates.npy
16203,data16/16203_sits.npy,data16/16203_labels.npy,data16/16203_dates.npy
16204,data16/16204_sits.npy,data16/16204_labels.npy,data16/16204_dates.npy
16205,data16/16205_sits.npy,data16/16205_labels.npy,data16/16205_dates.npy
16224,data16/16224_sits.npy,data16/16224_labels.npy,data16/16224_dates.npy
16225,data16/16225_sits.npy,data16/16225_labels.npy,data16/16225_dates.npy
16226,data16/16226_sits.npy,data16/16226_labels.npy,data16/16226_dates.npy
16227,data16/16227_sits.npy,data16/16227_labels.npy,data16/16227_dates.npy
16228,data16/16228_sits.npy,data16/16228_labels.npy,data16/16228_dates.npy
16229,data16/16229_sits.npy,data16/16229_labels.npy,data16/16229_dates.npy
16240,data16/16240_sits.npy,data16/16240_labels.npy,data16/16240_dates.npy
16241,data16/16241_sits.npy,data16/16241_labels.npy,data16/16241_dates.npy
16242,data16/16242_sits.npy,data16/16242_labels.npy,data16/16242_dates.npy
16243,data16/16243_sits.npy,data16/16243_labels.npy,data16/16243_dates.npy
16244,data16/16244_sits.npy,data16/16244_labels.npy,data16/16244_dates.npy
16245,data16/16245_sits.npy,data16/16245_labels.npy,data16/16245_dates.npy
16248,data16/16248_sits.npy,data16/16248_labels.npy,data16/16248_dates.npy
16250,data16/16250_sits.npy,data16/16250_labels.npy,data16/16250_dates.npy
16251,data16/16251_sits.npy,data16/16251_labels.npy,data16/16251_dates.npy
16252,data16/16252_sits.npy,data16/16252_labels.npy,data16/16252_dates.npy
16253,data16/16253_sits.npy,data16/16253_labels.npy,data16/16253_dates.npy
16256,data16/16256_sits.npy,data16/16256_labels.npy,data16/16256_dates.npy
16257,data16/16257_sits.npy,data16/16257_labels.npy,data16/16257_dates.npy
16258,data16/16258_sits.npy,data16/16258_labels.npy,data16/16258_dates.npy
16259,data16/16259_sits.npy,data16/16259_labels.npy,data16/16259_dates.npy
16260,data16/16260_sits.npy,data16/16260_labels.npy,data16/16260_dates.npy
16261,data16/16261_sits.npy,data16/16261_labels.npy,data16/16261_dates.npy
16265,data16/16265_sits.npy,data16/16265_labels.npy,data16/16265_dates.npy
16266,data16/16266_sits.npy,data16/16266_labels.npy,data16/16266_dates.npy
16267,data16/16267_sits.npy,data16/16267_labels.npy,data16/16267_dates.npy
16268,data16/16268_sits.npy,data16/16268_labels.npy,data16/16268_dates.npy
16269,data16/16269_sits.npy,data16/16269_labels.npy,data16/16269_dates.npy
16272,data16/16272_sits.npy,data16/16272_labels.npy,data16/16272_dates.npy
16273,data16/16273_sits.npy,data16/16273_labels.npy,data16/16273_dates.npy
16274,data16/16274_sits.npy,data16/16274_labels.npy,data16/16274_dates.npy
16276,data16/16276_sits.npy,data16/16276_labels.npy,data16/16276_dates.npy
16279,data16/16279_sits.npy,data16/16279_labels.npy,data16/16279_dates.npy
16281,data16/16281_sits.npy,data16/16281_labels.npy,data16/16281_dates.npy
16282,data16/16282_sits.npy,data16/16282_labels.npy,data16/16282_dates.npy
16283,data16/16283_sits.npy,data16/16283_labels.npy,data16/16283_dates.npy
16284,data16/16284_sits.npy,data16/16284_labels.npy,data16/16284_dates.npy
16287,data16/16287_sits.npy,data16/16287_labels.npy,data16/16287_dates.npy
16288,data16/16288_sits.npy,data16/16288_labels.npy,data16/16288_dates.npy
16289,data16/16289_sits.npy,data16/16289_labels.npy,data16/16289_dates.npy
16291,data16/16291_sits.npy,data16/16291_labels.npy,data16/16291_dates.npy
16292,data16/16292_sits.npy,data16/16292_labels.npy,data16/16292_dates.npy
16311,data16/16311_sits.npy,data16/16311_labels.npy,data16/16311_dates.npy
16312,data16/16312_sits.npy,data16/16312_labels.npy,data16/16312_dates.npy
16313,data16/16313_sits.npy,data16/16313_labels.npy,data16/16313_dates.npy
16314,data16/16314_sits.npy,data16/16314_labels.npy,data16/16314_dates.npy
16316,data16/16316_sits.npy,data16/16316_labels.npy,data16/16316_dates.npy
16327,data16/16327_sits.npy,data16/16327_labels.npy,data16/16327_dates.npy
16328,data16/16328_sits.npy,data16/16328_labels.npy,data16/16328_dates.npy
16329,data16/16329_sits.npy,data16/16329_labels.npy,data16/16329_dates.npy
16331,data16/16331_sits.npy,data16/16331_labels.npy,data16/16331_dates.npy
16332,data16/16332_sits.npy,data16/16332_labels.npy,data16/16332_dates.npy
16338,data16/16338_sits.npy,data16/16338_labels.npy,data16/16338_dates.npy
16339,data16/16339_sits.npy,data16/16339_labels.npy,data16/16339_dates.npy
16343,data16/16343_sits.npy,data16/16343_labels.npy,data16/16343_dates.npy
16344,data16/16344_sits.npy,data16/16344_labels.npy,data16/16344_dates.npy
16346,data16/16346_sits.npy,data16/16346_labels.npy,data16/16346_dates.npy
16347,data16/16347_sits.npy,data16/16347_labels.npy,data16/16347_dates.npy
16348,data16/16348_sits.npy,data16/16348_labels.npy,data16/16348_dates.npy
16353,data16/16353_sits.npy,data16/16353_labels.npy,data16/16353_dates.npy
16354,data16/16354_sits.npy,data16/16354_labels.npy,data16/16354_dates.npy
16356,data16/16356_sits.npy,data16/16356_labels.npy,data16/16356_dates.npy
16358,data16/16358_sits.npy,data16/16358_labels.npy,data16/16358_dates.npy
16359,data16/16359_sits.npy,data16/16359_labels.npy,data16/16359_dates.npy
16360,data16/16360_sits.npy,data16/16360_labels.npy,data16/16360_dates.npy
16361,data16/16361_sits.npy,data16/16361_labels.npy,data16/16361_dates.npy
16362,data16/16362_sits.npy,data16/16362_labels.npy,data16/16362_dates.npy
16363,data16/16363_sits.npy,data16/16363_labels.npy,data16/16363_dates.npy
16366,data16/16366_sits.npy,data16/16366_labels.npy,data16/16366_dates.npy
16367,data16/16367_sits.npy,data16/16367_labels.npy,data16/16367_dates.npy
16368,data16/16368_sits.npy,data16/16368_labels.npy,data16/16368_dates.npy
16369,data16/16369_sits.npy,data16/16369_labels.npy,data16/16369_dates.npy
16370,data16/16370_sits.npy,data16/16370_labels.npy,data16/16370_dates.npy
16371,data16/16371_sits.npy,data16/16371_labels.npy,data16/16371_dates.npy
16374,data16/16374_sits.npy,data16/16374_labels.npy,data16/16374_dates.npy
16375,data16/16375_sits.npy,data16/16375_labels.npy,data16/16375_dates.npy
16376,data16/16376_sits.npy,data16/16376_labels.npy,data16/16376_dates.npy
16377,data16/16377_sits.npy,data16/16377_labels.npy,data16/16377_dates.npy
16378,data16/16378_sits.npy,data16/16378_labels.npy,data16/16378_dates.npy
16379,data16/16379_sits.npy,data16/16379_labels.npy,data16/16379_dates.npy
16398,data16/16398_sits.npy,data16/16398_labels.npy,data16/16398_dates.npy
16399,data16/16399_sits.npy,data16/16399_labels.npy,data16/16399_dates.npy
16400,data16/16400_sits.npy,data16/16400_labels.npy,data16/16400_dates.npy
16401,data16/16401_sits.npy,data16/16401_labels.npy,data16/16401_dates.npy
16402,data16/16402_sits.npy,data16/16402_labels.npy,data16/16402_dates.npy
16403,data16/16403_sits.npy,data16/16403_labels.npy,data16/16403_dates.npy
16414,data16/16414_sits.npy,data16/16414_labels.npy,data16/16414_dates.npy
16415,data16/16415_sits.npy,data16/16415_labels.npy,data16/16415_dates.npy
16416,data16/16416_sits.npy,data16/16416_labels.npy,data16/16416_dates.npy
16417,data16/16417_sits.npy,data16/16417_labels.npy,data16/16417_dates.npy
16418,data16/16418_sits.npy,data16/16418_labels.npy,data16/16418_dates.npy
16419,data16/16419_sits.npy,data16/16419_labels.npy,data16/16419_dates.npy
16422,data16/16422_sits.npy,data16/16422_labels.npy,data16/16422_dates.npy
16423,data16/16423_sits.npy,data16/16423_labels.npy,data16/16423_dates.npy
16425,data16/16425_sits.npy,data16/16425_labels.npy,data16/16425_dates.npy
16426,data16/16426_sits.npy,data16/16426_labels.npy,data16/16426_dates.npy
16427,data16/16427_sits.npy,data16/16427_labels.npy,data16/16427_dates.npy
16430,data16/16430_sits.npy,data16/16430_labels.npy,data16/16430_dates.npy
16431,data16/16431_sits.npy,data16/16431_labels.npy,data16/16431_dates.npy
16432,data16/16432_sits.npy,data16/16432_labels.npy,data16/16432_dates.npy
16433,data16/16433_sits.npy,data16/16433_labels.npy,data16/16433_dates.npy
16434,data16/16434_sits.npy,data16/16434_labels.npy,data16/16434_dates.npy
16435,data16/16435_sits.npy,data16/16435_labels.npy,data16/16435_dates.npy
16440,data16/16440_sits.npy,data16/16440_labels.npy,data16/16440_dates.npy
16441,data16/16441_sits.npy,data16/16441_labels.npy,data16/16441_dates.npy
16442,data16/16442_sits.npy,data16/16442_labels.npy,data16/16442_dates.npy
16443,data16/16443_sits.npy,data16/16443_labels.npy,data16/16443_dates.npy
16445,data16/16445_sits.npy,data16/16445_labels.npy,data16/16445_dates.npy
16447,data16/16447_sits.npy,data16/16447_labels.npy,data16/16447_dates.npy
16449,data16/16449_sits.npy,data16/16449_labels.npy,data16/16449_dates.npy
16450,data16/16450_sits.npy,data16/16450_labels.npy,data16/16450_dates.npy
16454,data16/16454_sits.npy,data16/16454_labels.npy,data16/16454_dates.npy
16455,data16/16455_sits.npy,data16/16455_labels.npy,data16/16455_dates.npy
16457,data16/16457_sits.npy,data16/16457_labels.npy,data16/16457_dates.npy
16462,data16/16462_sits.npy,data16/16462_labels.npy,data16/16462_dates.npy
16464,data16/16464_sits.npy,data16/16464_labels.npy,data16/16464_dates.npy
16465,data16/16465_sits.npy,data16/16465_labels.npy,data16/16465_dates.npy
16485,data16/16485_sits.npy,data16/16485_labels.npy,data16/16485_dates.npy
16487,data16/16487_sits.npy,data16/16487_labels.npy,data16/16487_dates.npy
16489,data16/16489_sits.npy,data16/16489_labels.npy,data16/16489_dates.npy
16490,data16/16490_sits.npy,data16/16490_labels.npy,data16/16490_dates.npy
16502,data16/16502_sits.npy,data16/16502_labels.npy,data16/16502_dates.npy
16504,data16/16504_sits.npy,data16/16504_labels.npy,data16/16504_dates.npy
16505,data16/16505_sits.npy,data16/16505_labels.npy,data16/16505_dates.npy
16509,data16/16509_sits.npy,data16/16509_labels.npy,data16/16509_dates.npy
16510,data16/16510_sits.npy,data16/16510_labels.npy,data16/16510_dates.npy
16512,data16/16512_sits.npy,data16/16512_labels.npy,data16/16512_dates.npy
16514,data16/16514_sits.npy,data16/16514_labels.npy,data16/16514_dates.npy
16517,data16/16517_sits.npy,data16/16517_labels.npy,data16/16517_dates.npy
16519,data16/16519_sits.npy,data16/16519_labels.npy,data16/16519_dates.npy
16520,data16/16520_sits.npy,data16/16520_labels.npy,data16/16520_dates.npy
16522,data16/16522_sits.npy,data16/16522_labels.npy,data16/16522_dates.npy
16525,data16/16525_sits.npy,data16/16525_labels.npy,data16/16525_dates.npy
16527,data16/16527_sits.npy,data16/16527_labels.npy,data16/16527_dates.npy
16529,data16/16529_sits.npy,data16/16529_labels.npy,data16/16529_dates.npy
16530,data16/16530_sits.npy,data16/16530_labels.npy,data16/16530_dates.npy
16532,data16/16532_sits.npy,data16/16532_labels.npy,data16/16532_dates.npy
16533,data16/16533_sits.npy,data16/16533_labels.npy,data16/16533_dates.npy
16534,data16/16534_sits.npy,data16/16534_labels.npy,data16/16534_dates.npy
16535,data16/16535_sits.npy,data16/16535_labels.npy,data16/16535_dates.npy
16537,data16/16537_sits.npy,data16/16537_labels.npy,data16/16537_dates.npy
16540,data16/16540_sits.npy,data16/16540_labels.npy,data16/16540_dates.npy
16542,data16/16542_sits.npy,data16/16542_labels.npy,data16/16542_dates.npy
16543,data16/16543_sits.npy,data16/16543_labels.npy,data16/16543_dates.npy
16544,data16/16544_sits.npy,data16/16544_labels.npy,data16/16544_dates.npy
16545,data16/16545_sits.npy,data16/16545_labels.npy,data16/16545_dates.npy
16548,data16/16548_sits.npy,data16/16548_labels.npy,data16/16548_dates.npy
16549,data16/16549_sits.npy,data16/16549_labels.npy,data16/16549_dates.npy
16550,data16/16550_sits.npy,data16/16550_labels.npy,data16/16550_dates.npy
16552,data16/16552_sits.npy,data16/16552_labels.npy,data16/16552_dates.npy
16553,data16/16553_sits.npy,data16/16553_labels.npy,data16/16553_dates.npy
16572,data16/16572_sits.npy,data16/16572_labels.npy,data16/16572_dates.npy
16573,data16/16573_sits.npy,data16/16573_labels.npy,data16/16573_dates.npy
16574,data16/16574_sits.npy,data16/16574_labels.npy,data16/16574_dates.npy
16575,data16/16575_sits.npy,data16/16575_labels.npy,data16/16575_dates.npy
16577,data16/16577_sits.npy,data16/16577_labels.npy,data16/16577_dates.npy
16588,data16/16588_sits.npy,data16/16588_labels.npy,data16/16588_dates.npy
16589,data16/16589_sits.npy,data16/16589_labels.npy,data16/16589_dates.npy
16590,data16/16590_sits.npy,data16/16590_labels.npy,data16/16590_dates.npy
16592,data16/16592_sits.npy,data16/16592_labels.npy,data16/16592_dates.npy
16593,data16/16593_sits.npy,data16/16593_labels.npy,data16/16593_dates.npy
16597,data16/16597_sits.npy,data16/16597_labels.npy,data16/16597_dates.npy
16599,data16/16599_sits.npy,data16/16599_labels.npy,data16/16599_dates.npy
16600,data16/16600_sits.npy,data16/16600_labels.npy,data16/16600_dates.npy
16604,data16/16604_sits.npy,data16/16604_labels.npy,data16/16604_dates.npy
16605,data16/16605_sits.npy,data16/16605_labels.npy,data16/16605_dates.npy
16607,data16/16607_sits.npy,data16/16607_labels.npy,data16/16607_dates.npy
16608,data16/16608_sits.npy,data16/16608_labels.npy,data16/16608_dates.npy
16609,data16/16609_sits.npy,data16/16609_labels.npy,data16/16609_dates.npy
16612,data16/16612_sits.npy,data16/16612_labels.npy,data16/16612_dates.npy
16613,data16/16613_sits.npy,data16/16613_labels.npy,data16/16613_dates.npy
16614,data16/16614_sits.npy,data16/16614_labels.npy,data16/16614_dates.npy
16615,data16/16615_sits.npy,data16/16615_labels.npy,data16/16615_dates.npy
16617,data16/16617_sits.npy,data16/16617_labels.npy,data16/16617_dates.npy
16793,data16/16793_sits.npy,data16/16793_labels.npy,data16/16793_dates.npy
16794,data16/16794_sits.npy,data16/16794_labels.npy,data16/16794_dates.npy
16795,data16/16795_sits.npy,data16/16795_labels.npy,data16/16795_dates.npy
16796,data16/16796_sits.npy,data16/16796_labels.npy,data16/16796_dates.npy
16809,data16/16809_sits.npy,data16/16809_labels.npy,data16/16809_dates.npy
16810,data16/16810_sits.npy,data16/16810_labels.npy,data16/16810_dates.npy
16811,data16/16811_sits.npy,data16/16811_labels.npy,data16/16811_dates.npy
16812,data16/16812_sits.npy,data16/16812_labels.npy,data16/16812_dates.npy
16813,data16/16813_sits.npy,data16/16813_labels.npy,data16/16813_dates.npy
16814,data16/16814_sits.npy,data16/16814_labels.npy,data16/16814_dates.npy
16817,data16/16817_sits.npy,data16/16817_labels.npy,data16/16817_dates.npy
16818,data16/16818_sits.npy,data16/16818_labels.npy,data16/16818_dates.npy
16819,data16/16819_sits.npy,data16/16819_labels.npy,data16/16819_dates.npy
16820,data16/16820_sits.npy,data16/16820_labels.npy,data16/16820_dates.npy
16821,data16/16821_sits.npy,data16/16821_labels.npy,data16/16821_dates.npy
16822,data16/16822_sits.npy,data16/16822_labels.npy,data16/16822_dates.npy
16825,data16/16825_sits.npy,data16/16825_labels.npy,data16/16825_dates.npy
16826,data16/16826_sits.npy,data16/16826_labels.npy,data16/16826_dates.npy
16827,data16/16827_sits.npy,data16/16827_labels.npy,data16/16827_dates.npy
16828,data16/16828_sits.npy,data16/16828_labels.npy,data16/16828_dates.npy
16829,data16/16829_sits.npy,data16/16829_labels.npy,data16/16829_dates.npy
16830,data16/16830_sits.npy,data16/16830_labels.npy,data16/16830_dates.npy
16849,data16/16849_sits.npy,data16/16849_labels.npy,data16/16849_dates.npy
16850,data16/16850_sits.npy,data16/16850_labels.npy,data16/16850_dates.npy
16851,data16/16851_sits.npy,data16/16851_labels.npy,data16/16851_dates.npy
16852,data16/16852_sits.npy,data16/16852_labels.npy,data16/16852_dates.npy
16853,data16/16853_sits.npy,data16/16853_labels.npy,data16/16853_dates.npy
16854,data16/16854_sits.npy,data16/16854_labels.npy,data16/16854_dates.npy
16857,data16/16857_sits.npy,data16/16857_labels.npy,data16/16857_dates.npy
16858,data16/16858_sits.npy,data16/16858_labels.npy,data16/16858_dates.npy
16859,data16/16859_sits.npy,data16/16859_labels.npy,data16/16859_dates.npy
16860,data16/16860_sits.npy,data16/16860_labels.npy,data16/16860_dates.npy
16862,data16/16862_sits.npy,data16/16862_labels.npy,data16/16862_dates.npy
16865,data16/16865_sits.npy,data16/16865_labels.npy,data16/16865_dates.npy
16866,data16/16866_sits.npy,data16/16866_labels.npy,data16/16866_dates.npy
16867,data16/16867_sits.npy,data16/16867_labels.npy,data16/16867_dates.npy
16868,data16/16868_sits.npy,data16/16868_labels.npy,data16/16868_dates.npy
16869,data16/16869_sits.npy,data16/16869_labels.npy,data16/16869_dates.npy
16870,data16/16870_sits.npy,data16/16870_labels.npy,data16/16870_dates.npy
16880,data16/16880_sits.npy,data16/16880_labels.npy,data16/16880_dates.npy
16882,data16/16882_sits.npy,data16/16882_labels.npy,data16/16882_dates.npy
16884,data16/16884_sits.npy,data16/16884_labels.npy,data16/16884_dates.npy
16897,data16/16897_sits.npy,data16/16897_labels.npy,data16/16897_dates.npy
16899,data16/16899_sits.npy,data16/16899_labels.npy,data16/16899_dates.npy
16900,data16/16900_sits.npy,data16/16900_labels.npy,data16/16900_dates.npy
16904,data16/16904_sits.npy,data16/16904_labels.npy,data16/16904_dates.npy
16905,data16/16905_sits.npy,data16/16905_labels.npy,data16/16905_dates.npy
16907,data16/16907_sits.npy,data16/16907_labels.npy,data16/16907_dates.npy
16909,data16/16909_sits.npy,data16/16909_labels.npy,data16/16909_dates.npy
16912,data16/16912_sits.npy,data16/16912_labels.npy,data16/16912_dates.npy
16914,data16/16914_sits.npy,data16/16914_labels.npy,data16/16914_dates.npy
16915,data16/16915_sits.npy,data16/16915_labels.npy,data16/16915_dates.npy
16917,data16/16917_sits.npy,data16/16917_labels.npy,data16/16917_dates.npy
16937,data16/16937_sits.npy,data16/16937_labels.npy,data16/16937_dates.npy
16939,data16/16939_sits.npy,data16/16939_labels.npy,data16/16939_dates.npy
16940,data16/16940_sits.npy,data16/16940_labels.npy,data16/16940_dates.npy
16944,data16/16944_sits.npy,data16/16944_labels.npy,data16/16944_dates.npy
16945,data16/16945_sits.npy,data16/16945_labels.npy,data16/16945_dates.npy
16947,data16/16947_sits.npy,data16/16947_labels.npy,data16/16947_dates.npy
16949,data16/16949_sits.npy,data16/16949_labels.npy,data16/16949_dates.npy
16952,data16/16952_sits.npy,data16/16952_labels.npy,data16/16952_dates.npy
16954,data16/16954_sits.npy,data16/16954_labels.npy,data16/16954_dates.npy
16955,data16/16955_sits.npy,data16/16955_labels.npy,data16/16955_dates.npy
16957,data16/16957_sits.npy,data16/16957_labels.npy,data16/16957_dates.npy
16967,data16/16967_sits.npy,data16/16967_labels.npy,data16/16967_dates.npy
16968,data16/16968_sits.npy,data16/16968_labels.npy,data16/16968_dates.npy
16969,data16/16969_sits.npy,data16/16969_labels.npy,data16/16969_dates.npy
16970,data16/16970_sits.npy,data16/16970_labels.npy,data16/16970_dates.npy
16972,data16/16972_sits.npy,data16/16972_labels.npy,data16/16972_dates.npy
16983,data16/16983_sits.npy,data16/16983_labels.npy,data16/16983_dates.npy
16984,data16/16984_sits.npy,data16/16984_labels.npy,data16/16984_dates.npy
16985,data16/16985_sits.npy,data16/16985_labels.npy,data16/16985_dates.npy
16987,data16/16987_sits.npy,data16/16987_labels.npy,data16/16987_dates.npy
16988,data16/16988_sits.npy,data16/16988_labels.npy,data16/16988_dates.npy
16992,data16/16992_sits.npy,data16/16992_labels.npy,data16/16992_dates.npy
16993,data16/16993_sits.npy,data16/16993_labels.npy,data16/16993_dates.npy
16994,data16/16994_sits.npy,data16/16994_labels.npy,data16/16994_dates.npy
16995,data16/16995_sits.npy,data16/16995_labels.npy,data16/16995_dates.npy
16999,data16/16999_sits.npy,data16/16999_labels.npy,data16/16999_dates.npy
17000,data16/17000_sits.npy,data16/17000_labels.npy,data16/17000_dates.npy
17002,data16/17002_sits.npy,data16/17002_labels.npy,data16/17002_dates.npy
17003,data16/17003_sits.npy,data16/17003_labels.npy,data16/17003_dates.npy
17004,data16/17004_sits.npy,data16/17004_labels.npy,data16/17004_dates.npy
17023,data16/17023_sits.npy,data16/17023_labels.npy,data16/17023_dates.npy
17024,data16/17024_sits.npy,data16/17024_labels.npy,data16/17024_dates.npy
17025,data16/17025_sits.npy,data16/17025_labels.npy,data16/17025_dates.npy
17027,data16/17027_sits.npy,data16/17027_labels.npy,data16/17027_dates.npy
17028,data16/17028_sits.npy,data16/17028_labels.npy,data16/17028_dates.npy
17032,data16/17032_sits.npy,data16/17032_labels.npy,data16/17032_dates.npy
17033,data16/17033_sits.npy,data16/17033_labels.npy,data16/17033_dates.npy
17039,data16/17039_sits.npy,data16/17039_labels.npy,data16/17039_dates.npy
17040,data16/17040_sits.npy,data16/17040_labels.npy,data16/17040_dates.npy
17042,data16/17042_sits.npy,data16/17042_labels.npy,data16/17042_dates.npy
17044,data16/17044_sits.npy,data16/17044_labels.npy,data16/17044_dates.npy
17054,data16/17054_sits.npy,data16/17054_labels.npy,data16/17054_dates.npy
17055,data16/17055_sits.npy,data16/17055_labels.npy,data16/17055_dates.npy
17056,data16/17056_sits.npy,data16/17056_labels.npy,data16/17056_dates.npy
17057,data16/17057_sits.npy,data16/17057_labels.npy,data16/17057_dates.npy
17058,data16/17058_sits.npy,data16/17058_labels.npy,data16/17058_dates.npy
17059,data16/17059_sits.npy,data16/17059_labels.npy,data16/17059_dates.npy
17070,data16/17070_sits.npy,data16/17070_labels.npy,data16/17070_dates.npy
17071,data16/17071_sits.npy,data16/17071_labels.npy,data16/17071_dates.npy
17072,data16/17072_sits.npy,data16/17072_labels.npy,data16/17072_dates.npy
17073,data16/17073_sits.npy,data16/17073_labels.npy,data16/17073_dates.npy
17074,data16/17074_sits.npy,data16/17074_labels.npy,data16/17074_dates.npy
17075,data16/17075_sits.npy,data16/17075_labels.npy,data16/17075_dates.npy
17078,data16/17078_sits.npy,data16/17078_labels.npy,data16/17078_dates.npy
17079,data16/17079_sits.npy,data16/17079_labels.npy,data16/17079_dates.npy
17080,data16/17080_sits.npy,data16/17080_labels.npy,data16/17080_dates.npy
17081,data16/17081_sits.npy,data16/17081_labels.npy,data16/17081_dates.npy
17082,data16/17082_sits.npy,data16/17082_labels.npy,data16/17082_dates.npy
17083,data16/17083_sits.npy,data16/17083_labels.npy,data16/17083_dates.npy
17086,data16/17086_sits.npy,data16/17086_labels.npy,data16/17086_dates.npy
17087,data16/17087_sits.npy,data16/17087_labels.npy,data16/17087_dates.npy
17088,data16/17088_sits.npy,data16/17088_labels.npy,data16/17088_dates.npy
17089,data16/17089_sits.npy,data16/17089_labels.npy,data16/17089_dates.npy
17090,data16/17090_sits.npy,data16/17090_labels.npy,data16/17090_dates.npy
17091,data16/17091_sits.npy,data16/17091_labels.npy,data16/17091_dates.npy
17110,data16/17110_sits.npy,data16/17110_labels.npy,data16/17110_dates.npy
17111,data16/17111_sits.npy,data16/17111_labels.npy,data16/17111_dates.npy
17112,data16/17112_sits.npy,data16/17112_labels.npy,data16/17112_dates.npy
17113,data16/17113_sits.npy,data16/17113_labels.npy,data16/17113_dates.npy
17114,data16/17114_sits.npy,data16/17114_labels.npy,data16/17114_dates.npy
17115,data16/17115_sits.npy,data16/17115_labels.npy,data16/17115_dates.npy
17118,data16/17118_sits.npy,data16/17118_labels.npy,data16/17118_dates.npy
17119,data16/17119_sits.npy,data16/17119_labels.npy,data16/17119_dates.npy
17120,data16/17120_sits.npy,data16/17120_labels.npy,data16/17120_dates.npy
17121,data16/17121_sits.npy,data16/17121_labels.npy,data16/17121_dates.npy
17126,data16/17126_sits.npy,data16/17126_labels.npy,data16/17126_dates.npy
17127,data16/17127_sits.npy,data16/17127_labels.npy,data16/17127_dates.npy
17128,data16/17128_sits.npy,data16/17128_labels.npy,data16/17128_dates.npy
17129,data16/17129_sits.npy,data16/17129_labels.npy,data16/17129_dates.npy
17141,data16/17141_sits.npy,data16/17141_labels.npy,data16/17141_dates.npy
17142,data16/17142_sits.npy,data16/17142_labels.npy,data16/17142_dates.npy
17143,data16/17143_sits.npy,data16/17143_labels.npy,data16/17143_dates.npy
17144,data16/17144_sits.npy,data16/17144_labels.npy,data16/17144_dates.npy
17157,data16/17157_sits.npy,data16/17157_labels.npy,data16/17157_dates.npy
17158,data16/17158_sits.npy,data16/17158_labels.npy,data16/17158_dates.npy
17159,data16/17159_sits.npy,data16/17159_labels.npy,data16/17159_dates.npy
17161,data16/17161_sits.npy,data16/17161_labels.npy,data16/17161_dates.npy
17162,data16/17162_sits.npy,data16/17162_labels.npy,data16/17162_dates.npy
17166,data16/17166_sits.npy,data16/17166_labels.npy,data16/17166_dates.npy
17167,data16/17167_sits.npy,data16/17167_labels.npy,data16/17167_dates.npy
17168,data16/17168_sits.npy,data16/17168_labels.npy,data16/17168_dates.npy
17169,data16/17169_sits.npy,data16/17169_labels.npy,data16/17169_dates.npy
17173,data16/17173_sits.npy,data16/17173_labels.npy,data16/17173_dates.npy
17174,data16/17174_sits.npy,data16/17174_labels.npy,data16/17174_dates.npy
17176,data16/17176_sits.npy,data16/17176_labels.npy,data16/17176_dates.npy
17177,data16/17177_sits.npy,data16/17177_labels.npy,data16/17177_dates.npy
17178,data16/17178_sits.npy,data16/17178_labels.npy,data16/17178_dates.npy
17197,data16/17197_sits.npy,data16/17197_labels.npy,data16/17197_dates.npy
17198,data16/17198_sits.npy,data16/17198_labels.npy,data16/17198_dates.npy
17199,data16/17199_sits.npy,data16/17199_labels.npy,data16/17199_dates.npy
17201,data16/17201_sits.npy,data16/17201_labels.npy,data16/17201_dates.npy
17202,data16/17202_sits.npy,data16/17202_labels.npy,data16/17202_dates.npy
17206,data16/17206_sits.npy,data16/17206_labels.npy,data16/17206_dates.npy
17207,data16/17207_sits.npy,data16/17207_labels.npy,data16/17207_dates.npy
17208,data16/17208_sits.npy,data16/17208_labels.npy,data16/17208_dates.npy
17209,data16/17209_sits.npy,data16/17209_labels.npy,data16/17209_dates.npy
17213,data16/17213_sits.npy,data16/17213_labels.npy,data16/17213_dates.npy
17214,data16/17214_sits.npy,data16/17214_labels.npy,data16/17214_dates.npy
17216,data16/17216_sits.npy,data16/17216_labels.npy,data16/17216_dates.npy
17217,data16/17217_sits.npy,data16/17217_labels.npy,data16/17217_dates.npy
17218,data16/17218_sits.npy,data16/17218_labels.npy,data16/17218_dates.npy
17228,data16/17228_sits.npy,data16/17228_labels.npy,data16/17228_dates.npy
17229,data16/17229_sits.npy,data16/17229_labels.npy,data16/17229_dates.npy
17230,data16/17230_sits.npy,data16/17230_labels.npy,data16/17230_dates.npy
17231,data16/17231_sits.npy,data16/17231_labels.npy,data16/17231_dates.npy
17232,data16/17232_sits.npy,data16/17232_labels.npy,data16/17232_dates.npy
17233,data16/17233_sits.npy,data16/17233_labels.npy,data16/17233_dates.npy
17244,data16/17244_sits.npy,data16/17244_labels.npy,data16/17244_dates.npy
17245,data16/17245_sits.npy,data16/17245_labels.npy,data16/17245_dates.npy
17246,data16/17246_sits.npy,data16/17246_labels.npy,data16/17246_dates.npy
17247,data16/17247_sits.npy,data16/17247_labels.npy,data16/17247_dates.npy
17248,data16/17248_sits.npy,data16/17248_labels.npy,data16/17248_dates.npy
17249,data16/17249_sits.npy,data16/17249_labels.npy,data16/17249_dates.npy
17252,data16/17252_sits.npy,data16/17252_labels.npy,data16/17252_dates.npy
17253,data16/17253_sits.npy,data16/17253_labels.npy,data16/17253_dates.npy
17254,data16/17254_sits.npy,data16/17254_labels.npy,data16/17254_dates.npy
17255,data16/17255_sits.npy,data16/17255_labels.npy,data16/17255_dates.npy
17256,data16/17256_sits.npy,data16/17256_labels.npy,data16/17256_dates.npy
17257,data16/17257_sits.npy,data16/17257_labels.npy,data16/17257_dates.npy
17260,data16/17260_sits.npy,data16/17260_labels.npy,data16/17260_dates.npy
17261,data16/17261_sits.npy,data16/17261_labels.npy,data16/17261_dates.npy
17262,data16/17262_sits.npy,data16/17262_labels.npy,data16/17262_dates.npy
17263,data16/17263_sits.npy,data16/17263_labels.npy,data16/17263_dates.npy
17264,data16/17264_sits.npy,data16/17264_labels.npy,data16/17264_dates.npy
17265,data16/17265_sits.npy,data16/17265_labels.npy,data16/17265_dates.npy
17284,data16/17284_sits.npy,data16/17284_labels.npy,data16/17284_dates.npy
17285,data16/17285_sits.npy,data16/17285_labels.npy,data16/17285_dates.npy
17286,data16/17286_sits.npy,data16/17286_labels.npy,data16/17286_dates.npy
17287,data16/17287_sits.npy,data16/17287_labels.npy,data16/17287_dates.npy
17288,data16/17288_sits.npy,data16/17288_labels.npy,data16/17288_dates.npy
17289,data16/17289_sits.npy,data16/17289_labels.npy,data16/17289_dates.npy
17292,data16/17292_sits.npy,data16/17292_labels.npy,data16/17292_dates.npy
17293,data16/17293_sits.npy,data16/17293_labels.npy,data16/17293_dates.npy
17294,data16/17294_sits.npy,data16/17294_labels.npy,data16/17294_dates.npy
17295,data16/17295_sits.npy,data16/17295_labels.npy,data16/17295_dates.npy
17296,data16/17296_sits.npy,data16/17296_labels.npy,data16/17296_dates.npy
17300,data16/17300_sits.npy,data16/17300_labels.npy,data16/17300_dates.npy
17301,data16/17301_sits.npy,data16/17301_labels.npy,data16/17301_dates.npy
17303,data16/17303_sits.npy,data16/17303_labels.npy,data16/17303_dates.npy
17304,data16/17304_sits.npy,data16/17304_labels.npy,data16/17304_dates.npy
17305,data16/17305_sits.npy,data16/17305_labels.npy,data16/17305_dates.npy
17489,data16/17489_sits.npy,data16/17489_labels.npy,data16/17489_dates.npy
17490,data16/17490_sits.npy,data16/17490_labels.npy,data16/17490_dates.npy
17491,data16/17491_sits.npy,data16/17491_labels.npy,data16/17491_dates.npy
17492,data16/17492_sits.npy,data16/17492_labels.npy,data16/17492_dates.npy
17493,data16/17493_sits.npy,data16/17493_labels.npy,data16/17493_dates.npy
17494,data16/17494_sits.npy,data16/17494_labels.npy,data16/17494_dates.npy
17497,data16/17497_sits.npy,data16/17497_labels.npy,data16/17497_dates.npy
17498,data16/17498_sits.npy,data16/17498_labels.npy,data16/17498_dates.npy
17499,data16/17499_sits.npy,data16/17499_labels.npy,data16/17499_dates.npy
17500,data16/17500_sits.npy,data16/17500_labels.npy,data16/17500_dates.npy
17501,data16/17501_sits.npy,data16/17501_labels.npy,data16/17501_dates.npy
17502,data16/17502_sits.npy,data16/17502_labels.npy,data16/17502_dates.npy
17505,data16/17505_sits.npy,data16/17505_labels.npy,data16/17505_dates.npy
17506,data16/17506_sits.npy,data16/17506_labels.npy,data16/17506_dates.npy
17507,data16/17507_sits.npy,data16/17507_labels.npy,data16/17507_dates.npy
17508,data16/17508_sits.npy,data16/17508_labels.npy,data16/17508_dates.npy
17509,data16/17509_sits.npy,data16/17509_labels.npy,data16/17509_dates.npy
17510,data16/17510_sits.npy,data16/17510_labels.npy,data16/17510_dates.npy
17513,data16/17513_sits.npy,data16/17513_labels.npy,data16/17513_dates.npy
17514,data16/17514_sits.npy,data16/17514_labels.npy,data16/17514_dates.npy
17515,data16/17515_sits.npy,data16/17515_labels.npy,data16/17515_dates.npy
17516,data16/17516_sits.npy,data16/17516_labels.npy,data16/17516_dates.npy
17517,data16/17517_sits.npy,data16/17517_labels.npy,data16/17517_dates.npy
17518,data16/17518_sits.npy,data16/17518_labels.npy,data16/17518_dates.npy
17521,data16/17521_sits.npy,data16/17521_labels.npy,data16/17521_dates.npy
17522,data16/17522_sits.npy,data16/17522_labels.npy,data16/17522_dates.npy
17523,data16/17523_sits.npy,data16/17523_labels.npy,data16/17523_dates.npy
17524,data16/17524_sits.npy,data16/17524_labels.npy,data16/17524_dates.npy
17525,data16/17525_sits.npy,data16/17525_labels.npy,data16/17525_dates.npy
17526,data16/17526_sits.npy,data16/17526_labels.npy,data16/17526_dates.npy
17553,data16/17553_sits.npy,data16/17553_labels.npy,data16/17553_dates.npy
17554,data16/17554_sits.npy,data16/17554_labels.npy,data16/17554_dates.npy
17555,data16/17555_sits.npy,data16/17555_labels.npy,data16/17555_dates.npy
17556,data16/17556_sits.npy,data16/17556_labels.npy,data16/17556_dates.npy
17557,data16/17557_sits.npy,data16/17557_labels.npy,data16/17557_dates.npy
17558,data16/17558_sits.npy,data16/17558_labels.npy,data16/17558_dates.npy
17562,data16/17562_sits.npy,data16/17562_labels.npy,data16/17562_dates.npy
17563,data16/17563_sits.npy,data16/17563_labels.npy,data16/17563_dates.npy
17576,data16/17576_sits.npy,data16/17576_labels.npy,data16/17576_dates.npy
17577,data16/17577_sits.npy,data16/17577_labels.npy,data16/17577_dates.npy
17578,data16/17578_sits.npy,data16/17578_labels.npy,data16/17578_dates.npy
17579,data16/17579_sits.npy,data16/17579_labels.npy,data16/17579_dates.npy
17581,data16/17581_sits.npy,data16/17581_labels.npy,data16/17581_dates.npy
17584,data16/17584_sits.npy,data16/17584_labels.npy,data16/17584_dates.npy
17586,data16/17586_sits.npy,data16/17586_labels.npy,data16/17586_dates.npy
17587,data16/17587_sits.npy,data16/17587_labels.npy,data16/17587_dates.npy
17588,data16/17588_sits.npy,data16/17588_labels.npy,data16/17588_dates.npy
17589,data16/17589_sits.npy,data16/17589_labels.npy,data16/17589_dates.npy
17592,data16/17592_sits.npy,data16/17592_labels.npy,data16/17592_dates.npy
17593,data16/17593_sits.npy,data16/17593_labels.npy,data16/17593_dates.npy
17594,data16/17594_sits.npy,data16/17594_labels.npy,data16/17594_dates.npy
17596,data16/17596_sits.npy,data16/17596_labels.npy,data16/17596_dates.npy
17597,data16/17597_sits.npy,data16/17597_labels.npy,data16/17597_dates.npy
17601,data16/17601_sits.npy,data16/17601_labels.npy,data16/17601_dates.npy
17602,data16/17602_sits.npy,data16/17602_labels.npy,data16/17602_dates.npy
17603,data16/17603_sits.npy,data16/17603_labels.npy,data16/17603_dates.npy
17604,data16/17604_sits.npy,data16/17604_labels.npy,data16/17604_dates.npy
17608,data16/17608_sits.npy,data16/17608_labels.npy,data16/17608_dates.npy
17609,data16/17609_sits.npy,data16/17609_labels.npy,data16/17609_dates.npy
17611,data16/17611_sits.npy,data16/17611_labels.npy,data16/17611_dates.npy
17612,data16/17612_sits.npy,data16/17612_labels.npy,data16/17612_dates.npy
17613,data16/17613_sits.npy,data16/17613_labels.npy,data16/17613_dates.npy
17641,data16/17641_sits.npy,data16/17641_labels.npy,data16/17641_dates.npy
17642,data16/17642_sits.npy,data16/17642_labels.npy,data16/17642_dates.npy
17643,data16/17643_sits.npy,data16/17643_labels.npy,data16/17643_dates.npy
17644,data16/17644_sits.npy,data16/17644_labels.npy,data16/17644_dates.npy
17653,data16/17653_sits.npy,data16/17653_labels.npy,data16/17653_dates.npy
17663,data16/17663_sits.npy,data16/17663_labels.npy,data16/17663_dates.npy
17664,data16/17664_sits.npy,data16/17664_labels.npy,data16/17664_dates.npy
17666,data16/17666_sits.npy,data16/17666_labels.npy,data16/17666_dates.npy
17667,data16/17667_sits.npy,data16/17667_labels.npy,data16/17667_dates.npy
17668,data16/17668_sits.npy,data16/17668_labels.npy,data16/17668_dates.npy
17671,data16/17671_sits.npy,data16/17671_labels.npy,data16/17671_dates.npy
17672,data16/17672_sits.npy,data16/17672_labels.npy,data16/17672_dates.npy
17673,data16/17673_sits.npy,data16/17673_labels.npy,data16/17673_dates.npy
17674,data16/17674_sits.npy,data16/17674_labels.npy,data16/17674_dates.npy
17675,data16/17675_sits.npy,data16/17675_labels.npy,data16/17675_dates.npy
17676,data16/17676_sits.npy,data16/17676_labels.npy,data16/17676_dates.npy
17679,data16/17679_sits.npy,data16/17679_labels.npy,data16/17679_dates.npy
17680,data16/17680_sits.npy,data16/17680_labels.npy,data16/17680_dates.npy
17681,data16/17681_sits.npy,data16/17681_labels.npy,data16/17681_dates.npy
17682,data16/17682_sits.npy,data16/17682_labels.npy,data16/17682_dates.npy
17683,data16/17683_sits.npy,data16/17683_labels.npy,data16/17683_dates.npy
17684,data16/17684_sits.npy,data16/17684_labels.npy,data16/17684_dates.npy
17687,data16/17687_sits.npy,data16/17687_labels.npy,data16/17687_dates.npy
17688,data16/17688_sits.npy,data16/17688_labels.npy,data16/17688_dates.npy
17689,data16/17689_sits.npy,data16/17689_labels.npy,data16/17689_dates.npy
17690,data16/17690_sits.npy,data16/17690_labels.npy,data16/17690_dates.npy
17691,data16/17691_sits.npy,data16/17691_labels.npy,data16/17691_dates.npy
17692,data16/17692_sits.npy,data16/17692_labels.npy,data16/17692_dates.npy
17695,data16/17695_sits.npy,data16/17695_labels.npy,data16/17695_dates.npy
17696,data16/17696_sits.npy,data16/17696_labels.npy,data16/17696_dates.npy
17697,data16/17697_sits.npy,data16/17697_labels.npy,data16/17697_dates.npy
17698,data16/17698_sits.npy,data16/17698_labels.npy,data16/17698_dates.npy
17699,data16/17699_sits.npy,data16/17699_labels.npy,data16/17699_dates.npy
17700,data16/17700_sits.npy,data16/17700_labels.npy,data16/17700_dates.npy
17727,data16/17727_sits.npy,data16/17727_labels.npy,data16/17727_dates.npy
17728,data16/17728_sits.npy,data16/17728_labels.npy,data16/17728_dates.npy
17729,data16/17729_sits.npy,data16/17729_labels.npy,data16/17729_dates.npy
17730,data16/17730_sits.npy,data16/17730_labels.npy,data16/17730_dates.npy
17731,data16/17731_sits.npy,data16/17731_labels.npy,data16/17731_dates.npy
17732,data16/17732_sits.npy,data16/17732_labels.npy,data16/17732_dates.npy
17739,data16/17739_sits.npy,data16/17739_labels.npy,data16/17739_dates.npy
17750,data16/17750_sits.npy,data16/17750_labels.npy,data16/17750_dates.npy
17752,data16/17752_sits.npy,data16/17752_labels.npy,data16/17752_dates.npy
17754,data16/17754_sits.npy,data16/17754_labels.npy,data16/17754_dates.npy
17755,data16/17755_sits.npy,data16/17755_labels.npy,data16/17755_dates.npy
17759,data16/17759_sits.npy,data16/17759_labels.npy,data16/17759_dates.npy
17767,data16/17767_sits.npy,data16/17767_labels.npy,data16/17767_dates.npy
17769,data16/17769_sits.npy,data16/17769_labels.npy,data16/17769_dates.npy
17770,data16/17770_sits.npy,data16/17770_labels.npy,data16/17770_dates.npy
17774,data16/17774_sits.npy,data16/17774_labels.npy,data16/17774_dates.npy
17775,data16/17775_sits.npy,data16/17775_labels.npy,data16/17775_dates.npy
17777,data16/17777_sits.npy,data16/17777_labels.npy,data16/17777_dates.npy
17779,data16/17779_sits.npy,data16/17779_labels.npy,data16/17779_dates.npy
17782,data16/17782_sits.npy,data16/17782_labels.npy,data16/17782_dates.npy
17784,data16/17784_sits.npy,data16/17784_labels.npy,data16/17784_dates.npy
17785,data16/17785_sits.npy,data16/17785_labels.npy,data16/17785_dates.npy
17787,data16/17787_sits.npy,data16/17787_labels.npy,data16/17787_dates.npy
17814,data16/17814_sits.npy,data16/17814_labels.npy,data16/17814_dates.npy
17815,data16/17815_sits.npy,data16/17815_labels.npy,data16/17815_dates.npy
17817,data16/17817_sits.npy,data16/17817_labels.npy,data16/17817_dates.npy
17819,data16/17819_sits.npy,data16/17819_labels.npy,data16/17819_dates.npy
17837,data16/17837_sits.npy,data16/17837_labels.npy,data16/17837_dates.npy
17838,data16/17838_sits.npy,data16/17838_labels.npy,data16/17838_dates.npy
17839,data16/17839_sits.npy,data16/17839_labels.npy,data16/17839_dates.npy
17840,data16/17840_sits.npy,data16/17840_labels.npy,data16/17840_dates.npy
17842,data16/17842_sits.npy,data16/17842_labels.npy,data16/17842_dates.npy
17845,data16/17845_sits.npy,data16/17845_labels.npy,data16/17845_dates.npy
17853,data16/17853_sits.npy,data16/17853_labels.npy,data16/17853_dates.npy
17854,data16/17854_sits.npy,data16/17854_labels.npy,data16/17854_dates.npy
17855,data16/17855_sits.npy,data16/17855_labels.npy,data16/17855_dates.npy
17857,data16/17857_sits.npy,data16/17857_labels.npy,data16/17857_dates.npy
17858,data16/17858_sits.npy,data16/17858_labels.npy,data16/17858_dates.npy
17862,data16/17862_sits.npy,data16/17862_labels.npy,data16/17862_dates.npy
17863,data16/17863_sits.npy,data16/17863_labels.npy,data16/17863_dates.npy
17864,data16/17864_sits.npy,data16/17864_labels.npy,data16/17864_dates.npy
17865,data16/17865_sits.npy,data16/17865_labels.npy,data16/17865_dates.npy
17869,data16/17869_sits.npy,data16/17869_labels.npy,data16/17869_dates.npy
17870,data16/17870_sits.npy,data16/17870_labels.npy,data16/17870_dates.npy
17872,data16/17872_sits.npy,data16/17872_labels.npy,data16/17872_dates.npy
17873,data16/17873_sits.npy,data16/17873_labels.npy,data16/17873_dates.npy
17874,data16/17874_sits.npy,data16/17874_labels.npy,data16/17874_dates.npy
17902,data16/17902_sits.npy,data16/17902_labels.npy,data16/17902_dates.npy
17903,data16/17903_sits.npy,data16/17903_labels.npy,data16/17903_dates.npy
17904,data16/17904_sits.npy,data16/17904_labels.npy,data16/17904_dates.npy
17905,data16/17905_sits.npy,data16/17905_labels.npy,data16/17905_dates.npy
17909,data16/17909_sits.npy,data16/17909_labels.npy,data16/17909_dates.npy
17910,data16/17910_sits.npy,data16/17910_labels.npy,data16/17910_dates.npy
17913,data16/17913_sits.npy,data16/17913_labels.npy,data16/17913_dates.npy
17914,data16/17914_sits.npy,data16/17914_labels.npy,data16/17914_dates.npy
17924,data16/17924_sits.npy,data16/17924_labels.npy,data16/17924_dates.npy
17925,data16/17925_sits.npy,data16/17925_labels.npy,data16/17925_dates.npy
17926,data16/17926_sits.npy,data16/17926_labels.npy,data16/17926_dates.npy
17927,data16/17927_sits.npy,data16/17927_labels.npy,data16/17927_dates.npy
17928,data16/17928_sits.npy,data16/17928_labels.npy,data16/17928_dates.npy
17929,data16/17929_sits.npy,data16/17929_labels.npy,data16/17929_dates.npy
17932,data16/17932_sits.npy,data16/17932_labels.npy,data16/17932_dates.npy
17933,data16/17933_sits.npy,data16/17933_labels.npy,data16/17933_dates.npy
17934,data16/17934_sits.npy,data16/17934_labels.npy,data16/17934_dates.npy
17940,data16/17940_sits.npy,data16/17940_labels.npy,data16/17940_dates.npy
17941,data16/17941_sits.npy,data16/17941_labels.npy,data16/17941_dates.npy
17942,data16/17942_sits.npy,data16/17942_labels.npy,data16/17942_dates.npy
17943,data16/17943_sits.npy,data16/17943_labels.npy,data16/17943_dates.npy
17944,data16/17944_sits.npy,data16/17944_labels.npy,data16/17944_dates.npy
17945,data16/17945_sits.npy,data16/17945_labels.npy,data16/17945_dates.npy
17948,data16/17948_sits.npy,data16/17948_labels.npy,data16/17948_dates.npy
17949,data16/17949_sits.npy,data16/17949_labels.npy,data16/17949_dates.npy
17950,data16/17950_sits.npy,data16/17950_labels.npy,data16/17950_dates.npy
17951,data16/17951_sits.npy,data16/17951_labels.npy,data16/17951_dates.npy
17952,data16/17952_sits.npy,data16/17952_labels.npy,data16/17952_dates.npy
17953,data16/17953_sits.npy,data16/17953_labels.npy,data16/17953_dates.npy
17956,data16/17956_sits.npy,data16/17956_labels.npy,data16/17956_dates.npy
17957,data16/17957_sits.npy,data16/17957_labels.npy,data16/17957_dates.npy
17958,data16/17958_sits.npy,data16/17958_labels.npy,data16/17958_dates.npy
17959,data16/17959_sits.npy,data16/17959_labels.npy,data16/17959_dates.npy
17960,data16/17960_sits.npy,data16/17960_labels.npy,data16/17960_dates.npy
17961,data16/17961_sits.npy,data16/17961_labels.npy,data16/17961_dates.npy
17988,data16/17988_sits.npy,data16/17988_labels.npy,data16/17988_dates.npy
17989,data16/17989_sits.npy,data16/17989_labels.npy,data16/17989_dates.npy
17990,data16/17990_sits.npy,data16/17990_labels.npy,data16/17990_dates.npy
17991,data16/17991_sits.npy,data16/17991_labels.npy,data16/17991_dates.npy
17992,data16/17992_sits.npy,data16/17992_labels.npy,data16/17992_dates.npy
17993,data16/17993_sits.npy,data16/17993_labels.npy,data16/17993_dates.npy
17996,data16/17996_sits.npy,data16/17996_labels.npy,data16/17996_dates.npy
17998,data16/17998_sits.npy,data16/17998_labels.npy,data16/17998_dates.npy
18001,data16/18001_sits.npy,data16/18001_labels.npy,data16/18001_dates.npy
18185,data16/18185_sits.npy,data16/18185_labels.npy,data16/18185_dates.npy
18187,data16/18187_sits.npy,data16/18187_labels.npy,data16/18187_dates.npy
18189,data16/18189_sits.npy,data16/18189_labels.npy,data16/18189_dates.npy
18190,data16/18190_sits.npy,data16/18190_labels.npy,data16/18190_dates.npy
18209,data16/18209_sits.npy,data16/18209_labels.npy,data16/18209_dates.npy
18210,data16/18210_sits.npy,data16/18210_labels.npy,data16/18210_dates.npy
18212,data16/18212_sits.npy,data16/18212_labels.npy,data16/18212_dates.npy
18214,data16/18214_sits.npy,data16/18214_labels.npy,data16/18214_dates.npy
18217,data16/18217_sits.npy,data16/18217_labels.npy,data16/18217_dates.npy
18219,data16/18219_sits.npy,data16/18219_labels.npy,data16/18219_dates.npy
18220,data16/18220_sits.npy,data16/18220_labels.npy,data16/18220_dates.npy
18222,data16/18222_sits.npy,data16/18222_labels.npy,data16/18222_dates.npy
18234,data16/18234_sits.npy,data16/18234_labels.npy,data16/18234_dates.npy
18235,data16/18235_sits.npy,data16/18235_labels.npy,data16/18235_dates.npy
18237,data16/18237_sits.npy,data16/18237_labels.npy,data16/18237_dates.npy
18272,data16/18272_sits.npy,data16/18272_labels.npy,data16/18272_dates.npy
18273,data16/18273_sits.npy,data16/18273_labels.npy,data16/18273_dates.npy
18274,data16/18274_sits.npy,data16/18274_labels.npy,data16/18274_dates.npy
18275,data16/18275_sits.npy,data16/18275_labels.npy,data16/18275_dates.npy
18277,data16/18277_sits.npy,data16/18277_labels.npy,data16/18277_dates.npy
18297,data16/18297_sits.npy,data16/18297_labels.npy,data16/18297_dates.npy
18298,data16/18298_sits.npy,data16/18298_labels.npy,data16/18298_dates.npy
18299,data16/18299_sits.npy,data16/18299_labels.npy,data16/18299_dates.npy
18300,data16/18300_sits.npy,data16/18300_labels.npy,data16/18300_dates.npy
18304,data16/18304_sits.npy,data16/18304_labels.npy,data16/18304_dates.npy
18305,data16/18305_sits.npy,data16/18305_labels.npy,data16/18305_dates.npy
18307,data16/18307_sits.npy,data16/18307_labels.npy,data16/18307_dates.npy
18308,data16/18308_sits.npy,data16/18308_labels.npy,data16/18308_dates.npy
18309,data16/18309_sits.npy,data16/18309_labels.npy,data16/18309_dates.npy
18320,data16/18320_sits.npy,data16/18320_labels.npy,data16/18320_dates.npy
18322,data16/18322_sits.npy,data16/18322_labels.npy,data16/18322_dates.npy
18323,data16/18323_sits.npy,data16/18323_labels.npy,data16/18323_dates.npy
18324,data16/18324_sits.npy,data16/18324_labels.npy,data16/18324_dates.npy
18325,data16/18325_sits.npy,data16/18325_labels.npy,data16/18325_dates.npy
18359,data16/18359_sits.npy,data16/18359_labels.npy,data16/18359_dates.npy
18360,data16/18360_sits.npy,data16/18360_labels.npy,data16/18360_dates.npy
18361,data16/18361_sits.npy,data16/18361_labels.npy,data16/18361_dates.npy
18362,data16/18362_sits.npy,data16/18362_labels.npy,data16/18362_dates.npy
18363,data16/18363_sits.npy,data16/18363_labels.npy,data16/18363_dates.npy
18364,data16/18364_sits.npy,data16/18364_labels.npy,data16/18364_dates.npy
18383,data16/18383_sits.npy,data16/18383_labels.npy,data16/18383_dates.npy
18384,data16/18384_sits.npy,data16/18384_labels.npy,data16/18384_dates.npy
18385,data16/18385_sits.npy,data16/18385_labels.npy,data16/18385_dates.npy
18386,data16/18386_sits.npy,data16/18386_labels.npy,data16/18386_dates.npy
18387,data16/18387_sits.npy,data16/18387_labels.npy,data16/18387_dates.npy
18388,data16/18388_sits.npy,data16/18388_labels.npy,data16/18388_dates.npy
18391,data16/18391_sits.npy,data16/18391_labels.npy,data16/18391_dates.npy
18392,data16/18392_sits.npy,data16/18392_labels.npy,data16/18392_dates.npy
18393,data16/18393_sits.npy,data16/18393_labels.npy,data16/18393_dates.npy
18394,data16/18394_sits.npy,data16/18394_labels.npy,data16/18394_dates.npy
18395,data16/18395_sits.npy,data16/18395_labels.npy,data16/18395_dates.npy
18396,data16/18396_sits.npy,data16/18396_labels.npy,data16/18396_dates.npy
18407,data16/18407_sits.npy,data16/18407_labels.npy,data16/18407_dates.npy
18408,data16/18408_sits.npy,data16/18408_labels.npy,data16/18408_dates.npy
18409,data16/18409_sits.npy,data16/18409_labels.npy,data16/18409_dates.npy
18410,data16/18410_sits.npy,data16/18410_labels.npy,data16/18410_dates.npy
18411,data16/18411_sits.npy,data16/18411_labels.npy,data16/18411_dates.npy
18412,data16/18412_sits.npy,data16/18412_labels.npy,data16/18412_dates.npy
