fieldID,imagepath,labelpath,datepath
97,data16/97_sits.npy,data16/97_labels.npy,data16/97_dates.npy
98,data16/98_sits.npy,data16/98_labels.npy,data16/98_dates.npy
99,data16/99_sits.npy,data16/99_labels.npy,data16/99_dates.npy
100,data16/100_sits.npy,data16/100_labels.npy,data16/100_dates.npy
101,data16/101_sits.npy,data16/101_labels.npy,data16/101_dates.npy
113,data16/113_sits.npy,data16/113_labels.npy,data16/113_dates.npy
114,data16/114_sits.npy,data16/114_labels.npy,data16/114_dates.npy
115,data16/115_sits.npy,data16/115_labels.npy,data16/115_dates.npy
116,data16/116_sits.npy,data16/116_labels.npy,data16/116_dates.npy
117,data16/117_sits.npy,data16/117_labels.npy,data16/117_dates.npy
118,data16/118_sits.npy,data16/118_labels.npy,data16/118_dates.npy
121,data16/121_sits.npy,data16/121_labels.npy,data16/121_dates.npy
122,data16/122_sits.npy,data16/122_labels.npy,data16/122_dates.npy
123,data16/123_sits.npy,data16/123_labels.npy,data16/123_dates.npy
124,data16/124_sits.npy,data16/124_labels.npy,data16/124_dates.npy
125,data16/125_sits.npy,data16/125_labels.npy,data16/125_dates.npy
126,data16/126_sits.npy,data16/126_labels.npy,data16/126_dates.npy
129,data16/129_sits.npy,data16/129_labels.npy,data16/129_dates.npy
130,data16/130_sits.npy,data16/130_labels.npy,data16/130_dates.npy
131,data16/131_sits.npy,data16/131_labels.npy,data16/131_dates.npy
132,data16/132_sits.npy,data16/132_labels.npy,data16/132_dates.npy
133,data16/133_sits.npy,data16/133_labels.npy,data16/133_dates.npy
134,data16/134_sits.npy,data16/134_labels.npy,data16/134_dates.npy
137,data16/137_sits.npy,data16/137_labels.npy,data16/137_dates.npy
138,data16/138_sits.npy,data16/138_labels.npy,data16/138_dates.npy
139,data16/139_sits.npy,data16/139_labels.npy,data16/139_dates.npy
140,data16/140_sits.npy,data16/140_labels.npy,data16/140_dates.npy
141,data16/141_sits.npy,data16/141_labels.npy,data16/141_dates.npy
142,data16/142_sits.npy,data16/142_labels.npy,data16/142_dates.npy
145,data16/145_sits.npy,data16/145_labels.npy,data16/145_dates.npy
146,data16/146_sits.npy,data16/146_labels.npy,data16/146_dates.npy
147,data16/147_sits.npy,data16/147_labels.npy,data16/147_dates.npy
148,data16/148_sits.npy,data16/148_labels.npy,data16/148_dates.npy
149,data16/149_sits.npy,data16/149_labels.npy,data16/149_dates.npy
150,data16/150_sits.npy,data16/150_labels.npy,data16/150_dates.npy
153,data16/153_sits.npy,data16/153_labels.npy,data16/153_dates.npy
154,data16/154_sits.npy,data16/154_labels.npy,data16/154_dates.npy
155,data16/155_sits.npy,data16/155_labels.npy,data16/155_dates.npy
156,data16/156_sits.npy,data16/156_labels.npy,data16/156_dates.npy
157,data16/157_sits.npy,data16/157_labels.npy,data16/157_dates.npy
158,data16/158_sits.npy,data16/158_labels.npy,data16/158_dates.npy
161,data16/161_sits.npy,data16/161_labels.npy,data16/161_dates.npy
162,data16/162_sits.npy,data16/162_labels.npy,data16/162_dates.npy
163,data16/163_sits.npy,data16/163_labels.npy,data16/163_dates.npy
165,data16/165_sits.npy,data16/165_labels.npy,data16/165_dates.npy
166,data16/166_sits.npy,data16/166_labels.npy,data16/166_dates.npy
184,data16/184_sits.npy,data16/184_labels.npy,data16/184_dates.npy
186,data16/186_sits.npy,data16/186_labels.npy,data16/186_dates.npy
188,data16/188_sits.npy,data16/188_labels.npy,data16/188_dates.npy
189,data16/189_sits.npy,data16/189_labels.npy,data16/189_dates.npy
201,data16/201_sits.npy,data16/201_labels.npy,data16/201_dates.npy
202,data16/202_sits.npy,data16/202_labels.npy,data16/202_dates.npy
203,data16/203_sits.npy,data16/203_labels.npy,data16/203_dates.npy
204,data16/204_sits.npy,data16/204_labels.npy,data16/204_dates.npy
208,data16/208_sits.npy,data16/208_labels.npy,data16/208_dates.npy
209,data16/209_sits.npy,data16/209_labels.npy,data16/209_dates.npy
211,data16/211_sits.npy,data16/211_labels.npy,data16/211_dates.npy
212,data16/212_sits.npy,data16/212_labels.npy,data16/212_dates.npy
213,data16/213_sits.npy,data16/213_labels.npy,data16/213_dates.npy
216,data16/216_sits.npy,data16/216_labels.npy,data16/216_dates.npy
217,data16/217_sits.npy,data16/217_labels.npy,data16/217_dates.npy
218,data16/218_sits.npy,data16/218_labels.npy,data16/218_dates.npy
219,data16/219_sits.npy,data16/219_labels.npy,data16/219_dates.npy
221,data16/221_sits.npy,data16/221_labels.npy,data16/221_dates.npy
224,data16/224_sits.npy,data16/224_labels.npy,data16/224_dates.npy
226,data16/226_sits.npy,data16/226_labels.npy,data16/226_dates.npy
227,data16/227_sits.npy,data16/227_labels.npy,data16/227_dates.npy
228,data16/228_sits.npy,data16/228_labels.npy,data16/228_dates.npy
229,data16/229_sits.npy,data16/229_labels.npy,data16/229_dates.npy
232,data16/232_sits.npy,data16/232_labels.npy,data16/232_dates.npy
233,data16/233_sits.npy,data16/233_labels.npy,data16/233_dates.npy
234,data16/234_sits.npy,data16/234_labels.npy,data16/234_dates.npy
236,data16/236_sits.npy,data16/236_labels.npy,data16/236_dates.npy
237,data16/237_sits.npy,data16/237_labels.npy,data16/237_dates.npy
241,data16/241_sits.npy,data16/241_labels.npy,data16/241_dates.npy
242,data16/242_sits.npy,data16/242_labels.npy,data16/242_dates.npy
243,data16/243_sits.npy,data16/243_labels.npy,data16/243_dates.npy
244,data16/244_sits.npy,data16/244_labels.npy,data16/244_dates.npy
248,data16/248_sits.npy,data16/248_labels.npy,data16/248_dates.npy
249,data16/249_sits.npy,data16/249_labels.npy,data16/249_dates.npy
251,data16/251_sits.npy,data16/251_labels.npy,data16/251_dates.npy
252,data16/252_sits.npy,data16/252_labels.npy,data16/252_dates.npy
253,data16/253_sits.npy,data16/253_labels.npy,data16/253_dates.npy
271,data16/271_sits.npy,data16/271_labels.npy,data16/271_dates.npy
272,data16/272_sits.npy,data16/272_labels.npy,data16/272_dates.npy
273,data16/273_sits.npy,data16/273_labels.npy,data16/273_dates.npy
274,data16/274_sits.npy,data16/274_labels.npy,data16/274_dates.npy
275,data16/275_sits.npy,data16/275_labels.npy,data16/275_dates.npy
276,data16/276_sits.npy,data16/276_labels.npy,data16/276_dates.npy
287,data16/287_sits.npy,data16/287_labels.npy,data16/287_dates.npy
288,data16/288_sits.npy,data16/288_labels.npy,data16/288_dates.npy
289,data16/289_sits.npy,data16/289_labels.npy,data16/289_dates.npy
291,data16/291_sits.npy,data16/291_labels.npy,data16/291_dates.npy
292,data16/292_sits.npy,data16/292_labels.npy,data16/292_dates.npy
295,data16/295_sits.npy,data16/295_labels.npy,data16/295_dates.npy
296,data16/296_sits.npy,data16/296_labels.npy,data16/296_dates.npy
297,data16/297_sits.npy,data16/297_labels.npy,data16/297_dates.npy
298,data16/298_sits.npy,data16/298_labels.npy,data16/298_dates.npy
299,data16/299_sits.npy,data16/299_labels.npy,data16/299_dates.npy
300,data16/300_sits.npy,data16/300_labels.npy,data16/300_dates.npy
303,data16/303_sits.npy,data16/303_labels.npy,data16/303_dates.npy
304,data16/304_sits.npy,data16/304_labels.npy,data16/304_dates.npy
305,data16/305_sits.npy,data16/305_labels.npy,data16/305_dates.npy
306,data16/306_sits.npy,data16/306_labels.npy,data16/306_dates.npy
307,data16/307_sits.npy,data16/307_labels.npy,data16/307_dates.npy
308,data16/308_sits.npy,data16/308_labels.npy,data16/308_dates.npy
311,data16/311_sits.npy,data16/311_labels.npy,data16/311_dates.npy
312,data16/312_sits.npy,data16/312_labels.npy,data16/312_dates.npy
313,data16/313_sits.npy,data16/313_labels.npy,data16/313_dates.npy
314,data16/314_sits.npy,data16/314_labels.npy,data16/314_dates.npy
315,data16/315_sits.npy,data16/315_labels.npy,data16/315_dates.npy
316,data16/316_sits.npy,data16/316_labels.npy,data16/316_dates.npy
319,data16/319_sits.npy,data16/319_labels.npy,data16/319_dates.npy
320,data16/320_sits.npy,data16/320_labels.npy,data16/320_dates.npy
321,data16/321_sits.npy,data16/321_labels.npy,data16/321_dates.npy
322,data16/322_sits.npy,data16/322_labels.npy,data16/322_dates.npy
323,data16/323_sits.npy,data16/323_labels.npy,data16/323_dates.npy
324,data16/324_sits.npy,data16/324_labels.npy,data16/324_dates.npy
327,data16/327_sits.npy,data16/327_labels.npy,data16/327_dates.npy
328,data16/328_sits.npy,data16/328_labels.npy,data16/328_dates.npy
329,data16/329_sits.npy,data16/329_labels.npy,data16/329_dates.npy
330,data16/330_sits.npy,data16/330_labels.npy,data16/330_dates.npy
335,data16/335_sits.npy,data16/335_labels.npy,data16/335_dates.npy
336,data16/336_sits.npy,data16/336_labels.npy,data16/336_dates.npy
337,data16/337_sits.npy,data16/337_labels.npy,data16/337_dates.npy
338,data16/338_sits.npy,data16/338_labels.npy,data16/338_dates.npy
339,data16/339_sits.npy,data16/339_labels.npy,data16/339_dates.npy
340,data16/340_sits.npy,data16/340_labels.npy,data16/340_dates.npy
359,data16/359_sits.npy,data16/359_labels.npy,data16/359_dates.npy
360,data16/360_sits.npy,data16/360_labels.npy,data16/360_dates.npy
362,data16/362_sits.npy,data16/362_labels.npy,data16/362_dates.npy
374,data16/374_sits.npy,data16/374_labels.npy,data16/374_dates.npy
375,data16/375_sits.npy,data16/375_labels.npy,data16/375_dates.npy
385,data16/385_sits.npy,data16/385_labels.npy,data16/385_dates.npy
387,data16/387_sits.npy,data16/387_labels.npy,data16/387_dates.npy
390,data16/390_sits.npy,data16/390_labels.npy,data16/390_dates.npy
392,data16/392_sits.npy,data16/392_labels.npy,data16/392_dates.npy
394,data16/394_sits.npy,data16/394_labels.npy,data16/394_dates.npy
395,data16/395_sits.npy,data16/395_labels.npy,data16/395_dates.npy
399,data16/399_sits.npy,data16/399_labels.npy,data16/399_dates.npy
400,data16/400_sits.npy,data16/400_labels.npy,data16/400_dates.npy
407,data16/407_sits.npy,data16/407_labels.npy,data16/407_dates.npy
409,data16/409_sits.npy,data16/409_labels.npy,data16/409_dates.npy
414,data16/414_sits.npy,data16/414_labels.npy,data16/414_dates.npy
415,data16/415_sits.npy,data16/415_labels.npy,data16/415_dates.npy
417,data16/417_sits.npy,data16/417_labels.npy,data16/417_dates.npy
422,data16/422_sits.npy,data16/422_labels.npy,data16/422_dates.npy
424,data16/424_sits.npy,data16/424_labels.npy,data16/424_dates.npy
425,data16/425_sits.npy,data16/425_labels.npy,data16/425_dates.npy
427,data16/427_sits.npy,data16/427_labels.npy,data16/427_dates.npy
445,data16/445_sits.npy,data16/445_labels.npy,data16/445_dates.npy
447,data16/447_sits.npy,data16/447_labels.npy,data16/447_dates.npy
448,data16/448_sits.npy,data16/448_labels.npy,data16/448_dates.npy
449,data16/449_sits.npy,data16/449_labels.npy,data16/449_dates.npy
450,data16/450_sits.npy,data16/450_labels.npy,data16/450_dates.npy
472,data16/472_sits.npy,data16/472_labels.npy,data16/472_dates.npy
473,data16/473_sits.npy,data16/473_labels.npy,data16/473_dates.npy
474,data16/474_sits.npy,data16/474_labels.npy,data16/474_dates.npy
477,data16/477_sits.npy,data16/477_labels.npy,data16/477_dates.npy
478,data16/478_sits.npy,data16/478_labels.npy,data16/478_dates.npy
479,data16/479_sits.npy,data16/479_labels.npy,data16/479_dates.npy
480,data16/480_sits.npy,data16/480_labels.npy,data16/480_dates.npy
482,data16/482_sits.npy,data16/482_labels.npy,data16/482_dates.npy
487,data16/487_sits.npy,data16/487_labels.npy,data16/487_dates.npy
488,data16/488_sits.npy,data16/488_labels.npy,data16/488_dates.npy
490,data16/490_sits.npy,data16/490_labels.npy,data16/490_dates.npy
493,data16/493_sits.npy,data16/493_labels.npy,data16/493_dates.npy
494,data16/494_sits.npy,data16/494_labels.npy,data16/494_dates.npy
495,data16/495_sits.npy,data16/495_labels.npy,data16/495_dates.npy
498,data16/498_sits.npy,data16/498_labels.npy,data16/498_dates.npy
502,data16/502_sits.npy,data16/502_labels.npy,data16/502_dates.npy
503,data16/503_sits.npy,data16/503_labels.npy,data16/503_dates.npy
504,data16/504_sits.npy,data16/504_labels.npy,data16/504_dates.npy
505,data16/505_sits.npy,data16/505_labels.npy,data16/505_dates.npy
509,data16/509_sits.npy,data16/509_labels.npy,data16/509_dates.npy
510,data16/510_sits.npy,data16/510_labels.npy,data16/510_dates.npy
512,data16/512_sits.npy,data16/512_labels.npy,data16/512_dates.npy
513,data16/513_sits.npy,data16/513_labels.npy,data16/513_dates.npy
514,data16/514_sits.npy,data16/514_labels.npy,data16/514_dates.npy
532,data16/532_sits.npy,data16/532_labels.npy,data16/532_dates.npy
533,data16/533_sits.npy,data16/533_labels.npy,data16/533_dates.npy
534,data16/534_sits.npy,data16/534_labels.npy,data16/534_dates.npy
535,data16/535_sits.npy,data16/535_labels.npy,data16/535_dates.npy
536,data16/536_sits.npy,data16/536_labels.npy,data16/536_dates.npy
537,data16/537_sits.npy,data16/537_labels.npy,data16/537_dates.npy
558,data16/558_sits.npy,data16/558_labels.npy,data16/558_dates.npy
559,data16/559_sits.npy,data16/559_labels.npy,data16/559_dates.npy
560,data16/560_sits.npy,data16/560_labels.npy,data16/560_dates.npy
566,data16/566_sits.npy,data16/566_labels.npy,data16/566_dates.npy
567,data16/567_sits.npy,data16/567_labels.npy,data16/567_dates.npy
568,data16/568_sits.npy,data16/568_labels.npy,data16/568_dates.npy
569,data16/569_sits.npy,data16/569_labels.npy,data16/569_dates.npy
572,data16/572_sits.npy,data16/572_labels.npy,data16/572_dates.npy
573,data16/573_sits.npy,data16/573_labels.npy,data16/573_dates.npy
574,data16/574_sits.npy,data16/574_labels.npy,data16/574_dates.npy
575,data16/575_sits.npy,data16/575_labels.npy,data16/575_dates.npy
576,data16/576_sits.npy,data16/576_labels.npy,data16/576_dates.npy
577,data16/577_sits.npy,data16/577_labels.npy,data16/577_dates.npy
580,data16/580_sits.npy,data16/580_labels.npy,data16/580_dates.npy
588,data16/588_sits.npy,data16/588_labels.npy,data16/588_dates.npy
589,data16/589_sits.npy,data16/589_labels.npy,data16/589_dates.npy
590,data16/590_sits.npy,data16/590_labels.npy,data16/590_dates.npy
591,data16/591_sits.npy,data16/591_labels.npy,data16/591_dates.npy
592,data16/592_sits.npy,data16/592_labels.npy,data16/592_dates.npy
596,data16/596_sits.npy,data16/596_labels.npy,data16/596_dates.npy
597,data16/597_sits.npy,data16/597_labels.npy,data16/597_dates.npy
598,data16/598_sits.npy,data16/598_labels.npy,data16/598_dates.npy
599,data16/599_sits.npy,data16/599_labels.npy,data16/599_dates.npy
600,data16/600_sits.npy,data16/600_labels.npy,data16/600_dates.npy
802,data16/802_sits.npy,data16/802_labels.npy,data16/802_dates.npy
804,data16/804_sits.npy,data16/804_labels.npy,data16/804_dates.npy
805,data16/805_sits.npy,data16/805_labels.npy,data16/805_dates.npy
834,data16/834_sits.npy,data16/834_labels.npy,data16/834_dates.npy
835,data16/835_sits.npy,data16/835_labels.npy,data16/835_dates.npy
837,data16/837_sits.npy,data16/837_labels.npy,data16/837_dates.npy
842,data16/842_sits.npy,data16/842_labels.npy,data16/842_dates.npy
844,data16/844_sits.npy,data16/844_labels.npy,data16/844_dates.npy
845,data16/845_sits.npy,data16/845_labels.npy,data16/845_dates.npy
849,data16/849_sits.npy,data16/849_labels.npy,data16/849_dates.npy
850,data16/850_sits.npy,data16/850_labels.npy,data16/850_dates.npy
852,data16/852_sits.npy,data16/852_labels.npy,data16/852_dates.npy
854,data16/854_sits.npy,data16/854_labels.npy,data16/854_dates.npy
888,data16/888_sits.npy,data16/888_labels.npy,data16/888_dates.npy
889,data16/889_sits.npy,data16/889_labels.npy,data16/889_dates.npy
890,data16/890_sits.npy,data16/890_labels.npy,data16/890_dates.npy
892,data16/892_sits.npy,data16/892_labels.npy,data16/892_dates.npy
893,data16/893_sits.npy,data16/893_labels.npy,data16/893_dates.npy
912,data16/912_sits.npy,data16/912_labels.npy,data16/912_dates.npy
913,data16/913_sits.npy,data16/913_labels.npy,data16/913_dates.npy
914,data16/914_sits.npy,data16/914_labels.npy,data16/914_dates.npy
915,data16/915_sits.npy,data16/915_labels.npy,data16/915_dates.npy
917,data16/917_sits.npy,data16/917_labels.npy,data16/917_dates.npy
920,data16/920_sits.npy,data16/920_labels.npy,data16/920_dates.npy
922,data16/922_sits.npy,data16/922_labels.npy,data16/922_dates.npy
923,data16/923_sits.npy,data16/923_labels.npy,data16/923_dates.npy
924,data16/924_sits.npy,data16/924_labels.npy,data16/924_dates.npy
925,data16/925_sits.npy,data16/925_labels.npy,data16/925_dates.npy
928,data16/928_sits.npy,data16/928_labels.npy,data16/928_dates.npy
929,data16/929_sits.npy,data16/929_labels.npy,data16/929_dates.npy
930,data16/930_sits.npy,data16/930_labels.npy,data16/930_dates.npy
932,data16/932_sits.npy,data16/932_labels.npy,data16/932_dates.npy
933,data16/933_sits.npy,data16/933_labels.npy,data16/933_dates.npy
937,data16/937_sits.npy,data16/937_labels.npy,data16/937_dates.npy
938,data16/938_sits.npy,data16/938_labels.npy,data16/938_dates.npy
939,data16/939_sits.npy,data16/939_labels.npy,data16/939_dates.npy
940,data16/940_sits.npy,data16/940_labels.npy,data16/940_dates.npy
978,data16/978_sits.npy,data16/978_labels.npy,data16/978_dates.npy
999,data16/999_sits.npy,data16/999_labels.npy,data16/999_dates.npy
1000,data16/1000_sits.npy,data16/1000_labels.npy,data16/1000_dates.npy
1001,data16/1001_sits.npy,data16/1001_labels.npy,data16/1001_dates.npy
1002,data16/1002_sits.npy,data16/1002_labels.npy,data16/1002_dates.npy
1003,data16/1003_sits.npy,data16/1003_labels.npy,data16/1003_dates.npy
1004,data16/1004_sits.npy,data16/1004_labels.npy,data16/1004_dates.npy
1007,data16/1007_sits.npy,data16/1007_labels.npy,data16/1007_dates.npy
1008,data16/1008_sits.npy,data16/1008_labels.npy,data16/1008_dates.npy
1009,data16/1009_sits.npy,data16/1009_labels.npy,data16/1009_dates.npy
1010,data16/1010_sits.npy,data16/1010_labels.npy,data16/1010_dates.npy
1011,data16/1011_sits.npy,data16/1011_labels.npy,data16/1011_dates.npy
1012,data16/1012_sits.npy,data16/1012_labels.npy,data16/1012_dates.npy
1015,data16/1015_sits.npy,data16/1015_labels.npy,data16/1015_dates.npy
1016,data16/1016_sits.npy,data16/1016_labels.npy,data16/1016_dates.npy
1017,data16/1017_sits.npy,data16/1017_labels.npy,data16/1017_dates.npy
1018,data16/1018_sits.npy,data16/1018_labels.npy,data16/1018_dates.npy
1019,data16/1019_sits.npy,data16/1019_labels.npy,data16/1019_dates.npy
1020,data16/1020_sits.npy,data16/1020_labels.npy,data16/1020_dates.npy
1023,data16/1023_sits.npy,data16/1023_labels.npy,data16/1023_dates.npy
1024,data16/1024_sits.npy,data16/1024_labels.npy,data16/1024_dates.npy
1025,data16/1025_sits.npy,data16/1025_labels.npy,data16/1025_dates.npy
1026,data16/1026_sits.npy,data16/1026_labels.npy,data16/1026_dates.npy
1027,data16/1027_sits.npy,data16/1027_labels.npy,data16/1027_dates.npy
1028,data16/1028_sits.npy,data16/1028_labels.npy,data16/1028_dates.npy
1086,data16/1086_sits.npy,data16/1086_labels.npy,data16/1086_dates.npy
1087,data16/1087_sits.npy,data16/1087_labels.npy,data16/1087_dates.npy
1088,data16/1088_sits.npy,data16/1088_labels.npy,data16/1088_dates.npy
1089,data16/1089_sits.npy,data16/1089_labels.npy,data16/1089_dates.npy
1091,data16/1091_sits.npy,data16/1091_labels.npy,data16/1091_dates.npy
1094,data16/1094_sits.npy,data16/1094_labels.npy,data16/1094_dates.npy
1096,data16/1096_sits.npy,data16/1096_labels.npy,data16/1096_dates.npy
1097,data16/1097_sits.npy,data16/1097_labels.npy,data16/1097_dates.npy
1098,data16/1098_sits.npy,data16/1098_labels.npy,data16/1098_dates.npy
1099,data16/1099_sits.npy,data16/1099_labels.npy,data16/1099_dates.npy
1102,data16/1102_sits.npy,data16/1102_labels.npy,data16/1102_dates.npy
1103,data16/1103_sits.npy,data16/1103_labels.npy,data16/1103_dates.npy
1104,data16/1104_sits.npy,data16/1104_labels.npy,data16/1104_dates.npy
1106,data16/1106_sits.npy,data16/1106_labels.npy,data16/1106_dates.npy
1107,data16/1107_sits.npy,data16/1107_labels.npy,data16/1107_dates.npy
1111,data16/1111_sits.npy,data16/1111_labels.npy,data16/1111_dates.npy
1112,data16/1112_sits.npy,data16/1112_labels.npy,data16/1112_dates.npy
1113,data16/1113_sits.npy,data16/1113_labels.npy,data16/1113_dates.npy
1114,data16/1114_sits.npy,data16/1114_labels.npy,data16/1114_dates.npy
1173,data16/1173_sits.npy,data16/1173_labels.npy,data16/1173_dates.npy
1174,data16/1174_sits.npy,data16/1174_labels.npy,data16/1174_dates.npy
1175,data16/1175_sits.npy,data16/1175_labels.npy,data16/1175_dates.npy
1176,data16/1176_sits.npy,data16/1176_labels.npy,data16/1176_dates.npy
1177,data16/1177_sits.npy,data16/1177_labels.npy,data16/1177_dates.npy
1178,data16/1178_sits.npy,data16/1178_labels.npy,data16/1178_dates.npy
1181,data16/1181_sits.npy,data16/1181_labels.npy,data16/1181_dates.npy
1182,data16/1182_sits.npy,data16/1182_labels.npy,data16/1182_dates.npy
1183,data16/1183_sits.npy,data16/1183_labels.npy,data16/1183_dates.npy
1184,data16/1184_sits.npy,data16/1184_labels.npy,data16/1184_dates.npy
1185,data16/1185_sits.npy,data16/1185_labels.npy,data16/1185_dates.npy
1186,data16/1186_sits.npy,data16/1186_labels.npy,data16/1186_dates.npy
1189,data16/1189_sits.npy,data16/1189_labels.npy,data16/1189_dates.npy
1190,data16/1190_sits.npy,data16/1190_labels.npy,data16/1190_dates.npy
1191,data16/1191_sits.npy,data16/1191_labels.npy,data16/1191_dates.npy
1192,data16/1192_sits.npy,data16/1192_labels.npy,data16/1192_dates.npy
1193,data16/1193_sits.npy,data16/1193_labels.npy,data16/1193_dates.npy
1194,data16/1194_sits.npy,data16/1194_labels.npy,data16/1194_dates.npy
1197,data16/1197_sits.npy,data16/1197_labels.npy,data16/1197_dates.npy
1198,data16/1198_sits.npy,data16/1198_labels.npy,data16/1198_dates.npy
1199,data16/1199_sits.npy,data16/1199_labels.npy,data16/1199_dates.npy
1200,data16/1200_sits.npy,data16/1200_labels.npy,data16/1200_dates.npy
1201,data16/1201_sits.npy,data16/1201_labels.npy,data16/1201_dates.npy
1202,data16/1202_sits.npy,data16/1202_labels.npy,data16/1202_dates.npy
1260,data16/1260_sits.npy,data16/1260_labels.npy,data16/1260_dates.npy
1262,data16/1262_sits.npy,data16/1262_labels.npy,data16/1262_dates.npy
1264,data16/1264_sits.npy,data16/1264_labels.npy,data16/1264_dates.npy
1265,data16/1265_sits.npy,data16/1265_labels.npy,data16/1265_dates.npy
1269,data16/1269_sits.npy,data16/1269_labels.npy,data16/1269_dates.npy
1270,data16/1270_sits.npy,data16/1270_labels.npy,data16/1270_dates.npy
1272,data16/1272_sits.npy,data16/1272_labels.npy,data16/1272_dates.npy
1277,data16/1277_sits.npy,data16/1277_labels.npy,data16/1277_dates.npy
1279,data16/1279_sits.npy,data16/1279_labels.npy,data16/1279_dates.npy
1280,data16/1280_sits.npy,data16/1280_labels.npy,data16/1280_dates.npy
1284,data16/1284_sits.npy,data16/1284_labels.npy,data16/1284_dates.npy
1287,data16/1287_sits.npy,data16/1287_labels.npy,data16/1287_dates.npy
1289,data16/1289_sits.npy,data16/1289_labels.npy,data16/1289_dates.npy
1481,data16/1481_sits.npy,data16/1481_labels.npy,data16/1481_dates.npy
1482,data16/1482_sits.npy,data16/1482_labels.npy,data16/1482_dates.npy
1483,data16/1483_sits.npy,data16/1483_labels.npy,data16/1483_dates.npy
1509,data16/1509_sits.npy,data16/1509_labels.npy,data16/1509_dates.npy
1521,data16/1521_sits.npy,data16/1521_labels.npy,data16/1521_dates.npy
1522,data16/1522_sits.npy,data16/1522_labels.npy,data16/1522_dates.npy
1523,data16/1523_sits.npy,data16/1523_labels.npy,data16/1523_dates.npy
1524,data16/1524_sits.npy,data16/1524_labels.npy,data16/1524_dates.npy
1526,data16/1526_sits.npy,data16/1526_labels.npy,data16/1526_dates.npy
1529,data16/1529_sits.npy,data16/1529_labels.npy,data16/1529_dates.npy
1531,data16/1531_sits.npy,data16/1531_labels.npy,data16/1531_dates.npy
1532,data16/1532_sits.npy,data16/1532_labels.npy,data16/1532_dates.npy
1533,data16/1533_sits.npy,data16/1533_labels.npy,data16/1533_dates.npy
1534,data16/1534_sits.npy,data16/1534_labels.npy,data16/1534_dates.npy
1537,data16/1537_sits.npy,data16/1537_labels.npy,data16/1537_dates.npy
1538,data16/1538_sits.npy,data16/1538_labels.npy,data16/1538_dates.npy
1539,data16/1539_sits.npy,data16/1539_labels.npy,data16/1539_dates.npy
1541,data16/1541_sits.npy,data16/1541_labels.npy,data16/1541_dates.npy
1542,data16/1542_sits.npy,data16/1542_labels.npy,data16/1542_dates.npy
1546,data16/1546_sits.npy,data16/1546_labels.npy,data16/1546_dates.npy
1547,data16/1547_sits.npy,data16/1547_labels.npy,data16/1547_dates.npy
1548,data16/1548_sits.npy,data16/1548_labels.npy,data16/1548_dates.npy
1549,data16/1549_sits.npy,data16/1549_labels.npy,data16/1549_dates.npy
1553,data16/1553_sits.npy,data16/1553_labels.npy,data16/1553_dates.npy
1554,data16/1554_sits.npy,data16/1554_labels.npy,data16/1554_dates.npy
1556,data16/1556_sits.npy,data16/1556_labels.npy,data16/1556_dates.npy
1558,data16/1558_sits.npy,data16/1558_labels.npy,data16/1558_dates.npy
1568,data16/1568_sits.npy,data16/1568_labels.npy,data16/1568_dates.npy
1569,data16/1569_sits.npy,data16/1569_labels.npy,data16/1569_dates.npy
1570,data16/1570_sits.npy,data16/1570_labels.npy,data16/1570_dates.npy
1571,data16/1571_sits.npy,data16/1571_labels.npy,data16/1571_dates.npy
1572,data16/1572_sits.npy,data16/1572_labels.npy,data16/1572_dates.npy
1573,data16/1573_sits.npy,data16/1573_labels.npy,data16/1573_dates.npy
1588,data16/1588_sits.npy,data16/1588_labels.npy,data16/1588_dates.npy
1589,data16/1589_sits.npy,data16/1589_labels.npy,data16/1589_dates.npy
1595,data16/1595_sits.npy,data16/1595_labels.npy,data16/1595_dates.npy
1596,data16/1596_sits.npy,data16/1596_labels.npy,data16/1596_dates.npy
1597,data16/1597_sits.npy,data16/1597_labels.npy,data16/1597_dates.npy
1608,data16/1608_sits.npy,data16/1608_labels.npy,data16/1608_dates.npy
1609,data16/1609_sits.npy,data16/1609_labels.npy,data16/1609_dates.npy
1610,data16/1610_sits.npy,data16/1610_labels.npy,data16/1610_dates.npy
1611,data16/1611_sits.npy,data16/1611_labels.npy,data16/1611_dates.npy
1612,data16/1612_sits.npy,data16/1612_labels.npy,data16/1612_dates.npy
1613,data16/1613_sits.npy,data16/1613_labels.npy,data16/1613_dates.npy
1616,data16/1616_sits.npy,data16/1616_labels.npy,data16/1616_dates.npy
1617,data16/1617_sits.npy,data16/1617_labels.npy,data16/1617_dates.npy
1618,data16/1618_sits.npy,data16/1618_labels.npy,data16/1618_dates.npy
1619,data16/1619_sits.npy,data16/1619_labels.npy,data16/1619_dates.npy
1620,data16/1620_sits.npy,data16/1620_labels.npy,data16/1620_dates.npy
1621,data16/1621_sits.npy,data16/1621_labels.npy,data16/1621_dates.npy
1624,data16/1624_sits.npy,data16/1624_labels.npy,data16/1624_dates.npy
1625,data16/1625_sits.npy,data16/1625_labels.npy,data16/1625_dates.npy
1627,data16/1627_sits.npy,data16/1627_labels.npy,data16/1627_dates.npy
1628,data16/1628_sits.npy,data16/1628_labels.npy,data16/1628_dates.npy
1629,data16/1629_sits.npy,data16/1629_labels.npy,data16/1629_dates.npy
1632,data16/1632_sits.npy,data16/1632_labels.npy,data16/1632_dates.npy
1633,data16/1633_sits.npy,data16/1633_labels.npy,data16/1633_dates.npy
1634,data16/1634_sits.npy,data16/1634_labels.npy,data16/1634_dates.npy
1635,data16/1635_sits.npy,data16/1635_labels.npy,data16/1635_dates.npy
1637,data16/1637_sits.npy,data16/1637_labels.npy,data16/1637_dates.npy
1640,data16/1640_sits.npy,data16/1640_labels.npy,data16/1640_dates.npy
1641,data16/1641_sits.npy,data16/1641_labels.npy,data16/1641_dates.npy
1642,data16/1642_sits.npy,data16/1642_labels.npy,data16/1642_dates.npy
1643,data16/1643_sits.npy,data16/1643_labels.npy,data16/1643_dates.npy
1644,data16/1644_sits.npy,data16/1644_labels.npy,data16/1644_dates.npy
1645,data16/1645_sits.npy,data16/1645_labels.npy,data16/1645_dates.npy
1655,data16/1655_sits.npy,data16/1655_labels.npy,data16/1655_dates.npy
1657,data16/1657_sits.npy,data16/1657_labels.npy,data16/1657_dates.npy
1659,data16/1659_sits.npy,data16/1659_labels.npy,data16/1659_dates.npy
1660,data16/1660_sits.npy,data16/1660_labels.npy,data16/1660_dates.npy
1674,data16/1674_sits.npy,data16/1674_labels.npy,data16/1674_dates.npy
1675,data16/1675_sits.npy,data16/1675_labels.npy,data16/1675_dates.npy
1682,data16/1682_sits.npy,data16/1682_labels.npy,data16/1682_dates.npy
1684,data16/1684_sits.npy,data16/1684_labels.npy,data16/1684_dates.npy
1695,data16/1695_sits.npy,data16/1695_labels.npy,data16/1695_dates.npy
1697,data16/1697_sits.npy,data16/1697_labels.npy,data16/1697_dates.npy
1699,data16/1699_sits.npy,data16/1699_labels.npy,data16/1699_dates.npy
1700,data16/1700_sits.npy,data16/1700_labels.npy,data16/1700_dates.npy
1704,data16/1704_sits.npy,data16/1704_labels.npy,data16/1704_dates.npy
1705,data16/1705_sits.npy,data16/1705_labels.npy,data16/1705_dates.npy
1707,data16/1707_sits.npy,data16/1707_labels.npy,data16/1707_dates.npy
1712,data16/1712_sits.npy,data16/1712_labels.npy,data16/1712_dates.npy
1714,data16/1714_sits.npy,data16/1714_labels.npy,data16/1714_dates.npy
1715,data16/1715_sits.npy,data16/1715_labels.npy,data16/1715_dates.npy
1719,data16/1719_sits.npy,data16/1719_labels.npy,data16/1719_dates.npy
1720,data16/1720_sits.npy,data16/1720_labels.npy,data16/1720_dates.npy
1722,data16/1722_sits.npy,data16/1722_labels.npy,data16/1722_dates.npy
1724,data16/1724_sits.npy,data16/1724_labels.npy,data16/1724_dates.npy
1727,data16/1727_sits.npy,data16/1727_labels.npy,data16/1727_dates.npy
1729,data16/1729_sits.npy,data16/1729_labels.npy,data16/1729_dates.npy
1730,data16/1730_sits.npy,data16/1730_labels.npy,data16/1730_dates.npy
1732,data16/1732_sits.npy,data16/1732_labels.npy,data16/1732_dates.npy
1742,data16/1742_sits.npy,data16/1742_labels.npy,data16/1742_dates.npy
1743,data16/1743_sits.npy,data16/1743_labels.npy,data16/1743_dates.npy
1744,data16/1744_sits.npy,data16/1744_labels.npy,data16/1744_dates.npy
1745,data16/1745_sits.npy,data16/1745_labels.npy,data16/1745_dates.npy
1747,data16/1747_sits.npy,data16/1747_labels.npy,data16/1747_dates.npy
1750,data16/1750_sits.npy,data16/1750_labels.npy,data16/1750_dates.npy
1754,data16/1754_sits.npy,data16/1754_labels.npy,data16/1754_dates.npy
1755,data16/1755_sits.npy,data16/1755_labels.npy,data16/1755_dates.npy
1758,data16/1758_sits.npy,data16/1758_labels.npy,data16/1758_dates.npy
1759,data16/1759_sits.npy,data16/1759_labels.npy,data16/1759_dates.npy
1760,data16/1760_sits.npy,data16/1760_labels.npy,data16/1760_dates.npy
1762,data16/1762_sits.npy,data16/1762_labels.npy,data16/1762_dates.npy
1763,data16/1763_sits.npy,data16/1763_labels.npy,data16/1763_dates.npy
1767,data16/1767_sits.npy,data16/1767_labels.npy,data16/1767_dates.npy
1769,data16/1769_sits.npy,data16/1769_labels.npy,data16/1769_dates.npy
1770,data16/1770_sits.npy,data16/1770_labels.npy,data16/1770_dates.npy
1782,data16/1782_sits.npy,data16/1782_labels.npy,data16/1782_dates.npy
1783,data16/1783_sits.npy,data16/1783_labels.npy,data16/1783_dates.npy
1784,data16/1784_sits.npy,data16/1784_labels.npy,data16/1784_dates.npy
1785,data16/1785_sits.npy,data16/1785_labels.npy,data16/1785_dates.npy
1787,data16/1787_sits.npy,data16/1787_labels.npy,data16/1787_dates.npy
1790,data16/1790_sits.npy,data16/1790_labels.npy,data16/1790_dates.npy
1792,data16/1792_sits.npy,data16/1792_labels.npy,data16/1792_dates.npy
1793,data16/1793_sits.npy,data16/1793_labels.npy,data16/1793_dates.npy
1794,data16/1794_sits.npy,data16/1794_labels.npy,data16/1794_dates.npy
1795,data16/1795_sits.npy,data16/1795_labels.npy,data16/1795_dates.npy
1798,data16/1798_sits.npy,data16/1798_labels.npy,data16/1798_dates.npy
1799,data16/1799_sits.npy,data16/1799_labels.npy,data16/1799_dates.npy
1802,data16/1802_sits.npy,data16/1802_labels.npy,data16/1802_dates.npy
1803,data16/1803_sits.npy,data16/1803_labels.npy,data16/1803_dates.npy
1807,data16/1807_sits.npy,data16/1807_labels.npy,data16/1807_dates.npy
1808,data16/1808_sits.npy,data16/1808_labels.npy,data16/1808_dates.npy
1809,data16/1809_sits.npy,data16/1809_labels.npy,data16/1809_dates.npy
1814,data16/1814_sits.npy,data16/1814_labels.npy,data16/1814_dates.npy
1815,data16/1815_sits.npy,data16/1815_labels.npy,data16/1815_dates.npy
1817,data16/1817_sits.npy,data16/1817_labels.npy,data16/1817_dates.npy
1818,data16/1818_sits.npy,data16/1818_labels.npy,data16/1818_dates.npy
1819,data16/1819_sits.npy,data16/1819_labels.npy,data16/1819_dates.npy
1829,data16/1829_sits.npy,data16/1829_labels.npy,data16/1829_dates.npy
1830,data16/1830_sits.npy,data16/1830_labels.npy,data16/1830_dates.npy
1831,data16/1831_sits.npy,data16/1831_labels.npy,data16/1831_dates.npy
1832,data16/1832_sits.npy,data16/1832_labels.npy,data16/1832_dates.npy
1833,data16/1833_sits.npy,data16/1833_labels.npy,data16/1833_dates.npy
1834,data16/1834_sits.npy,data16/1834_labels.npy,data16/1834_dates.npy
1837,data16/1837_sits.npy,data16/1837_labels.npy,data16/1837_dates.npy
1838,data16/1838_sits.npy,data16/1838_labels.npy,data16/1838_dates.npy
1839,data16/1839_sits.npy,data16/1839_labels.npy,data16/1839_dates.npy
1840,data16/1840_sits.npy,data16/1840_labels.npy,data16/1840_dates.npy
1841,data16/1841_sits.npy,data16/1841_labels.npy,data16/1841_dates.npy
1842,data16/1842_sits.npy,data16/1842_labels.npy,data16/1842_dates.npy
1845,data16/1845_sits.npy,data16/1845_labels.npy,data16/1845_dates.npy
1846,data16/1846_sits.npy,data16/1846_labels.npy,data16/1846_dates.npy
1847,data16/1847_sits.npy,data16/1847_labels.npy,data16/1847_dates.npy
1848,data16/1848_sits.npy,data16/1848_labels.npy,data16/1848_dates.npy
1849,data16/1849_sits.npy,data16/1849_labels.npy,data16/1849_dates.npy
1850,data16/1850_sits.npy,data16/1850_labels.npy,data16/1850_dates.npy
1853,data16/1853_sits.npy,data16/1853_labels.npy,data16/1853_dates.npy
1854,data16/1854_sits.npy,data16/1854_labels.npy,data16/1854_dates.npy
1855,data16/1855_sits.npy,data16/1855_labels.npy,data16/1855_dates.npy
1856,data16/1856_sits.npy,data16/1856_labels.npy,data16/1856_dates.npy
1857,data16/1857_sits.npy,data16/1857_labels.npy,data16/1857_dates.npy
1858,data16/1858_sits.npy,data16/1858_labels.npy,data16/1858_dates.npy
1869,data16/1869_sits.npy,data16/1869_labels.npy,data16/1869_dates.npy
1870,data16/1870_sits.npy,data16/1870_labels.npy,data16/1870_dates.npy
1871,data16/1871_sits.npy,data16/1871_labels.npy,data16/1871_dates.npy
1872,data16/1872_sits.npy,data16/1872_labels.npy,data16/1872_dates.npy
1873,data16/1873_sits.npy,data16/1873_labels.npy,data16/1873_dates.npy
1874,data16/1874_sits.npy,data16/1874_labels.npy,data16/1874_dates.npy
1877,data16/1877_sits.npy,data16/1877_labels.npy,data16/1877_dates.npy
1878,data16/1878_sits.npy,data16/1878_labels.npy,data16/1878_dates.npy
1879,data16/1879_sits.npy,data16/1879_labels.npy,data16/1879_dates.npy
1880,data16/1880_sits.npy,data16/1880_labels.npy,data16/1880_dates.npy
1881,data16/1881_sits.npy,data16/1881_labels.npy,data16/1881_dates.npy
1882,data16/1882_sits.npy,data16/1882_labels.npy,data16/1882_dates.npy
1885,data16/1885_sits.npy,data16/1885_labels.npy,data16/1885_dates.npy
1886,data16/1886_sits.npy,data16/1886_labels.npy,data16/1886_dates.npy
1887,data16/1887_sits.npy,data16/1887_labels.npy,data16/1887_dates.npy
1888,data16/1888_sits.npy,data16/1888_labels.npy,data16/1888_dates.npy
1890,data16/1890_sits.npy,data16/1890_labels.npy,data16/1890_dates.npy
1893,data16/1893_sits.npy,data16/1893_labels.npy,data16/1893_dates.npy
1894,data16/1894_sits.npy,data16/1894_labels.npy,data16/1894_dates.npy
1895,data16/1895_sits.npy,data16/1895_labels.npy,data16/1895_dates.npy
1896,data16/1896_sits.npy,data16/1896_labels.npy,data16/1896_dates.npy
1897,data16/1897_sits.npy,data16/1897_labels.npy,data16/1897_dates.npy
1898,data16/1898_sits.npy,data16/1898_labels.npy,data16/1898_dates.npy
1901,data16/1901_sits.npy,data16/1901_labels.npy,data16/1901_dates.npy
1902,data16/1902_sits.npy,data16/1902_labels.npy,data16/1902_dates.npy
1903,data16/1903_sits.npy,data16/1903_labels.npy,data16/1903_dates.npy
1904,data16/1904_sits.npy,data16/1904_labels.npy,data16/1904_dates.npy
1905,data16/1905_sits.npy,data16/1905_labels.npy,data16/1905_dates.npy
1906,data16/1906_sits.npy,data16/1906_labels.npy,data16/1906_dates.npy
1916,data16/1916_sits.npy,data16/1916_labels.npy,data16/1916_dates.npy
1917,data16/1917_sits.npy,data16/1917_labels.npy,data16/1917_dates.npy
1918,data16/1918_sits.npy,data16/1918_labels.npy,data16/1918_dates.npy
1919,data16/1919_sits.npy,data16/1919_labels.npy,data16/1919_dates.npy
1921,data16/1921_sits.npy,data16/1921_labels.npy,data16/1921_dates.npy
1924,data16/1924_sits.npy,data16/1924_labels.npy,data16/1924_dates.npy
1926,data16/1926_sits.npy,data16/1926_labels.npy,data16/1926_dates.npy
1927,data16/1927_sits.npy,data16/1927_labels.npy,data16/1927_dates.npy
1932,data16/1932_sits.npy,data16/1932_labels.npy,data16/1932_dates.npy
1933,data16/1933_sits.npy,data16/1933_labels.npy,data16/1933_dates.npy
1934,data16/1934_sits.npy,data16/1934_labels.npy,data16/1934_dates.npy
1936,data16/1936_sits.npy,data16/1936_labels.npy,data16/1936_dates.npy
1937,data16/1937_sits.npy,data16/1937_labels.npy,data16/1937_dates.npy
1941,data16/1941_sits.npy,data16/1941_labels.npy,data16/1941_dates.npy
1942,data16/1942_sits.npy,data16/1942_labels.npy,data16/1942_dates.npy
1943,data16/1943_sits.npy,data16/1943_labels.npy,data16/1943_dates.npy
1944,data16/1944_sits.npy,data16/1944_labels.npy,data16/1944_dates.npy
1958,data16/1958_sits.npy,data16/1958_labels.npy,data16/1958_dates.npy
1959,data16/1959_sits.npy,data16/1959_labels.npy,data16/1959_dates.npy
1961,data16/1961_sits.npy,data16/1961_labels.npy,data16/1961_dates.npy
1964,data16/1964_sits.npy,data16/1964_labels.npy,data16/1964_dates.npy
1966,data16/1966_sits.npy,data16/1966_labels.npy,data16/1966_dates.npy
1967,data16/1967_sits.npy,data16/1967_labels.npy,data16/1967_dates.npy
1968,data16/1968_sits.npy,data16/1968_labels.npy,data16/1968_dates.npy
1969,data16/1969_sits.npy,data16/1969_labels.npy,data16/1969_dates.npy
1972,data16/1972_sits.npy,data16/1972_labels.npy,data16/1972_dates.npy
1973,data16/1973_sits.npy,data16/1973_labels.npy,data16/1973_dates.npy
1974,data16/1974_sits.npy,data16/1974_labels.npy,data16/1974_dates.npy
1976,data16/1976_sits.npy,data16/1976_labels.npy,data16/1976_dates.npy
1977,data16/1977_sits.npy,data16/1977_labels.npy,data16/1977_dates.npy
1981,data16/1981_sits.npy,data16/1981_labels.npy,data16/1981_dates.npy
1982,data16/1982_sits.npy,data16/1982_labels.npy,data16/1982_dates.npy
1983,data16/1983_sits.npy,data16/1983_labels.npy,data16/1983_dates.npy
1984,data16/1984_sits.npy,data16/1984_labels.npy,data16/1984_dates.npy
1988,data16/1988_sits.npy,data16/1988_labels.npy,data16/1988_dates.npy
1989,data16/1989_sits.npy,data16/1989_labels.npy,data16/1989_dates.npy
1991,data16/1991_sits.npy,data16/1991_labels.npy,data16/1991_dates.npy
1992,data16/1992_sits.npy,data16/1992_labels.npy,data16/1992_dates.npy
1993,data16/1993_sits.npy,data16/1993_labels.npy,data16/1993_dates.npy
2185,data16/2185_sits.npy,data16/2185_labels.npy,data16/2185_dates.npy
2187,data16/2187_sits.npy,data16/2187_labels.npy,data16/2187_dates.npy
2188,data16/2188_sits.npy,data16/2188_labels.npy,data16/2188_dates.npy
2189,data16/2189_sits.npy,data16/2189_labels.npy,data16/2189_dates.npy
2190,data16/2190_sits.npy,data16/2190_labels.npy,data16/2190_dates.npy
2209,data16/2209_sits.npy,data16/2209_labels.npy,data16/2209_dates.npy
2210,data16/2210_sits.npy,data16/2210_labels.npy,data16/2210_dates.npy
2212,data16/2212_sits.npy,data16/2212_labels.npy,data16/2212_dates.npy
2213,data16/2213_sits.npy,data16/2213_labels.npy,data16/2213_dates.npy
2214,data16/2214_sits.npy,data16/2214_labels.npy,data16/2214_dates.npy
2219,data16/2219_sits.npy,data16/2219_labels.npy,data16/2219_dates.npy
2220,data16/2220_sits.npy,data16/2220_labels.npy,data16/2220_dates.npy
2225,data16/2225_sits.npy,data16/2225_labels.npy,data16/2225_dates.npy
2227,data16/2227_sits.npy,data16/2227_labels.npy,data16/2227_dates.npy
2228,data16/2228_sits.npy,data16/2228_labels.npy,data16/2228_dates.npy
2229,data16/2229_sits.npy,data16/2229_labels.npy,data16/2229_dates.npy
2230,data16/2230_sits.npy,data16/2230_labels.npy,data16/2230_dates.npy
2242,data16/2242_sits.npy,data16/2242_labels.npy,data16/2242_dates.npy
2243,data16/2243_sits.npy,data16/2243_labels.npy,data16/2243_dates.npy
2244,data16/2244_sits.npy,data16/2244_labels.npy,data16/2244_dates.npy
2245,data16/2245_sits.npy,data16/2245_labels.npy,data16/2245_dates.npy
2249,data16/2249_sits.npy,data16/2249_labels.npy,data16/2249_dates.npy
2250,data16/2250_sits.npy,data16/2250_labels.npy,data16/2250_dates.npy
2253,data16/2253_sits.npy,data16/2253_labels.npy,data16/2253_dates.npy
2254,data16/2254_sits.npy,data16/2254_labels.npy,data16/2254_dates.npy
2272,data16/2272_sits.npy,data16/2272_labels.npy,data16/2272_dates.npy
2273,data16/2273_sits.npy,data16/2273_labels.npy,data16/2273_dates.npy
2274,data16/2274_sits.npy,data16/2274_labels.npy,data16/2274_dates.npy
2275,data16/2275_sits.npy,data16/2275_labels.npy,data16/2275_dates.npy
2276,data16/2276_sits.npy,data16/2276_labels.npy,data16/2276_dates.npy
2277,data16/2277_sits.npy,data16/2277_labels.npy,data16/2277_dates.npy
2296,data16/2296_sits.npy,data16/2296_labels.npy,data16/2296_dates.npy
2297,data16/2297_sits.npy,data16/2297_labels.npy,data16/2297_dates.npy
2298,data16/2298_sits.npy,data16/2298_labels.npy,data16/2298_dates.npy
2299,data16/2299_sits.npy,data16/2299_labels.npy,data16/2299_dates.npy
2300,data16/2300_sits.npy,data16/2300_labels.npy,data16/2300_dates.npy
2306,data16/2306_sits.npy,data16/2306_labels.npy,data16/2306_dates.npy
2307,data16/2307_sits.npy,data16/2307_labels.npy,data16/2307_dates.npy
2308,data16/2308_sits.npy,data16/2308_labels.npy,data16/2308_dates.npy
2309,data16/2309_sits.npy,data16/2309_labels.npy,data16/2309_dates.npy
2312,data16/2312_sits.npy,data16/2312_labels.npy,data16/2312_dates.npy
2313,data16/2313_sits.npy,data16/2313_labels.npy,data16/2313_dates.npy
2314,data16/2314_sits.npy,data16/2314_labels.npy,data16/2314_dates.npy
2315,data16/2315_sits.npy,data16/2315_labels.npy,data16/2315_dates.npy
2316,data16/2316_sits.npy,data16/2316_labels.npy,data16/2316_dates.npy
2317,data16/2317_sits.npy,data16/2317_labels.npy,data16/2317_dates.npy
2329,data16/2329_sits.npy,data16/2329_labels.npy,data16/2329_dates.npy
2330,data16/2330_sits.npy,data16/2330_labels.npy,data16/2330_dates.npy
2331,data16/2331_sits.npy,data16/2331_labels.npy,data16/2331_dates.npy
2332,data16/2332_sits.npy,data16/2332_labels.npy,data16/2332_dates.npy
2333,data16/2333_sits.npy,data16/2333_labels.npy,data16/2333_dates.npy
2336,data16/2336_sits.npy,data16/2336_labels.npy,data16/2336_dates.npy
2337,data16/2337_sits.npy,data16/2337_labels.npy,data16/2337_dates.npy
2338,data16/2338_sits.npy,data16/2338_labels.npy,data16/2338_dates.npy
2340,data16/2340_sits.npy,data16/2340_labels.npy,data16/2340_dates.npy
2341,data16/2341_sits.npy,data16/2341_labels.npy,data16/2341_dates.npy
2359,data16/2359_sits.npy,data16/2359_labels.npy,data16/2359_dates.npy
2361,data16/2361_sits.npy,data16/2361_labels.npy,data16/2361_dates.npy
2362,data16/2362_sits.npy,data16/2362_labels.npy,data16/2362_dates.npy
2363,data16/2363_sits.npy,data16/2363_labels.npy,data16/2363_dates.npy
2364,data16/2364_sits.npy,data16/2364_labels.npy,data16/2364_dates.npy
2383,data16/2383_sits.npy,data16/2383_labels.npy,data16/2383_dates.npy
2384,data16/2384_sits.npy,data16/2384_labels.npy,data16/2384_dates.npy
2386,data16/2386_sits.npy,data16/2386_labels.npy,data16/2386_dates.npy
2387,data16/2387_sits.npy,data16/2387_labels.npy,data16/2387_dates.npy
2393,data16/2393_sits.npy,data16/2393_labels.npy,data16/2393_dates.npy
2394,data16/2394_sits.npy,data16/2394_labels.npy,data16/2394_dates.npy
2396,data16/2396_sits.npy,data16/2396_labels.npy,data16/2396_dates.npy
2399,data16/2399_sits.npy,data16/2399_labels.npy,data16/2399_dates.npy
2401,data16/2401_sits.npy,data16/2401_labels.npy,data16/2401_dates.npy
2402,data16/2402_sits.npy,data16/2402_labels.npy,data16/2402_dates.npy
2403,data16/2403_sits.npy,data16/2403_labels.npy,data16/2403_dates.npy
2404,data16/2404_sits.npy,data16/2404_labels.npy,data16/2404_dates.npy
2416,data16/2416_sits.npy,data16/2416_labels.npy,data16/2416_dates.npy
2417,data16/2417_sits.npy,data16/2417_labels.npy,data16/2417_dates.npy
2418,data16/2418_sits.npy,data16/2418_labels.npy,data16/2418_dates.npy
2419,data16/2419_sits.npy,data16/2419_labels.npy,data16/2419_dates.npy
2423,data16/2423_sits.npy,data16/2423_labels.npy,data16/2423_dates.npy
2424,data16/2424_sits.npy,data16/2424_labels.npy,data16/2424_dates.npy
2428,data16/2428_sits.npy,data16/2428_labels.npy,data16/2428_dates.npy
2446,data16/2446_sits.npy,data16/2446_labels.npy,data16/2446_dates.npy
2447,data16/2447_sits.npy,data16/2447_labels.npy,data16/2447_dates.npy
2448,data16/2448_sits.npy,data16/2448_labels.npy,data16/2448_dates.npy
2449,data16/2449_sits.npy,data16/2449_labels.npy,data16/2449_dates.npy
2450,data16/2450_sits.npy,data16/2450_labels.npy,data16/2450_dates.npy
2451,data16/2451_sits.npy,data16/2451_labels.npy,data16/2451_dates.npy
2470,data16/2470_sits.npy,data16/2470_labels.npy,data16/2470_dates.npy
2471,data16/2471_sits.npy,data16/2471_labels.npy,data16/2471_dates.npy
2473,data16/2473_sits.npy,data16/2473_labels.npy,data16/2473_dates.npy
2474,data16/2474_sits.npy,data16/2474_labels.npy,data16/2474_dates.npy
2480,data16/2480_sits.npy,data16/2480_labels.npy,data16/2480_dates.npy
2481,data16/2481_sits.npy,data16/2481_labels.npy,data16/2481_dates.npy
2482,data16/2482_sits.npy,data16/2482_labels.npy,data16/2482_dates.npy
2483,data16/2483_sits.npy,data16/2483_labels.npy,data16/2483_dates.npy
2486,data16/2486_sits.npy,data16/2486_labels.npy,data16/2486_dates.npy
2487,data16/2487_sits.npy,data16/2487_labels.npy,data16/2487_dates.npy
2488,data16/2488_sits.npy,data16/2488_labels.npy,data16/2488_dates.npy
2489,data16/2489_sits.npy,data16/2489_labels.npy,data16/2489_dates.npy
2491,data16/2491_sits.npy,data16/2491_labels.npy,data16/2491_dates.npy
2502,data16/2502_sits.npy,data16/2502_labels.npy,data16/2502_dates.npy
2503,data16/2503_sits.npy,data16/2503_labels.npy,data16/2503_dates.npy
2504,data16/2504_sits.npy,data16/2504_labels.npy,data16/2504_dates.npy
2505,data16/2505_sits.npy,data16/2505_labels.npy,data16/2505_dates.npy
2506,data16/2506_sits.npy,data16/2506_labels.npy,data16/2506_dates.npy
2510,data16/2510_sits.npy,data16/2510_labels.npy,data16/2510_dates.npy
2511,data16/2511_sits.npy,data16/2511_labels.npy,data16/2511_dates.npy
2515,data16/2515_sits.npy,data16/2515_labels.npy,data16/2515_dates.npy
2534,data16/2534_sits.npy,data16/2534_labels.npy,data16/2534_dates.npy
2535,data16/2535_sits.npy,data16/2535_labels.npy,data16/2535_dates.npy
2537,data16/2537_sits.npy,data16/2537_labels.npy,data16/2537_dates.npy
2557,data16/2557_sits.npy,data16/2557_labels.npy,data16/2557_dates.npy
2559,data16/2559_sits.npy,data16/2559_labels.npy,data16/2559_dates.npy
2560,data16/2560_sits.npy,data16/2560_labels.npy,data16/2560_dates.npy
2562,data16/2562_sits.npy,data16/2562_labels.npy,data16/2562_dates.npy
2565,data16/2565_sits.npy,data16/2565_labels.npy,data16/2565_dates.npy
2567,data16/2567_sits.npy,data16/2567_labels.npy,data16/2567_dates.npy
2569,data16/2569_sits.npy,data16/2569_labels.npy,data16/2569_dates.npy
2570,data16/2570_sits.npy,data16/2570_labels.npy,data16/2570_dates.npy
2574,data16/2574_sits.npy,data16/2574_labels.npy,data16/2574_dates.npy
2575,data16/2575_sits.npy,data16/2575_labels.npy,data16/2575_dates.npy
2589,data16/2589_sits.npy,data16/2589_labels.npy,data16/2589_dates.npy
2590,data16/2590_sits.npy,data16/2590_labels.npy,data16/2590_dates.npy
2592,data16/2592_sits.npy,data16/2592_labels.npy,data16/2592_dates.npy
2597,data16/2597_sits.npy,data16/2597_labels.npy,data16/2597_dates.npy
2599,data16/2599_sits.npy,data16/2599_labels.npy,data16/2599_dates.npy
2620,data16/2620_sits.npy,data16/2620_labels.npy,data16/2620_dates.npy
2622,data16/2622_sits.npy,data16/2622_labels.npy,data16/2622_dates.npy
2623,data16/2623_sits.npy,data16/2623_labels.npy,data16/2623_dates.npy
2624,data16/2624_sits.npy,data16/2624_labels.npy,data16/2624_dates.npy
2625,data16/2625_sits.npy,data16/2625_labels.npy,data16/2625_dates.npy
2644,data16/2644_sits.npy,data16/2644_labels.npy,data16/2644_dates.npy
2645,data16/2645_sits.npy,data16/2645_labels.npy,data16/2645_dates.npy
2647,data16/2647_sits.npy,data16/2647_labels.npy,data16/2647_dates.npy
2648,data16/2648_sits.npy,data16/2648_labels.npy,data16/2648_dates.npy
2649,data16/2649_sits.npy,data16/2649_labels.npy,data16/2649_dates.npy
2652,data16/2652_sits.npy,data16/2652_labels.npy,data16/2652_dates.npy
2653,data16/2653_sits.npy,data16/2653_labels.npy,data16/2653_dates.npy
2654,data16/2654_sits.npy,data16/2654_labels.npy,data16/2654_dates.npy
2655,data16/2655_sits.npy,data16/2655_labels.npy,data16/2655_dates.npy
2657,data16/2657_sits.npy,data16/2657_labels.npy,data16/2657_dates.npy
2660,data16/2660_sits.npy,data16/2660_labels.npy,data16/2660_dates.npy
2662,data16/2662_sits.npy,data16/2662_labels.npy,data16/2662_dates.npy
2663,data16/2663_sits.npy,data16/2663_labels.npy,data16/2663_dates.npy
2664,data16/2664_sits.npy,data16/2664_labels.npy,data16/2664_dates.npy
2665,data16/2665_sits.npy,data16/2665_labels.npy,data16/2665_dates.npy
2677,data16/2677_sits.npy,data16/2677_labels.npy,data16/2677_dates.npy
2678,data16/2678_sits.npy,data16/2678_labels.npy,data16/2678_dates.npy
2679,data16/2679_sits.npy,data16/2679_labels.npy,data16/2679_dates.npy
2685,data16/2685_sits.npy,data16/2685_labels.npy,data16/2685_dates.npy
2873,data16/2873_sits.npy,data16/2873_labels.npy,data16/2873_dates.npy
2881,data16/2881_sits.npy,data16/2881_labels.npy,data16/2881_dates.npy
2882,data16/2882_sits.npy,data16/2882_labels.npy,data16/2882_dates.npy
2883,data16/2883_sits.npy,data16/2883_labels.npy,data16/2883_dates.npy
2884,data16/2884_sits.npy,data16/2884_labels.npy,data16/2884_dates.npy
2885,data16/2885_sits.npy,data16/2885_labels.npy,data16/2885_dates.npy
2886,data16/2886_sits.npy,data16/2886_labels.npy,data16/2886_dates.npy
2905,data16/2905_sits.npy,data16/2905_labels.npy,data16/2905_dates.npy
2906,data16/2906_sits.npy,data16/2906_labels.npy,data16/2906_dates.npy
2907,data16/2907_sits.npy,data16/2907_labels.npy,data16/2907_dates.npy
2908,data16/2908_sits.npy,data16/2908_labels.npy,data16/2908_dates.npy
2909,data16/2909_sits.npy,data16/2909_labels.npy,data16/2909_dates.npy
2910,data16/2910_sits.npy,data16/2910_labels.npy,data16/2910_dates.npy
2914,data16/2914_sits.npy,data16/2914_labels.npy,data16/2914_dates.npy
2915,data16/2915_sits.npy,data16/2915_labels.npy,data16/2915_dates.npy
2916,data16/2916_sits.npy,data16/2916_labels.npy,data16/2916_dates.npy
2917,data16/2917_sits.npy,data16/2917_labels.npy,data16/2917_dates.npy
2918,data16/2918_sits.npy,data16/2918_labels.npy,data16/2918_dates.npy
2922,data16/2922_sits.npy,data16/2922_labels.npy,data16/2922_dates.npy
2923,data16/2923_sits.npy,data16/2923_labels.npy,data16/2923_dates.npy
2924,data16/2924_sits.npy,data16/2924_labels.npy,data16/2924_dates.npy
2925,data16/2925_sits.npy,data16/2925_labels.npy,data16/2925_dates.npy
2926,data16/2926_sits.npy,data16/2926_labels.npy,data16/2926_dates.npy
2937,data16/2937_sits.npy,data16/2937_labels.npy,data16/2937_dates.npy
2938,data16/2938_sits.npy,data16/2938_labels.npy,data16/2938_dates.npy
2939,data16/2939_sits.npy,data16/2939_labels.npy,data16/2939_dates.npy
2940,data16/2940_sits.npy,data16/2940_labels.npy,data16/2940_dates.npy
2941,data16/2941_sits.npy,data16/2941_labels.npy,data16/2941_dates.npy
2942,data16/2942_sits.npy,data16/2942_labels.npy,data16/2942_dates.npy
2960,data16/2960_sits.npy,data16/2960_labels.npy,data16/2960_dates.npy
2962,data16/2962_sits.npy,data16/2962_labels.npy,data16/2962_dates.npy
2965,data16/2965_sits.npy,data16/2965_labels.npy,data16/2965_dates.npy
2969,data16/2969_sits.npy,data16/2969_labels.npy,data16/2969_dates.npy
2970,data16/2970_sits.npy,data16/2970_labels.npy,data16/2970_dates.npy
2972,data16/2972_sits.npy,data16/2972_labels.npy,data16/2972_dates.npy
2992,data16/2992_sits.npy,data16/2992_labels.npy,data16/2992_dates.npy
2994,data16/2994_sits.npy,data16/2994_labels.npy,data16/2994_dates.npy
2995,data16/2995_sits.npy,data16/2995_labels.npy,data16/2995_dates.npy
2997,data16/2997_sits.npy,data16/2997_labels.npy,data16/2997_dates.npy
3000,data16/3000_sits.npy,data16/3000_labels.npy,data16/3000_dates.npy
3002,data16/3002_sits.npy,data16/3002_labels.npy,data16/3002_dates.npy
3004,data16/3004_sits.npy,data16/3004_labels.npy,data16/3004_dates.npy
3005,data16/3005_sits.npy,data16/3005_labels.npy,data16/3005_dates.npy
3009,data16/3009_sits.npy,data16/3009_labels.npy,data16/3009_dates.npy
3010,data16/3010_sits.npy,data16/3010_labels.npy,data16/3010_dates.npy
3012,data16/3012_sits.npy,data16/3012_labels.npy,data16/3012_dates.npy
3027,data16/3027_sits.npy,data16/3027_labels.npy,data16/3027_dates.npy
3029,data16/3029_sits.npy,data16/3029_labels.npy,data16/3029_dates.npy
3047,data16/3047_sits.npy,data16/3047_labels.npy,data16/3047_dates.npy
3048,data16/3048_sits.npy,data16/3048_labels.npy,data16/3048_dates.npy
3049,data16/3049_sits.npy,data16/3049_labels.npy,data16/3049_dates.npy
3050,data16/3050_sits.npy,data16/3050_labels.npy,data16/3050_dates.npy
3052,data16/3052_sits.npy,data16/3052_labels.npy,data16/3052_dates.npy
3055,data16/3055_sits.npy,data16/3055_labels.npy,data16/3055_dates.npy
3057,data16/3057_sits.npy,data16/3057_labels.npy,data16/3057_dates.npy
3058,data16/3058_sits.npy,data16/3058_labels.npy,data16/3058_dates.npy
3059,data16/3059_sits.npy,data16/3059_labels.npy,data16/3059_dates.npy
3060,data16/3060_sits.npy,data16/3060_labels.npy,data16/3060_dates.npy
3079,data16/3079_sits.npy,data16/3079_labels.npy,data16/3079_dates.npy
3080,data16/3080_sits.npy,data16/3080_labels.npy,data16/3080_dates.npy
3082,data16/3082_sits.npy,data16/3082_labels.npy,data16/3082_dates.npy
3083,data16/3083_sits.npy,data16/3083_labels.npy,data16/3083_dates.npy
3084,data16/3084_sits.npy,data16/3084_labels.npy,data16/3084_dates.npy
3087,data16/3087_sits.npy,data16/3087_labels.npy,data16/3087_dates.npy
3088,data16/3088_sits.npy,data16/3088_labels.npy,data16/3088_dates.npy
3089,data16/3089_sits.npy,data16/3089_labels.npy,data16/3089_dates.npy
3092,data16/3092_sits.npy,data16/3092_labels.npy,data16/3092_dates.npy
3097,data16/3097_sits.npy,data16/3097_labels.npy,data16/3097_dates.npy
3098,data16/3098_sits.npy,data16/3098_labels.npy,data16/3098_dates.npy
3099,data16/3099_sits.npy,data16/3099_labels.npy,data16/3099_dates.npy
3100,data16/3100_sits.npy,data16/3100_labels.npy,data16/3100_dates.npy
3113,data16/3113_sits.npy,data16/3113_labels.npy,data16/3113_dates.npy
3114,data16/3114_sits.npy,data16/3114_labels.npy,data16/3114_dates.npy
3115,data16/3115_sits.npy,data16/3115_labels.npy,data16/3115_dates.npy
3134,data16/3134_sits.npy,data16/3134_labels.npy,data16/3134_dates.npy
3135,data16/3135_sits.npy,data16/3135_labels.npy,data16/3135_dates.npy
3137,data16/3137_sits.npy,data16/3137_labels.npy,data16/3137_dates.npy
3138,data16/3138_sits.npy,data16/3138_labels.npy,data16/3138_dates.npy
3139,data16/3139_sits.npy,data16/3139_labels.npy,data16/3139_dates.npy
3142,data16/3142_sits.npy,data16/3142_labels.npy,data16/3142_dates.npy
3143,data16/3143_sits.npy,data16/3143_labels.npy,data16/3143_dates.npy
3144,data16/3144_sits.npy,data16/3144_labels.npy,data16/3144_dates.npy
3145,data16/3145_sits.npy,data16/3145_labels.npy,data16/3145_dates.npy
3146,data16/3146_sits.npy,data16/3146_labels.npy,data16/3146_dates.npy
3147,data16/3147_sits.npy,data16/3147_labels.npy,data16/3147_dates.npy
3166,data16/3166_sits.npy,data16/3166_labels.npy,data16/3166_dates.npy
3167,data16/3167_sits.npy,data16/3167_labels.npy,data16/3167_dates.npy
3168,data16/3168_sits.npy,data16/3168_labels.npy,data16/3168_dates.npy
3169,data16/3169_sits.npy,data16/3169_labels.npy,data16/3169_dates.npy
3170,data16/3170_sits.npy,data16/3170_labels.npy,data16/3170_dates.npy
3171,data16/3171_sits.npy,data16/3171_labels.npy,data16/3171_dates.npy
3174,data16/3174_sits.npy,data16/3174_labels.npy,data16/3174_dates.npy
3175,data16/3175_sits.npy,data16/3175_labels.npy,data16/3175_dates.npy
3176,data16/3176_sits.npy,data16/3176_labels.npy,data16/3176_dates.npy
3177,data16/3177_sits.npy,data16/3177_labels.npy,data16/3177_dates.npy
3178,data16/3178_sits.npy,data16/3178_labels.npy,data16/3178_dates.npy
3179,data16/3179_sits.npy,data16/3179_labels.npy,data16/3179_dates.npy
3182,data16/3182_sits.npy,data16/3182_labels.npy,data16/3182_dates.npy
3183,data16/3183_sits.npy,data16/3183_labels.npy,data16/3183_dates.npy
3184,data16/3184_sits.npy,data16/3184_labels.npy,data16/3184_dates.npy
3185,data16/3185_sits.npy,data16/3185_labels.npy,data16/3185_dates.npy
3186,data16/3186_sits.npy,data16/3186_labels.npy,data16/3186_dates.npy
3187,data16/3187_sits.npy,data16/3187_labels.npy,data16/3187_dates.npy
3198,data16/3198_sits.npy,data16/3198_labels.npy,data16/3198_dates.npy
3199,data16/3199_sits.npy,data16/3199_labels.npy,data16/3199_dates.npy
3200,data16/3200_sits.npy,data16/3200_labels.npy,data16/3200_dates.npy
3201,data16/3201_sits.npy,data16/3201_labels.npy,data16/3201_dates.npy
3202,data16/3202_sits.npy,data16/3202_labels.npy,data16/3202_dates.npy
3203,data16/3203_sits.npy,data16/3203_labels.npy,data16/3203_dates.npy
3221,data16/3221_sits.npy,data16/3221_labels.npy,data16/3221_dates.npy
3222,data16/3222_sits.npy,data16/3222_labels.npy,data16/3222_dates.npy
3223,data16/3223_sits.npy,data16/3223_labels.npy,data16/3223_dates.npy
3224,data16/3224_sits.npy,data16/3224_labels.npy,data16/3224_dates.npy
3226,data16/3226_sits.npy,data16/3226_labels.npy,data16/3226_dates.npy
3229,data16/3229_sits.npy,data16/3229_labels.npy,data16/3229_dates.npy
3231,data16/3231_sits.npy,data16/3231_labels.npy,data16/3231_dates.npy
3232,data16/3232_sits.npy,data16/3232_labels.npy,data16/3232_dates.npy
3233,data16/3233_sits.npy,data16/3233_labels.npy,data16/3233_dates.npy
3234,data16/3234_sits.npy,data16/3234_labels.npy,data16/3234_dates.npy
3253,data16/3253_sits.npy,data16/3253_labels.npy,data16/3253_dates.npy
3254,data16/3254_sits.npy,data16/3254_labels.npy,data16/3254_dates.npy
3256,data16/3256_sits.npy,data16/3256_labels.npy,data16/3256_dates.npy
3257,data16/3257_sits.npy,data16/3257_labels.npy,data16/3257_dates.npy
3258,data16/3258_sits.npy,data16/3258_labels.npy,data16/3258_dates.npy
3261,data16/3261_sits.npy,data16/3261_labels.npy,data16/3261_dates.npy
3262,data16/3262_sits.npy,data16/3262_labels.npy,data16/3262_dates.npy
3263,data16/3263_sits.npy,data16/3263_labels.npy,data16/3263_dates.npy
3264,data16/3264_sits.npy,data16/3264_labels.npy,data16/3264_dates.npy
3266,data16/3266_sits.npy,data16/3266_labels.npy,data16/3266_dates.npy
3269,data16/3269_sits.npy,data16/3269_labels.npy,data16/3269_dates.npy
3271,data16/3271_sits.npy,data16/3271_labels.npy,data16/3271_dates.npy
3272,data16/3272_sits.npy,data16/3272_labels.npy,data16/3272_dates.npy
3273,data16/3273_sits.npy,data16/3273_labels.npy,data16/3273_dates.npy
3274,data16/3274_sits.npy,data16/3274_labels.npy,data16/3274_dates.npy
3286,data16/3286_sits.npy,data16/3286_labels.npy,data16/3286_dates.npy
3287,data16/3287_sits.npy,data16/3287_labels.npy,data16/3287_dates.npy
3288,data16/3288_sits.npy,data16/3288_labels.npy,data16/3288_dates.npy
3289,data16/3289_sits.npy,data16/3289_labels.npy,data16/3289_dates.npy
3308,data16/3308_sits.npy,data16/3308_labels.npy,data16/3308_dates.npy
3309,data16/3309_sits.npy,data16/3309_labels.npy,data16/3309_dates.npy
3310,data16/3310_sits.npy,data16/3310_labels.npy,data16/3310_dates.npy
3311,data16/3311_sits.npy,data16/3311_labels.npy,data16/3311_dates.npy
3312,data16/3312_sits.npy,data16/3312_labels.npy,data16/3312_dates.npy
3313,data16/3313_sits.npy,data16/3313_labels.npy,data16/3313_dates.npy
3316,data16/3316_sits.npy,data16/3316_labels.npy,data16/3316_dates.npy
3317,data16/3317_sits.npy,data16/3317_labels.npy,data16/3317_dates.npy
3318,data16/3318_sits.npy,data16/3318_labels.npy,data16/3318_dates.npy
3319,data16/3319_sits.npy,data16/3319_labels.npy,data16/3319_dates.npy
3320,data16/3320_sits.npy,data16/3320_labels.npy,data16/3320_dates.npy
3321,data16/3321_sits.npy,data16/3321_labels.npy,data16/3321_dates.npy
3340,data16/3340_sits.npy,data16/3340_labels.npy,data16/3340_dates.npy
3341,data16/3341_sits.npy,data16/3341_labels.npy,data16/3341_dates.npy
3342,data16/3342_sits.npy,data16/3342_labels.npy,data16/3342_dates.npy
3343,data16/3343_sits.npy,data16/3343_labels.npy,data16/3343_dates.npy
3344,data16/3344_sits.npy,data16/3344_labels.npy,data16/3344_dates.npy
3345,data16/3345_sits.npy,data16/3345_labels.npy,data16/3345_dates.npy
3348,data16/3348_sits.npy,data16/3348_labels.npy,data16/3348_dates.npy
3349,data16/3349_sits.npy,data16/3349_labels.npy,data16/3349_dates.npy
3350,data16/3350_sits.npy,data16/3350_labels.npy,data16/3350_dates.npy
3351,data16/3351_sits.npy,data16/3351_labels.npy,data16/3351_dates.npy
3352,data16/3352_sits.npy,data16/3352_labels.npy,data16/3352_dates.npy
3353,data16/3353_sits.npy,data16/3353_labels.npy,data16/3353_dates.npy
3356,data16/3356_sits.npy,data16/3356_labels.npy,data16/3356_dates.npy
3357,data16/3357_sits.npy,data16/3357_labels.npy,data16/3357_dates.npy
3358,data16/3358_sits.npy,data16/3358_labels.npy,data16/3358_dates.npy
3359,data16/3359_sits.npy,data16/3359_labels.npy,data16/3359_dates.npy
3372,data16/3372_sits.npy,data16/3372_labels.npy,data16/3372_dates.npy
3373,data16/3373_sits.npy,data16/3373_labels.npy,data16/3373_dates.npy
3374,data16/3374_sits.npy,data16/3374_labels.npy,data16/3374_dates.npy
3375,data16/3375_sits.npy,data16/3375_labels.npy,data16/3375_dates.npy
3376,data16/3376_sits.npy,data16/3376_labels.npy,data16/3376_dates.npy
3377,data16/3377_sits.npy,data16/3377_labels.npy,data16/3377_dates.npy
3569,data16/3569_sits.npy,data16/3569_labels.npy,data16/3569_dates.npy
3570,data16/3570_sits.npy,data16/3570_labels.npy,data16/3570_dates.npy
3571,data16/3571_sits.npy,data16/3571_labels.npy,data16/3571_dates.npy
3572,data16/3572_sits.npy,data16/3572_labels.npy,data16/3572_dates.npy
3573,data16/3573_sits.npy,data16/3573_labels.npy,data16/3573_dates.npy
3574,data16/3574_sits.npy,data16/3574_labels.npy,data16/3574_dates.npy
3588,data16/3588_sits.npy,data16/3588_labels.npy,data16/3588_dates.npy
3589,data16/3589_sits.npy,data16/3589_labels.npy,data16/3589_dates.npy
3590,data16/3590_sits.npy,data16/3590_labels.npy,data16/3590_dates.npy
3593,data16/3593_sits.npy,data16/3593_labels.npy,data16/3593_dates.npy
3594,data16/3594_sits.npy,data16/3594_labels.npy,data16/3594_dates.npy
3595,data16/3595_sits.npy,data16/3595_labels.npy,data16/3595_dates.npy
3596,data16/3596_sits.npy,data16/3596_labels.npy,data16/3596_dates.npy
3597,data16/3597_sits.npy,data16/3597_labels.npy,data16/3597_dates.npy
3598,data16/3598_sits.npy,data16/3598_labels.npy,data16/3598_dates.npy
3609,data16/3609_sits.npy,data16/3609_labels.npy,data16/3609_dates.npy
3610,data16/3610_sits.npy,data16/3610_labels.npy,data16/3610_dates.npy
3611,data16/3611_sits.npy,data16/3611_labels.npy,data16/3611_dates.npy
3612,data16/3612_sits.npy,data16/3612_labels.npy,data16/3612_dates.npy
3613,data16/3613_sits.npy,data16/3613_labels.npy,data16/3613_dates.npy
3614,data16/3614_sits.npy,data16/3614_labels.npy,data16/3614_dates.npy
3633,data16/3633_sits.npy,data16/3633_labels.npy,data16/3633_dates.npy
3634,data16/3634_sits.npy,data16/3634_labels.npy,data16/3634_dates.npy
3635,data16/3635_sits.npy,data16/3635_labels.npy,data16/3635_dates.npy
3636,data16/3636_sits.npy,data16/3636_labels.npy,data16/3636_dates.npy
3637,data16/3637_sits.npy,data16/3637_labels.npy,data16/3637_dates.npy
3638,data16/3638_sits.npy,data16/3638_labels.npy,data16/3638_dates.npy
3656,data16/3656_sits.npy,data16/3656_labels.npy,data16/3656_dates.npy
3657,data16/3657_sits.npy,data16/3657_labels.npy,data16/3657_dates.npy
3658,data16/3658_sits.npy,data16/3658_labels.npy,data16/3658_dates.npy
3659,data16/3659_sits.npy,data16/3659_labels.npy,data16/3659_dates.npy
3661,data16/3661_sits.npy,data16/3661_labels.npy,data16/3661_dates.npy
3676,data16/3676_sits.npy,data16/3676_labels.npy,data16/3676_dates.npy
3677,data16/3677_sits.npy,data16/3677_labels.npy,data16/3677_dates.npy
3681,data16/3681_sits.npy,data16/3681_labels.npy,data16/3681_dates.npy
3682,data16/3682_sits.npy,data16/3682_labels.npy,data16/3682_dates.npy
3683,data16/3683_sits.npy,data16/3683_labels.npy,data16/3683_dates.npy
3684,data16/3684_sits.npy,data16/3684_labels.npy,data16/3684_dates.npy
3696,data16/3696_sits.npy,data16/3696_labels.npy,data16/3696_dates.npy
3697,data16/3697_sits.npy,data16/3697_labels.npy,data16/3697_dates.npy
3698,data16/3698_sits.npy,data16/3698_labels.npy,data16/3698_dates.npy
3699,data16/3699_sits.npy,data16/3699_labels.npy,data16/3699_dates.npy
3701,data16/3701_sits.npy,data16/3701_labels.npy,data16/3701_dates.npy
3721,data16/3721_sits.npy,data16/3721_labels.npy,data16/3721_dates.npy
3722,data16/3722_sits.npy,data16/3722_labels.npy,data16/3722_dates.npy
3723,data16/3723_sits.npy,data16/3723_labels.npy,data16/3723_dates.npy
3724,data16/3724_sits.npy,data16/3724_labels.npy,data16/3724_dates.npy
3743,data16/3743_sits.npy,data16/3743_labels.npy,data16/3743_dates.npy
3744,data16/3744_sits.npy,data16/3744_labels.npy,data16/3744_dates.npy
3745,data16/3745_sits.npy,data16/3745_labels.npy,data16/3745_dates.npy
3746,data16/3746_sits.npy,data16/3746_labels.npy,data16/3746_dates.npy
3747,data16/3747_sits.npy,data16/3747_labels.npy,data16/3747_dates.npy
3748,data16/3748_sits.npy,data16/3748_labels.npy,data16/3748_dates.npy
3763,data16/3763_sits.npy,data16/3763_labels.npy,data16/3763_dates.npy
3764,data16/3764_sits.npy,data16/3764_labels.npy,data16/3764_dates.npy
3767,data16/3767_sits.npy,data16/3767_labels.npy,data16/3767_dates.npy
3768,data16/3768_sits.npy,data16/3768_labels.npy,data16/3768_dates.npy
3769,data16/3769_sits.npy,data16/3769_labels.npy,data16/3769_dates.npy
3770,data16/3770_sits.npy,data16/3770_labels.npy,data16/3770_dates.npy
3771,data16/3771_sits.npy,data16/3771_labels.npy,data16/3771_dates.npy
3772,data16/3772_sits.npy,data16/3772_labels.npy,data16/3772_dates.npy
3786,data16/3786_sits.npy,data16/3786_labels.npy,data16/3786_dates.npy
3787,data16/3787_sits.npy,data16/3787_labels.npy,data16/3787_dates.npy
3788,data16/3788_sits.npy,data16/3788_labels.npy,data16/3788_dates.npy
3807,data16/3807_sits.npy,data16/3807_labels.npy,data16/3807_dates.npy
3808,data16/3808_sits.npy,data16/3808_labels.npy,data16/3808_dates.npy
3809,data16/3809_sits.npy,data16/3809_labels.npy,data16/3809_dates.npy
3810,data16/3810_sits.npy,data16/3810_labels.npy,data16/3810_dates.npy
3811,data16/3811_sits.npy,data16/3811_labels.npy,data16/3811_dates.npy
3812,data16/3812_sits.npy,data16/3812_labels.npy,data16/3812_dates.npy
3830,data16/3830_sits.npy,data16/3830_labels.npy,data16/3830_dates.npy
3832,data16/3832_sits.npy,data16/3832_labels.npy,data16/3832_dates.npy
3834,data16/3834_sits.npy,data16/3834_labels.npy,data16/3834_dates.npy
3835,data16/3835_sits.npy,data16/3835_labels.npy,data16/3835_dates.npy
3849,data16/3849_sits.npy,data16/3849_labels.npy,data16/3849_dates.npy
3854,data16/3854_sits.npy,data16/3854_labels.npy,data16/3854_dates.npy
3855,data16/3855_sits.npy,data16/3855_labels.npy,data16/3855_dates.npy
3857,data16/3857_sits.npy,data16/3857_labels.npy,data16/3857_dates.npy
3859,data16/3859_sits.npy,data16/3859_labels.npy,data16/3859_dates.npy
3870,data16/3870_sits.npy,data16/3870_labels.npy,data16/3870_dates.npy
3872,data16/3872_sits.npy,data16/3872_labels.npy,data16/3872_dates.npy
3874,data16/3874_sits.npy,data16/3874_labels.npy,data16/3874_dates.npy
3875,data16/3875_sits.npy,data16/3875_labels.npy,data16/3875_dates.npy
3894,data16/3894_sits.npy,data16/3894_labels.npy,data16/3894_dates.npy
3895,data16/3895_sits.npy,data16/3895_labels.npy,data16/3895_dates.npy
3897,data16/3897_sits.npy,data16/3897_labels.npy,data16/3897_dates.npy
3899,data16/3899_sits.npy,data16/3899_labels.npy,data16/3899_dates.npy
3917,data16/3917_sits.npy,data16/3917_labels.npy,data16/3917_dates.npy
3918,data16/3918_sits.npy,data16/3918_labels.npy,data16/3918_dates.npy
3919,data16/3919_sits.npy,data16/3919_labels.npy,data16/3919_dates.npy
3920,data16/3920_sits.npy,data16/3920_labels.npy,data16/3920_dates.npy
3922,data16/3922_sits.npy,data16/3922_labels.npy,data16/3922_dates.npy
3934,data16/3934_sits.npy,data16/3934_labels.npy,data16/3934_dates.npy
3935,data16/3935_sits.npy,data16/3935_labels.npy,data16/3935_dates.npy
3942,data16/3942_sits.npy,data16/3942_labels.npy,data16/3942_dates.npy
3943,data16/3943_sits.npy,data16/3943_labels.npy,data16/3943_dates.npy
3944,data16/3944_sits.npy,data16/3944_labels.npy,data16/3944_dates.npy
3945,data16/3945_sits.npy,data16/3945_labels.npy,data16/3945_dates.npy
3957,data16/3957_sits.npy,data16/3957_labels.npy,data16/3957_dates.npy
3960,data16/3960_sits.npy,data16/3960_labels.npy,data16/3960_dates.npy
3962,data16/3962_sits.npy,data16/3962_labels.npy,data16/3962_dates.npy
3982,data16/3982_sits.npy,data16/3982_labels.npy,data16/3982_dates.npy
3983,data16/3983_sits.npy,data16/3983_labels.npy,data16/3983_dates.npy
3984,data16/3984_sits.npy,data16/3984_labels.npy,data16/3984_dates.npy
3985,data16/3985_sits.npy,data16/3985_labels.npy,data16/3985_dates.npy
4004,data16/4004_sits.npy,data16/4004_labels.npy,data16/4004_dates.npy
4005,data16/4005_sits.npy,data16/4005_labels.npy,data16/4005_dates.npy
4006,data16/4006_sits.npy,data16/4006_labels.npy,data16/4006_dates.npy
4007,data16/4007_sits.npy,data16/4007_labels.npy,data16/4007_dates.npy
4008,data16/4008_sits.npy,data16/4008_labels.npy,data16/4008_dates.npy
4009,data16/4009_sits.npy,data16/4009_labels.npy,data16/4009_dates.npy
4020,data16/4020_sits.npy,data16/4020_labels.npy,data16/4020_dates.npy
4021,data16/4021_sits.npy,data16/4021_labels.npy,data16/4021_dates.npy
4022,data16/4022_sits.npy,data16/4022_labels.npy,data16/4022_dates.npy
4023,data16/4023_sits.npy,data16/4023_labels.npy,data16/4023_dates.npy
4024,data16/4024_sits.npy,data16/4024_labels.npy,data16/4024_dates.npy
4025,data16/4025_sits.npy,data16/4025_labels.npy,data16/4025_dates.npy
4028,data16/4028_sits.npy,data16/4028_labels.npy,data16/4028_dates.npy
4029,data16/4029_sits.npy,data16/4029_labels.npy,data16/4029_dates.npy
4030,data16/4030_sits.npy,data16/4030_labels.npy,data16/4030_dates.npy
4031,data16/4031_sits.npy,data16/4031_labels.npy,data16/4031_dates.npy
4032,data16/4032_sits.npy,data16/4032_labels.npy,data16/4032_dates.npy
4033,data16/4033_sits.npy,data16/4033_labels.npy,data16/4033_dates.npy
4047,data16/4047_sits.npy,data16/4047_labels.npy,data16/4047_dates.npy
4048,data16/4048_sits.npy,data16/4048_labels.npy,data16/4048_dates.npy
4049,data16/4049_sits.npy,data16/4049_labels.npy,data16/4049_dates.npy
4068,data16/4068_sits.npy,data16/4068_labels.npy,data16/4068_dates.npy
4069,data16/4069_sits.npy,data16/4069_labels.npy,data16/4069_dates.npy
4071,data16/4071_sits.npy,data16/4071_labels.npy,data16/4071_dates.npy
4072,data16/4072_sits.npy,data16/4072_labels.npy,data16/4072_dates.npy
4073,data16/4073_sits.npy,data16/4073_labels.npy,data16/4073_dates.npy
4265,data16/4265_sits.npy,data16/4265_labels.npy,data16/4265_dates.npy
4267,data16/4267_sits.npy,data16/4267_labels.npy,data16/4267_dates.npy
4269,data16/4269_sits.npy,data16/4269_labels.npy,data16/4269_dates.npy
4282,data16/4282_sits.npy,data16/4282_labels.npy,data16/4282_dates.npy
4284,data16/4284_sits.npy,data16/4284_labels.npy,data16/4284_dates.npy
4285,data16/4285_sits.npy,data16/4285_labels.npy,data16/4285_dates.npy
4297,data16/4297_sits.npy,data16/4297_labels.npy,data16/4297_dates.npy
4299,data16/4299_sits.npy,data16/4299_labels.npy,data16/4299_dates.npy
4300,data16/4300_sits.npy,data16/4300_labels.npy,data16/4300_dates.npy
4302,data16/4302_sits.npy,data16/4302_labels.npy,data16/4302_dates.npy
4314,data16/4314_sits.npy,data16/4314_labels.npy,data16/4314_dates.npy
4315,data16/4315_sits.npy,data16/4315_labels.npy,data16/4315_dates.npy
4317,data16/4317_sits.npy,data16/4317_labels.npy,data16/4317_dates.npy
4322,data16/4322_sits.npy,data16/4322_labels.npy,data16/4322_dates.npy
4324,data16/4324_sits.npy,data16/4324_labels.npy,data16/4324_dates.npy
4325,data16/4325_sits.npy,data16/4325_labels.npy,data16/4325_dates.npy
4339,data16/4339_sits.npy,data16/4339_labels.npy,data16/4339_dates.npy
4340,data16/4340_sits.npy,data16/4340_labels.npy,data16/4340_dates.npy
4342,data16/4342_sits.npy,data16/4342_labels.npy,data16/4342_dates.npy
4345,data16/4345_sits.npy,data16/4345_labels.npy,data16/4345_dates.npy
4347,data16/4347_sits.npy,data16/4347_labels.npy,data16/4347_dates.npy
4349,data16/4349_sits.npy,data16/4349_labels.npy,data16/4349_dates.npy
4350,data16/4350_sits.npy,data16/4350_labels.npy,data16/4350_dates.npy
4352,data16/4352_sits.npy,data16/4352_labels.npy,data16/4352_dates.npy
4353,data16/4353_sits.npy,data16/4353_labels.npy,data16/4353_dates.npy
4354,data16/4354_sits.npy,data16/4354_labels.npy,data16/4354_dates.npy
4355,data16/4355_sits.npy,data16/4355_labels.npy,data16/4355_dates.npy
4357,data16/4357_sits.npy,data16/4357_labels.npy,data16/4357_dates.npy
4368,data16/4368_sits.npy,data16/4368_labels.npy,data16/4368_dates.npy
4369,data16/4369_sits.npy,data16/4369_labels.npy,data16/4369_dates.npy
4370,data16/4370_sits.npy,data16/4370_labels.npy,data16/4370_dates.npy
4372,data16/4372_sits.npy,data16/4372_labels.npy,data16/4372_dates.npy
4373,data16/4373_sits.npy,data16/4373_labels.npy,data16/4373_dates.npy
4384,data16/4384_sits.npy,data16/4384_labels.npy,data16/4384_dates.npy
4385,data16/4385_sits.npy,data16/4385_labels.npy,data16/4385_dates.npy
4387,data16/4387_sits.npy,data16/4387_labels.npy,data16/4387_dates.npy
4388,data16/4388_sits.npy,data16/4388_labels.npy,data16/4388_dates.npy
4389,data16/4389_sits.npy,data16/4389_labels.npy,data16/4389_dates.npy
4400,data16/4400_sits.npy,data16/4400_labels.npy,data16/4400_dates.npy
4402,data16/4402_sits.npy,data16/4402_labels.npy,data16/4402_dates.npy
4403,data16/4403_sits.npy,data16/4403_labels.npy,data16/4403_dates.npy
4404,data16/4404_sits.npy,data16/4404_labels.npy,data16/4404_dates.npy
4405,data16/4405_sits.npy,data16/4405_labels.npy,data16/4405_dates.npy
4408,data16/4408_sits.npy,data16/4408_labels.npy,data16/4408_dates.npy
4409,data16/4409_sits.npy,data16/4409_labels.npy,data16/4409_dates.npy
4410,data16/4410_sits.npy,data16/4410_labels.npy,data16/4410_dates.npy
4412,data16/4412_sits.npy,data16/4412_labels.npy,data16/4412_dates.npy
4413,data16/4413_sits.npy,data16/4413_labels.npy,data16/4413_dates.npy
4424,data16/4424_sits.npy,data16/4424_labels.npy,data16/4424_dates.npy
4425,data16/4425_sits.npy,data16/4425_labels.npy,data16/4425_dates.npy
4427,data16/4427_sits.npy,data16/4427_labels.npy,data16/4427_dates.npy
4428,data16/4428_sits.npy,data16/4428_labels.npy,data16/4428_dates.npy
4429,data16/4429_sits.npy,data16/4429_labels.npy,data16/4429_dates.npy
4432,data16/4432_sits.npy,data16/4432_labels.npy,data16/4432_dates.npy
4433,data16/4433_sits.npy,data16/4433_labels.npy,data16/4433_dates.npy
4434,data16/4434_sits.npy,data16/4434_labels.npy,data16/4434_dates.npy
4435,data16/4435_sits.npy,data16/4435_labels.npy,data16/4435_dates.npy
4437,data16/4437_sits.npy,data16/4437_labels.npy,data16/4437_dates.npy
4439,data16/4439_sits.npy,data16/4439_labels.npy,data16/4439_dates.npy
4440,data16/4440_sits.npy,data16/4440_labels.npy,data16/4440_dates.npy
4441,data16/4441_sits.npy,data16/4441_labels.npy,data16/4441_dates.npy
4442,data16/4442_sits.npy,data16/4442_labels.npy,data16/4442_dates.npy
4443,data16/4443_sits.npy,data16/4443_labels.npy,data16/4443_dates.npy
4444,data16/4444_sits.npy,data16/4444_labels.npy,data16/4444_dates.npy
4455,data16/4455_sits.npy,data16/4455_labels.npy,data16/4455_dates.npy
4456,data16/4456_sits.npy,data16/4456_labels.npy,data16/4456_dates.npy
4457,data16/4457_sits.npy,data16/4457_labels.npy,data16/4457_dates.npy
4471,data16/4471_sits.npy,data16/4471_labels.npy,data16/4471_dates.npy
4472,data16/4472_sits.npy,data16/4472_labels.npy,data16/4472_dates.npy
4473,data16/4473_sits.npy,data16/4473_labels.npy,data16/4473_dates.npy
4474,data16/4474_sits.npy,data16/4474_labels.npy,data16/4474_dates.npy
4475,data16/4475_sits.npy,data16/4475_labels.npy,data16/4475_dates.npy
4476,data16/4476_sits.npy,data16/4476_labels.npy,data16/4476_dates.npy
4487,data16/4487_sits.npy,data16/4487_labels.npy,data16/4487_dates.npy
4488,data16/4488_sits.npy,data16/4488_labels.npy,data16/4488_dates.npy
4489,data16/4489_sits.npy,data16/4489_labels.npy,data16/4489_dates.npy
4490,data16/4490_sits.npy,data16/4490_labels.npy,data16/4490_dates.npy
4491,data16/4491_sits.npy,data16/4491_labels.npy,data16/4491_dates.npy
4492,data16/4492_sits.npy,data16/4492_labels.npy,data16/4492_dates.npy
4495,data16/4495_sits.npy,data16/4495_labels.npy,data16/4495_dates.npy
4496,data16/4496_sits.npy,data16/4496_labels.npy,data16/4496_dates.npy
4497,data16/4497_sits.npy,data16/4497_labels.npy,data16/4497_dates.npy
4498,data16/4498_sits.npy,data16/4498_labels.npy,data16/4498_dates.npy
4499,data16/4499_sits.npy,data16/4499_labels.npy,data16/4499_dates.npy
4500,data16/4500_sits.npy,data16/4500_labels.npy,data16/4500_dates.npy
4511,data16/4511_sits.npy,data16/4511_labels.npy,data16/4511_dates.npy
4512,data16/4512_sits.npy,data16/4512_labels.npy,data16/4512_dates.npy
4513,data16/4513_sits.npy,data16/4513_labels.npy,data16/4513_dates.npy
4514,data16/4514_sits.npy,data16/4514_labels.npy,data16/4514_dates.npy
4515,data16/4515_sits.npy,data16/4515_labels.npy,data16/4515_dates.npy
4516,data16/4516_sits.npy,data16/4516_labels.npy,data16/4516_dates.npy
4519,data16/4519_sits.npy,data16/4519_labels.npy,data16/4519_dates.npy
4520,data16/4520_sits.npy,data16/4520_labels.npy,data16/4520_dates.npy
4521,data16/4521_sits.npy,data16/4521_labels.npy,data16/4521_dates.npy
4522,data16/4522_sits.npy,data16/4522_labels.npy,data16/4522_dates.npy
4523,data16/4523_sits.npy,data16/4523_labels.npy,data16/4523_dates.npy
4524,data16/4524_sits.npy,data16/4524_labels.npy,data16/4524_dates.npy
4526,data16/4526_sits.npy,data16/4526_labels.npy,data16/4526_dates.npy
4527,data16/4527_sits.npy,data16/4527_labels.npy,data16/4527_dates.npy
4528,data16/4528_sits.npy,data16/4528_labels.npy,data16/4528_dates.npy
4529,data16/4529_sits.npy,data16/4529_labels.npy,data16/4529_dates.npy
4531,data16/4531_sits.npy,data16/4531_labels.npy,data16/4531_dates.npy
4542,data16/4542_sits.npy,data16/4542_labels.npy,data16/4542_dates.npy
4543,data16/4543_sits.npy,data16/4543_labels.npy,data16/4543_dates.npy
4544,data16/4544_sits.npy,data16/4544_labels.npy,data16/4544_dates.npy
4546,data16/4546_sits.npy,data16/4546_labels.npy,data16/4546_dates.npy
4547,data16/4547_sits.npy,data16/4547_labels.npy,data16/4547_dates.npy
4558,data16/4558_sits.npy,data16/4558_labels.npy,data16/4558_dates.npy
4559,data16/4559_sits.npy,data16/4559_labels.npy,data16/4559_dates.npy
4561,data16/4561_sits.npy,data16/4561_labels.npy,data16/4561_dates.npy
4563,data16/4563_sits.npy,data16/4563_labels.npy,data16/4563_dates.npy
4574,data16/4574_sits.npy,data16/4574_labels.npy,data16/4574_dates.npy
4576,data16/4576_sits.npy,data16/4576_labels.npy,data16/4576_dates.npy
4577,data16/4577_sits.npy,data16/4577_labels.npy,data16/4577_dates.npy
4579,data16/4579_sits.npy,data16/4579_labels.npy,data16/4579_dates.npy
4582,data16/4582_sits.npy,data16/4582_labels.npy,data16/4582_dates.npy
4583,data16/4583_sits.npy,data16/4583_labels.npy,data16/4583_dates.npy
4584,data16/4584_sits.npy,data16/4584_labels.npy,data16/4584_dates.npy
4586,data16/4586_sits.npy,data16/4586_labels.npy,data16/4586_dates.npy
4587,data16/4587_sits.npy,data16/4587_labels.npy,data16/4587_dates.npy
4598,data16/4598_sits.npy,data16/4598_labels.npy,data16/4598_dates.npy
4599,data16/4599_sits.npy,data16/4599_labels.npy,data16/4599_dates.npy
4601,data16/4601_sits.npy,data16/4601_labels.npy,data16/4601_dates.npy
4602,data16/4602_sits.npy,data16/4602_labels.npy,data16/4602_dates.npy
4603,data16/4603_sits.npy,data16/4603_labels.npy,data16/4603_dates.npy
4606,data16/4606_sits.npy,data16/4606_labels.npy,data16/4606_dates.npy
4607,data16/4607_sits.npy,data16/4607_labels.npy,data16/4607_dates.npy
4608,data16/4608_sits.npy,data16/4608_labels.npy,data16/4608_dates.npy
4609,data16/4609_sits.npy,data16/4609_labels.npy,data16/4609_dates.npy
4611,data16/4611_sits.npy,data16/4611_labels.npy,data16/4611_dates.npy
4613,data16/4613_sits.npy,data16/4613_labels.npy,data16/4613_dates.npy
4614,data16/4614_sits.npy,data16/4614_labels.npy,data16/4614_dates.npy
4615,data16/4615_sits.npy,data16/4615_labels.npy,data16/4615_dates.npy
4616,data16/4616_sits.npy,data16/4616_labels.npy,data16/4616_dates.npy
4617,data16/4617_sits.npy,data16/4617_labels.npy,data16/4617_dates.npy
4618,data16/4618_sits.npy,data16/4618_labels.npy,data16/4618_dates.npy
4629,data16/4629_sits.npy,data16/4629_labels.npy,data16/4629_dates.npy
4630,data16/4630_sits.npy,data16/4630_labels.npy,data16/4630_dates.npy
4631,data16/4631_sits.npy,data16/4631_labels.npy,data16/4631_dates.npy
4632,data16/4632_sits.npy,data16/4632_labels.npy,data16/4632_dates.npy
4633,data16/4633_sits.npy,data16/4633_labels.npy,data16/4633_dates.npy
4645,data16/4645_sits.npy,data16/4645_labels.npy,data16/4645_dates.npy
4646,data16/4646_sits.npy,data16/4646_labels.npy,data16/4646_dates.npy
4647,data16/4647_sits.npy,data16/4647_labels.npy,data16/4647_dates.npy
4648,data16/4648_sits.npy,data16/4648_labels.npy,data16/4648_dates.npy
4649,data16/4649_sits.npy,data16/4649_labels.npy,data16/4649_dates.npy
4650,data16/4650_sits.npy,data16/4650_labels.npy,data16/4650_dates.npy
4661,data16/4661_sits.npy,data16/4661_labels.npy,data16/4661_dates.npy
4662,data16/4662_sits.npy,data16/4662_labels.npy,data16/4662_dates.npy
4663,data16/4663_sits.npy,data16/4663_labels.npy,data16/4663_dates.npy
4664,data16/4664_sits.npy,data16/4664_labels.npy,data16/4664_dates.npy
4665,data16/4665_sits.npy,data16/4665_labels.npy,data16/4665_dates.npy
4669,data16/4669_sits.npy,data16/4669_labels.npy,data16/4669_dates.npy
4670,data16/4670_sits.npy,data16/4670_labels.npy,data16/4670_dates.npy
4671,data16/4671_sits.npy,data16/4671_labels.npy,data16/4671_dates.npy
4672,data16/4672_sits.npy,data16/4672_labels.npy,data16/4672_dates.npy
4673,data16/4673_sits.npy,data16/4673_labels.npy,data16/4673_dates.npy
4674,data16/4674_sits.npy,data16/4674_labels.npy,data16/4674_dates.npy
4685,data16/4685_sits.npy,data16/4685_labels.npy,data16/4685_dates.npy
4686,data16/4686_sits.npy,data16/4686_labels.npy,data16/4686_dates.npy
4687,data16/4687_sits.npy,data16/4687_labels.npy,data16/4687_dates.npy
4689,data16/4689_sits.npy,data16/4689_labels.npy,data16/4689_dates.npy
4690,data16/4690_sits.npy,data16/4690_labels.npy,data16/4690_dates.npy
4693,data16/4693_sits.npy,data16/4693_labels.npy,data16/4693_dates.npy
4694,data16/4694_sits.npy,data16/4694_labels.npy,data16/4694_dates.npy
4695,data16/4695_sits.npy,data16/4695_labels.npy,data16/4695_dates.npy
4696,data16/4696_sits.npy,data16/4696_labels.npy,data16/4696_dates.npy
4697,data16/4697_sits.npy,data16/4697_labels.npy,data16/4697_dates.npy
4698,data16/4698_sits.npy,data16/4698_labels.npy,data16/4698_dates.npy
4700,data16/4700_sits.npy,data16/4700_labels.npy,data16/4700_dates.npy
4702,data16/4702_sits.npy,data16/4702_labels.npy,data16/4702_dates.npy
4704,data16/4704_sits.npy,data16/4704_labels.npy,data16/4704_dates.npy
4705,data16/4705_sits.npy,data16/4705_labels.npy,data16/4705_dates.npy
4717,data16/4717_sits.npy,data16/4717_labels.npy,data16/4717_dates.npy
4719,data16/4719_sits.npy,data16/4719_labels.npy,data16/4719_dates.npy
4720,data16/4720_sits.npy,data16/4720_labels.npy,data16/4720_dates.npy
4732,data16/4732_sits.npy,data16/4732_labels.npy,data16/4732_dates.npy
4734,data16/4734_sits.npy,data16/4734_labels.npy,data16/4734_dates.npy
4735,data16/4735_sits.npy,data16/4735_labels.npy,data16/4735_dates.npy
4737,data16/4737_sits.npy,data16/4737_labels.npy,data16/4737_dates.npy
4749,data16/4749_sits.npy,data16/4749_labels.npy,data16/4749_dates.npy
4750,data16/4750_sits.npy,data16/4750_labels.npy,data16/4750_dates.npy
4752,data16/4752_sits.npy,data16/4752_labels.npy,data16/4752_dates.npy
4757,data16/4757_sits.npy,data16/4757_labels.npy,data16/4757_dates.npy
4759,data16/4759_sits.npy,data16/4759_labels.npy,data16/4759_dates.npy
4760,data16/4760_sits.npy,data16/4760_labels.npy,data16/4760_dates.npy
4772,data16/4772_sits.npy,data16/4772_labels.npy,data16/4772_dates.npy
4777,data16/4777_sits.npy,data16/4777_labels.npy,data16/4777_dates.npy
4780,data16/4780_sits.npy,data16/4780_labels.npy,data16/4780_dates.npy
4782,data16/4782_sits.npy,data16/4782_labels.npy,data16/4782_dates.npy
4784,data16/4784_sits.npy,data16/4784_labels.npy,data16/4784_dates.npy
4785,data16/4785_sits.npy,data16/4785_labels.npy,data16/4785_dates.npy
4961,data16/4961_sits.npy,data16/4961_labels.npy,data16/4961_dates.npy
4962,data16/4962_sits.npy,data16/4962_labels.npy,data16/4962_dates.npy
4963,data16/4963_sits.npy,data16/4963_labels.npy,data16/4963_dates.npy
4964,data16/4964_sits.npy,data16/4964_labels.npy,data16/4964_dates.npy
4966,data16/4966_sits.npy,data16/4966_labels.npy,data16/4966_dates.npy
4977,data16/4977_sits.npy,data16/4977_labels.npy,data16/4977_dates.npy
4978,data16/4978_sits.npy,data16/4978_labels.npy,data16/4978_dates.npy
4979,data16/4979_sits.npy,data16/4979_labels.npy,data16/4979_dates.npy
4981,data16/4981_sits.npy,data16/4981_labels.npy,data16/4981_dates.npy
4986,data16/4986_sits.npy,data16/4986_labels.npy,data16/4986_dates.npy
4987,data16/4987_sits.npy,data16/4987_labels.npy,data16/4987_dates.npy
4988,data16/4988_sits.npy,data16/4988_labels.npy,data16/4988_dates.npy
4989,data16/4989_sits.npy,data16/4989_labels.npy,data16/4989_dates.npy
5009,data16/5009_sits.npy,data16/5009_labels.npy,data16/5009_dates.npy
5011,data16/5011_sits.npy,data16/5011_labels.npy,data16/5011_dates.npy
5012,data16/5012_sits.npy,data16/5012_labels.npy,data16/5012_dates.npy
5014,data16/5014_sits.npy,data16/5014_labels.npy,data16/5014_dates.npy
5033,data16/5033_sits.npy,data16/5033_labels.npy,data16/5033_dates.npy
5034,data16/5034_sits.npy,data16/5034_labels.npy,data16/5034_dates.npy
5048,data16/5048_sits.npy,data16/5048_labels.npy,data16/5048_dates.npy
5049,data16/5049_sits.npy,data16/5049_labels.npy,data16/5049_dates.npy
5050,data16/5050_sits.npy,data16/5050_labels.npy,data16/5050_dates.npy
5051,data16/5051_sits.npy,data16/5051_labels.npy,data16/5051_dates.npy
5052,data16/5052_sits.npy,data16/5052_labels.npy,data16/5052_dates.npy
5053,data16/5053_sits.npy,data16/5053_labels.npy,data16/5053_dates.npy
5064,data16/5064_sits.npy,data16/5064_labels.npy,data16/5064_dates.npy
5065,data16/5065_sits.npy,data16/5065_labels.npy,data16/5065_dates.npy
5066,data16/5066_sits.npy,data16/5066_labels.npy,data16/5066_dates.npy
5067,data16/5067_sits.npy,data16/5067_labels.npy,data16/5067_dates.npy
5068,data16/5068_sits.npy,data16/5068_labels.npy,data16/5068_dates.npy
5069,data16/5069_sits.npy,data16/5069_labels.npy,data16/5069_dates.npy
5074,data16/5074_sits.npy,data16/5074_labels.npy,data16/5074_dates.npy
5075,data16/5075_sits.npy,data16/5075_labels.npy,data16/5075_dates.npy
5076,data16/5076_sits.npy,data16/5076_labels.npy,data16/5076_dates.npy
5077,data16/5077_sits.npy,data16/5077_labels.npy,data16/5077_dates.npy
5096,data16/5096_sits.npy,data16/5096_labels.npy,data16/5096_dates.npy
5097,data16/5097_sits.npy,data16/5097_labels.npy,data16/5097_dates.npy
5098,data16/5098_sits.npy,data16/5098_labels.npy,data16/5098_dates.npy
5099,data16/5099_sits.npy,data16/5099_labels.npy,data16/5099_dates.npy
5100,data16/5100_sits.npy,data16/5100_labels.npy,data16/5100_dates.npy
5101,data16/5101_sits.npy,data16/5101_labels.npy,data16/5101_dates.npy
5120,data16/5120_sits.npy,data16/5120_labels.npy,data16/5120_dates.npy
5121,data16/5121_sits.npy,data16/5121_labels.npy,data16/5121_dates.npy
5135,data16/5135_sits.npy,data16/5135_labels.npy,data16/5135_dates.npy
5137,data16/5137_sits.npy,data16/5137_labels.npy,data16/5137_dates.npy
5139,data16/5139_sits.npy,data16/5139_labels.npy,data16/5139_dates.npy
5140,data16/5140_sits.npy,data16/5140_labels.npy,data16/5140_dates.npy
5152,data16/5152_sits.npy,data16/5152_labels.npy,data16/5152_dates.npy
5154,data16/5154_sits.npy,data16/5154_labels.npy,data16/5154_dates.npy
5155,data16/5155_sits.npy,data16/5155_labels.npy,data16/5155_dates.npy
5160,data16/5160_sits.npy,data16/5160_labels.npy,data16/5160_dates.npy
5162,data16/5162_sits.npy,data16/5162_labels.npy,data16/5162_dates.npy
5164,data16/5164_sits.npy,data16/5164_labels.npy,data16/5164_dates.npy
5184,data16/5184_sits.npy,data16/5184_labels.npy,data16/5184_dates.npy
5185,data16/5185_sits.npy,data16/5185_labels.npy,data16/5185_dates.npy
5187,data16/5187_sits.npy,data16/5187_labels.npy,data16/5187_dates.npy
5207,data16/5207_sits.npy,data16/5207_labels.npy,data16/5207_dates.npy
5222,data16/5222_sits.npy,data16/5222_labels.npy,data16/5222_dates.npy
5223,data16/5223_sits.npy,data16/5223_labels.npy,data16/5223_dates.npy
5224,data16/5224_sits.npy,data16/5224_labels.npy,data16/5224_dates.npy
5225,data16/5225_sits.npy,data16/5225_labels.npy,data16/5225_dates.npy
5227,data16/5227_sits.npy,data16/5227_labels.npy,data16/5227_dates.npy
5238,data16/5238_sits.npy,data16/5238_labels.npy,data16/5238_dates.npy
5239,data16/5239_sits.npy,data16/5239_labels.npy,data16/5239_dates.npy
5240,data16/5240_sits.npy,data16/5240_labels.npy,data16/5240_dates.npy
5242,data16/5242_sits.npy,data16/5242_labels.npy,data16/5242_dates.npy
5243,data16/5243_sits.npy,data16/5243_labels.npy,data16/5243_dates.npy
5247,data16/5247_sits.npy,data16/5247_labels.npy,data16/5247_dates.npy
5248,data16/5248_sits.npy,data16/5248_labels.npy,data16/5248_dates.npy
5249,data16/5249_sits.npy,data16/5249_labels.npy,data16/5249_dates.npy
5250,data16/5250_sits.npy,data16/5250_labels.npy,data16/5250_dates.npy
5270,data16/5270_sits.npy,data16/5270_labels.npy,data16/5270_dates.npy
5272,data16/5272_sits.npy,data16/5272_labels.npy,data16/5272_dates.npy
5274,data16/5274_sits.npy,data16/5274_labels.npy,data16/5274_dates.npy
5275,data16/5275_sits.npy,data16/5275_labels.npy,data16/5275_dates.npy
5309,data16/5309_sits.npy,data16/5309_labels.npy,data16/5309_dates.npy
5310,data16/5310_sits.npy,data16/5310_labels.npy,data16/5310_dates.npy
5311,data16/5311_sits.npy,data16/5311_labels.npy,data16/5311_dates.npy
5312,data16/5312_sits.npy,data16/5312_labels.npy,data16/5312_dates.npy
5313,data16/5313_sits.npy,data16/5313_labels.npy,data16/5313_dates.npy
5314,data16/5314_sits.npy,data16/5314_labels.npy,data16/5314_dates.npy
5325,data16/5325_sits.npy,data16/5325_labels.npy,data16/5325_dates.npy
5326,data16/5326_sits.npy,data16/5326_labels.npy,data16/5326_dates.npy
5327,data16/5327_sits.npy,data16/5327_labels.npy,data16/5327_dates.npy
5328,data16/5328_sits.npy,data16/5328_labels.npy,data16/5328_dates.npy
5329,data16/5329_sits.npy,data16/5329_labels.npy,data16/5329_dates.npy
5330,data16/5330_sits.npy,data16/5330_labels.npy,data16/5330_dates.npy
5333,data16/5333_sits.npy,data16/5333_labels.npy,data16/5333_dates.npy
5334,data16/5334_sits.npy,data16/5334_labels.npy,data16/5334_dates.npy
5335,data16/5335_sits.npy,data16/5335_labels.npy,data16/5335_dates.npy
5336,data16/5336_sits.npy,data16/5336_labels.npy,data16/5336_dates.npy
5337,data16/5337_sits.npy,data16/5337_labels.npy,data16/5337_dates.npy
5338,data16/5338_sits.npy,data16/5338_labels.npy,data16/5338_dates.npy
5358,data16/5358_sits.npy,data16/5358_labels.npy,data16/5358_dates.npy
5359,data16/5359_sits.npy,data16/5359_labels.npy,data16/5359_dates.npy
5360,data16/5360_sits.npy,data16/5360_labels.npy,data16/5360_dates.npy
5361,data16/5361_sits.npy,data16/5361_labels.npy,data16/5361_dates.npy
5362,data16/5362_sits.npy,data16/5362_labels.npy,data16/5362_dates.npy
5381,data16/5381_sits.npy,data16/5381_labels.npy,data16/5381_dates.npy
5384,data16/5384_sits.npy,data16/5384_labels.npy,data16/5384_dates.npy
5396,data16/5396_sits.npy,data16/5396_labels.npy,data16/5396_dates.npy
5397,data16/5397_sits.npy,data16/5397_labels.npy,data16/5397_dates.npy
5398,data16/5398_sits.npy,data16/5398_labels.npy,data16/5398_dates.npy
5399,data16/5399_sits.npy,data16/5399_labels.npy,data16/5399_dates.npy
5401,data16/5401_sits.npy,data16/5401_labels.npy,data16/5401_dates.npy
5412,data16/5412_sits.npy,data16/5412_labels.npy,data16/5412_dates.npy
5413,data16/5413_sits.npy,data16/5413_labels.npy,data16/5413_dates.npy
5414,data16/5414_sits.npy,data16/5414_labels.npy,data16/5414_dates.npy
5416,data16/5416_sits.npy,data16/5416_labels.npy,data16/5416_dates.npy
5417,data16/5417_sits.npy,data16/5417_labels.npy,data16/5417_dates.npy
5421,data16/5421_sits.npy,data16/5421_labels.npy,data16/5421_dates.npy
5422,data16/5422_sits.npy,data16/5422_labels.npy,data16/5422_dates.npy
5423,data16/5423_sits.npy,data16/5423_labels.npy,data16/5423_dates.npy
5424,data16/5424_sits.npy,data16/5424_labels.npy,data16/5424_dates.npy
5444,data16/5444_sits.npy,data16/5444_labels.npy,data16/5444_dates.npy
5446,data16/5446_sits.npy,data16/5446_labels.npy,data16/5446_dates.npy
5447,data16/5447_sits.npy,data16/5447_labels.npy,data16/5447_dates.npy
5448,data16/5448_sits.npy,data16/5448_labels.npy,data16/5448_dates.npy
5449,data16/5449_sits.npy,data16/5449_labels.npy,data16/5449_dates.npy
5468,data16/5468_sits.npy,data16/5468_labels.npy,data16/5468_dates.npy
5469,data16/5469_sits.npy,data16/5469_labels.npy,data16/5469_dates.npy
5471,data16/5471_sits.npy,data16/5471_labels.npy,data16/5471_dates.npy
5472,data16/5472_sits.npy,data16/5472_labels.npy,data16/5472_dates.npy
5473,data16/5473_sits.npy,data16/5473_labels.npy,data16/5473_dates.npy
5657,data16/5657_sits.npy,data16/5657_labels.npy,data16/5657_dates.npy
5658,data16/5658_sits.npy,data16/5658_labels.npy,data16/5658_dates.npy
5659,data16/5659_sits.npy,data16/5659_labels.npy,data16/5659_dates.npy
5660,data16/5660_sits.npy,data16/5660_labels.npy,data16/5660_dates.npy
5662,data16/5662_sits.npy,data16/5662_labels.npy,data16/5662_dates.npy
5665,data16/5665_sits.npy,data16/5665_labels.npy,data16/5665_dates.npy
5667,data16/5667_sits.npy,data16/5667_labels.npy,data16/5667_dates.npy
5668,data16/5668_sits.npy,data16/5668_labels.npy,data16/5668_dates.npy
5669,data16/5669_sits.npy,data16/5669_labels.npy,data16/5669_dates.npy
5670,data16/5670_sits.npy,data16/5670_labels.npy,data16/5670_dates.npy
5689,data16/5689_sits.npy,data16/5689_labels.npy,data16/5689_dates.npy
5690,data16/5690_sits.npy,data16/5690_labels.npy,data16/5690_dates.npy
5692,data16/5692_sits.npy,data16/5692_labels.npy,data16/5692_dates.npy
5693,data16/5693_sits.npy,data16/5693_labels.npy,data16/5693_dates.npy
5694,data16/5694_sits.npy,data16/5694_labels.npy,data16/5694_dates.npy
5705,data16/5705_sits.npy,data16/5705_labels.npy,data16/5705_dates.npy
5707,data16/5707_sits.npy,data16/5707_labels.npy,data16/5707_dates.npy
5708,data16/5708_sits.npy,data16/5708_labels.npy,data16/5708_dates.npy
5709,data16/5709_sits.npy,data16/5709_labels.npy,data16/5709_dates.npy
5710,data16/5710_sits.npy,data16/5710_labels.npy,data16/5710_dates.npy
5722,data16/5722_sits.npy,data16/5722_labels.npy,data16/5722_dates.npy
5723,data16/5723_sits.npy,data16/5723_labels.npy,data16/5723_dates.npy
5724,data16/5724_sits.npy,data16/5724_labels.npy,data16/5724_dates.npy
5725,data16/5725_sits.npy,data16/5725_labels.npy,data16/5725_dates.npy
5729,data16/5729_sits.npy,data16/5729_labels.npy,data16/5729_dates.npy
5732,data16/5732_sits.npy,data16/5732_labels.npy,data16/5732_dates.npy
5733,data16/5733_sits.npy,data16/5733_labels.npy,data16/5733_dates.npy
5734,data16/5734_sits.npy,data16/5734_labels.npy,data16/5734_dates.npy
5737,data16/5737_sits.npy,data16/5737_labels.npy,data16/5737_dates.npy
5738,data16/5738_sits.npy,data16/5738_labels.npy,data16/5738_dates.npy
5739,data16/5739_sits.npy,data16/5739_labels.npy,data16/5739_dates.npy
5740,data16/5740_sits.npy,data16/5740_labels.npy,data16/5740_dates.npy
5742,data16/5742_sits.npy,data16/5742_labels.npy,data16/5742_dates.npy
5744,data16/5744_sits.npy,data16/5744_labels.npy,data16/5744_dates.npy
5745,data16/5745_sits.npy,data16/5745_labels.npy,data16/5745_dates.npy
5746,data16/5746_sits.npy,data16/5746_labels.npy,data16/5746_dates.npy
5747,data16/5747_sits.npy,data16/5747_labels.npy,data16/5747_dates.npy
5748,data16/5748_sits.npy,data16/5748_labels.npy,data16/5748_dates.npy
5749,data16/5749_sits.npy,data16/5749_labels.npy,data16/5749_dates.npy
5752,data16/5752_sits.npy,data16/5752_labels.npy,data16/5752_dates.npy
5753,data16/5753_sits.npy,data16/5753_labels.npy,data16/5753_dates.npy
5754,data16/5754_sits.npy,data16/5754_labels.npy,data16/5754_dates.npy
5755,data16/5755_sits.npy,data16/5755_labels.npy,data16/5755_dates.npy
5756,data16/5756_sits.npy,data16/5756_labels.npy,data16/5756_dates.npy
5757,data16/5757_sits.npy,data16/5757_labels.npy,data16/5757_dates.npy
5776,data16/5776_sits.npy,data16/5776_labels.npy,data16/5776_dates.npy
5777,data16/5777_sits.npy,data16/5777_labels.npy,data16/5777_dates.npy
5778,data16/5778_sits.npy,data16/5778_labels.npy,data16/5778_dates.npy
5779,data16/5779_sits.npy,data16/5779_labels.npy,data16/5779_dates.npy
5780,data16/5780_sits.npy,data16/5780_labels.npy,data16/5780_dates.npy
5781,data16/5781_sits.npy,data16/5781_labels.npy,data16/5781_dates.npy
5792,data16/5792_sits.npy,data16/5792_labels.npy,data16/5792_dates.npy
5794,data16/5794_sits.npy,data16/5794_labels.npy,data16/5794_dates.npy
5795,data16/5795_sits.npy,data16/5795_labels.npy,data16/5795_dates.npy
5797,data16/5797_sits.npy,data16/5797_labels.npy,data16/5797_dates.npy
5808,data16/5808_sits.npy,data16/5808_labels.npy,data16/5808_dates.npy
5809,data16/5809_sits.npy,data16/5809_labels.npy,data16/5809_dates.npy
5810,data16/5810_sits.npy,data16/5810_labels.npy,data16/5810_dates.npy
5811,data16/5811_sits.npy,data16/5811_labels.npy,data16/5811_dates.npy
5812,data16/5812_sits.npy,data16/5812_labels.npy,data16/5812_dates.npy
5813,data16/5813_sits.npy,data16/5813_labels.npy,data16/5813_dates.npy
5816,data16/5816_sits.npy,data16/5816_labels.npy,data16/5816_dates.npy
5817,data16/5817_sits.npy,data16/5817_labels.npy,data16/5817_dates.npy
5819,data16/5819_sits.npy,data16/5819_labels.npy,data16/5819_dates.npy
5820,data16/5820_sits.npy,data16/5820_labels.npy,data16/5820_dates.npy
5821,data16/5821_sits.npy,data16/5821_labels.npy,data16/5821_dates.npy
5824,data16/5824_sits.npy,data16/5824_labels.npy,data16/5824_dates.npy
5825,data16/5825_sits.npy,data16/5825_labels.npy,data16/5825_dates.npy
5826,data16/5826_sits.npy,data16/5826_labels.npy,data16/5826_dates.npy
5827,data16/5827_sits.npy,data16/5827_labels.npy,data16/5827_dates.npy
5828,data16/5828_sits.npy,data16/5828_labels.npy,data16/5828_dates.npy
5829,data16/5829_sits.npy,data16/5829_labels.npy,data16/5829_dates.npy
5831,data16/5831_sits.npy,data16/5831_labels.npy,data16/5831_dates.npy
5832,data16/5832_sits.npy,data16/5832_labels.npy,data16/5832_dates.npy
5833,data16/5833_sits.npy,data16/5833_labels.npy,data16/5833_dates.npy
5834,data16/5834_sits.npy,data16/5834_labels.npy,data16/5834_dates.npy
5836,data16/5836_sits.npy,data16/5836_labels.npy,data16/5836_dates.npy
5839,data16/5839_sits.npy,data16/5839_labels.npy,data16/5839_dates.npy
5841,data16/5841_sits.npy,data16/5841_labels.npy,data16/5841_dates.npy
5842,data16/5842_sits.npy,data16/5842_labels.npy,data16/5842_dates.npy
5843,data16/5843_sits.npy,data16/5843_labels.npy,data16/5843_dates.npy
5844,data16/5844_sits.npy,data16/5844_labels.npy,data16/5844_dates.npy
5863,data16/5863_sits.npy,data16/5863_labels.npy,data16/5863_dates.npy
5864,data16/5864_sits.npy,data16/5864_labels.npy,data16/5864_dates.npy
5866,data16/5866_sits.npy,data16/5866_labels.npy,data16/5866_dates.npy
5867,data16/5867_sits.npy,data16/5867_labels.npy,data16/5867_dates.npy
5868,data16/5868_sits.npy,data16/5868_labels.npy,data16/5868_dates.npy
5883,data16/5883_sits.npy,data16/5883_labels.npy,data16/5883_dates.npy
5884,data16/5884_sits.npy,data16/5884_labels.npy,data16/5884_dates.npy
5896,data16/5896_sits.npy,data16/5896_labels.npy,data16/5896_dates.npy
5897,data16/5897_sits.npy,data16/5897_labels.npy,data16/5897_dates.npy
5898,data16/5898_sits.npy,data16/5898_labels.npy,data16/5898_dates.npy
5899,data16/5899_sits.npy,data16/5899_labels.npy,data16/5899_dates.npy
5903,data16/5903_sits.npy,data16/5903_labels.npy,data16/5903_dates.npy
5906,data16/5906_sits.npy,data16/5906_labels.npy,data16/5906_dates.npy
5907,data16/5907_sits.npy,data16/5907_labels.npy,data16/5907_dates.npy
5908,data16/5908_sits.npy,data16/5908_labels.npy,data16/5908_dates.npy
5911,data16/5911_sits.npy,data16/5911_labels.npy,data16/5911_dates.npy
5912,data16/5912_sits.npy,data16/5912_labels.npy,data16/5912_dates.npy
5913,data16/5913_sits.npy,data16/5913_labels.npy,data16/5913_dates.npy
5914,data16/5914_sits.npy,data16/5914_labels.npy,data16/5914_dates.npy
5916,data16/5916_sits.npy,data16/5916_labels.npy,data16/5916_dates.npy
5919,data16/5919_sits.npy,data16/5919_labels.npy,data16/5919_dates.npy
5921,data16/5921_sits.npy,data16/5921_labels.npy,data16/5921_dates.npy
5922,data16/5922_sits.npy,data16/5922_labels.npy,data16/5922_dates.npy
5923,data16/5923_sits.npy,data16/5923_labels.npy,data16/5923_dates.npy
5926,data16/5926_sits.npy,data16/5926_labels.npy,data16/5926_dates.npy
5927,data16/5927_sits.npy,data16/5927_labels.npy,data16/5927_dates.npy
5928,data16/5928_sits.npy,data16/5928_labels.npy,data16/5928_dates.npy
5929,data16/5929_sits.npy,data16/5929_labels.npy,data16/5929_dates.npy
5930,data16/5930_sits.npy,data16/5930_labels.npy,data16/5930_dates.npy
5931,data16/5931_sits.npy,data16/5931_labels.npy,data16/5931_dates.npy
5950,data16/5950_sits.npy,data16/5950_labels.npy,data16/5950_dates.npy
5951,data16/5951_sits.npy,data16/5951_labels.npy,data16/5951_dates.npy
5952,data16/5952_sits.npy,data16/5952_labels.npy,data16/5952_dates.npy
5953,data16/5953_sits.npy,data16/5953_labels.npy,data16/5953_dates.npy
5954,data16/5954_sits.npy,data16/5954_labels.npy,data16/5954_dates.npy
5955,data16/5955_sits.npy,data16/5955_labels.npy,data16/5955_dates.npy
5966,data16/5966_sits.npy,data16/5966_labels.npy,data16/5966_dates.npy
5967,data16/5967_sits.npy,data16/5967_labels.npy,data16/5967_dates.npy
5968,data16/5968_sits.npy,data16/5968_labels.npy,data16/5968_dates.npy
5969,data16/5969_sits.npy,data16/5969_labels.npy,data16/5969_dates.npy
5970,data16/5970_sits.npy,data16/5970_labels.npy,data16/5970_dates.npy
5971,data16/5971_sits.npy,data16/5971_labels.npy,data16/5971_dates.npy
5982,data16/5982_sits.npy,data16/5982_labels.npy,data16/5982_dates.npy
5983,data16/5983_sits.npy,data16/5983_labels.npy,data16/5983_dates.npy
5984,data16/5984_sits.npy,data16/5984_labels.npy,data16/5984_dates.npy
5985,data16/5985_sits.npy,data16/5985_labels.npy,data16/5985_dates.npy
5986,data16/5986_sits.npy,data16/5986_labels.npy,data16/5986_dates.npy
5987,data16/5987_sits.npy,data16/5987_labels.npy,data16/5987_dates.npy
5990,data16/5990_sits.npy,data16/5990_labels.npy,data16/5990_dates.npy
5991,data16/5991_sits.npy,data16/5991_labels.npy,data16/5991_dates.npy
5993,data16/5993_sits.npy,data16/5993_labels.npy,data16/5993_dates.npy
5994,data16/5994_sits.npy,data16/5994_labels.npy,data16/5994_dates.npy
5995,data16/5995_sits.npy,data16/5995_labels.npy,data16/5995_dates.npy
5998,data16/5998_sits.npy,data16/5998_labels.npy,data16/5998_dates.npy
5999,data16/5999_sits.npy,data16/5999_labels.npy,data16/5999_dates.npy
6000,data16/6000_sits.npy,data16/6000_labels.npy,data16/6000_dates.npy
6001,data16/6001_sits.npy,data16/6001_labels.npy,data16/6001_dates.npy
6002,data16/6002_sits.npy,data16/6002_labels.npy,data16/6002_dates.npy
6003,data16/6003_sits.npy,data16/6003_labels.npy,data16/6003_dates.npy
6005,data16/6005_sits.npy,data16/6005_labels.npy,data16/6005_dates.npy
6007,data16/6007_sits.npy,data16/6007_labels.npy,data16/6007_dates.npy
6009,data16/6009_sits.npy,data16/6009_labels.npy,data16/6009_dates.npy
6010,data16/6010_sits.npy,data16/6010_labels.npy,data16/6010_dates.npy
6014,data16/6014_sits.npy,data16/6014_labels.npy,data16/6014_dates.npy
6015,data16/6015_sits.npy,data16/6015_labels.npy,data16/6015_dates.npy
6017,data16/6017_sits.npy,data16/6017_labels.npy,data16/6017_dates.npy
6037,data16/6037_sits.npy,data16/6037_labels.npy,data16/6037_dates.npy
6039,data16/6039_sits.npy,data16/6039_labels.npy,data16/6039_dates.npy
6040,data16/6040_sits.npy,data16/6040_labels.npy,data16/6040_dates.npy
6042,data16/6042_sits.npy,data16/6042_labels.npy,data16/6042_dates.npy
6054,data16/6054_sits.npy,data16/6054_labels.npy,data16/6054_dates.npy
6055,data16/6055_sits.npy,data16/6055_labels.npy,data16/6055_dates.npy
6057,data16/6057_sits.npy,data16/6057_labels.npy,data16/6057_dates.npy
6069,data16/6069_sits.npy,data16/6069_labels.npy,data16/6069_dates.npy
6070,data16/6070_sits.npy,data16/6070_labels.npy,data16/6070_dates.npy
6072,data16/6072_sits.npy,data16/6072_labels.npy,data16/6072_dates.npy
6074,data16/6074_sits.npy,data16/6074_labels.npy,data16/6074_dates.npy
6077,data16/6077_sits.npy,data16/6077_labels.npy,data16/6077_dates.npy
6082,data16/6082_sits.npy,data16/6082_labels.npy,data16/6082_dates.npy
6085,data16/6085_sits.npy,data16/6085_labels.npy,data16/6085_dates.npy
6087,data16/6087_sits.npy,data16/6087_labels.npy,data16/6087_dates.npy
6089,data16/6089_sits.npy,data16/6089_labels.npy,data16/6089_dates.npy
6090,data16/6090_sits.npy,data16/6090_labels.npy,data16/6090_dates.npy
6092,data16/6092_sits.npy,data16/6092_labels.npy,data16/6092_dates.npy
6093,data16/6093_sits.npy,data16/6093_labels.npy,data16/6093_dates.npy
6094,data16/6094_sits.npy,data16/6094_labels.npy,data16/6094_dates.npy
6095,data16/6095_sits.npy,data16/6095_labels.npy,data16/6095_dates.npy
6097,data16/6097_sits.npy,data16/6097_labels.npy,data16/6097_dates.npy
6100,data16/6100_sits.npy,data16/6100_labels.npy,data16/6100_dates.npy
6102,data16/6102_sits.npy,data16/6102_labels.npy,data16/6102_dates.npy
6103,data16/6103_sits.npy,data16/6103_labels.npy,data16/6103_dates.npy
6104,data16/6104_sits.npy,data16/6104_labels.npy,data16/6104_dates.npy
6105,data16/6105_sits.npy,data16/6105_labels.npy,data16/6105_dates.npy
6124,data16/6124_sits.npy,data16/6124_labels.npy,data16/6124_dates.npy
6125,data16/6125_sits.npy,data16/6125_labels.npy,data16/6125_dates.npy
6127,data16/6127_sits.npy,data16/6127_labels.npy,data16/6127_dates.npy
6128,data16/6128_sits.npy,data16/6128_labels.npy,data16/6128_dates.npy
6129,data16/6129_sits.npy,data16/6129_labels.npy,data16/6129_dates.npy
6140,data16/6140_sits.npy,data16/6140_labels.npy,data16/6140_dates.npy
6142,data16/6142_sits.npy,data16/6142_labels.npy,data16/6142_dates.npy
6143,data16/6143_sits.npy,data16/6143_labels.npy,data16/6143_dates.npy
6144,data16/6144_sits.npy,data16/6144_labels.npy,data16/6144_dates.npy
6145,data16/6145_sits.npy,data16/6145_labels.npy,data16/6145_dates.npy
6157,data16/6157_sits.npy,data16/6157_labels.npy,data16/6157_dates.npy
6158,data16/6158_sits.npy,data16/6158_labels.npy,data16/6158_dates.npy
6159,data16/6159_sits.npy,data16/6159_labels.npy,data16/6159_dates.npy
6160,data16/6160_sits.npy,data16/6160_labels.npy,data16/6160_dates.npy
6164,data16/6164_sits.npy,data16/6164_labels.npy,data16/6164_dates.npy
6165,data16/6165_sits.npy,data16/6165_labels.npy,data16/6165_dates.npy
6167,data16/6167_sits.npy,data16/6167_labels.npy,data16/6167_dates.npy
6168,data16/6168_sits.npy,data16/6168_labels.npy,data16/6168_dates.npy
6169,data16/6169_sits.npy,data16/6169_labels.npy,data16/6169_dates.npy
6172,data16/6172_sits.npy,data16/6172_labels.npy,data16/6172_dates.npy
6173,data16/6173_sits.npy,data16/6173_labels.npy,data16/6173_dates.npy
6174,data16/6174_sits.npy,data16/6174_labels.npy,data16/6174_dates.npy
6175,data16/6175_sits.npy,data16/6175_labels.npy,data16/6175_dates.npy
6177,data16/6177_sits.npy,data16/6177_labels.npy,data16/6177_dates.npy
6353,data16/6353_sits.npy,data16/6353_labels.npy,data16/6353_dates.npy
6354,data16/6354_sits.npy,data16/6354_labels.npy,data16/6354_dates.npy
6355,data16/6355_sits.npy,data16/6355_labels.npy,data16/6355_dates.npy
6356,data16/6356_sits.npy,data16/6356_labels.npy,data16/6356_dates.npy
6357,data16/6357_sits.npy,data16/6357_labels.npy,data16/6357_dates.npy
6358,data16/6358_sits.npy,data16/6358_labels.npy,data16/6358_dates.npy
6369,data16/6369_sits.npy,data16/6369_labels.npy,data16/6369_dates.npy
6370,data16/6370_sits.npy,data16/6370_labels.npy,data16/6370_dates.npy
6371,data16/6371_sits.npy,data16/6371_labels.npy,data16/6371_dates.npy
6372,data16/6372_sits.npy,data16/6372_labels.npy,data16/6372_dates.npy
6373,data16/6373_sits.npy,data16/6373_labels.npy,data16/6373_dates.npy
6374,data16/6374_sits.npy,data16/6374_labels.npy,data16/6374_dates.npy
6385,data16/6385_sits.npy,data16/6385_labels.npy,data16/6385_dates.npy
6386,data16/6386_sits.npy,data16/6386_labels.npy,data16/6386_dates.npy
6387,data16/6387_sits.npy,data16/6387_labels.npy,data16/6387_dates.npy
6388,data16/6388_sits.npy,data16/6388_labels.npy,data16/6388_dates.npy
6389,data16/6389_sits.npy,data16/6389_labels.npy,data16/6389_dates.npy
6390,data16/6390_sits.npy,data16/6390_labels.npy,data16/6390_dates.npy
6401,data16/6401_sits.npy,data16/6401_labels.npy,data16/6401_dates.npy
6402,data16/6402_sits.npy,data16/6402_labels.npy,data16/6402_dates.npy
6403,data16/6403_sits.npy,data16/6403_labels.npy,data16/6403_dates.npy
6404,data16/6404_sits.npy,data16/6404_labels.npy,data16/6404_dates.npy
6405,data16/6405_sits.npy,data16/6405_labels.npy,data16/6405_dates.npy
6406,data16/6406_sits.npy,data16/6406_labels.npy,data16/6406_dates.npy
6409,data16/6409_sits.npy,data16/6409_labels.npy,data16/6409_dates.npy
6410,data16/6410_sits.npy,data16/6410_labels.npy,data16/6410_dates.npy
6411,data16/6411_sits.npy,data16/6411_labels.npy,data16/6411_dates.npy
6412,data16/6412_sits.npy,data16/6412_labels.npy,data16/6412_dates.npy
6414,data16/6414_sits.npy,data16/6414_labels.npy,data16/6414_dates.npy
6417,data16/6417_sits.npy,data16/6417_labels.npy,data16/6417_dates.npy
6418,data16/6418_sits.npy,data16/6418_labels.npy,data16/6418_dates.npy
6419,data16/6419_sits.npy,data16/6419_labels.npy,data16/6419_dates.npy
6420,data16/6420_sits.npy,data16/6420_labels.npy,data16/6420_dates.npy
6421,data16/6421_sits.npy,data16/6421_labels.npy,data16/6421_dates.npy
6422,data16/6422_sits.npy,data16/6422_labels.npy,data16/6422_dates.npy
6425,data16/6425_sits.npy,data16/6425_labels.npy,data16/6425_dates.npy
6426,data16/6426_sits.npy,data16/6426_labels.npy,data16/6426_dates.npy
6427,data16/6427_sits.npy,data16/6427_labels.npy,data16/6427_dates.npy
6428,data16/6428_sits.npy,data16/6428_labels.npy,data16/6428_dates.npy
6429,data16/6429_sits.npy,data16/6429_labels.npy,data16/6429_dates.npy
6430,data16/6430_sits.npy,data16/6430_labels.npy,data16/6430_dates.npy
6433,data16/6433_sits.npy,data16/6433_labels.npy,data16/6433_dates.npy
6438,data16/6438_sits.npy,data16/6438_labels.npy,data16/6438_dates.npy
6440,data16/6440_sits.npy,data16/6440_labels.npy,data16/6440_dates.npy
6442,data16/6442_sits.npy,data16/6442_labels.npy,data16/6442_dates.npy
6444,data16/6444_sits.npy,data16/6444_labels.npy,data16/6444_dates.npy
6445,data16/6445_sits.npy,data16/6445_labels.npy,data16/6445_dates.npy
6457,data16/6457_sits.npy,data16/6457_labels.npy,data16/6457_dates.npy
6459,data16/6459_sits.npy,data16/6459_labels.npy,data16/6459_dates.npy
6460,data16/6460_sits.npy,data16/6460_labels.npy,data16/6460_dates.npy
6472,data16/6472_sits.npy,data16/6472_labels.npy,data16/6472_dates.npy
6474,data16/6474_sits.npy,data16/6474_labels.npy,data16/6474_dates.npy
6475,data16/6475_sits.npy,data16/6475_labels.npy,data16/6475_dates.npy
6477,data16/6477_sits.npy,data16/6477_labels.npy,data16/6477_dates.npy
6489,data16/6489_sits.npy,data16/6489_labels.npy,data16/6489_dates.npy
6490,data16/6490_sits.npy,data16/6490_labels.npy,data16/6490_dates.npy
6492,data16/6492_sits.npy,data16/6492_labels.npy,data16/6492_dates.npy
6497,data16/6497_sits.npy,data16/6497_labels.npy,data16/6497_dates.npy
6499,data16/6499_sits.npy,data16/6499_labels.npy,data16/6499_dates.npy
6500,data16/6500_sits.npy,data16/6500_labels.npy,data16/6500_dates.npy
6504,data16/6504_sits.npy,data16/6504_labels.npy,data16/6504_dates.npy
6505,data16/6505_sits.npy,data16/6505_labels.npy,data16/6505_dates.npy
6507,data16/6507_sits.npy,data16/6507_labels.npy,data16/6507_dates.npy
6509,data16/6509_sits.npy,data16/6509_labels.npy,data16/6509_dates.npy
6512,data16/6512_sits.npy,data16/6512_labels.npy,data16/6512_dates.npy
6514,data16/6514_sits.npy,data16/6514_labels.npy,data16/6514_dates.npy
6515,data16/6515_sits.npy,data16/6515_labels.npy,data16/6515_dates.npy
6517,data16/6517_sits.npy,data16/6517_labels.npy,data16/6517_dates.npy
6520,data16/6520_sits.npy,data16/6520_labels.npy,data16/6520_dates.npy
6522,data16/6522_sits.npy,data16/6522_labels.npy,data16/6522_dates.npy
6524,data16/6524_sits.npy,data16/6524_labels.npy,data16/6524_dates.npy
6525,data16/6525_sits.npy,data16/6525_labels.npy,data16/6525_dates.npy
6528,data16/6528_sits.npy,data16/6528_labels.npy,data16/6528_dates.npy
6529,data16/6529_sits.npy,data16/6529_labels.npy,data16/6529_dates.npy
6530,data16/6530_sits.npy,data16/6530_labels.npy,data16/6530_dates.npy
6532,data16/6532_sits.npy,data16/6532_labels.npy,data16/6532_dates.npy
6543,data16/6543_sits.npy,data16/6543_labels.npy,data16/6543_dates.npy
6544,data16/6544_sits.npy,data16/6544_labels.npy,data16/6544_dates.npy
6545,data16/6545_sits.npy,data16/6545_labels.npy,data16/6545_dates.npy
6547,data16/6547_sits.npy,data16/6547_labels.npy,data16/6547_dates.npy
6548,data16/6548_sits.npy,data16/6548_labels.npy,data16/6548_dates.npy
6559,data16/6559_sits.npy,data16/6559_labels.npy,data16/6559_dates.npy
6560,data16/6560_sits.npy,data16/6560_labels.npy,data16/6560_dates.npy
6562,data16/6562_sits.npy,data16/6562_labels.npy,data16/6562_dates.npy
6563,data16/6563_sits.npy,data16/6563_labels.npy,data16/6563_dates.npy
6564,data16/6564_sits.npy,data16/6564_labels.npy,data16/6564_dates.npy
6575,data16/6575_sits.npy,data16/6575_labels.npy,data16/6575_dates.npy
6577,data16/6577_sits.npy,data16/6577_labels.npy,data16/6577_dates.npy
6578,data16/6578_sits.npy,data16/6578_labels.npy,data16/6578_dates.npy
6579,data16/6579_sits.npy,data16/6579_labels.npy,data16/6579_dates.npy
6580,data16/6580_sits.npy,data16/6580_labels.npy,data16/6580_dates.npy
6583,data16/6583_sits.npy,data16/6583_labels.npy,data16/6583_dates.npy
6584,data16/6584_sits.npy,data16/6584_labels.npy,data16/6584_dates.npy
6585,data16/6585_sits.npy,data16/6585_labels.npy,data16/6585_dates.npy
6587,data16/6587_sits.npy,data16/6587_labels.npy,data16/6587_dates.npy
6588,data16/6588_sits.npy,data16/6588_labels.npy,data16/6588_dates.npy
6592,data16/6592_sits.npy,data16/6592_labels.npy,data16/6592_dates.npy
6594,data16/6594_sits.npy,data16/6594_labels.npy,data16/6594_dates.npy
6595,data16/6595_sits.npy,data16/6595_labels.npy,data16/6595_dates.npy
6599,data16/6599_sits.npy,data16/6599_labels.npy,data16/6599_dates.npy
6600,data16/6600_sits.npy,data16/6600_labels.npy,data16/6600_dates.npy
6602,data16/6602_sits.npy,data16/6602_labels.npy,data16/6602_dates.npy
6603,data16/6603_sits.npy,data16/6603_labels.npy,data16/6603_dates.npy
6604,data16/6604_sits.npy,data16/6604_labels.npy,data16/6604_dates.npy
6607,data16/6607_sits.npy,data16/6607_labels.npy,data16/6607_dates.npy
6608,data16/6608_sits.npy,data16/6608_labels.npy,data16/6608_dates.npy
6609,data16/6609_sits.npy,data16/6609_labels.npy,data16/6609_dates.npy
6610,data16/6610_sits.npy,data16/6610_labels.npy,data16/6610_dates.npy
6612,data16/6612_sits.npy,data16/6612_labels.npy,data16/6612_dates.npy
6615,data16/6615_sits.npy,data16/6615_labels.npy,data16/6615_dates.npy
6616,data16/6616_sits.npy,data16/6616_labels.npy,data16/6616_dates.npy
6617,data16/6617_sits.npy,data16/6617_labels.npy,data16/6617_dates.npy
6618,data16/6618_sits.npy,data16/6618_labels.npy,data16/6618_dates.npy
6619,data16/6619_sits.npy,data16/6619_labels.npy,data16/6619_dates.npy
6630,data16/6630_sits.npy,data16/6630_labels.npy,data16/6630_dates.npy
6631,data16/6631_sits.npy,data16/6631_labels.npy,data16/6631_dates.npy
6632,data16/6632_sits.npy,data16/6632_labels.npy,data16/6632_dates.npy
6633,data16/6633_sits.npy,data16/6633_labels.npy,data16/6633_dates.npy
6634,data16/6634_sits.npy,data16/6634_labels.npy,data16/6634_dates.npy
6635,data16/6635_sits.npy,data16/6635_labels.npy,data16/6635_dates.npy
6646,data16/6646_sits.npy,data16/6646_labels.npy,data16/6646_dates.npy
6647,data16/6647_sits.npy,data16/6647_labels.npy,data16/6647_dates.npy
6648,data16/6648_sits.npy,data16/6648_labels.npy,data16/6648_dates.npy
6649,data16/6649_sits.npy,data16/6649_labels.npy,data16/6649_dates.npy
6650,data16/6650_sits.npy,data16/6650_labels.npy,data16/6650_dates.npy
6651,data16/6651_sits.npy,data16/6651_labels.npy,data16/6651_dates.npy
6662,data16/6662_sits.npy,data16/6662_labels.npy,data16/6662_dates.npy
6663,data16/6663_sits.npy,data16/6663_labels.npy,data16/6663_dates.npy
6664,data16/6664_sits.npy,data16/6664_labels.npy,data16/6664_dates.npy
6665,data16/6665_sits.npy,data16/6665_labels.npy,data16/6665_dates.npy
6666,data16/6666_sits.npy,data16/6666_labels.npy,data16/6666_dates.npy
6667,data16/6667_sits.npy,data16/6667_labels.npy,data16/6667_dates.npy
6670,data16/6670_sits.npy,data16/6670_labels.npy,data16/6670_dates.npy
6671,data16/6671_sits.npy,data16/6671_labels.npy,data16/6671_dates.npy
6672,data16/6672_sits.npy,data16/6672_labels.npy,data16/6672_dates.npy
6673,data16/6673_sits.npy,data16/6673_labels.npy,data16/6673_dates.npy
6674,data16/6674_sits.npy,data16/6674_labels.npy,data16/6674_dates.npy
6675,data16/6675_sits.npy,data16/6675_labels.npy,data16/6675_dates.npy
6680,data16/6680_sits.npy,data16/6680_labels.npy,data16/6680_dates.npy
6681,data16/6681_sits.npy,data16/6681_labels.npy,data16/6681_dates.npy
6682,data16/6682_sits.npy,data16/6682_labels.npy,data16/6682_dates.npy
6683,data16/6683_sits.npy,data16/6683_labels.npy,data16/6683_dates.npy
6686,data16/6686_sits.npy,data16/6686_labels.npy,data16/6686_dates.npy
6687,data16/6687_sits.npy,data16/6687_labels.npy,data16/6687_dates.npy
6688,data16/6688_sits.npy,data16/6688_labels.npy,data16/6688_dates.npy
6689,data16/6689_sits.npy,data16/6689_labels.npy,data16/6689_dates.npy
6690,data16/6690_sits.npy,data16/6690_labels.npy,data16/6690_dates.npy
6691,data16/6691_sits.npy,data16/6691_labels.npy,data16/6691_dates.npy
6694,data16/6694_sits.npy,data16/6694_labels.npy,data16/6694_dates.npy
6695,data16/6695_sits.npy,data16/6695_labels.npy,data16/6695_dates.npy
6696,data16/6696_sits.npy,data16/6696_labels.npy,data16/6696_dates.npy
6697,data16/6697_sits.npy,data16/6697_labels.npy,data16/6697_dates.npy
6698,data16/6698_sits.npy,data16/6698_labels.npy,data16/6698_dates.npy
6699,data16/6699_sits.npy,data16/6699_labels.npy,data16/6699_dates.npy
6701,data16/6701_sits.npy,data16/6701_labels.npy,data16/6701_dates.npy
6702,data16/6702_sits.npy,data16/6702_labels.npy,data16/6702_dates.npy
6703,data16/6703_sits.npy,data16/6703_labels.npy,data16/6703_dates.npy
6704,data16/6704_sits.npy,data16/6704_labels.npy,data16/6704_dates.npy
6706,data16/6706_sits.npy,data16/6706_labels.npy,data16/6706_dates.npy
6717,data16/6717_sits.npy,data16/6717_labels.npy,data16/6717_dates.npy
6718,data16/6718_sits.npy,data16/6718_labels.npy,data16/6718_dates.npy
6719,data16/6719_sits.npy,data16/6719_labels.npy,data16/6719_dates.npy
6721,data16/6721_sits.npy,data16/6721_labels.npy,data16/6721_dates.npy
6722,data16/6722_sits.npy,data16/6722_labels.npy,data16/6722_dates.npy
6733,data16/6733_sits.npy,data16/6733_labels.npy,data16/6733_dates.npy
6734,data16/6734_sits.npy,data16/6734_labels.npy,data16/6734_dates.npy
6736,data16/6736_sits.npy,data16/6736_labels.npy,data16/6736_dates.npy
6737,data16/6737_sits.npy,data16/6737_labels.npy,data16/6737_dates.npy
6738,data16/6738_sits.npy,data16/6738_labels.npy,data16/6738_dates.npy
6749,data16/6749_sits.npy,data16/6749_labels.npy,data16/6749_dates.npy
6751,data16/6751_sits.npy,data16/6751_labels.npy,data16/6751_dates.npy
6752,data16/6752_sits.npy,data16/6752_labels.npy,data16/6752_dates.npy
6753,data16/6753_sits.npy,data16/6753_labels.npy,data16/6753_dates.npy
6754,data16/6754_sits.npy,data16/6754_labels.npy,data16/6754_dates.npy
6757,data16/6757_sits.npy,data16/6757_labels.npy,data16/6757_dates.npy
6758,data16/6758_sits.npy,data16/6758_labels.npy,data16/6758_dates.npy
6759,data16/6759_sits.npy,data16/6759_labels.npy,data16/6759_dates.npy
6761,data16/6761_sits.npy,data16/6761_labels.npy,data16/6761_dates.npy
6762,data16/6762_sits.npy,data16/6762_labels.npy,data16/6762_dates.npy
6767,data16/6767_sits.npy,data16/6767_labels.npy,data16/6767_dates.npy
6768,data16/6768_sits.npy,data16/6768_labels.npy,data16/6768_dates.npy
6769,data16/6769_sits.npy,data16/6769_labels.npy,data16/6769_dates.npy
6773,data16/6773_sits.npy,data16/6773_labels.npy,data16/6773_dates.npy
6774,data16/6774_sits.npy,data16/6774_labels.npy,data16/6774_dates.npy
6776,data16/6776_sits.npy,data16/6776_labels.npy,data16/6776_dates.npy
6777,data16/6777_sits.npy,data16/6777_labels.npy,data16/6777_dates.npy
6778,data16/6778_sits.npy,data16/6778_labels.npy,data16/6778_dates.npy
6781,data16/6781_sits.npy,data16/6781_labels.npy,data16/6781_dates.npy
6782,data16/6782_sits.npy,data16/6782_labels.npy,data16/6782_dates.npy
6783,data16/6783_sits.npy,data16/6783_labels.npy,data16/6783_dates.npy
6784,data16/6784_sits.npy,data16/6784_labels.npy,data16/6784_dates.npy
6786,data16/6786_sits.npy,data16/6786_labels.npy,data16/6786_dates.npy
6788,data16/6788_sits.npy,data16/6788_labels.npy,data16/6788_dates.npy
6789,data16/6789_sits.npy,data16/6789_labels.npy,data16/6789_dates.npy
6790,data16/6790_sits.npy,data16/6790_labels.npy,data16/6790_dates.npy
6791,data16/6791_sits.npy,data16/6791_labels.npy,data16/6791_dates.npy
6792,data16/6792_sits.npy,data16/6792_labels.npy,data16/6792_dates.npy
6793,data16/6793_sits.npy,data16/6793_labels.npy,data16/6793_dates.npy
6804,data16/6804_sits.npy,data16/6804_labels.npy,data16/6804_dates.npy
6805,data16/6805_sits.npy,data16/6805_labels.npy,data16/6805_dates.npy
6806,data16/6806_sits.npy,data16/6806_labels.npy,data16/6806_dates.npy
6807,data16/6807_sits.npy,data16/6807_labels.npy,data16/6807_dates.npy
6808,data16/6808_sits.npy,data16/6808_labels.npy,data16/6808_dates.npy
6809,data16/6809_sits.npy,data16/6809_labels.npy,data16/6809_dates.npy
6820,data16/6820_sits.npy,data16/6820_labels.npy,data16/6820_dates.npy
6821,data16/6821_sits.npy,data16/6821_labels.npy,data16/6821_dates.npy
6822,data16/6822_sits.npy,data16/6822_labels.npy,data16/6822_dates.npy
6823,data16/6823_sits.npy,data16/6823_labels.npy,data16/6823_dates.npy
6824,data16/6824_sits.npy,data16/6824_labels.npy,data16/6824_dates.npy
6825,data16/6825_sits.npy,data16/6825_labels.npy,data16/6825_dates.npy
6836,data16/6836_sits.npy,data16/6836_labels.npy,data16/6836_dates.npy
6837,data16/6837_sits.npy,data16/6837_labels.npy,data16/6837_dates.npy
6838,data16/6838_sits.npy,data16/6838_labels.npy,data16/6838_dates.npy
6839,data16/6839_sits.npy,data16/6839_labels.npy,data16/6839_dates.npy
6840,data16/6840_sits.npy,data16/6840_labels.npy,data16/6840_dates.npy
6841,data16/6841_sits.npy,data16/6841_labels.npy,data16/6841_dates.npy
6844,data16/6844_sits.npy,data16/6844_labels.npy,data16/6844_dates.npy
6845,data16/6845_sits.npy,data16/6845_labels.npy,data16/6845_dates.npy
6846,data16/6846_sits.npy,data16/6846_labels.npy,data16/6846_dates.npy
6847,data16/6847_sits.npy,data16/6847_labels.npy,data16/6847_dates.npy
6848,data16/6848_sits.npy,data16/6848_labels.npy,data16/6848_dates.npy
6849,data16/6849_sits.npy,data16/6849_labels.npy,data16/6849_dates.npy
6852,data16/6852_sits.npy,data16/6852_labels.npy,data16/6852_dates.npy
6853,data16/6853_sits.npy,data16/6853_labels.npy,data16/6853_dates.npy
6854,data16/6854_sits.npy,data16/6854_labels.npy,data16/6854_dates.npy
6855,data16/6855_sits.npy,data16/6855_labels.npy,data16/6855_dates.npy
6856,data16/6856_sits.npy,data16/6856_labels.npy,data16/6856_dates.npy
6857,data16/6857_sits.npy,data16/6857_labels.npy,data16/6857_dates.npy
6860,data16/6860_sits.npy,data16/6860_labels.npy,data16/6860_dates.npy
6861,data16/6861_sits.npy,data16/6861_labels.npy,data16/6861_dates.npy
6862,data16/6862_sits.npy,data16/6862_labels.npy,data16/6862_dates.npy
6863,data16/6863_sits.npy,data16/6863_labels.npy,data16/6863_dates.npy
6864,data16/6864_sits.npy,data16/6864_labels.npy,data16/6864_dates.npy
6865,data16/6865_sits.npy,data16/6865_labels.npy,data16/6865_dates.npy
6868,data16/6868_sits.npy,data16/6868_labels.npy,data16/6868_dates.npy
6869,data16/6869_sits.npy,data16/6869_labels.npy,data16/6869_dates.npy
6870,data16/6870_sits.npy,data16/6870_labels.npy,data16/6870_dates.npy
6871,data16/6871_sits.npy,data16/6871_labels.npy,data16/6871_dates.npy
6872,data16/6872_sits.npy,data16/6872_labels.npy,data16/6872_dates.npy
7065,data16/7065_sits.npy,data16/7065_labels.npy,data16/7065_dates.npy
7066,data16/7066_sits.npy,data16/7066_labels.npy,data16/7066_dates.npy
7067,data16/7067_sits.npy,data16/7067_labels.npy,data16/7067_dates.npy
7068,data16/7068_sits.npy,data16/7068_labels.npy,data16/7068_dates.npy
7069,data16/7069_sits.npy,data16/7069_labels.npy,data16/7069_dates.npy
7070,data16/7070_sits.npy,data16/7070_labels.npy,data16/7070_dates.npy
7073,data16/7073_sits.npy,data16/7073_labels.npy,data16/7073_dates.npy
7074,data16/7074_sits.npy,data16/7074_labels.npy,data16/7074_dates.npy
7075,data16/7075_sits.npy,data16/7075_labels.npy,data16/7075_dates.npy
7076,data16/7076_sits.npy,data16/7076_labels.npy,data16/7076_dates.npy
7077,data16/7077_sits.npy,data16/7077_labels.npy,data16/7077_dates.npy
7097,data16/7097_sits.npy,data16/7097_labels.npy,data16/7097_dates.npy
7098,data16/7098_sits.npy,data16/7098_labels.npy,data16/7098_dates.npy
7099,data16/7099_sits.npy,data16/7099_labels.npy,data16/7099_dates.npy
7100,data16/7100_sits.npy,data16/7100_labels.npy,data16/7100_dates.npy
7101,data16/7101_sits.npy,data16/7101_labels.npy,data16/7101_dates.npy
7102,data16/7102_sits.npy,data16/7102_labels.npy,data16/7102_dates.npy
7105,data16/7105_sits.npy,data16/7105_labels.npy,data16/7105_dates.npy
7106,data16/7106_sits.npy,data16/7106_labels.npy,data16/7106_dates.npy
7107,data16/7107_sits.npy,data16/7107_labels.npy,data16/7107_dates.npy
7108,data16/7108_sits.npy,data16/7108_labels.npy,data16/7108_dates.npy
7109,data16/7109_sits.npy,data16/7109_labels.npy,data16/7109_dates.npy
7110,data16/7110_sits.npy,data16/7110_labels.npy,data16/7110_dates.npy
7152,data16/7152_sits.npy,data16/7152_labels.npy,data16/7152_dates.npy
7153,data16/7153_sits.npy,data16/7153_labels.npy,data16/7153_dates.npy
7154,data16/7154_sits.npy,data16/7154_labels.npy,data16/7154_dates.npy
7156,data16/7156_sits.npy,data16/7156_labels.npy,data16/7156_dates.npy
7157,data16/7157_sits.npy,data16/7157_labels.npy,data16/7157_dates.npy
7161,data16/7161_sits.npy,data16/7161_labels.npy,data16/7161_dates.npy
7162,data16/7162_sits.npy,data16/7162_labels.npy,data16/7162_dates.npy
7163,data16/7163_sits.npy,data16/7163_labels.npy,data16/7163_dates.npy
7164,data16/7164_sits.npy,data16/7164_labels.npy,data16/7164_dates.npy
7184,data16/7184_sits.npy,data16/7184_labels.npy,data16/7184_dates.npy
7186,data16/7186_sits.npy,data16/7186_labels.npy,data16/7186_dates.npy
7187,data16/7187_sits.npy,data16/7187_labels.npy,data16/7187_dates.npy
7188,data16/7188_sits.npy,data16/7188_labels.npy,data16/7188_dates.npy
7189,data16/7189_sits.npy,data16/7189_labels.npy,data16/7189_dates.npy
7192,data16/7192_sits.npy,data16/7192_labels.npy,data16/7192_dates.npy
7193,data16/7193_sits.npy,data16/7193_labels.npy,data16/7193_dates.npy
7194,data16/7194_sits.npy,data16/7194_labels.npy,data16/7194_dates.npy
7196,data16/7196_sits.npy,data16/7196_labels.npy,data16/7196_dates.npy
7197,data16/7197_sits.npy,data16/7197_labels.npy,data16/7197_dates.npy
7239,data16/7239_sits.npy,data16/7239_labels.npy,data16/7239_dates.npy
7240,data16/7240_sits.npy,data16/7240_labels.npy,data16/7240_dates.npy
7241,data16/7241_sits.npy,data16/7241_labels.npy,data16/7241_dates.npy
7242,data16/7242_sits.npy,data16/7242_labels.npy,data16/7242_dates.npy
7243,data16/7243_sits.npy,data16/7243_labels.npy,data16/7243_dates.npy
7244,data16/7244_sits.npy,data16/7244_labels.npy,data16/7244_dates.npy
7247,data16/7247_sits.npy,data16/7247_labels.npy,data16/7247_dates.npy
7248,data16/7248_sits.npy,data16/7248_labels.npy,data16/7248_dates.npy
7249,data16/7249_sits.npy,data16/7249_labels.npy,data16/7249_dates.npy
7250,data16/7250_sits.npy,data16/7250_labels.npy,data16/7250_dates.npy
7251,data16/7251_sits.npy,data16/7251_labels.npy,data16/7251_dates.npy
7252,data16/7252_sits.npy,data16/7252_labels.npy,data16/7252_dates.npy
7271,data16/7271_sits.npy,data16/7271_labels.npy,data16/7271_dates.npy
7272,data16/7272_sits.npy,data16/7272_labels.npy,data16/7272_dates.npy
7273,data16/7273_sits.npy,data16/7273_labels.npy,data16/7273_dates.npy
7274,data16/7274_sits.npy,data16/7274_labels.npy,data16/7274_dates.npy
7275,data16/7275_sits.npy,data16/7275_labels.npy,data16/7275_dates.npy
7276,data16/7276_sits.npy,data16/7276_labels.npy,data16/7276_dates.npy
7279,data16/7279_sits.npy,data16/7279_labels.npy,data16/7279_dates.npy
7280,data16/7280_sits.npy,data16/7280_labels.npy,data16/7280_dates.npy
7281,data16/7281_sits.npy,data16/7281_labels.npy,data16/7281_dates.npy
7282,data16/7282_sits.npy,data16/7282_labels.npy,data16/7282_dates.npy
7283,data16/7283_sits.npy,data16/7283_labels.npy,data16/7283_dates.npy
7284,data16/7284_sits.npy,data16/7284_labels.npy,data16/7284_dates.npy
7327,data16/7327_sits.npy,data16/7327_labels.npy,data16/7327_dates.npy
7329,data16/7329_sits.npy,data16/7329_labels.npy,data16/7329_dates.npy
7330,data16/7330_sits.npy,data16/7330_labels.npy,data16/7330_dates.npy
7334,data16/7334_sits.npy,data16/7334_labels.npy,data16/7334_dates.npy
7335,data16/7335_sits.npy,data16/7335_labels.npy,data16/7335_dates.npy
7337,data16/7337_sits.npy,data16/7337_labels.npy,data16/7337_dates.npy
7339,data16/7339_sits.npy,data16/7339_labels.npy,data16/7339_dates.npy
7359,data16/7359_sits.npy,data16/7359_labels.npy,data16/7359_dates.npy
7360,data16/7360_sits.npy,data16/7360_labels.npy,data16/7360_dates.npy
7362,data16/7362_sits.npy,data16/7362_labels.npy,data16/7362_dates.npy
7367,data16/7367_sits.npy,data16/7367_labels.npy,data16/7367_dates.npy
7369,data16/7369_sits.npy,data16/7369_labels.npy,data16/7369_dates.npy
7370,data16/7370_sits.npy,data16/7370_labels.npy,data16/7370_dates.npy
7413,data16/7413_sits.npy,data16/7413_labels.npy,data16/7413_dates.npy
7414,data16/7414_sits.npy,data16/7414_labels.npy,data16/7414_dates.npy
7415,data16/7415_sits.npy,data16/7415_labels.npy,data16/7415_dates.npy
7417,data16/7417_sits.npy,data16/7417_labels.npy,data16/7417_dates.npy
7418,data16/7418_sits.npy,data16/7418_labels.npy,data16/7418_dates.npy
7422,data16/7422_sits.npy,data16/7422_labels.npy,data16/7422_dates.npy
7423,data16/7423_sits.npy,data16/7423_labels.npy,data16/7423_dates.npy
7424,data16/7424_sits.npy,data16/7424_labels.npy,data16/7424_dates.npy
7425,data16/7425_sits.npy,data16/7425_labels.npy,data16/7425_dates.npy
7445,data16/7445_sits.npy,data16/7445_labels.npy,data16/7445_dates.npy
7447,data16/7447_sits.npy,data16/7447_labels.npy,data16/7447_dates.npy
7448,data16/7448_sits.npy,data16/7448_labels.npy,data16/7448_dates.npy
7449,data16/7449_sits.npy,data16/7449_labels.npy,data16/7449_dates.npy
7450,data16/7450_sits.npy,data16/7450_labels.npy,data16/7450_dates.npy
7453,data16/7453_sits.npy,data16/7453_labels.npy,data16/7453_dates.npy
7454,data16/7454_sits.npy,data16/7454_labels.npy,data16/7454_dates.npy
7455,data16/7455_sits.npy,data16/7455_labels.npy,data16/7455_dates.npy
7457,data16/7457_sits.npy,data16/7457_labels.npy,data16/7457_dates.npy
7458,data16/7458_sits.npy,data16/7458_labels.npy,data16/7458_dates.npy
7500,data16/7500_sits.npy,data16/7500_labels.npy,data16/7500_dates.npy
7501,data16/7501_sits.npy,data16/7501_labels.npy,data16/7501_dates.npy
7502,data16/7502_sits.npy,data16/7502_labels.npy,data16/7502_dates.npy
7503,data16/7503_sits.npy,data16/7503_labels.npy,data16/7503_dates.npy
7504,data16/7504_sits.npy,data16/7504_labels.npy,data16/7504_dates.npy
7505,data16/7505_sits.npy,data16/7505_labels.npy,data16/7505_dates.npy
7508,data16/7508_sits.npy,data16/7508_labels.npy,data16/7508_dates.npy
7509,data16/7509_sits.npy,data16/7509_labels.npy,data16/7509_dates.npy
7510,data16/7510_sits.npy,data16/7510_labels.npy,data16/7510_dates.npy
7511,data16/7511_sits.npy,data16/7511_labels.npy,data16/7511_dates.npy
7512,data16/7512_sits.npy,data16/7512_labels.npy,data16/7512_dates.npy
7513,data16/7513_sits.npy,data16/7513_labels.npy,data16/7513_dates.npy
7532,data16/7532_sits.npy,data16/7532_labels.npy,data16/7532_dates.npy
7533,data16/7533_sits.npy,data16/7533_labels.npy,data16/7533_dates.npy
7534,data16/7534_sits.npy,data16/7534_labels.npy,data16/7534_dates.npy
7535,data16/7535_sits.npy,data16/7535_labels.npy,data16/7535_dates.npy
7536,data16/7536_sits.npy,data16/7536_labels.npy,data16/7536_dates.npy
7537,data16/7537_sits.npy,data16/7537_labels.npy,data16/7537_dates.npy
7540,data16/7540_sits.npy,data16/7540_labels.npy,data16/7540_dates.npy
7541,data16/7541_sits.npy,data16/7541_labels.npy,data16/7541_dates.npy
7542,data16/7542_sits.npy,data16/7542_labels.npy,data16/7542_dates.npy
7543,data16/7543_sits.npy,data16/7543_labels.npy,data16/7543_dates.npy
7544,data16/7544_sits.npy,data16/7544_labels.npy,data16/7544_dates.npy
7545,data16/7545_sits.npy,data16/7545_labels.npy,data16/7545_dates.npy
7754,data16/7754_sits.npy,data16/7754_labels.npy,data16/7754_dates.npy
7755,data16/7755_sits.npy,data16/7755_labels.npy,data16/7755_dates.npy
7757,data16/7757_sits.npy,data16/7757_labels.npy,data16/7757_dates.npy
7762,data16/7762_sits.npy,data16/7762_labels.npy,data16/7762_dates.npy
7764,data16/7764_sits.npy,data16/7764_labels.npy,data16/7764_dates.npy
7765,data16/7765_sits.npy,data16/7765_labels.npy,data16/7765_dates.npy
7769,data16/7769_sits.npy,data16/7769_labels.npy,data16/7769_dates.npy
7770,data16/7770_sits.npy,data16/7770_labels.npy,data16/7770_dates.npy
7772,data16/7772_sits.npy,data16/7772_labels.npy,data16/7772_dates.npy
7774,data16/7774_sits.npy,data16/7774_labels.npy,data16/7774_dates.npy
7777,data16/7777_sits.npy,data16/7777_labels.npy,data16/7777_dates.npy
7779,data16/7779_sits.npy,data16/7779_labels.npy,data16/7779_dates.npy
7780,data16/7780_sits.npy,data16/7780_labels.npy,data16/7780_dates.npy
7782,data16/7782_sits.npy,data16/7782_labels.npy,data16/7782_dates.npy
7794,data16/7794_sits.npy,data16/7794_labels.npy,data16/7794_dates.npy
7797,data16/7797_sits.npy,data16/7797_labels.npy,data16/7797_dates.npy
7802,data16/7802_sits.npy,data16/7802_labels.npy,data16/7802_dates.npy
7804,data16/7804_sits.npy,data16/7804_labels.npy,data16/7804_dates.npy
7805,data16/7805_sits.npy,data16/7805_labels.npy,data16/7805_dates.npy
7817,data16/7817_sits.npy,data16/7817_labels.npy,data16/7817_dates.npy
7819,data16/7819_sits.npy,data16/7819_labels.npy,data16/7819_dates.npy
7820,data16/7820_sits.npy,data16/7820_labels.npy,data16/7820_dates.npy
7822,data16/7822_sits.npy,data16/7822_labels.npy,data16/7822_dates.npy
7840,data16/7840_sits.npy,data16/7840_labels.npy,data16/7840_dates.npy
7842,data16/7842_sits.npy,data16/7842_labels.npy,data16/7842_dates.npy
7843,data16/7843_sits.npy,data16/7843_labels.npy,data16/7843_dates.npy
7844,data16/7844_sits.npy,data16/7844_labels.npy,data16/7844_dates.npy
7845,data16/7845_sits.npy,data16/7845_labels.npy,data16/7845_dates.npy
7848,data16/7848_sits.npy,data16/7848_labels.npy,data16/7848_dates.npy
7849,data16/7849_sits.npy,data16/7849_labels.npy,data16/7849_dates.npy
7850,data16/7850_sits.npy,data16/7850_labels.npy,data16/7850_dates.npy
7852,data16/7852_sits.npy,data16/7852_labels.npy,data16/7852_dates.npy
7853,data16/7853_sits.npy,data16/7853_labels.npy,data16/7853_dates.npy
7857,data16/7857_sits.npy,data16/7857_labels.npy,data16/7857_dates.npy
7858,data16/7858_sits.npy,data16/7858_labels.npy,data16/7858_dates.npy
7859,data16/7859_sits.npy,data16/7859_labels.npy,data16/7859_dates.npy
7860,data16/7860_sits.npy,data16/7860_labels.npy,data16/7860_dates.npy
7864,data16/7864_sits.npy,data16/7864_labels.npy,data16/7864_dates.npy
7865,data16/7865_sits.npy,data16/7865_labels.npy,data16/7865_dates.npy
7867,data16/7867_sits.npy,data16/7867_labels.npy,data16/7867_dates.npy
7868,data16/7868_sits.npy,data16/7868_labels.npy,data16/7868_dates.npy
7869,data16/7869_sits.npy,data16/7869_labels.npy,data16/7869_dates.npy
7880,data16/7880_sits.npy,data16/7880_labels.npy,data16/7880_dates.npy
7882,data16/7882_sits.npy,data16/7882_labels.npy,data16/7882_dates.npy
7883,data16/7883_sits.npy,data16/7883_labels.npy,data16/7883_dates.npy
7884,data16/7884_sits.npy,data16/7884_labels.npy,data16/7884_dates.npy
7885,data16/7885_sits.npy,data16/7885_labels.npy,data16/7885_dates.npy
7888,data16/7888_sits.npy,data16/7888_labels.npy,data16/7888_dates.npy
7889,data16/7889_sits.npy,data16/7889_labels.npy,data16/7889_dates.npy
7890,data16/7890_sits.npy,data16/7890_labels.npy,data16/7890_dates.npy
7892,data16/7892_sits.npy,data16/7892_labels.npy,data16/7892_dates.npy
7893,data16/7893_sits.npy,data16/7893_labels.npy,data16/7893_dates.npy
7904,data16/7904_sits.npy,data16/7904_labels.npy,data16/7904_dates.npy
7907,data16/7907_sits.npy,data16/7907_labels.npy,data16/7907_dates.npy
7908,data16/7908_sits.npy,data16/7908_labels.npy,data16/7908_dates.npy
7909,data16/7909_sits.npy,data16/7909_labels.npy,data16/7909_dates.npy
7927,data16/7927_sits.npy,data16/7927_labels.npy,data16/7927_dates.npy
7928,data16/7928_sits.npy,data16/7928_labels.npy,data16/7928_dates.npy
7929,data16/7929_sits.npy,data16/7929_labels.npy,data16/7929_dates.npy
7930,data16/7930_sits.npy,data16/7930_labels.npy,data16/7930_dates.npy
7931,data16/7931_sits.npy,data16/7931_labels.npy,data16/7931_dates.npy
7932,data16/7932_sits.npy,data16/7932_labels.npy,data16/7932_dates.npy
7935,data16/7935_sits.npy,data16/7935_labels.npy,data16/7935_dates.npy
7936,data16/7936_sits.npy,data16/7936_labels.npy,data16/7936_dates.npy
7937,data16/7937_sits.npy,data16/7937_labels.npy,data16/7937_dates.npy
7938,data16/7938_sits.npy,data16/7938_labels.npy,data16/7938_dates.npy
7939,data16/7939_sits.npy,data16/7939_labels.npy,data16/7939_dates.npy
7940,data16/7940_sits.npy,data16/7940_labels.npy,data16/7940_dates.npy
7943,data16/7943_sits.npy,data16/7943_labels.npy,data16/7943_dates.npy
7944,data16/7944_sits.npy,data16/7944_labels.npy,data16/7944_dates.npy
7945,data16/7945_sits.npy,data16/7945_labels.npy,data16/7945_dates.npy
7946,data16/7946_sits.npy,data16/7946_labels.npy,data16/7946_dates.npy
7947,data16/7947_sits.npy,data16/7947_labels.npy,data16/7947_dates.npy
7948,data16/7948_sits.npy,data16/7948_labels.npy,data16/7948_dates.npy
7951,data16/7951_sits.npy,data16/7951_labels.npy,data16/7951_dates.npy
7952,data16/7952_sits.npy,data16/7952_labels.npy,data16/7952_dates.npy
7953,data16/7953_sits.npy,data16/7953_labels.npy,data16/7953_dates.npy
7954,data16/7954_sits.npy,data16/7954_labels.npy,data16/7954_dates.npy
7955,data16/7955_sits.npy,data16/7955_labels.npy,data16/7955_dates.npy
7956,data16/7956_sits.npy,data16/7956_labels.npy,data16/7956_dates.npy
7968,data16/7968_sits.npy,data16/7968_labels.npy,data16/7968_dates.npy
7969,data16/7969_sits.npy,data16/7969_labels.npy,data16/7969_dates.npy
7970,data16/7970_sits.npy,data16/7970_labels.npy,data16/7970_dates.npy
7971,data16/7971_sits.npy,data16/7971_labels.npy,data16/7971_dates.npy
7975,data16/7975_sits.npy,data16/7975_labels.npy,data16/7975_dates.npy
7976,data16/7976_sits.npy,data16/7976_labels.npy,data16/7976_dates.npy
7977,data16/7977_sits.npy,data16/7977_labels.npy,data16/7977_dates.npy
7978,data16/7978_sits.npy,data16/7978_labels.npy,data16/7978_dates.npy
7979,data16/7979_sits.npy,data16/7979_labels.npy,data16/7979_dates.npy
7980,data16/7980_sits.npy,data16/7980_labels.npy,data16/7980_dates.npy
7991,data16/7991_sits.npy,data16/7991_labels.npy,data16/7991_dates.npy
7992,data16/7992_sits.npy,data16/7992_labels.npy,data16/7992_dates.npy
7993,data16/7993_sits.npy,data16/7993_labels.npy,data16/7993_dates.npy
7994,data16/7994_sits.npy,data16/7994_labels.npy,data16/7994_dates.npy
7995,data16/7995_sits.npy,data16/7995_labels.npy,data16/7995_dates.npy
7996,data16/7996_sits.npy,data16/7996_labels.npy,data16/7996_dates.npy
8014,data16/8014_sits.npy,data16/8014_labels.npy,data16/8014_dates.npy
8016,data16/8016_sits.npy,data16/8016_labels.npy,data16/8016_dates.npy
8017,data16/8017_sits.npy,data16/8017_labels.npy,data16/8017_dates.npy
8018,data16/8018_sits.npy,data16/8018_labels.npy,data16/8018_dates.npy
8019,data16/8019_sits.npy,data16/8019_labels.npy,data16/8019_dates.npy
8022,data16/8022_sits.npy,data16/8022_labels.npy,data16/8022_dates.npy
8023,data16/8023_sits.npy,data16/8023_labels.npy,data16/8023_dates.npy
8024,data16/8024_sits.npy,data16/8024_labels.npy,data16/8024_dates.npy
8026,data16/8026_sits.npy,data16/8026_labels.npy,data16/8026_dates.npy
8027,data16/8027_sits.npy,data16/8027_labels.npy,data16/8027_dates.npy
8031,data16/8031_sits.npy,data16/8031_labels.npy,data16/8031_dates.npy
8033,data16/8033_sits.npy,data16/8033_labels.npy,data16/8033_dates.npy
8034,data16/8034_sits.npy,data16/8034_labels.npy,data16/8034_dates.npy
8038,data16/8038_sits.npy,data16/8038_labels.npy,data16/8038_dates.npy
8039,data16/8039_sits.npy,data16/8039_labels.npy,data16/8039_dates.npy
8041,data16/8041_sits.npy,data16/8041_labels.npy,data16/8041_dates.npy
8042,data16/8042_sits.npy,data16/8042_labels.npy,data16/8042_dates.npy
8043,data16/8043_sits.npy,data16/8043_labels.npy,data16/8043_dates.npy
8056,data16/8056_sits.npy,data16/8056_labels.npy,data16/8056_dates.npy
8057,data16/8057_sits.npy,data16/8057_labels.npy,data16/8057_dates.npy
8058,data16/8058_sits.npy,data16/8058_labels.npy,data16/8058_dates.npy
8059,data16/8059_sits.npy,data16/8059_labels.npy,data16/8059_dates.npy
8063,data16/8063_sits.npy,data16/8063_labels.npy,data16/8063_dates.npy
8064,data16/8064_sits.npy,data16/8064_labels.npy,data16/8064_dates.npy
8066,data16/8066_sits.npy,data16/8066_labels.npy,data16/8066_dates.npy
8067,data16/8067_sits.npy,data16/8067_labels.npy,data16/8067_dates.npy
8079,data16/8079_sits.npy,data16/8079_labels.npy,data16/8079_dates.npy
8081,data16/8081_sits.npy,data16/8081_labels.npy,data16/8081_dates.npy
8082,data16/8082_sits.npy,data16/8082_labels.npy,data16/8082_dates.npy
8083,data16/8083_sits.npy,data16/8083_labels.npy,data16/8083_dates.npy
8101,data16/8101_sits.npy,data16/8101_labels.npy,data16/8101_dates.npy
8102,data16/8102_sits.npy,data16/8102_labels.npy,data16/8102_dates.npy
8103,data16/8103_sits.npy,data16/8103_labels.npy,data16/8103_dates.npy
8104,data16/8104_sits.npy,data16/8104_labels.npy,data16/8104_dates.npy
8105,data16/8105_sits.npy,data16/8105_labels.npy,data16/8105_dates.npy
8106,data16/8106_sits.npy,data16/8106_labels.npy,data16/8106_dates.npy
8109,data16/8109_sits.npy,data16/8109_labels.npy,data16/8109_dates.npy
8110,data16/8110_sits.npy,data16/8110_labels.npy,data16/8110_dates.npy
8111,data16/8111_sits.npy,data16/8111_labels.npy,data16/8111_dates.npy
8112,data16/8112_sits.npy,data16/8112_labels.npy,data16/8112_dates.npy
8113,data16/8113_sits.npy,data16/8113_labels.npy,data16/8113_dates.npy
8114,data16/8114_sits.npy,data16/8114_labels.npy,data16/8114_dates.npy
8117,data16/8117_sits.npy,data16/8117_labels.npy,data16/8117_dates.npy
8118,data16/8118_sits.npy,data16/8118_labels.npy,data16/8118_dates.npy
8119,data16/8119_sits.npy,data16/8119_labels.npy,data16/8119_dates.npy
8120,data16/8120_sits.npy,data16/8120_labels.npy,data16/8120_dates.npy
8121,data16/8121_sits.npy,data16/8121_labels.npy,data16/8121_dates.npy
8122,data16/8122_sits.npy,data16/8122_labels.npy,data16/8122_dates.npy
8125,data16/8125_sits.npy,data16/8125_labels.npy,data16/8125_dates.npy
8126,data16/8126_sits.npy,data16/8126_labels.npy,data16/8126_dates.npy
8127,data16/8127_sits.npy,data16/8127_labels.npy,data16/8127_dates.npy
8128,data16/8128_sits.npy,data16/8128_labels.npy,data16/8128_dates.npy
8129,data16/8129_sits.npy,data16/8129_labels.npy,data16/8129_dates.npy
8130,data16/8130_sits.npy,data16/8130_labels.npy,data16/8130_dates.npy
8141,data16/8141_sits.npy,data16/8141_labels.npy,data16/8141_dates.npy
8142,data16/8142_sits.npy,data16/8142_labels.npy,data16/8142_dates.npy
8143,data16/8143_sits.npy,data16/8143_labels.npy,data16/8143_dates.npy
8144,data16/8144_sits.npy,data16/8144_labels.npy,data16/8144_dates.npy
8145,data16/8145_sits.npy,data16/8145_labels.npy,data16/8145_dates.npy
8146,data16/8146_sits.npy,data16/8146_labels.npy,data16/8146_dates.npy
8152,data16/8152_sits.npy,data16/8152_labels.npy,data16/8152_dates.npy
8153,data16/8153_sits.npy,data16/8153_labels.npy,data16/8153_dates.npy
8154,data16/8154_sits.npy,data16/8154_labels.npy,data16/8154_dates.npy
8165,data16/8165_sits.npy,data16/8165_labels.npy,data16/8165_dates.npy
8166,data16/8166_sits.npy,data16/8166_labels.npy,data16/8166_dates.npy
8167,data16/8167_sits.npy,data16/8167_labels.npy,data16/8167_dates.npy
8168,data16/8168_sits.npy,data16/8168_labels.npy,data16/8168_dates.npy
8169,data16/8169_sits.npy,data16/8169_labels.npy,data16/8169_dates.npy
8170,data16/8170_sits.npy,data16/8170_labels.npy,data16/8170_dates.npy
8189,data16/8189_sits.npy,data16/8189_labels.npy,data16/8189_dates.npy
8190,data16/8190_sits.npy,data16/8190_labels.npy,data16/8190_dates.npy
8192,data16/8192_sits.npy,data16/8192_labels.npy,data16/8192_dates.npy
8197,data16/8197_sits.npy,data16/8197_labels.npy,data16/8197_dates.npy
8199,data16/8199_sits.npy,data16/8199_labels.npy,data16/8199_dates.npy
8200,data16/8200_sits.npy,data16/8200_labels.npy,data16/8200_dates.npy
8204,data16/8204_sits.npy,data16/8204_labels.npy,data16/8204_dates.npy
8205,data16/8205_sits.npy,data16/8205_labels.npy,data16/8205_dates.npy
8207,data16/8207_sits.npy,data16/8207_labels.npy,data16/8207_dates.npy
8209,data16/8209_sits.npy,data16/8209_labels.npy,data16/8209_dates.npy
8212,data16/8212_sits.npy,data16/8212_labels.npy,data16/8212_dates.npy
8214,data16/8214_sits.npy,data16/8214_labels.npy,data16/8214_dates.npy
8215,data16/8215_sits.npy,data16/8215_labels.npy,data16/8215_dates.npy
8217,data16/8217_sits.npy,data16/8217_labels.npy,data16/8217_dates.npy
8229,data16/8229_sits.npy,data16/8229_labels.npy,data16/8229_dates.npy
8230,data16/8230_sits.npy,data16/8230_labels.npy,data16/8230_dates.npy
8232,data16/8232_sits.npy,data16/8232_labels.npy,data16/8232_dates.npy
8239,data16/8239_sits.npy,data16/8239_labels.npy,data16/8239_dates.npy
8240,data16/8240_sits.npy,data16/8240_labels.npy,data16/8240_dates.npy
8252,data16/8252_sits.npy,data16/8252_labels.npy,data16/8252_dates.npy
8254,data16/8254_sits.npy,data16/8254_labels.npy,data16/8254_dates.npy
8255,data16/8255_sits.npy,data16/8255_labels.npy,data16/8255_dates.npy
8257,data16/8257_sits.npy,data16/8257_labels.npy,data16/8257_dates.npy
8441,data16/8441_sits.npy,data16/8441_labels.npy,data16/8441_dates.npy
8443,data16/8443_sits.npy,data16/8443_labels.npy,data16/8443_dates.npy
8444,data16/8444_sits.npy,data16/8444_labels.npy,data16/8444_dates.npy
8449,data16/8449_sits.npy,data16/8449_labels.npy,data16/8449_dates.npy
8451,data16/8451_sits.npy,data16/8451_labels.npy,data16/8451_dates.npy
8452,data16/8452_sits.npy,data16/8452_labels.npy,data16/8452_dates.npy
8453,data16/8453_sits.npy,data16/8453_labels.npy,data16/8453_dates.npy
8454,data16/8454_sits.npy,data16/8454_labels.npy,data16/8454_dates.npy
8457,data16/8457_sits.npy,data16/8457_labels.npy,data16/8457_dates.npy
8458,data16/8458_sits.npy,data16/8458_labels.npy,data16/8458_dates.npy
8459,data16/8459_sits.npy,data16/8459_labels.npy,data16/8459_dates.npy
8461,data16/8461_sits.npy,data16/8461_labels.npy,data16/8461_dates.npy
8462,data16/8462_sits.npy,data16/8462_labels.npy,data16/8462_dates.npy
8489,data16/8489_sits.npy,data16/8489_labels.npy,data16/8489_dates.npy
8491,data16/8491_sits.npy,data16/8491_labels.npy,data16/8491_dates.npy
8492,data16/8492_sits.npy,data16/8492_labels.npy,data16/8492_dates.npy
8493,data16/8493_sits.npy,data16/8493_labels.npy,data16/8493_dates.npy
8494,data16/8494_sits.npy,data16/8494_labels.npy,data16/8494_dates.npy
8497,data16/8497_sits.npy,data16/8497_labels.npy,data16/8497_dates.npy
8498,data16/8498_sits.npy,data16/8498_labels.npy,data16/8498_dates.npy
8499,data16/8499_sits.npy,data16/8499_labels.npy,data16/8499_dates.npy
8501,data16/8501_sits.npy,data16/8501_labels.npy,data16/8501_dates.npy
8502,data16/8502_sits.npy,data16/8502_labels.npy,data16/8502_dates.npy
8506,data16/8506_sits.npy,data16/8506_labels.npy,data16/8506_dates.npy
8507,data16/8507_sits.npy,data16/8507_labels.npy,data16/8507_dates.npy
8508,data16/8508_sits.npy,data16/8508_labels.npy,data16/8508_dates.npy
8509,data16/8509_sits.npy,data16/8509_labels.npy,data16/8509_dates.npy
8521,data16/8521_sits.npy,data16/8521_labels.npy,data16/8521_dates.npy
8522,data16/8522_sits.npy,data16/8522_labels.npy,data16/8522_dates.npy
8523,data16/8523_sits.npy,data16/8523_labels.npy,data16/8523_dates.npy
8524,data16/8524_sits.npy,data16/8524_labels.npy,data16/8524_dates.npy
8526,data16/8526_sits.npy,data16/8526_labels.npy,data16/8526_dates.npy
8528,data16/8528_sits.npy,data16/8528_labels.npy,data16/8528_dates.npy
8530,data16/8530_sits.npy,data16/8530_labels.npy,data16/8530_dates.npy
8531,data16/8531_sits.npy,data16/8531_labels.npy,data16/8531_dates.npy
8532,data16/8532_sits.npy,data16/8532_labels.npy,data16/8532_dates.npy
8536,data16/8536_sits.npy,data16/8536_labels.npy,data16/8536_dates.npy
8537,data16/8537_sits.npy,data16/8537_labels.npy,data16/8537_dates.npy
8538,data16/8538_sits.npy,data16/8538_labels.npy,data16/8538_dates.npy
8539,data16/8539_sits.npy,data16/8539_labels.npy,data16/8539_dates.npy
8540,data16/8540_sits.npy,data16/8540_labels.npy,data16/8540_dates.npy
8541,data16/8541_sits.npy,data16/8541_labels.npy,data16/8541_dates.npy
8544,data16/8544_sits.npy,data16/8544_labels.npy,data16/8544_dates.npy
8545,data16/8545_sits.npy,data16/8545_labels.npy,data16/8545_dates.npy
8546,data16/8546_sits.npy,data16/8546_labels.npy,data16/8546_dates.npy
8547,data16/8547_sits.npy,data16/8547_labels.npy,data16/8547_dates.npy
8548,data16/8548_sits.npy,data16/8548_labels.npy,data16/8548_dates.npy
8549,data16/8549_sits.npy,data16/8549_labels.npy,data16/8549_dates.npy
8576,data16/8576_sits.npy,data16/8576_labels.npy,data16/8576_dates.npy
8577,data16/8577_sits.npy,data16/8577_labels.npy,data16/8577_dates.npy
8578,data16/8578_sits.npy,data16/8578_labels.npy,data16/8578_dates.npy
8579,data16/8579_sits.npy,data16/8579_labels.npy,data16/8579_dates.npy
8580,data16/8580_sits.npy,data16/8580_labels.npy,data16/8580_dates.npy
8581,data16/8581_sits.npy,data16/8581_labels.npy,data16/8581_dates.npy
8584,data16/8584_sits.npy,data16/8584_labels.npy,data16/8584_dates.npy
8585,data16/8585_sits.npy,data16/8585_labels.npy,data16/8585_dates.npy
8587,data16/8587_sits.npy,data16/8587_labels.npy,data16/8587_dates.npy
8588,data16/8588_sits.npy,data16/8588_labels.npy,data16/8588_dates.npy
8589,data16/8589_sits.npy,data16/8589_labels.npy,data16/8589_dates.npy
8592,data16/8592_sits.npy,data16/8592_labels.npy,data16/8592_dates.npy
8593,data16/8593_sits.npy,data16/8593_labels.npy,data16/8593_dates.npy
8594,data16/8594_sits.npy,data16/8594_labels.npy,data16/8594_dates.npy
8595,data16/8595_sits.npy,data16/8595_labels.npy,data16/8595_dates.npy
8596,data16/8596_sits.npy,data16/8596_labels.npy,data16/8596_dates.npy
8597,data16/8597_sits.npy,data16/8597_labels.npy,data16/8597_dates.npy
8608,data16/8608_sits.npy,data16/8608_labels.npy,data16/8608_dates.npy
8609,data16/8609_sits.npy,data16/8609_labels.npy,data16/8609_dates.npy
8610,data16/8610_sits.npy,data16/8610_labels.npy,data16/8610_dates.npy
8611,data16/8611_sits.npy,data16/8611_labels.npy,data16/8611_dates.npy
8612,data16/8612_sits.npy,data16/8612_labels.npy,data16/8612_dates.npy
8613,data16/8613_sits.npy,data16/8613_labels.npy,data16/8613_dates.npy
8615,data16/8615_sits.npy,data16/8615_labels.npy,data16/8615_dates.npy
8617,data16/8617_sits.npy,data16/8617_labels.npy,data16/8617_dates.npy
8619,data16/8619_sits.npy,data16/8619_labels.npy,data16/8619_dates.npy
8624,data16/8624_sits.npy,data16/8624_labels.npy,data16/8624_dates.npy
8625,data16/8625_sits.npy,data16/8625_labels.npy,data16/8625_dates.npy
8627,data16/8627_sits.npy,data16/8627_labels.npy,data16/8627_dates.npy
8632,data16/8632_sits.npy,data16/8632_labels.npy,data16/8632_dates.npy
8634,data16/8634_sits.npy,data16/8634_labels.npy,data16/8634_dates.npy
8635,data16/8635_sits.npy,data16/8635_labels.npy,data16/8635_dates.npy
8664,data16/8664_sits.npy,data16/8664_labels.npy,data16/8664_dates.npy
8665,data16/8665_sits.npy,data16/8665_labels.npy,data16/8665_dates.npy
8667,data16/8667_sits.npy,data16/8667_labels.npy,data16/8667_dates.npy
8672,data16/8672_sits.npy,data16/8672_labels.npy,data16/8672_dates.npy
8674,data16/8674_sits.npy,data16/8674_labels.npy,data16/8674_dates.npy
8675,data16/8675_sits.npy,data16/8675_labels.npy,data16/8675_dates.npy
8679,data16/8679_sits.npy,data16/8679_labels.npy,data16/8679_dates.npy
8680,data16/8680_sits.npy,data16/8680_labels.npy,data16/8680_dates.npy
8682,data16/8682_sits.npy,data16/8682_labels.npy,data16/8682_dates.npy
8684,data16/8684_sits.npy,data16/8684_labels.npy,data16/8684_dates.npy
8695,data16/8695_sits.npy,data16/8695_labels.npy,data16/8695_dates.npy
8697,data16/8697_sits.npy,data16/8697_labels.npy,data16/8697_dates.npy
8699,data16/8699_sits.npy,data16/8699_labels.npy,data16/8699_dates.npy
8700,data16/8700_sits.npy,data16/8700_labels.npy,data16/8700_dates.npy
8703,data16/8703_sits.npy,data16/8703_labels.npy,data16/8703_dates.npy
8704,data16/8704_sits.npy,data16/8704_labels.npy,data16/8704_dates.npy
8705,data16/8705_sits.npy,data16/8705_labels.npy,data16/8705_dates.npy
8707,data16/8707_sits.npy,data16/8707_labels.npy,data16/8707_dates.npy
8712,data16/8712_sits.npy,data16/8712_labels.npy,data16/8712_dates.npy
8713,data16/8713_sits.npy,data16/8713_labels.npy,data16/8713_dates.npy
8714,data16/8714_sits.npy,data16/8714_labels.npy,data16/8714_dates.npy
8715,data16/8715_sits.npy,data16/8715_labels.npy,data16/8715_dates.npy
8718,data16/8718_sits.npy,data16/8718_labels.npy,data16/8718_dates.npy
8719,data16/8719_sits.npy,data16/8719_labels.npy,data16/8719_dates.npy
8720,data16/8720_sits.npy,data16/8720_labels.npy,data16/8720_dates.npy
8722,data16/8722_sits.npy,data16/8722_labels.npy,data16/8722_dates.npy
8723,data16/8723_sits.npy,data16/8723_labels.npy,data16/8723_dates.npy
8750,data16/8750_sits.npy,data16/8750_labels.npy,data16/8750_dates.npy
8752,data16/8752_sits.npy,data16/8752_labels.npy,data16/8752_dates.npy
8753,data16/8753_sits.npy,data16/8753_labels.npy,data16/8753_dates.npy
8754,data16/8754_sits.npy,data16/8754_labels.npy,data16/8754_dates.npy
8755,data16/8755_sits.npy,data16/8755_labels.npy,data16/8755_dates.npy
8758,data16/8758_sits.npy,data16/8758_labels.npy,data16/8758_dates.npy
8759,data16/8759_sits.npy,data16/8759_labels.npy,data16/8759_dates.npy
8760,data16/8760_sits.npy,data16/8760_labels.npy,data16/8760_dates.npy
8762,data16/8762_sits.npy,data16/8762_labels.npy,data16/8762_dates.npy
8763,data16/8763_sits.npy,data16/8763_labels.npy,data16/8763_dates.npy
8768,data16/8768_sits.npy,data16/8768_labels.npy,data16/8768_dates.npy
8769,data16/8769_sits.npy,data16/8769_labels.npy,data16/8769_dates.npy
8782,data16/8782_sits.npy,data16/8782_labels.npy,data16/8782_dates.npy
8783,data16/8783_sits.npy,data16/8783_labels.npy,data16/8783_dates.npy
8784,data16/8784_sits.npy,data16/8784_labels.npy,data16/8784_dates.npy
8787,data16/8787_sits.npy,data16/8787_labels.npy,data16/8787_dates.npy
8789,data16/8789_sits.npy,data16/8789_labels.npy,data16/8789_dates.npy
8790,data16/8790_sits.npy,data16/8790_labels.npy,data16/8790_dates.npy
8791,data16/8791_sits.npy,data16/8791_labels.npy,data16/8791_dates.npy
8792,data16/8792_sits.npy,data16/8792_labels.npy,data16/8792_dates.npy
8793,data16/8793_sits.npy,data16/8793_labels.npy,data16/8793_dates.npy
8794,data16/8794_sits.npy,data16/8794_labels.npy,data16/8794_dates.npy
8797,data16/8797_sits.npy,data16/8797_labels.npy,data16/8797_dates.npy
8798,data16/8798_sits.npy,data16/8798_labels.npy,data16/8798_dates.npy
8799,data16/8799_sits.npy,data16/8799_labels.npy,data16/8799_dates.npy
8800,data16/8800_sits.npy,data16/8800_labels.npy,data16/8800_dates.npy
8801,data16/8801_sits.npy,data16/8801_labels.npy,data16/8801_dates.npy
8802,data16/8802_sits.npy,data16/8802_labels.npy,data16/8802_dates.npy
8805,data16/8805_sits.npy,data16/8805_labels.npy,data16/8805_dates.npy
8806,data16/8806_sits.npy,data16/8806_labels.npy,data16/8806_dates.npy
8807,data16/8807_sits.npy,data16/8807_labels.npy,data16/8807_dates.npy
8808,data16/8808_sits.npy,data16/8808_labels.npy,data16/8808_dates.npy
8809,data16/8809_sits.npy,data16/8809_labels.npy,data16/8809_dates.npy
8810,data16/8810_sits.npy,data16/8810_labels.npy,data16/8810_dates.npy
8837,data16/8837_sits.npy,data16/8837_labels.npy,data16/8837_dates.npy
8838,data16/8838_sits.npy,data16/8838_labels.npy,data16/8838_dates.npy
8839,data16/8839_sits.npy,data16/8839_labels.npy,data16/8839_dates.npy
8840,data16/8840_sits.npy,data16/8840_labels.npy,data16/8840_dates.npy
8841,data16/8841_sits.npy,data16/8841_labels.npy,data16/8841_dates.npy
8842,data16/8842_sits.npy,data16/8842_labels.npy,data16/8842_dates.npy
8845,data16/8845_sits.npy,data16/8845_labels.npy,data16/8845_dates.npy
8846,data16/8846_sits.npy,data16/8846_labels.npy,data16/8846_dates.npy
8847,data16/8847_sits.npy,data16/8847_labels.npy,data16/8847_dates.npy
8848,data16/8848_sits.npy,data16/8848_labels.npy,data16/8848_dates.npy
8849,data16/8849_sits.npy,data16/8849_labels.npy,data16/8849_dates.npy
8850,data16/8850_sits.npy,data16/8850_labels.npy,data16/8850_dates.npy
8853,data16/8853_sits.npy,data16/8853_labels.npy,data16/8853_dates.npy
8854,data16/8854_sits.npy,data16/8854_labels.npy,data16/8854_dates.npy
8855,data16/8855_sits.npy,data16/8855_labels.npy,data16/8855_dates.npy
8856,data16/8856_sits.npy,data16/8856_labels.npy,data16/8856_dates.npy
8870,data16/8870_sits.npy,data16/8870_labels.npy,data16/8870_dates.npy
8871,data16/8871_sits.npy,data16/8871_labels.npy,data16/8871_dates.npy
8876,data16/8876_sits.npy,data16/8876_labels.npy,data16/8876_dates.npy
8877,data16/8877_sits.npy,data16/8877_labels.npy,data16/8877_dates.npy
8878,data16/8878_sits.npy,data16/8878_labels.npy,data16/8878_dates.npy
8879,data16/8879_sits.npy,data16/8879_labels.npy,data16/8879_dates.npy
8881,data16/8881_sits.npy,data16/8881_labels.npy,data16/8881_dates.npy
8886,data16/8886_sits.npy,data16/8886_labels.npy,data16/8886_dates.npy
8887,data16/8887_sits.npy,data16/8887_labels.npy,data16/8887_dates.npy
8888,data16/8888_sits.npy,data16/8888_labels.npy,data16/8888_dates.npy
8889,data16/8889_sits.npy,data16/8889_labels.npy,data16/8889_dates.npy
8892,data16/8892_sits.npy,data16/8892_labels.npy,data16/8892_dates.npy
8893,data16/8893_sits.npy,data16/8893_labels.npy,data16/8893_dates.npy
8894,data16/8894_sits.npy,data16/8894_labels.npy,data16/8894_dates.npy
8896,data16/8896_sits.npy,data16/8896_labels.npy,data16/8896_dates.npy
8897,data16/8897_sits.npy,data16/8897_labels.npy,data16/8897_dates.npy
8924,data16/8924_sits.npy,data16/8924_labels.npy,data16/8924_dates.npy
8926,data16/8926_sits.npy,data16/8926_labels.npy,data16/8926_dates.npy
8927,data16/8927_sits.npy,data16/8927_labels.npy,data16/8927_dates.npy
8929,data16/8929_sits.npy,data16/8929_labels.npy,data16/8929_dates.npy
8932,data16/8932_sits.npy,data16/8932_labels.npy,data16/8932_dates.npy
8933,data16/8933_sits.npy,data16/8933_labels.npy,data16/8933_dates.npy
8934,data16/8934_sits.npy,data16/8934_labels.npy,data16/8934_dates.npy
8936,data16/8936_sits.npy,data16/8936_labels.npy,data16/8936_dates.npy
8937,data16/8937_sits.npy,data16/8937_labels.npy,data16/8937_dates.npy
8941,data16/8941_sits.npy,data16/8941_labels.npy,data16/8941_dates.npy
8942,data16/8942_sits.npy,data16/8942_labels.npy,data16/8942_dates.npy
8943,data16/8943_sits.npy,data16/8943_labels.npy,data16/8943_dates.npy
8956,data16/8956_sits.npy,data16/8956_labels.npy,data16/8956_dates.npy
8957,data16/8957_sits.npy,data16/8957_labels.npy,data16/8957_dates.npy
8958,data16/8958_sits.npy,data16/8958_labels.npy,data16/8958_dates.npy
8961,data16/8961_sits.npy,data16/8961_labels.npy,data16/8961_dates.npy
9137,data16/9137_sits.npy,data16/9137_labels.npy,data16/9137_dates.npy
9138,data16/9138_sits.npy,data16/9138_labels.npy,data16/9138_dates.npy
9139,data16/9139_sits.npy,data16/9139_labels.npy,data16/9139_dates.npy
9140,data16/9140_sits.npy,data16/9140_labels.npy,data16/9140_dates.npy
9142,data16/9142_sits.npy,data16/9142_labels.npy,data16/9142_dates.npy
9145,data16/9145_sits.npy,data16/9145_labels.npy,data16/9145_dates.npy
9147,data16/9147_sits.npy,data16/9147_labels.npy,data16/9147_dates.npy
9148,data16/9148_sits.npy,data16/9148_labels.npy,data16/9148_dates.npy
9149,data16/9149_sits.npy,data16/9149_labels.npy,data16/9149_dates.npy
9150,data16/9150_sits.npy,data16/9150_labels.npy,data16/9150_dates.npy
9162,data16/9162_sits.npy,data16/9162_labels.npy,data16/9162_dates.npy
9163,data16/9163_sits.npy,data16/9163_labels.npy,data16/9163_dates.npy
9164,data16/9164_sits.npy,data16/9164_labels.npy,data16/9164_dates.npy
9165,data16/9165_sits.npy,data16/9165_labels.npy,data16/9165_dates.npy
9177,data16/9177_sits.npy,data16/9177_labels.npy,data16/9177_dates.npy
9178,data16/9178_sits.npy,data16/9178_labels.npy,data16/9178_dates.npy
9179,data16/9179_sits.npy,data16/9179_labels.npy,data16/9179_dates.npy
9180,data16/9180_sits.npy,data16/9180_labels.npy,data16/9180_dates.npy
9182,data16/9182_sits.npy,data16/9182_labels.npy,data16/9182_dates.npy
9185,data16/9185_sits.npy,data16/9185_labels.npy,data16/9185_dates.npy
9187,data16/9187_sits.npy,data16/9187_labels.npy,data16/9187_dates.npy
9188,data16/9188_sits.npy,data16/9188_labels.npy,data16/9188_dates.npy
9189,data16/9189_sits.npy,data16/9189_labels.npy,data16/9189_dates.npy
9202,data16/9202_sits.npy,data16/9202_labels.npy,data16/9202_dates.npy
9203,data16/9203_sits.npy,data16/9203_labels.npy,data16/9203_dates.npy
9205,data16/9205_sits.npy,data16/9205_labels.npy,data16/9205_dates.npy
9209,data16/9209_sits.npy,data16/9209_labels.npy,data16/9209_dates.npy
9210,data16/9210_sits.npy,data16/9210_labels.npy,data16/9210_dates.npy
9212,data16/9212_sits.npy,data16/9212_labels.npy,data16/9212_dates.npy
9213,data16/9213_sits.npy,data16/9213_labels.npy,data16/9213_dates.npy
9214,data16/9214_sits.npy,data16/9214_labels.npy,data16/9214_dates.npy
9217,data16/9217_sits.npy,data16/9217_labels.npy,data16/9217_dates.npy
9218,data16/9218_sits.npy,data16/9218_labels.npy,data16/9218_dates.npy
9219,data16/9219_sits.npy,data16/9219_labels.npy,data16/9219_dates.npy
9220,data16/9220_sits.npy,data16/9220_labels.npy,data16/9220_dates.npy
9222,data16/9222_sits.npy,data16/9222_labels.npy,data16/9222_dates.npy
9224,data16/9224_sits.npy,data16/9224_labels.npy,data16/9224_dates.npy
9225,data16/9225_sits.npy,data16/9225_labels.npy,data16/9225_dates.npy
9226,data16/9226_sits.npy,data16/9226_labels.npy,data16/9226_dates.npy
9227,data16/9227_sits.npy,data16/9227_labels.npy,data16/9227_dates.npy
9228,data16/9228_sits.npy,data16/9228_labels.npy,data16/9228_dates.npy
9232,data16/9232_sits.npy,data16/9232_labels.npy,data16/9232_dates.npy
9233,data16/9233_sits.npy,data16/9233_labels.npy,data16/9233_dates.npy
9234,data16/9234_sits.npy,data16/9234_labels.npy,data16/9234_dates.npy
9235,data16/9235_sits.npy,data16/9235_labels.npy,data16/9235_dates.npy
9236,data16/9236_sits.npy,data16/9236_labels.npy,data16/9236_dates.npy
9237,data16/9237_sits.npy,data16/9237_labels.npy,data16/9237_dates.npy
9248,data16/9248_sits.npy,data16/9248_labels.npy,data16/9248_dates.npy
9249,data16/9249_sits.npy,data16/9249_labels.npy,data16/9249_dates.npy
9250,data16/9250_sits.npy,data16/9250_labels.npy,data16/9250_dates.npy
9251,data16/9251_sits.npy,data16/9251_labels.npy,data16/9251_dates.npy
9252,data16/9252_sits.npy,data16/9252_labels.npy,data16/9252_dates.npy
9253,data16/9253_sits.npy,data16/9253_labels.npy,data16/9253_dates.npy
9264,data16/9264_sits.npy,data16/9264_labels.npy,data16/9264_dates.npy
9265,data16/9265_sits.npy,data16/9265_labels.npy,data16/9265_dates.npy
9266,data16/9266_sits.npy,data16/9266_labels.npy,data16/9266_dates.npy
9267,data16/9267_sits.npy,data16/9267_labels.npy,data16/9267_dates.npy
9268,data16/9268_sits.npy,data16/9268_labels.npy,data16/9268_dates.npy
9269,data16/9269_sits.npy,data16/9269_labels.npy,data16/9269_dates.npy
9272,data16/9272_sits.npy,data16/9272_labels.npy,data16/9272_dates.npy
9273,data16/9273_sits.npy,data16/9273_labels.npy,data16/9273_dates.npy
9274,data16/9274_sits.npy,data16/9274_labels.npy,data16/9274_dates.npy
9275,data16/9275_sits.npy,data16/9275_labels.npy,data16/9275_dates.npy
9276,data16/9276_sits.npy,data16/9276_labels.npy,data16/9276_dates.npy
9277,data16/9277_sits.npy,data16/9277_labels.npy,data16/9277_dates.npy
9288,data16/9288_sits.npy,data16/9288_labels.npy,data16/9288_dates.npy
9289,data16/9289_sits.npy,data16/9289_labels.npy,data16/9289_dates.npy
9290,data16/9290_sits.npy,data16/9290_labels.npy,data16/9290_dates.npy
9291,data16/9291_sits.npy,data16/9291_labels.npy,data16/9291_dates.npy
9292,data16/9292_sits.npy,data16/9292_labels.npy,data16/9292_dates.npy
9293,data16/9293_sits.npy,data16/9293_labels.npy,data16/9293_dates.npy
9296,data16/9296_sits.npy,data16/9296_labels.npy,data16/9296_dates.npy
9297,data16/9297_sits.npy,data16/9297_labels.npy,data16/9297_dates.npy
9298,data16/9298_sits.npy,data16/9298_labels.npy,data16/9298_dates.npy
9299,data16/9299_sits.npy,data16/9299_labels.npy,data16/9299_dates.npy
9300,data16/9300_sits.npy,data16/9300_labels.npy,data16/9300_dates.npy
9301,data16/9301_sits.npy,data16/9301_labels.npy,data16/9301_dates.npy
9304,data16/9304_sits.npy,data16/9304_labels.npy,data16/9304_dates.npy
9305,data16/9305_sits.npy,data16/9305_labels.npy,data16/9305_dates.npy
9306,data16/9306_sits.npy,data16/9306_labels.npy,data16/9306_dates.npy
9307,data16/9307_sits.npy,data16/9307_labels.npy,data16/9307_dates.npy
9308,data16/9308_sits.npy,data16/9308_labels.npy,data16/9308_dates.npy
9309,data16/9309_sits.npy,data16/9309_labels.npy,data16/9309_dates.npy
9311,data16/9311_sits.npy,data16/9311_labels.npy,data16/9311_dates.npy
9312,data16/9312_sits.npy,data16/9312_labels.npy,data16/9312_dates.npy
9313,data16/9313_sits.npy,data16/9313_labels.npy,data16/9313_dates.npy
9314,data16/9314_sits.npy,data16/9314_labels.npy,data16/9314_dates.npy
9316,data16/9316_sits.npy,data16/9316_labels.npy,data16/9316_dates.npy
9319,data16/9319_sits.npy,data16/9319_labels.npy,data16/9319_dates.npy
9321,data16/9321_sits.npy,data16/9321_labels.npy,data16/9321_dates.npy
9322,data16/9322_sits.npy,data16/9322_labels.npy,data16/9322_dates.npy
9323,data16/9323_sits.npy,data16/9323_labels.npy,data16/9323_dates.npy
9324,data16/9324_sits.npy,data16/9324_labels.npy,data16/9324_dates.npy
9336,data16/9336_sits.npy,data16/9336_labels.npy,data16/9336_dates.npy
9337,data16/9337_sits.npy,data16/9337_labels.npy,data16/9337_dates.npy
9338,data16/9338_sits.npy,data16/9338_labels.npy,data16/9338_dates.npy
9339,data16/9339_sits.npy,data16/9339_labels.npy,data16/9339_dates.npy
9351,data16/9351_sits.npy,data16/9351_labels.npy,data16/9351_dates.npy
9352,data16/9352_sits.npy,data16/9352_labels.npy,data16/9352_dates.npy
9353,data16/9353_sits.npy,data16/9353_labels.npy,data16/9353_dates.npy
9354,data16/9354_sits.npy,data16/9354_labels.npy,data16/9354_dates.npy
9356,data16/9356_sits.npy,data16/9356_labels.npy,data16/9356_dates.npy
9359,data16/9359_sits.npy,data16/9359_labels.npy,data16/9359_dates.npy
9361,data16/9361_sits.npy,data16/9361_labels.npy,data16/9361_dates.npy
9362,data16/9362_sits.npy,data16/9362_labels.npy,data16/9362_dates.npy
9363,data16/9363_sits.npy,data16/9363_labels.npy,data16/9363_dates.npy
9376,data16/9376_sits.npy,data16/9376_labels.npy,data16/9376_dates.npy
9377,data16/9377_sits.npy,data16/9377_labels.npy,data16/9377_dates.npy
9378,data16/9378_sits.npy,data16/9378_labels.npy,data16/9378_dates.npy
9379,data16/9379_sits.npy,data16/9379_labels.npy,data16/9379_dates.npy
9383,data16/9383_sits.npy,data16/9383_labels.npy,data16/9383_dates.npy
9384,data16/9384_sits.npy,data16/9384_labels.npy,data16/9384_dates.npy
9386,data16/9386_sits.npy,data16/9386_labels.npy,data16/9386_dates.npy
9387,data16/9387_sits.npy,data16/9387_labels.npy,data16/9387_dates.npy
9388,data16/9388_sits.npy,data16/9388_labels.npy,data16/9388_dates.npy
9391,data16/9391_sits.npy,data16/9391_labels.npy,data16/9391_dates.npy
9392,data16/9392_sits.npy,data16/9392_labels.npy,data16/9392_dates.npy
9393,data16/9393_sits.npy,data16/9393_labels.npy,data16/9393_dates.npy
9394,data16/9394_sits.npy,data16/9394_labels.npy,data16/9394_dates.npy
9396,data16/9396_sits.npy,data16/9396_labels.npy,data16/9396_dates.npy
9398,data16/9398_sits.npy,data16/9398_labels.npy,data16/9398_dates.npy
9399,data16/9399_sits.npy,data16/9399_labels.npy,data16/9399_dates.npy
9401,data16/9401_sits.npy,data16/9401_labels.npy,data16/9401_dates.npy
9402,data16/9402_sits.npy,data16/9402_labels.npy,data16/9402_dates.npy
9403,data16/9403_sits.npy,data16/9403_labels.npy,data16/9403_dates.npy
9406,data16/9406_sits.npy,data16/9406_labels.npy,data16/9406_dates.npy
9407,data16/9407_sits.npy,data16/9407_labels.npy,data16/9407_dates.npy
9408,data16/9408_sits.npy,data16/9408_labels.npy,data16/9408_dates.npy
9409,data16/9409_sits.npy,data16/9409_labels.npy,data16/9409_dates.npy
9410,data16/9410_sits.npy,data16/9410_labels.npy,data16/9410_dates.npy
9411,data16/9411_sits.npy,data16/9411_labels.npy,data16/9411_dates.npy
9422,data16/9422_sits.npy,data16/9422_labels.npy,data16/9422_dates.npy
9423,data16/9423_sits.npy,data16/9423_labels.npy,data16/9423_dates.npy
9424,data16/9424_sits.npy,data16/9424_labels.npy,data16/9424_dates.npy
9425,data16/9425_sits.npy,data16/9425_labels.npy,data16/9425_dates.npy
9426,data16/9426_sits.npy,data16/9426_labels.npy,data16/9426_dates.npy
9427,data16/9427_sits.npy,data16/9427_labels.npy,data16/9427_dates.npy
9438,data16/9438_sits.npy,data16/9438_labels.npy,data16/9438_dates.npy
9439,data16/9439_sits.npy,data16/9439_labels.npy,data16/9439_dates.npy
9440,data16/9440_sits.npy,data16/9440_labels.npy,data16/9440_dates.npy
9441,data16/9441_sits.npy,data16/9441_labels.npy,data16/9441_dates.npy
9442,data16/9442_sits.npy,data16/9442_labels.npy,data16/9442_dates.npy
9443,data16/9443_sits.npy,data16/9443_labels.npy,data16/9443_dates.npy
9446,data16/9446_sits.npy,data16/9446_labels.npy,data16/9446_dates.npy
9447,data16/9447_sits.npy,data16/9447_labels.npy,data16/9447_dates.npy
9448,data16/9448_sits.npy,data16/9448_labels.npy,data16/9448_dates.npy
9449,data16/9449_sits.npy,data16/9449_labels.npy,data16/9449_dates.npy
9462,data16/9462_sits.npy,data16/9462_labels.npy,data16/9462_dates.npy
9463,data16/9463_sits.npy,data16/9463_labels.npy,data16/9463_dates.npy
9464,data16/9464_sits.npy,data16/9464_labels.npy,data16/9464_dates.npy
9465,data16/9465_sits.npy,data16/9465_labels.npy,data16/9465_dates.npy
9466,data16/9466_sits.npy,data16/9466_labels.npy,data16/9466_dates.npy
9467,data16/9467_sits.npy,data16/9467_labels.npy,data16/9467_dates.npy
9470,data16/9470_sits.npy,data16/9470_labels.npy,data16/9470_dates.npy
9471,data16/9471_sits.npy,data16/9471_labels.npy,data16/9471_dates.npy
9472,data16/9472_sits.npy,data16/9472_labels.npy,data16/9472_dates.npy
9473,data16/9473_sits.npy,data16/9473_labels.npy,data16/9473_dates.npy
9474,data16/9474_sits.npy,data16/9474_labels.npy,data16/9474_dates.npy
9475,data16/9475_sits.npy,data16/9475_labels.npy,data16/9475_dates.npy
9478,data16/9478_sits.npy,data16/9478_labels.npy,data16/9478_dates.npy
9479,data16/9479_sits.npy,data16/9479_labels.npy,data16/9479_dates.npy
9480,data16/9480_sits.npy,data16/9480_labels.npy,data16/9480_dates.npy
9481,data16/9481_sits.npy,data16/9481_labels.npy,data16/9481_dates.npy
9482,data16/9482_sits.npy,data16/9482_labels.npy,data16/9482_dates.npy
9483,data16/9483_sits.npy,data16/9483_labels.npy,data16/9483_dates.npy
9485,data16/9485_sits.npy,data16/9485_labels.npy,data16/9485_dates.npy
9487,data16/9487_sits.npy,data16/9487_labels.npy,data16/9487_dates.npy
9489,data16/9489_sits.npy,data16/9489_labels.npy,data16/9489_dates.npy
9490,data16/9490_sits.npy,data16/9490_labels.npy,data16/9490_dates.npy
9494,data16/9494_sits.npy,data16/9494_labels.npy,data16/9494_dates.npy
9495,data16/9495_sits.npy,data16/9495_labels.npy,data16/9495_dates.npy
9497,data16/9497_sits.npy,data16/9497_labels.npy,data16/9497_dates.npy
9509,data16/9509_sits.npy,data16/9509_labels.npy,data16/9509_dates.npy
9510,data16/9510_sits.npy,data16/9510_labels.npy,data16/9510_dates.npy
9512,data16/9512_sits.npy,data16/9512_labels.npy,data16/9512_dates.npy
9514,data16/9514_sits.npy,data16/9514_labels.npy,data16/9514_dates.npy
9525,data16/9525_sits.npy,data16/9525_labels.npy,data16/9525_dates.npy
9527,data16/9527_sits.npy,data16/9527_labels.npy,data16/9527_dates.npy
9529,data16/9529_sits.npy,data16/9529_labels.npy,data16/9529_dates.npy
9530,data16/9530_sits.npy,data16/9530_labels.npy,data16/9530_dates.npy
9534,data16/9534_sits.npy,data16/9534_labels.npy,data16/9534_dates.npy
9535,data16/9535_sits.npy,data16/9535_labels.npy,data16/9535_dates.npy
9550,data16/9550_sits.npy,data16/9550_labels.npy,data16/9550_dates.npy
9552,data16/9552_sits.npy,data16/9552_labels.npy,data16/9552_dates.npy
9554,data16/9554_sits.npy,data16/9554_labels.npy,data16/9554_dates.npy
9557,data16/9557_sits.npy,data16/9557_labels.npy,data16/9557_dates.npy
9559,data16/9559_sits.npy,data16/9559_labels.npy,data16/9559_dates.npy
9560,data16/9560_sits.npy,data16/9560_labels.npy,data16/9560_dates.npy
9562,data16/9562_sits.npy,data16/9562_labels.npy,data16/9562_dates.npy
9565,data16/9565_sits.npy,data16/9565_labels.npy,data16/9565_dates.npy
9567,data16/9567_sits.npy,data16/9567_labels.npy,data16/9567_dates.npy
9569,data16/9569_sits.npy,data16/9569_labels.npy,data16/9569_dates.npy
9570,data16/9570_sits.npy,data16/9570_labels.npy,data16/9570_dates.npy
9572,data16/9572_sits.npy,data16/9572_labels.npy,data16/9572_dates.npy
9573,data16/9573_sits.npy,data16/9573_labels.npy,data16/9573_dates.npy
9574,data16/9574_sits.npy,data16/9574_labels.npy,data16/9574_dates.npy
9575,data16/9575_sits.npy,data16/9575_labels.npy,data16/9575_dates.npy
9577,data16/9577_sits.npy,data16/9577_labels.npy,data16/9577_dates.npy
9580,data16/9580_sits.npy,data16/9580_labels.npy,data16/9580_dates.npy
9582,data16/9582_sits.npy,data16/9582_labels.npy,data16/9582_dates.npy
9583,data16/9583_sits.npy,data16/9583_labels.npy,data16/9583_dates.npy
9584,data16/9584_sits.npy,data16/9584_labels.npy,data16/9584_dates.npy
9597,data16/9597_sits.npy,data16/9597_labels.npy,data16/9597_dates.npy
9598,data16/9598_sits.npy,data16/9598_labels.npy,data16/9598_dates.npy
9599,data16/9599_sits.npy,data16/9599_labels.npy,data16/9599_dates.npy
9600,data16/9600_sits.npy,data16/9600_labels.npy,data16/9600_dates.npy
9612,data16/9612_sits.npy,data16/9612_labels.npy,data16/9612_dates.npy
9613,data16/9613_sits.npy,data16/9613_labels.npy,data16/9613_dates.npy
9614,data16/9614_sits.npy,data16/9614_labels.npy,data16/9614_dates.npy
9615,data16/9615_sits.npy,data16/9615_labels.npy,data16/9615_dates.npy
9617,data16/9617_sits.npy,data16/9617_labels.npy,data16/9617_dates.npy
9620,data16/9620_sits.npy,data16/9620_labels.npy,data16/9620_dates.npy
9624,data16/9624_sits.npy,data16/9624_labels.npy,data16/9624_dates.npy
9625,data16/9625_sits.npy,data16/9625_labels.npy,data16/9625_dates.npy
9637,data16/9637_sits.npy,data16/9637_labels.npy,data16/9637_dates.npy
9638,data16/9638_sits.npy,data16/9638_labels.npy,data16/9638_dates.npy
9639,data16/9639_sits.npy,data16/9639_labels.npy,data16/9639_dates.npy
9640,data16/9640_sits.npy,data16/9640_labels.npy,data16/9640_dates.npy
9644,data16/9644_sits.npy,data16/9644_labels.npy,data16/9644_dates.npy
9645,data16/9645_sits.npy,data16/9645_labels.npy,data16/9645_dates.npy
9647,data16/9647_sits.npy,data16/9647_labels.npy,data16/9647_dates.npy
9648,data16/9648_sits.npy,data16/9648_labels.npy,data16/9648_dates.npy
9649,data16/9649_sits.npy,data16/9649_labels.npy,data16/9649_dates.npy
9652,data16/9652_sits.npy,data16/9652_labels.npy,data16/9652_dates.npy
9653,data16/9653_sits.npy,data16/9653_labels.npy,data16/9653_dates.npy
9654,data16/9654_sits.npy,data16/9654_labels.npy,data16/9654_dates.npy
9655,data16/9655_sits.npy,data16/9655_labels.npy,data16/9655_dates.npy
9657,data16/9657_sits.npy,data16/9657_labels.npy,data16/9657_dates.npy
9841,data16/9841_sits.npy,data16/9841_labels.npy,data16/9841_dates.npy
9842,data16/9842_sits.npy,data16/9842_labels.npy,data16/9842_dates.npy
9843,data16/9843_sits.npy,data16/9843_labels.npy,data16/9843_dates.npy
9844,data16/9844_sits.npy,data16/9844_labels.npy,data16/9844_dates.npy
9845,data16/9845_sits.npy,data16/9845_labels.npy,data16/9845_dates.npy
9846,data16/9846_sits.npy,data16/9846_labels.npy,data16/9846_dates.npy
9849,data16/9849_sits.npy,data16/9849_labels.npy,data16/9849_dates.npy
9850,data16/9850_sits.npy,data16/9850_labels.npy,data16/9850_dates.npy
9851,data16/9851_sits.npy,data16/9851_labels.npy,data16/9851_dates.npy
9852,data16/9852_sits.npy,data16/9852_labels.npy,data16/9852_dates.npy
9853,data16/9853_sits.npy,data16/9853_labels.npy,data16/9853_dates.npy
9854,data16/9854_sits.npy,data16/9854_labels.npy,data16/9854_dates.npy
9857,data16/9857_sits.npy,data16/9857_labels.npy,data16/9857_dates.npy
9858,data16/9858_sits.npy,data16/9858_labels.npy,data16/9858_dates.npy
9859,data16/9859_sits.npy,data16/9859_labels.npy,data16/9859_dates.npy
9860,data16/9860_sits.npy,data16/9860_labels.npy,data16/9860_dates.npy
9861,data16/9861_sits.npy,data16/9861_labels.npy,data16/9861_dates.npy
9862,data16/9862_sits.npy,data16/9862_labels.npy,data16/9862_dates.npy
9881,data16/9881_sits.npy,data16/9881_labels.npy,data16/9881_dates.npy
9882,data16/9882_sits.npy,data16/9882_labels.npy,data16/9882_dates.npy
9883,data16/9883_sits.npy,data16/9883_labels.npy,data16/9883_dates.npy
9884,data16/9884_sits.npy,data16/9884_labels.npy,data16/9884_dates.npy
9885,data16/9885_sits.npy,data16/9885_labels.npy,data16/9885_dates.npy
9886,data16/9886_sits.npy,data16/9886_labels.npy,data16/9886_dates.npy
9897,data16/9897_sits.npy,data16/9897_labels.npy,data16/9897_dates.npy
9898,data16/9898_sits.npy,data16/9898_labels.npy,data16/9898_dates.npy
9899,data16/9899_sits.npy,data16/9899_labels.npy,data16/9899_dates.npy
9900,data16/9900_sits.npy,data16/9900_labels.npy,data16/9900_dates.npy
9901,data16/9901_sits.npy,data16/9901_labels.npy,data16/9901_dates.npy
9902,data16/9902_sits.npy,data16/9902_labels.npy,data16/9902_dates.npy
9905,data16/9905_sits.npy,data16/9905_labels.npy,data16/9905_dates.npy
9906,data16/9906_sits.npy,data16/9906_labels.npy,data16/9906_dates.npy
9907,data16/9907_sits.npy,data16/9907_labels.npy,data16/9907_dates.npy
9908,data16/9908_sits.npy,data16/9908_labels.npy,data16/9908_dates.npy
9909,data16/9909_sits.npy,data16/9909_labels.npy,data16/9909_dates.npy
9910,data16/9910_sits.npy,data16/9910_labels.npy,data16/9910_dates.npy
9913,data16/9913_sits.npy,data16/9913_labels.npy,data16/9913_dates.npy
9914,data16/9914_sits.npy,data16/9914_labels.npy,data16/9914_dates.npy
9915,data16/9915_sits.npy,data16/9915_labels.npy,data16/9915_dates.npy
9916,data16/9916_sits.npy,data16/9916_labels.npy,data16/9916_dates.npy
9917,data16/9917_sits.npy,data16/9917_labels.npy,data16/9917_dates.npy
9918,data16/9918_sits.npy,data16/9918_labels.npy,data16/9918_dates.npy
9929,data16/9929_sits.npy,data16/9929_labels.npy,data16/9929_dates.npy
9930,data16/9930_sits.npy,data16/9930_labels.npy,data16/9930_dates.npy
9932,data16/9932_sits.npy,data16/9932_labels.npy,data16/9932_dates.npy
9937,data16/9937_sits.npy,data16/9937_labels.npy,data16/9937_dates.npy
9939,data16/9939_sits.npy,data16/9939_labels.npy,data16/9939_dates.npy
9940,data16/9940_sits.npy,data16/9940_labels.npy,data16/9940_dates.npy
9944,data16/9944_sits.npy,data16/9944_labels.npy,data16/9944_dates.npy
9945,data16/9945_sits.npy,data16/9945_labels.npy,data16/9945_dates.npy
9947,data16/9947_sits.npy,data16/9947_labels.npy,data16/9947_dates.npy
9949,data16/9949_sits.npy,data16/9949_labels.npy,data16/9949_dates.npy
9969,data16/9969_sits.npy,data16/9969_labels.npy,data16/9969_dates.npy
9972,data16/9972_sits.npy,data16/9972_labels.npy,data16/9972_dates.npy
9984,data16/9984_sits.npy,data16/9984_labels.npy,data16/9984_dates.npy
9985,data16/9985_sits.npy,data16/9985_labels.npy,data16/9985_dates.npy
9987,data16/9987_sits.npy,data16/9987_labels.npy,data16/9987_dates.npy
9989,data16/9989_sits.npy,data16/9989_labels.npy,data16/9989_dates.npy
9992,data16/9992_sits.npy,data16/9992_labels.npy,data16/9992_dates.npy
9994,data16/9994_sits.npy,data16/9994_labels.npy,data16/9994_dates.npy
9995,data16/9995_sits.npy,data16/9995_labels.npy,data16/9995_dates.npy
9997,data16/9997_sits.npy,data16/9997_labels.npy,data16/9997_dates.npy
10000,data16/10000_sits.npy,data16/10000_labels.npy,data16/10000_dates.npy
10002,data16/10002_sits.npy,data16/10002_labels.npy,data16/10002_dates.npy
10004,data16/10004_sits.npy,data16/10004_labels.npy,data16/10004_dates.npy
10005,data16/10005_sits.npy,data16/10005_labels.npy,data16/10005_dates.npy
10015,data16/10015_sits.npy,data16/10015_labels.npy,data16/10015_dates.npy
10017,data16/10017_sits.npy,data16/10017_labels.npy,data16/10017_dates.npy
10019,data16/10019_sits.npy,data16/10019_labels.npy,data16/10019_dates.npy
10020,data16/10020_sits.npy,data16/10020_labels.npy,data16/10020_dates.npy
10023,data16/10023_sits.npy,data16/10023_labels.npy,data16/10023_dates.npy
10024,data16/10024_sits.npy,data16/10024_labels.npy,data16/10024_dates.npy
10025,data16/10025_sits.npy,data16/10025_labels.npy,data16/10025_dates.npy
10027,data16/10027_sits.npy,data16/10027_labels.npy,data16/10027_dates.npy
10028,data16/10028_sits.npy,data16/10028_labels.npy,data16/10028_dates.npy
10032,data16/10032_sits.npy,data16/10032_labels.npy,data16/10032_dates.npy
10033,data16/10033_sits.npy,data16/10033_labels.npy,data16/10033_dates.npy
10034,data16/10034_sits.npy,data16/10034_labels.npy,data16/10034_dates.npy
10035,data16/10035_sits.npy,data16/10035_labels.npy,data16/10035_dates.npy
10055,data16/10055_sits.npy,data16/10055_labels.npy,data16/10055_dates.npy
10058,data16/10058_sits.npy,data16/10058_labels.npy,data16/10058_dates.npy
10059,data16/10059_sits.npy,data16/10059_labels.npy,data16/10059_dates.npy
10060,data16/10060_sits.npy,data16/10060_labels.npy,data16/10060_dates.npy
10072,data16/10072_sits.npy,data16/10072_labels.npy,data16/10072_dates.npy
10073,data16/10073_sits.npy,data16/10073_labels.npy,data16/10073_dates.npy
10074,data16/10074_sits.npy,data16/10074_labels.npy,data16/10074_dates.npy
10075,data16/10075_sits.npy,data16/10075_labels.npy,data16/10075_dates.npy
10079,data16/10079_sits.npy,data16/10079_labels.npy,data16/10079_dates.npy
10080,data16/10080_sits.npy,data16/10080_labels.npy,data16/10080_dates.npy
10082,data16/10082_sits.npy,data16/10082_labels.npy,data16/10082_dates.npy
10084,data16/10084_sits.npy,data16/10084_labels.npy,data16/10084_dates.npy
10087,data16/10087_sits.npy,data16/10087_labels.npy,data16/10087_dates.npy
10088,data16/10088_sits.npy,data16/10088_labels.npy,data16/10088_dates.npy
10089,data16/10089_sits.npy,data16/10089_labels.npy,data16/10089_dates.npy
10090,data16/10090_sits.npy,data16/10090_labels.npy,data16/10090_dates.npy
10092,data16/10092_sits.npy,data16/10092_labels.npy,data16/10092_dates.npy
10102,data16/10102_sits.npy,data16/10102_labels.npy,data16/10102_dates.npy
10107,data16/10107_sits.npy,data16/10107_labels.npy,data16/10107_dates.npy
10110,data16/10110_sits.npy,data16/10110_labels.npy,data16/10110_dates.npy
10111,data16/10111_sits.npy,data16/10111_labels.npy,data16/10111_dates.npy
10112,data16/10112_sits.npy,data16/10112_labels.npy,data16/10112_dates.npy
10113,data16/10113_sits.npy,data16/10113_labels.npy,data16/10113_dates.npy
10114,data16/10114_sits.npy,data16/10114_labels.npy,data16/10114_dates.npy
10115,data16/10115_sits.npy,data16/10115_labels.npy,data16/10115_dates.npy
10118,data16/10118_sits.npy,data16/10118_labels.npy,data16/10118_dates.npy
10119,data16/10119_sits.npy,data16/10119_labels.npy,data16/10119_dates.npy
10120,data16/10120_sits.npy,data16/10120_labels.npy,data16/10120_dates.npy
10121,data16/10121_sits.npy,data16/10121_labels.npy,data16/10121_dates.npy
10122,data16/10122_sits.npy,data16/10122_labels.npy,data16/10122_dates.npy
10123,data16/10123_sits.npy,data16/10123_labels.npy,data16/10123_dates.npy
10142,data16/10142_sits.npy,data16/10142_labels.npy,data16/10142_dates.npy
10143,data16/10143_sits.npy,data16/10143_labels.npy,data16/10143_dates.npy
10145,data16/10145_sits.npy,data16/10145_labels.npy,data16/10145_dates.npy
10146,data16/10146_sits.npy,data16/10146_labels.npy,data16/10146_dates.npy
10147,data16/10147_sits.npy,data16/10147_labels.npy,data16/10147_dates.npy
10158,data16/10158_sits.npy,data16/10158_labels.npy,data16/10158_dates.npy
10159,data16/10159_sits.npy,data16/10159_labels.npy,data16/10159_dates.npy
10160,data16/10160_sits.npy,data16/10160_labels.npy,data16/10160_dates.npy
10161,data16/10161_sits.npy,data16/10161_labels.npy,data16/10161_dates.npy
10162,data16/10162_sits.npy,data16/10162_labels.npy,data16/10162_dates.npy
10163,data16/10163_sits.npy,data16/10163_labels.npy,data16/10163_dates.npy
10166,data16/10166_sits.npy,data16/10166_labels.npy,data16/10166_dates.npy
10167,data16/10167_sits.npy,data16/10167_labels.npy,data16/10167_dates.npy
10168,data16/10168_sits.npy,data16/10168_labels.npy,data16/10168_dates.npy
10169,data16/10169_sits.npy,data16/10169_labels.npy,data16/10169_dates.npy
10170,data16/10170_sits.npy,data16/10170_labels.npy,data16/10170_dates.npy
10171,data16/10171_sits.npy,data16/10171_labels.npy,data16/10171_dates.npy
10174,data16/10174_sits.npy,data16/10174_labels.npy,data16/10174_dates.npy
10175,data16/10175_sits.npy,data16/10175_labels.npy,data16/10175_dates.npy
10176,data16/10176_sits.npy,data16/10176_labels.npy,data16/10176_dates.npy
10177,data16/10177_sits.npy,data16/10177_labels.npy,data16/10177_dates.npy
10178,data16/10178_sits.npy,data16/10178_labels.npy,data16/10178_dates.npy
10179,data16/10179_sits.npy,data16/10179_labels.npy,data16/10179_dates.npy
10189,data16/10189_sits.npy,data16/10189_labels.npy,data16/10189_dates.npy
10194,data16/10194_sits.npy,data16/10194_labels.npy,data16/10194_dates.npy
10197,data16/10197_sits.npy,data16/10197_labels.npy,data16/10197_dates.npy
10198,data16/10198_sits.npy,data16/10198_labels.npy,data16/10198_dates.npy
10199,data16/10199_sits.npy,data16/10199_labels.npy,data16/10199_dates.npy
10201,data16/10201_sits.npy,data16/10201_labels.npy,data16/10201_dates.npy
10202,data16/10202_sits.npy,data16/10202_labels.npy,data16/10202_dates.npy
10206,data16/10206_sits.npy,data16/10206_labels.npy,data16/10206_dates.npy
10207,data16/10207_sits.npy,data16/10207_labels.npy,data16/10207_dates.npy
10208,data16/10208_sits.npy,data16/10208_labels.npy,data16/10208_dates.npy
10209,data16/10209_sits.npy,data16/10209_labels.npy,data16/10209_dates.npy
10229,data16/10229_sits.npy,data16/10229_labels.npy,data16/10229_dates.npy
10232,data16/10232_sits.npy,data16/10232_labels.npy,data16/10232_dates.npy
10233,data16/10233_sits.npy,data16/10233_labels.npy,data16/10233_dates.npy
10234,data16/10234_sits.npy,data16/10234_labels.npy,data16/10234_dates.npy
10246,data16/10246_sits.npy,data16/10246_labels.npy,data16/10246_dates.npy
10247,data16/10247_sits.npy,data16/10247_labels.npy,data16/10247_dates.npy
10248,data16/10248_sits.npy,data16/10248_labels.npy,data16/10248_dates.npy
10249,data16/10249_sits.npy,data16/10249_labels.npy,data16/10249_dates.npy
10253,data16/10253_sits.npy,data16/10253_labels.npy,data16/10253_dates.npy
10254,data16/10254_sits.npy,data16/10254_labels.npy,data16/10254_dates.npy
10256,data16/10256_sits.npy,data16/10256_labels.npy,data16/10256_dates.npy
10257,data16/10257_sits.npy,data16/10257_labels.npy,data16/10257_dates.npy
10258,data16/10258_sits.npy,data16/10258_labels.npy,data16/10258_dates.npy
10261,data16/10261_sits.npy,data16/10261_labels.npy,data16/10261_dates.npy
10262,data16/10262_sits.npy,data16/10262_labels.npy,data16/10262_dates.npy
10263,data16/10263_sits.npy,data16/10263_labels.npy,data16/10263_dates.npy
10264,data16/10264_sits.npy,data16/10264_labels.npy,data16/10264_dates.npy
10266,data16/10266_sits.npy,data16/10266_labels.npy,data16/10266_dates.npy
10278,data16/10278_sits.npy,data16/10278_labels.npy,data16/10278_dates.npy
10279,data16/10279_sits.npy,data16/10279_labels.npy,data16/10279_dates.npy
10280,data16/10280_sits.npy,data16/10280_labels.npy,data16/10280_dates.npy
10281,data16/10281_sits.npy,data16/10281_labels.npy,data16/10281_dates.npy
10284,data16/10284_sits.npy,data16/10284_labels.npy,data16/10284_dates.npy
10285,data16/10285_sits.npy,data16/10285_labels.npy,data16/10285_dates.npy
10286,data16/10286_sits.npy,data16/10286_labels.npy,data16/10286_dates.npy
10287,data16/10287_sits.npy,data16/10287_labels.npy,data16/10287_dates.npy
10288,data16/10288_sits.npy,data16/10288_labels.npy,data16/10288_dates.npy
10289,data16/10289_sits.npy,data16/10289_labels.npy,data16/10289_dates.npy
10292,data16/10292_sits.npy,data16/10292_labels.npy,data16/10292_dates.npy
10293,data16/10293_sits.npy,data16/10293_labels.npy,data16/10293_dates.npy
10294,data16/10294_sits.npy,data16/10294_labels.npy,data16/10294_dates.npy
10295,data16/10295_sits.npy,data16/10295_labels.npy,data16/10295_dates.npy
10296,data16/10296_sits.npy,data16/10296_labels.npy,data16/10296_dates.npy
10297,data16/10297_sits.npy,data16/10297_labels.npy,data16/10297_dates.npy
10316,data16/10316_sits.npy,data16/10316_labels.npy,data16/10316_dates.npy
10317,data16/10317_sits.npy,data16/10317_labels.npy,data16/10317_dates.npy
10318,data16/10318_sits.npy,data16/10318_labels.npy,data16/10318_dates.npy
10319,data16/10319_sits.npy,data16/10319_labels.npy,data16/10319_dates.npy
10320,data16/10320_sits.npy,data16/10320_labels.npy,data16/10320_dates.npy
10321,data16/10321_sits.npy,data16/10321_labels.npy,data16/10321_dates.npy
10332,data16/10332_sits.npy,data16/10332_labels.npy,data16/10332_dates.npy
10333,data16/10333_sits.npy,data16/10333_labels.npy,data16/10333_dates.npy
10334,data16/10334_sits.npy,data16/10334_labels.npy,data16/10334_dates.npy
10335,data16/10335_sits.npy,data16/10335_labels.npy,data16/10335_dates.npy
10336,data16/10336_sits.npy,data16/10336_labels.npy,data16/10336_dates.npy
10337,data16/10337_sits.npy,data16/10337_labels.npy,data16/10337_dates.npy
10340,data16/10340_sits.npy,data16/10340_labels.npy,data16/10340_dates.npy
10341,data16/10341_sits.npy,data16/10341_labels.npy,data16/10341_dates.npy
10342,data16/10342_sits.npy,data16/10342_labels.npy,data16/10342_dates.npy
10343,data16/10343_sits.npy,data16/10343_labels.npy,data16/10343_dates.npy
10344,data16/10344_sits.npy,data16/10344_labels.npy,data16/10344_dates.npy
10345,data16/10345_sits.npy,data16/10345_labels.npy,data16/10345_dates.npy
10348,data16/10348_sits.npy,data16/10348_labels.npy,data16/10348_dates.npy
10349,data16/10349_sits.npy,data16/10349_labels.npy,data16/10349_dates.npy
10350,data16/10350_sits.npy,data16/10350_labels.npy,data16/10350_dates.npy
10351,data16/10351_sits.npy,data16/10351_labels.npy,data16/10351_dates.npy
10352,data16/10352_sits.npy,data16/10352_labels.npy,data16/10352_dates.npy
10353,data16/10353_sits.npy,data16/10353_labels.npy,data16/10353_dates.npy
10539,data16/10539_sits.npy,data16/10539_labels.npy,data16/10539_dates.npy
10540,data16/10540_sits.npy,data16/10540_labels.npy,data16/10540_dates.npy
10541,data16/10541_sits.npy,data16/10541_labels.npy,data16/10541_dates.npy
10542,data16/10542_sits.npy,data16/10542_labels.npy,data16/10542_dates.npy
10553,data16/10553_sits.npy,data16/10553_labels.npy,data16/10553_dates.npy
10554,data16/10554_sits.npy,data16/10554_labels.npy,data16/10554_dates.npy
10555,data16/10555_sits.npy,data16/10555_labels.npy,data16/10555_dates.npy
10556,data16/10556_sits.npy,data16/10556_labels.npy,data16/10556_dates.npy
10557,data16/10557_sits.npy,data16/10557_labels.npy,data16/10557_dates.npy
10558,data16/10558_sits.npy,data16/10558_labels.npy,data16/10558_dates.npy
10569,data16/10569_sits.npy,data16/10569_labels.npy,data16/10569_dates.npy
10570,data16/10570_sits.npy,data16/10570_labels.npy,data16/10570_dates.npy
10571,data16/10571_sits.npy,data16/10571_labels.npy,data16/10571_dates.npy
10572,data16/10572_sits.npy,data16/10572_labels.npy,data16/10572_dates.npy
10573,data16/10573_sits.npy,data16/10573_labels.npy,data16/10573_dates.npy
10574,data16/10574_sits.npy,data16/10574_labels.npy,data16/10574_dates.npy
10601,data16/10601_sits.npy,data16/10601_labels.npy,data16/10601_dates.npy
10602,data16/10602_sits.npy,data16/10602_labels.npy,data16/10602_dates.npy
10603,data16/10603_sits.npy,data16/10603_labels.npy,data16/10603_dates.npy
10604,data16/10604_sits.npy,data16/10604_labels.npy,data16/10604_dates.npy
10605,data16/10605_sits.npy,data16/10605_labels.npy,data16/10605_dates.npy
10606,data16/10606_sits.npy,data16/10606_labels.npy,data16/10606_dates.npy
10609,data16/10609_sits.npy,data16/10609_labels.npy,data16/10609_dates.npy
10610,data16/10610_sits.npy,data16/10610_labels.npy,data16/10610_dates.npy
10611,data16/10611_sits.npy,data16/10611_labels.npy,data16/10611_dates.npy
10612,data16/10612_sits.npy,data16/10612_labels.npy,data16/10612_dates.npy
10613,data16/10613_sits.npy,data16/10613_labels.npy,data16/10613_dates.npy
10614,data16/10614_sits.npy,data16/10614_labels.npy,data16/10614_dates.npy
10627,data16/10627_sits.npy,data16/10627_labels.npy,data16/10627_dates.npy
10628,data16/10628_sits.npy,data16/10628_labels.npy,data16/10628_dates.npy
10629,data16/10629_sits.npy,data16/10629_labels.npy,data16/10629_dates.npy
10641,data16/10641_sits.npy,data16/10641_labels.npy,data16/10641_dates.npy
10642,data16/10642_sits.npy,data16/10642_labels.npy,data16/10642_dates.npy
10643,data16/10643_sits.npy,data16/10643_labels.npy,data16/10643_dates.npy
10644,data16/10644_sits.npy,data16/10644_labels.npy,data16/10644_dates.npy
10656,data16/10656_sits.npy,data16/10656_labels.npy,data16/10656_dates.npy
10657,data16/10657_sits.npy,data16/10657_labels.npy,data16/10657_dates.npy
10658,data16/10658_sits.npy,data16/10658_labels.npy,data16/10658_dates.npy
10659,data16/10659_sits.npy,data16/10659_labels.npy,data16/10659_dates.npy
10688,data16/10688_sits.npy,data16/10688_labels.npy,data16/10688_dates.npy
10689,data16/10689_sits.npy,data16/10689_labels.npy,data16/10689_dates.npy
10691,data16/10691_sits.npy,data16/10691_labels.npy,data16/10691_dates.npy
10692,data16/10692_sits.npy,data16/10692_labels.npy,data16/10692_dates.npy
10693,data16/10693_sits.npy,data16/10693_labels.npy,data16/10693_dates.npy
10696,data16/10696_sits.npy,data16/10696_labels.npy,data16/10696_dates.npy
10697,data16/10697_sits.npy,data16/10697_labels.npy,data16/10697_dates.npy
10698,data16/10698_sits.npy,data16/10698_labels.npy,data16/10698_dates.npy
10714,data16/10714_sits.npy,data16/10714_labels.npy,data16/10714_dates.npy
10715,data16/10715_sits.npy,data16/10715_labels.npy,data16/10715_dates.npy
10716,data16/10716_sits.npy,data16/10716_labels.npy,data16/10716_dates.npy
10727,data16/10727_sits.npy,data16/10727_labels.npy,data16/10727_dates.npy
10728,data16/10728_sits.npy,data16/10728_labels.npy,data16/10728_dates.npy
10729,data16/10729_sits.npy,data16/10729_labels.npy,data16/10729_dates.npy
10730,data16/10730_sits.npy,data16/10730_labels.npy,data16/10730_dates.npy
10731,data16/10731_sits.npy,data16/10731_labels.npy,data16/10731_dates.npy
10743,data16/10743_sits.npy,data16/10743_labels.npy,data16/10743_dates.npy
10744,data16/10744_sits.npy,data16/10744_labels.npy,data16/10744_dates.npy
10745,data16/10745_sits.npy,data16/10745_labels.npy,data16/10745_dates.npy
10746,data16/10746_sits.npy,data16/10746_labels.npy,data16/10746_dates.npy
10747,data16/10747_sits.npy,data16/10747_labels.npy,data16/10747_dates.npy
10748,data16/10748_sits.npy,data16/10748_labels.npy,data16/10748_dates.npy
10775,data16/10775_sits.npy,data16/10775_labels.npy,data16/10775_dates.npy
10776,data16/10776_sits.npy,data16/10776_labels.npy,data16/10776_dates.npy
10777,data16/10777_sits.npy,data16/10777_labels.npy,data16/10777_dates.npy
10778,data16/10778_sits.npy,data16/10778_labels.npy,data16/10778_dates.npy
10779,data16/10779_sits.npy,data16/10779_labels.npy,data16/10779_dates.npy
10780,data16/10780_sits.npy,data16/10780_labels.npy,data16/10780_dates.npy
10783,data16/10783_sits.npy,data16/10783_labels.npy,data16/10783_dates.npy
10784,data16/10784_sits.npy,data16/10784_labels.npy,data16/10784_dates.npy
10785,data16/10785_sits.npy,data16/10785_labels.npy,data16/10785_dates.npy
10786,data16/10786_sits.npy,data16/10786_labels.npy,data16/10786_dates.npy
10787,data16/10787_sits.npy,data16/10787_labels.npy,data16/10787_dates.npy
10788,data16/10788_sits.npy,data16/10788_labels.npy,data16/10788_dates.npy
10799,data16/10799_sits.npy,data16/10799_labels.npy,data16/10799_dates.npy
10800,data16/10800_sits.npy,data16/10800_labels.npy,data16/10800_dates.npy
10802,data16/10802_sits.npy,data16/10802_labels.npy,data16/10802_dates.npy
10814,data16/10814_sits.npy,data16/10814_labels.npy,data16/10814_dates.npy
10817,data16/10817_sits.npy,data16/10817_labels.npy,data16/10817_dates.npy
10830,data16/10830_sits.npy,data16/10830_labels.npy,data16/10830_dates.npy
10832,data16/10832_sits.npy,data16/10832_labels.npy,data16/10832_dates.npy
10834,data16/10834_sits.npy,data16/10834_labels.npy,data16/10834_dates.npy
10835,data16/10835_sits.npy,data16/10835_labels.npy,data16/10835_dates.npy
10862,data16/10862_sits.npy,data16/10862_labels.npy,data16/10862_dates.npy
10864,data16/10864_sits.npy,data16/10864_labels.npy,data16/10864_dates.npy
10865,data16/10865_sits.npy,data16/10865_labels.npy,data16/10865_dates.npy
10867,data16/10867_sits.npy,data16/10867_labels.npy,data16/10867_dates.npy
10870,data16/10870_sits.npy,data16/10870_labels.npy,data16/10870_dates.npy
10872,data16/10872_sits.npy,data16/10872_labels.npy,data16/10872_dates.npy
10874,data16/10874_sits.npy,data16/10874_labels.npy,data16/10874_dates.npy
10875,data16/10875_sits.npy,data16/10875_labels.npy,data16/10875_dates.npy
10885,data16/10885_sits.npy,data16/10885_labels.npy,data16/10885_dates.npy
10887,data16/10887_sits.npy,data16/10887_labels.npy,data16/10887_dates.npy
10888,data16/10888_sits.npy,data16/10888_labels.npy,data16/10888_dates.npy
10889,data16/10889_sits.npy,data16/10889_labels.npy,data16/10889_dates.npy
10890,data16/10890_sits.npy,data16/10890_labels.npy,data16/10890_dates.npy
10902,data16/10902_sits.npy,data16/10902_labels.npy,data16/10902_dates.npy
10903,data16/10903_sits.npy,data16/10903_labels.npy,data16/10903_dates.npy
10904,data16/10904_sits.npy,data16/10904_labels.npy,data16/10904_dates.npy
10905,data16/10905_sits.npy,data16/10905_labels.npy,data16/10905_dates.npy
10917,data16/10917_sits.npy,data16/10917_labels.npy,data16/10917_dates.npy
10918,data16/10918_sits.npy,data16/10918_labels.npy,data16/10918_dates.npy
10919,data16/10919_sits.npy,data16/10919_labels.npy,data16/10919_dates.npy
10920,data16/10920_sits.npy,data16/10920_labels.npy,data16/10920_dates.npy
10922,data16/10922_sits.npy,data16/10922_labels.npy,data16/10922_dates.npy
10949,data16/10949_sits.npy,data16/10949_labels.npy,data16/10949_dates.npy
10950,data16/10950_sits.npy,data16/10950_labels.npy,data16/10950_dates.npy
10952,data16/10952_sits.npy,data16/10952_labels.npy,data16/10952_dates.npy
10953,data16/10953_sits.npy,data16/10953_labels.npy,data16/10953_dates.npy
10954,data16/10954_sits.npy,data16/10954_labels.npy,data16/10954_dates.npy
10957,data16/10957_sits.npy,data16/10957_labels.npy,data16/10957_dates.npy
10958,data16/10958_sits.npy,data16/10958_labels.npy,data16/10958_dates.npy
10959,data16/10959_sits.npy,data16/10959_labels.npy,data16/10959_dates.npy
10960,data16/10960_sits.npy,data16/10960_labels.npy,data16/10960_dates.npy
10962,data16/10962_sits.npy,data16/10962_labels.npy,data16/10962_dates.npy
10972,data16/10972_sits.npy,data16/10972_labels.npy,data16/10972_dates.npy
10973,data16/10973_sits.npy,data16/10973_labels.npy,data16/10973_dates.npy
10974,data16/10974_sits.npy,data16/10974_labels.npy,data16/10974_dates.npy
10975,data16/10975_sits.npy,data16/10975_labels.npy,data16/10975_dates.npy
10976,data16/10976_sits.npy,data16/10976_labels.npy,data16/10976_dates.npy
10977,data16/10977_sits.npy,data16/10977_labels.npy,data16/10977_dates.npy
10988,data16/10988_sits.npy,data16/10988_labels.npy,data16/10988_dates.npy
10989,data16/10989_sits.npy,data16/10989_labels.npy,data16/10989_dates.npy
10990,data16/10990_sits.npy,data16/10990_labels.npy,data16/10990_dates.npy
10991,data16/10991_sits.npy,data16/10991_labels.npy,data16/10991_dates.npy
10992,data16/10992_sits.npy,data16/10992_labels.npy,data16/10992_dates.npy
10993,data16/10993_sits.npy,data16/10993_labels.npy,data16/10993_dates.npy
11004,data16/11004_sits.npy,data16/11004_labels.npy,data16/11004_dates.npy
11005,data16/11005_sits.npy,data16/11005_labels.npy,data16/11005_dates.npy
11006,data16/11006_sits.npy,data16/11006_labels.npy,data16/11006_dates.npy
11007,data16/11007_sits.npy,data16/11007_labels.npy,data16/11007_dates.npy
11008,data16/11008_sits.npy,data16/11008_labels.npy,data16/11008_dates.npy
11009,data16/11009_sits.npy,data16/11009_labels.npy,data16/11009_dates.npy
11036,data16/11036_sits.npy,data16/11036_labels.npy,data16/11036_dates.npy
11037,data16/11037_sits.npy,data16/11037_labels.npy,data16/11037_dates.npy
11038,data16/11038_sits.npy,data16/11038_labels.npy,data16/11038_dates.npy
11039,data16/11039_sits.npy,data16/11039_labels.npy,data16/11039_dates.npy
11040,data16/11040_sits.npy,data16/11040_labels.npy,data16/11040_dates.npy
11041,data16/11041_sits.npy,data16/11041_labels.npy,data16/11041_dates.npy
11044,data16/11044_sits.npy,data16/11044_labels.npy,data16/11044_dates.npy
11045,data16/11045_sits.npy,data16/11045_labels.npy,data16/11045_dates.npy
11046,data16/11046_sits.npy,data16/11046_labels.npy,data16/11046_dates.npy
11047,data16/11047_sits.npy,data16/11047_labels.npy,data16/11047_dates.npy
11048,data16/11048_sits.npy,data16/11048_labels.npy,data16/11048_dates.npy
11049,data16/11049_sits.npy,data16/11049_labels.npy,data16/11049_dates.npy
11225,data16/11225_sits.npy,data16/11225_labels.npy,data16/11225_dates.npy
11227,data16/11227_sits.npy,data16/11227_labels.npy,data16/11227_dates.npy
11229,data16/11229_sits.npy,data16/11229_labels.npy,data16/11229_dates.npy
11230,data16/11230_sits.npy,data16/11230_labels.npy,data16/11230_dates.npy
11234,data16/11234_sits.npy,data16/11234_labels.npy,data16/11234_dates.npy
11235,data16/11235_sits.npy,data16/11235_labels.npy,data16/11235_dates.npy
11237,data16/11237_sits.npy,data16/11237_labels.npy,data16/11237_dates.npy
11249,data16/11249_sits.npy,data16/11249_labels.npy,data16/11249_dates.npy
11250,data16/11250_sits.npy,data16/11250_labels.npy,data16/11250_dates.npy
11252,data16/11252_sits.npy,data16/11252_labels.npy,data16/11252_dates.npy
11254,data16/11254_sits.npy,data16/11254_labels.npy,data16/11254_dates.npy
11257,data16/11257_sits.npy,data16/11257_labels.npy,data16/11257_dates.npy
11259,data16/11259_sits.npy,data16/11259_labels.npy,data16/11259_dates.npy
11260,data16/11260_sits.npy,data16/11260_labels.npy,data16/11260_dates.npy
11262,data16/11262_sits.npy,data16/11262_labels.npy,data16/11262_dates.npy
11282,data16/11282_sits.npy,data16/11282_labels.npy,data16/11282_dates.npy
11284,data16/11284_sits.npy,data16/11284_labels.npy,data16/11284_dates.npy
11285,data16/11285_sits.npy,data16/11285_labels.npy,data16/11285_dates.npy
11297,data16/11297_sits.npy,data16/11297_labels.npy,data16/11297_dates.npy
11299,data16/11299_sits.npy,data16/11299_labels.npy,data16/11299_dates.npy
11300,data16/11300_sits.npy,data16/11300_labels.npy,data16/11300_dates.npy
11302,data16/11302_sits.npy,data16/11302_labels.npy,data16/11302_dates.npy
11312,data16/11312_sits.npy,data16/11312_labels.npy,data16/11312_dates.npy
11313,data16/11313_sits.npy,data16/11313_labels.npy,data16/11313_dates.npy
11314,data16/11314_sits.npy,data16/11314_labels.npy,data16/11314_dates.npy
11315,data16/11315_sits.npy,data16/11315_labels.npy,data16/11315_dates.npy
11317,data16/11317_sits.npy,data16/11317_labels.npy,data16/11317_dates.npy
11320,data16/11320_sits.npy,data16/11320_labels.npy,data16/11320_dates.npy
11322,data16/11322_sits.npy,data16/11322_labels.npy,data16/11322_dates.npy
11323,data16/11323_sits.npy,data16/11323_labels.npy,data16/11323_dates.npy
11324,data16/11324_sits.npy,data16/11324_labels.npy,data16/11324_dates.npy
11325,data16/11325_sits.npy,data16/11325_labels.npy,data16/11325_dates.npy
11337,data16/11337_sits.npy,data16/11337_labels.npy,data16/11337_dates.npy
11338,data16/11338_sits.npy,data16/11338_labels.npy,data16/11338_dates.npy
11339,data16/11339_sits.npy,data16/11339_labels.npy,data16/11339_dates.npy
11340,data16/11340_sits.npy,data16/11340_labels.npy,data16/11340_dates.npy
11345,data16/11345_sits.npy,data16/11345_labels.npy,data16/11345_dates.npy
11347,data16/11347_sits.npy,data16/11347_labels.npy,data16/11347_dates.npy
11348,data16/11348_sits.npy,data16/11348_labels.npy,data16/11348_dates.npy
11349,data16/11349_sits.npy,data16/11349_labels.npy,data16/11349_dates.npy
11368,data16/11368_sits.npy,data16/11368_labels.npy,data16/11368_dates.npy
11369,data16/11369_sits.npy,data16/11369_labels.npy,data16/11369_dates.npy
11370,data16/11370_sits.npy,data16/11370_labels.npy,data16/11370_dates.npy
11372,data16/11372_sits.npy,data16/11372_labels.npy,data16/11372_dates.npy
11373,data16/11373_sits.npy,data16/11373_labels.npy,data16/11373_dates.npy
11384,data16/11384_sits.npy,data16/11384_labels.npy,data16/11384_dates.npy
11385,data16/11385_sits.npy,data16/11385_labels.npy,data16/11385_dates.npy
11387,data16/11387_sits.npy,data16/11387_labels.npy,data16/11387_dates.npy
11388,data16/11388_sits.npy,data16/11388_labels.npy,data16/11388_dates.npy
11389,data16/11389_sits.npy,data16/11389_labels.npy,data16/11389_dates.npy
11401,data16/11401_sits.npy,data16/11401_labels.npy,data16/11401_dates.npy
11402,data16/11402_sits.npy,data16/11402_labels.npy,data16/11402_dates.npy
11403,data16/11403_sits.npy,data16/11403_labels.npy,data16/11403_dates.npy
11404,data16/11404_sits.npy,data16/11404_labels.npy,data16/11404_dates.npy
11407,data16/11407_sits.npy,data16/11407_labels.npy,data16/11407_dates.npy
11408,data16/11408_sits.npy,data16/11408_labels.npy,data16/11408_dates.npy
11409,data16/11409_sits.npy,data16/11409_labels.npy,data16/11409_dates.npy
11410,data16/11410_sits.npy,data16/11410_labels.npy,data16/11410_dates.npy
11411,data16/11411_sits.npy,data16/11411_labels.npy,data16/11411_dates.npy
11412,data16/11412_sits.npy,data16/11412_labels.npy,data16/11412_dates.npy
11423,data16/11423_sits.npy,data16/11423_labels.npy,data16/11423_dates.npy
11424,data16/11424_sits.npy,data16/11424_labels.npy,data16/11424_dates.npy
11425,data16/11425_sits.npy,data16/11425_labels.npy,data16/11425_dates.npy
11426,data16/11426_sits.npy,data16/11426_labels.npy,data16/11426_dates.npy
11427,data16/11427_sits.npy,data16/11427_labels.npy,data16/11427_dates.npy
11428,data16/11428_sits.npy,data16/11428_labels.npy,data16/11428_dates.npy
11431,data16/11431_sits.npy,data16/11431_labels.npy,data16/11431_dates.npy
11432,data16/11432_sits.npy,data16/11432_labels.npy,data16/11432_dates.npy
11433,data16/11433_sits.npy,data16/11433_labels.npy,data16/11433_dates.npy
11434,data16/11434_sits.npy,data16/11434_labels.npy,data16/11434_dates.npy
11435,data16/11435_sits.npy,data16/11435_labels.npy,data16/11435_dates.npy
11436,data16/11436_sits.npy,data16/11436_labels.npy,data16/11436_dates.npy
11455,data16/11455_sits.npy,data16/11455_labels.npy,data16/11455_dates.npy
11456,data16/11456_sits.npy,data16/11456_labels.npy,data16/11456_dates.npy
11457,data16/11457_sits.npy,data16/11457_labels.npy,data16/11457_dates.npy
11458,data16/11458_sits.npy,data16/11458_labels.npy,data16/11458_dates.npy
11459,data16/11459_sits.npy,data16/11459_labels.npy,data16/11459_dates.npy
11460,data16/11460_sits.npy,data16/11460_labels.npy,data16/11460_dates.npy
11471,data16/11471_sits.npy,data16/11471_labels.npy,data16/11471_dates.npy
11472,data16/11472_sits.npy,data16/11472_labels.npy,data16/11472_dates.npy
11473,data16/11473_sits.npy,data16/11473_labels.npy,data16/11473_dates.npy
11474,data16/11474_sits.npy,data16/11474_labels.npy,data16/11474_dates.npy
11475,data16/11475_sits.npy,data16/11475_labels.npy,data16/11475_dates.npy
11476,data16/11476_sits.npy,data16/11476_labels.npy,data16/11476_dates.npy
11489,data16/11489_sits.npy,data16/11489_labels.npy,data16/11489_dates.npy
11491,data16/11491_sits.npy,data16/11491_labels.npy,data16/11491_dates.npy
11494,data16/11494_sits.npy,data16/11494_labels.npy,data16/11494_dates.npy
11496,data16/11496_sits.npy,data16/11496_labels.npy,data16/11496_dates.npy
11497,data16/11497_sits.npy,data16/11497_labels.npy,data16/11497_dates.npy
11498,data16/11498_sits.npy,data16/11498_labels.npy,data16/11498_dates.npy
11499,data16/11499_sits.npy,data16/11499_labels.npy,data16/11499_dates.npy
11511,data16/11511_sits.npy,data16/11511_labels.npy,data16/11511_dates.npy
11512,data16/11512_sits.npy,data16/11512_labels.npy,data16/11512_dates.npy
11513,data16/11513_sits.npy,data16/11513_labels.npy,data16/11513_dates.npy
11514,data16/11514_sits.npy,data16/11514_labels.npy,data16/11514_dates.npy
11518,data16/11518_sits.npy,data16/11518_labels.npy,data16/11518_dates.npy
11519,data16/11519_sits.npy,data16/11519_labels.npy,data16/11519_dates.npy
11521,data16/11521_sits.npy,data16/11521_labels.npy,data16/11521_dates.npy
11522,data16/11522_sits.npy,data16/11522_labels.npy,data16/11522_dates.npy
11523,data16/11523_sits.npy,data16/11523_labels.npy,data16/11523_dates.npy
11542,data16/11542_sits.npy,data16/11542_labels.npy,data16/11542_dates.npy
11543,data16/11543_sits.npy,data16/11543_labels.npy,data16/11543_dates.npy
11544,data16/11544_sits.npy,data16/11544_labels.npy,data16/11544_dates.npy
11546,data16/11546_sits.npy,data16/11546_labels.npy,data16/11546_dates.npy
11547,data16/11547_sits.npy,data16/11547_labels.npy,data16/11547_dates.npy
11558,data16/11558_sits.npy,data16/11558_labels.npy,data16/11558_dates.npy
11559,data16/11559_sits.npy,data16/11559_labels.npy,data16/11559_dates.npy
11561,data16/11561_sits.npy,data16/11561_labels.npy,data16/11561_dates.npy
11562,data16/11562_sits.npy,data16/11562_labels.npy,data16/11562_dates.npy
11563,data16/11563_sits.npy,data16/11563_labels.npy,data16/11563_dates.npy
11573,data16/11573_sits.npy,data16/11573_labels.npy,data16/11573_dates.npy
11574,data16/11574_sits.npy,data16/11574_labels.npy,data16/11574_dates.npy
11575,data16/11575_sits.npy,data16/11575_labels.npy,data16/11575_dates.npy
11581,data16/11581_sits.npy,data16/11581_labels.npy,data16/11581_dates.npy
11582,data16/11582_sits.npy,data16/11582_labels.npy,data16/11582_dates.npy
11583,data16/11583_sits.npy,data16/11583_labels.npy,data16/11583_dates.npy
11584,data16/11584_sits.npy,data16/11584_labels.npy,data16/11584_dates.npy
11585,data16/11585_sits.npy,data16/11585_labels.npy,data16/11585_dates.npy
11597,data16/11597_sits.npy,data16/11597_labels.npy,data16/11597_dates.npy
11598,data16/11598_sits.npy,data16/11598_labels.npy,data16/11598_dates.npy
11599,data16/11599_sits.npy,data16/11599_labels.npy,data16/11599_dates.npy
11600,data16/11600_sits.npy,data16/11600_labels.npy,data16/11600_dates.npy
11601,data16/11601_sits.npy,data16/11601_labels.npy,data16/11601_dates.npy
11602,data16/11602_sits.npy,data16/11602_labels.npy,data16/11602_dates.npy
11605,data16/11605_sits.npy,data16/11605_labels.npy,data16/11605_dates.npy
11606,data16/11606_sits.npy,data16/11606_labels.npy,data16/11606_dates.npy
11607,data16/11607_sits.npy,data16/11607_labels.npy,data16/11607_dates.npy
11608,data16/11608_sits.npy,data16/11608_labels.npy,data16/11608_dates.npy
11609,data16/11609_sits.npy,data16/11609_labels.npy,data16/11609_dates.npy
11610,data16/11610_sits.npy,data16/11610_labels.npy,data16/11610_dates.npy
11629,data16/11629_sits.npy,data16/11629_labels.npy,data16/11629_dates.npy
11630,data16/11630_sits.npy,data16/11630_labels.npy,data16/11630_dates.npy
11631,data16/11631_sits.npy,data16/11631_labels.npy,data16/11631_dates.npy
11632,data16/11632_sits.npy,data16/11632_labels.npy,data16/11632_dates.npy
11633,data16/11633_sits.npy,data16/11633_labels.npy,data16/11633_dates.npy
11634,data16/11634_sits.npy,data16/11634_labels.npy,data16/11634_dates.npy
11645,data16/11645_sits.npy,data16/11645_labels.npy,data16/11645_dates.npy
11646,data16/11646_sits.npy,data16/11646_labels.npy,data16/11646_dates.npy
11647,data16/11647_sits.npy,data16/11647_labels.npy,data16/11647_dates.npy
11648,data16/11648_sits.npy,data16/11648_labels.npy,data16/11648_dates.npy
11649,data16/11649_sits.npy,data16/11649_labels.npy,data16/11649_dates.npy
11650,data16/11650_sits.npy,data16/11650_labels.npy,data16/11650_dates.npy
11660,data16/11660_sits.npy,data16/11660_labels.npy,data16/11660_dates.npy
11662,data16/11662_sits.npy,data16/11662_labels.npy,data16/11662_dates.npy
11664,data16/11664_sits.npy,data16/11664_labels.npy,data16/11664_dates.npy
11669,data16/11669_sits.npy,data16/11669_labels.npy,data16/11669_dates.npy
11670,data16/11670_sits.npy,data16/11670_labels.npy,data16/11670_dates.npy
11672,data16/11672_sits.npy,data16/11672_labels.npy,data16/11672_dates.npy
11684,data16/11684_sits.npy,data16/11684_labels.npy,data16/11684_dates.npy
11685,data16/11685_sits.npy,data16/11685_labels.npy,data16/11685_dates.npy
11687,data16/11687_sits.npy,data16/11687_labels.npy,data16/11687_dates.npy
11689,data16/11689_sits.npy,data16/11689_labels.npy,data16/11689_dates.npy
11692,data16/11692_sits.npy,data16/11692_labels.npy,data16/11692_dates.npy
11694,data16/11694_sits.npy,data16/11694_labels.npy,data16/11694_dates.npy
11695,data16/11695_sits.npy,data16/11695_labels.npy,data16/11695_dates.npy
11697,data16/11697_sits.npy,data16/11697_labels.npy,data16/11697_dates.npy
11717,data16/11717_sits.npy,data16/11717_labels.npy,data16/11717_dates.npy
11719,data16/11719_sits.npy,data16/11719_labels.npy,data16/11719_dates.npy
11720,data16/11720_sits.npy,data16/11720_labels.npy,data16/11720_dates.npy
11732,data16/11732_sits.npy,data16/11732_labels.npy,data16/11732_dates.npy
11734,data16/11734_sits.npy,data16/11734_labels.npy,data16/11734_dates.npy
11735,data16/11735_sits.npy,data16/11735_labels.npy,data16/11735_dates.npy
11929,data16/11929_sits.npy,data16/11929_labels.npy,data16/11929_dates.npy
11931,data16/11931_sits.npy,data16/11931_labels.npy,data16/11931_dates.npy
11932,data16/11932_sits.npy,data16/11932_labels.npy,data16/11932_dates.npy
11933,data16/11933_sits.npy,data16/11933_labels.npy,data16/11933_dates.npy
11934,data16/11934_sits.npy,data16/11934_labels.npy,data16/11934_dates.npy
11953,data16/11953_sits.npy,data16/11953_labels.npy,data16/11953_dates.npy
11954,data16/11954_sits.npy,data16/11954_labels.npy,data16/11954_dates.npy
11956,data16/11956_sits.npy,data16/11956_labels.npy,data16/11956_dates.npy
11957,data16/11957_sits.npy,data16/11957_labels.npy,data16/11957_dates.npy
11958,data16/11958_sits.npy,data16/11958_labels.npy,data16/11958_dates.npy
11993,data16/11993_sits.npy,data16/11993_labels.npy,data16/11993_dates.npy
11994,data16/11994_sits.npy,data16/11994_labels.npy,data16/11994_dates.npy
11996,data16/11996_sits.npy,data16/11996_labels.npy,data16/11996_dates.npy
11997,data16/11997_sits.npy,data16/11997_labels.npy,data16/11997_dates.npy
11998,data16/11998_sits.npy,data16/11998_labels.npy,data16/11998_dates.npy
12001,data16/12001_sits.npy,data16/12001_labels.npy,data16/12001_dates.npy
12002,data16/12002_sits.npy,data16/12002_labels.npy,data16/12002_dates.npy
12003,data16/12003_sits.npy,data16/12003_labels.npy,data16/12003_dates.npy
12004,data16/12004_sits.npy,data16/12004_labels.npy,data16/12004_dates.npy
12006,data16/12006_sits.npy,data16/12006_labels.npy,data16/12006_dates.npy
12016,data16/12016_sits.npy,data16/12016_labels.npy,data16/12016_dates.npy
12017,data16/12017_sits.npy,data16/12017_labels.npy,data16/12017_dates.npy
12018,data16/12018_sits.npy,data16/12018_labels.npy,data16/12018_dates.npy
12019,data16/12019_sits.npy,data16/12019_labels.npy,data16/12019_dates.npy
12020,data16/12020_sits.npy,data16/12020_labels.npy,data16/12020_dates.npy
12021,data16/12021_sits.npy,data16/12021_labels.npy,data16/12021_dates.npy
12040,data16/12040_sits.npy,data16/12040_labels.npy,data16/12040_dates.npy
12041,data16/12041_sits.npy,data16/12041_labels.npy,data16/12041_dates.npy
12042,data16/12042_sits.npy,data16/12042_labels.npy,data16/12042_dates.npy
12043,data16/12043_sits.npy,data16/12043_labels.npy,data16/12043_dates.npy
12044,data16/12044_sits.npy,data16/12044_labels.npy,data16/12044_dates.npy
12045,data16/12045_sits.npy,data16/12045_labels.npy,data16/12045_dates.npy
12080,data16/12080_sits.npy,data16/12080_labels.npy,data16/12080_dates.npy
12081,data16/12081_sits.npy,data16/12081_labels.npy,data16/12081_dates.npy
12082,data16/12082_sits.npy,data16/12082_labels.npy,data16/12082_dates.npy
12083,data16/12083_sits.npy,data16/12083_labels.npy,data16/12083_dates.npy
12084,data16/12084_sits.npy,data16/12084_labels.npy,data16/12084_dates.npy
12085,data16/12085_sits.npy,data16/12085_labels.npy,data16/12085_dates.npy
12088,data16/12088_sits.npy,data16/12088_labels.npy,data16/12088_dates.npy
12089,data16/12089_sits.npy,data16/12089_labels.npy,data16/12089_dates.npy
12090,data16/12090_sits.npy,data16/12090_labels.npy,data16/12090_dates.npy
12091,data16/12091_sits.npy,data16/12091_labels.npy,data16/12091_dates.npy
12092,data16/12092_sits.npy,data16/12092_labels.npy,data16/12092_dates.npy
12093,data16/12093_sits.npy,data16/12093_labels.npy,data16/12093_dates.npy
12104,data16/12104_sits.npy,data16/12104_labels.npy,data16/12104_dates.npy
12105,data16/12105_sits.npy,data16/12105_labels.npy,data16/12105_dates.npy
12107,data16/12107_sits.npy,data16/12107_labels.npy,data16/12107_dates.npy
12127,data16/12127_sits.npy,data16/12127_labels.npy,data16/12127_dates.npy
12129,data16/12129_sits.npy,data16/12129_labels.npy,data16/12129_dates.npy
12130,data16/12130_sits.npy,data16/12130_labels.npy,data16/12130_dates.npy
12132,data16/12132_sits.npy,data16/12132_labels.npy,data16/12132_dates.npy
12167,data16/12167_sits.npy,data16/12167_labels.npy,data16/12167_dates.npy
12169,data16/12169_sits.npy,data16/12169_labels.npy,data16/12169_dates.npy
12170,data16/12170_sits.npy,data16/12170_labels.npy,data16/12170_dates.npy
12172,data16/12172_sits.npy,data16/12172_labels.npy,data16/12172_dates.npy
12175,data16/12175_sits.npy,data16/12175_labels.npy,data16/12175_dates.npy
12177,data16/12177_sits.npy,data16/12177_labels.npy,data16/12177_dates.npy
12179,data16/12179_sits.npy,data16/12179_labels.npy,data16/12179_dates.npy
12180,data16/12180_sits.npy,data16/12180_labels.npy,data16/12180_dates.npy
12190,data16/12190_sits.npy,data16/12190_labels.npy,data16/12190_dates.npy
12192,data16/12192_sits.npy,data16/12192_labels.npy,data16/12192_dates.npy
12193,data16/12193_sits.npy,data16/12193_labels.npy,data16/12193_dates.npy
12194,data16/12194_sits.npy,data16/12194_labels.npy,data16/12194_dates.npy
12195,data16/12195_sits.npy,data16/12195_labels.npy,data16/12195_dates.npy
12217,data16/12217_sits.npy,data16/12217_labels.npy,data16/12217_dates.npy
12218,data16/12218_sits.npy,data16/12218_labels.npy,data16/12218_dates.npy
12219,data16/12219_sits.npy,data16/12219_labels.npy,data16/12219_dates.npy
12254,data16/12254_sits.npy,data16/12254_labels.npy,data16/12254_dates.npy
12255,data16/12255_sits.npy,data16/12255_labels.npy,data16/12255_dates.npy
12258,data16/12258_sits.npy,data16/12258_labels.npy,data16/12258_dates.npy
12259,data16/12259_sits.npy,data16/12259_labels.npy,data16/12259_dates.npy
12262,data16/12262_sits.npy,data16/12262_labels.npy,data16/12262_dates.npy
12263,data16/12263_sits.npy,data16/12263_labels.npy,data16/12263_dates.npy
12264,data16/12264_sits.npy,data16/12264_labels.npy,data16/12264_dates.npy
12265,data16/12265_sits.npy,data16/12265_labels.npy,data16/12265_dates.npy
12267,data16/12267_sits.npy,data16/12267_labels.npy,data16/12267_dates.npy
12277,data16/12277_sits.npy,data16/12277_labels.npy,data16/12277_dates.npy
12278,data16/12278_sits.npy,data16/12278_labels.npy,data16/12278_dates.npy
12279,data16/12279_sits.npy,data16/12279_labels.npy,data16/12279_dates.npy
12280,data16/12280_sits.npy,data16/12280_labels.npy,data16/12280_dates.npy
12281,data16/12281_sits.npy,data16/12281_labels.npy,data16/12281_dates.npy
12282,data16/12282_sits.npy,data16/12282_labels.npy,data16/12282_dates.npy
12301,data16/12301_sits.npy,data16/12301_labels.npy,data16/12301_dates.npy
12304,data16/12304_sits.npy,data16/12304_labels.npy,data16/12304_dates.npy
12341,data16/12341_sits.npy,data16/12341_labels.npy,data16/12341_dates.npy
12342,data16/12342_sits.npy,data16/12342_labels.npy,data16/12342_dates.npy
12343,data16/12343_sits.npy,data16/12343_labels.npy,data16/12343_dates.npy
12344,data16/12344_sits.npy,data16/12344_labels.npy,data16/12344_dates.npy
12345,data16/12345_sits.npy,data16/12345_labels.npy,data16/12345_dates.npy
12349,data16/12349_sits.npy,data16/12349_labels.npy,data16/12349_dates.npy
12350,data16/12350_sits.npy,data16/12350_labels.npy,data16/12350_dates.npy
12351,data16/12351_sits.npy,data16/12351_labels.npy,data16/12351_dates.npy
12352,data16/12352_sits.npy,data16/12352_labels.npy,data16/12352_dates.npy
12353,data16/12353_sits.npy,data16/12353_labels.npy,data16/12353_dates.npy
12354,data16/12354_sits.npy,data16/12354_labels.npy,data16/12354_dates.npy
12364,data16/12364_sits.npy,data16/12364_labels.npy,data16/12364_dates.npy
12366,data16/12366_sits.npy,data16/12366_labels.npy,data16/12366_dates.npy
12367,data16/12367_sits.npy,data16/12367_labels.npy,data16/12367_dates.npy
12368,data16/12368_sits.npy,data16/12368_labels.npy,data16/12368_dates.npy
12369,data16/12369_sits.npy,data16/12369_labels.npy,data16/12369_dates.npy
12388,data16/12388_sits.npy,data16/12388_labels.npy,data16/12388_dates.npy
12389,data16/12389_sits.npy,data16/12389_labels.npy,data16/12389_dates.npy
12391,data16/12391_sits.npy,data16/12391_labels.npy,data16/12391_dates.npy
12392,data16/12392_sits.npy,data16/12392_labels.npy,data16/12392_dates.npy
12428,data16/12428_sits.npy,data16/12428_labels.npy,data16/12428_dates.npy
12429,data16/12429_sits.npy,data16/12429_labels.npy,data16/12429_dates.npy
12431,data16/12431_sits.npy,data16/12431_labels.npy,data16/12431_dates.npy
12432,data16/12432_sits.npy,data16/12432_labels.npy,data16/12432_dates.npy
12433,data16/12433_sits.npy,data16/12433_labels.npy,data16/12433_dates.npy
12436,data16/12436_sits.npy,data16/12436_labels.npy,data16/12436_dates.npy
12437,data16/12437_sits.npy,data16/12437_labels.npy,data16/12437_dates.npy
12438,data16/12438_sits.npy,data16/12438_labels.npy,data16/12438_dates.npy
12439,data16/12439_sits.npy,data16/12439_labels.npy,data16/12439_dates.npy
12617,data16/12617_sits.npy,data16/12617_labels.npy,data16/12617_dates.npy
12618,data16/12618_sits.npy,data16/12618_labels.npy,data16/12618_dates.npy
12619,data16/12619_sits.npy,data16/12619_labels.npy,data16/12619_dates.npy
12620,data16/12620_sits.npy,data16/12620_labels.npy,data16/12620_dates.npy
12622,data16/12622_sits.npy,data16/12622_labels.npy,data16/12622_dates.npy
12625,data16/12625_sits.npy,data16/12625_labels.npy,data16/12625_dates.npy
12627,data16/12627_sits.npy,data16/12627_labels.npy,data16/12627_dates.npy
12628,data16/12628_sits.npy,data16/12628_labels.npy,data16/12628_dates.npy
12642,data16/12642_sits.npy,data16/12642_labels.npy,data16/12642_dates.npy
12658,data16/12658_sits.npy,data16/12658_labels.npy,data16/12658_dates.npy
12659,data16/12659_sits.npy,data16/12659_labels.npy,data16/12659_dates.npy
12660,data16/12660_sits.npy,data16/12660_labels.npy,data16/12660_dates.npy
12662,data16/12662_sits.npy,data16/12662_labels.npy,data16/12662_dates.npy
12665,data16/12665_sits.npy,data16/12665_labels.npy,data16/12665_dates.npy
12667,data16/12667_sits.npy,data16/12667_labels.npy,data16/12667_dates.npy
12668,data16/12668_sits.npy,data16/12668_labels.npy,data16/12668_dates.npy
12669,data16/12669_sits.npy,data16/12669_labels.npy,data16/12669_dates.npy
12670,data16/12670_sits.npy,data16/12670_labels.npy,data16/12670_dates.npy
12682,data16/12682_sits.npy,data16/12682_labels.npy,data16/12682_dates.npy
12683,data16/12683_sits.npy,data16/12683_labels.npy,data16/12683_dates.npy
12684,data16/12684_sits.npy,data16/12684_labels.npy,data16/12684_dates.npy
12685,data16/12685_sits.npy,data16/12685_labels.npy,data16/12685_dates.npy
12697,data16/12697_sits.npy,data16/12697_labels.npy,data16/12697_dates.npy
12698,data16/12698_sits.npy,data16/12698_labels.npy,data16/12698_dates.npy
12699,data16/12699_sits.npy,data16/12699_labels.npy,data16/12699_dates.npy
12700,data16/12700_sits.npy,data16/12700_labels.npy,data16/12700_dates.npy
12702,data16/12702_sits.npy,data16/12702_labels.npy,data16/12702_dates.npy
12704,data16/12704_sits.npy,data16/12704_labels.npy,data16/12704_dates.npy
12705,data16/12705_sits.npy,data16/12705_labels.npy,data16/12705_dates.npy
12706,data16/12706_sits.npy,data16/12706_labels.npy,data16/12706_dates.npy
12707,data16/12707_sits.npy,data16/12707_labels.npy,data16/12707_dates.npy
12708,data16/12708_sits.npy,data16/12708_labels.npy,data16/12708_dates.npy
12709,data16/12709_sits.npy,data16/12709_labels.npy,data16/12709_dates.npy
12712,data16/12712_sits.npy,data16/12712_labels.npy,data16/12712_dates.npy
12713,data16/12713_sits.npy,data16/12713_labels.npy,data16/12713_dates.npy
12714,data16/12714_sits.npy,data16/12714_labels.npy,data16/12714_dates.npy
12715,data16/12715_sits.npy,data16/12715_labels.npy,data16/12715_dates.npy
12728,data16/12728_sits.npy,data16/12728_labels.npy,data16/12728_dates.npy
12729,data16/12729_sits.npy,data16/12729_labels.npy,data16/12729_dates.npy
12746,data16/12746_sits.npy,data16/12746_labels.npy,data16/12746_dates.npy
12747,data16/12747_sits.npy,data16/12747_labels.npy,data16/12747_dates.npy
12748,data16/12748_sits.npy,data16/12748_labels.npy,data16/12748_dates.npy
12749,data16/12749_sits.npy,data16/12749_labels.npy,data16/12749_dates.npy
12752,data16/12752_sits.npy,data16/12752_labels.npy,data16/12752_dates.npy
12753,data16/12753_sits.npy,data16/12753_labels.npy,data16/12753_dates.npy
12754,data16/12754_sits.npy,data16/12754_labels.npy,data16/12754_dates.npy
12755,data16/12755_sits.npy,data16/12755_labels.npy,data16/12755_dates.npy
12756,data16/12756_sits.npy,data16/12756_labels.npy,data16/12756_dates.npy
12757,data16/12757_sits.npy,data16/12757_labels.npy,data16/12757_dates.npy
12768,data16/12768_sits.npy,data16/12768_labels.npy,data16/12768_dates.npy
12769,data16/12769_sits.npy,data16/12769_labels.npy,data16/12769_dates.npy
12770,data16/12770_sits.npy,data16/12770_labels.npy,data16/12770_dates.npy
12771,data16/12771_sits.npy,data16/12771_labels.npy,data16/12771_dates.npy
12772,data16/12772_sits.npy,data16/12772_labels.npy,data16/12772_dates.npy
12773,data16/12773_sits.npy,data16/12773_labels.npy,data16/12773_dates.npy
12784,data16/12784_sits.npy,data16/12784_labels.npy,data16/12784_dates.npy
12785,data16/12785_sits.npy,data16/12785_labels.npy,data16/12785_dates.npy
12786,data16/12786_sits.npy,data16/12786_labels.npy,data16/12786_dates.npy
12787,data16/12787_sits.npy,data16/12787_labels.npy,data16/12787_dates.npy
12788,data16/12788_sits.npy,data16/12788_labels.npy,data16/12788_dates.npy
12789,data16/12789_sits.npy,data16/12789_labels.npy,data16/12789_dates.npy
12791,data16/12791_sits.npy,data16/12791_labels.npy,data16/12791_dates.npy
12792,data16/12792_sits.npy,data16/12792_labels.npy,data16/12792_dates.npy
12793,data16/12793_sits.npy,data16/12793_labels.npy,data16/12793_dates.npy
12794,data16/12794_sits.npy,data16/12794_labels.npy,data16/12794_dates.npy
12796,data16/12796_sits.npy,data16/12796_labels.npy,data16/12796_dates.npy
12801,data16/12801_sits.npy,data16/12801_labels.npy,data16/12801_dates.npy
12802,data16/12802_sits.npy,data16/12802_labels.npy,data16/12802_dates.npy
12803,data16/12803_sits.npy,data16/12803_labels.npy,data16/12803_dates.npy
12804,data16/12804_sits.npy,data16/12804_labels.npy,data16/12804_dates.npy
12816,data16/12816_sits.npy,data16/12816_labels.npy,data16/12816_dates.npy
12832,data16/12832_sits.npy,data16/12832_labels.npy,data16/12832_dates.npy
12833,data16/12833_sits.npy,data16/12833_labels.npy,data16/12833_dates.npy
12834,data16/12834_sits.npy,data16/12834_labels.npy,data16/12834_dates.npy
12836,data16/12836_sits.npy,data16/12836_labels.npy,data16/12836_dates.npy
12839,data16/12839_sits.npy,data16/12839_labels.npy,data16/12839_dates.npy
12841,data16/12841_sits.npy,data16/12841_labels.npy,data16/12841_dates.npy
12842,data16/12842_sits.npy,data16/12842_labels.npy,data16/12842_dates.npy
12843,data16/12843_sits.npy,data16/12843_labels.npy,data16/12843_dates.npy
12844,data16/12844_sits.npy,data16/12844_labels.npy,data16/12844_dates.npy
12856,data16/12856_sits.npy,data16/12856_labels.npy,data16/12856_dates.npy
12857,data16/12857_sits.npy,data16/12857_labels.npy,data16/12857_dates.npy
12858,data16/12858_sits.npy,data16/12858_labels.npy,data16/12858_dates.npy
12859,data16/12859_sits.npy,data16/12859_labels.npy,data16/12859_dates.npy
12871,data16/12871_sits.npy,data16/12871_labels.npy,data16/12871_dates.npy
12872,data16/12872_sits.npy,data16/12872_labels.npy,data16/12872_dates.npy
12873,data16/12873_sits.npy,data16/12873_labels.npy,data16/12873_dates.npy
12874,data16/12874_sits.npy,data16/12874_labels.npy,data16/12874_dates.npy
12876,data16/12876_sits.npy,data16/12876_labels.npy,data16/12876_dates.npy
12878,data16/12878_sits.npy,data16/12878_labels.npy,data16/12878_dates.npy
12879,data16/12879_sits.npy,data16/12879_labels.npy,data16/12879_dates.npy
12880,data16/12880_sits.npy,data16/12880_labels.npy,data16/12880_dates.npy
12881,data16/12881_sits.npy,data16/12881_labels.npy,data16/12881_dates.npy
12882,data16/12882_sits.npy,data16/12882_labels.npy,data16/12882_dates.npy
12883,data16/12883_sits.npy,data16/12883_labels.npy,data16/12883_dates.npy
12886,data16/12886_sits.npy,data16/12886_labels.npy,data16/12886_dates.npy
12887,data16/12887_sits.npy,data16/12887_labels.npy,data16/12887_dates.npy
12888,data16/12888_sits.npy,data16/12888_labels.npy,data16/12888_dates.npy
12889,data16/12889_sits.npy,data16/12889_labels.npy,data16/12889_dates.npy
12890,data16/12890_sits.npy,data16/12890_labels.npy,data16/12890_dates.npy
12891,data16/12891_sits.npy,data16/12891_labels.npy,data16/12891_dates.npy
12902,data16/12902_sits.npy,data16/12902_labels.npy,data16/12902_dates.npy
12903,data16/12903_sits.npy,data16/12903_labels.npy,data16/12903_dates.npy
12919,data16/12919_sits.npy,data16/12919_labels.npy,data16/12919_dates.npy
12920,data16/12920_sits.npy,data16/12920_labels.npy,data16/12920_dates.npy
12921,data16/12921_sits.npy,data16/12921_labels.npy,data16/12921_dates.npy
12922,data16/12922_sits.npy,data16/12922_labels.npy,data16/12922_dates.npy
12923,data16/12923_sits.npy,data16/12923_labels.npy,data16/12923_dates.npy
12926,data16/12926_sits.npy,data16/12926_labels.npy,data16/12926_dates.npy
12927,data16/12927_sits.npy,data16/12927_labels.npy,data16/12927_dates.npy
12928,data16/12928_sits.npy,data16/12928_labels.npy,data16/12928_dates.npy
12929,data16/12929_sits.npy,data16/12929_labels.npy,data16/12929_dates.npy
12930,data16/12930_sits.npy,data16/12930_labels.npy,data16/12930_dates.npy
12931,data16/12931_sits.npy,data16/12931_labels.npy,data16/12931_dates.npy
12942,data16/12942_sits.npy,data16/12942_labels.npy,data16/12942_dates.npy
12943,data16/12943_sits.npy,data16/12943_labels.npy,data16/12943_dates.npy
12944,data16/12944_sits.npy,data16/12944_labels.npy,data16/12944_dates.npy
12945,data16/12945_sits.npy,data16/12945_labels.npy,data16/12945_dates.npy
12946,data16/12946_sits.npy,data16/12946_labels.npy,data16/12946_dates.npy
12947,data16/12947_sits.npy,data16/12947_labels.npy,data16/12947_dates.npy
12958,data16/12958_sits.npy,data16/12958_labels.npy,data16/12958_dates.npy
12959,data16/12959_sits.npy,data16/12959_labels.npy,data16/12959_dates.npy
12960,data16/12960_sits.npy,data16/12960_labels.npy,data16/12960_dates.npy
12961,data16/12961_sits.npy,data16/12961_labels.npy,data16/12961_dates.npy
12962,data16/12962_sits.npy,data16/12962_labels.npy,data16/12962_dates.npy
12963,data16/12963_sits.npy,data16/12963_labels.npy,data16/12963_dates.npy
12965,data16/12965_sits.npy,data16/12965_labels.npy,data16/12965_dates.npy
12967,data16/12967_sits.npy,data16/12967_labels.npy,data16/12967_dates.npy
12969,data16/12969_sits.npy,data16/12969_labels.npy,data16/12969_dates.npy
12970,data16/12970_sits.npy,data16/12970_labels.npy,data16/12970_dates.npy
12974,data16/12974_sits.npy,data16/12974_labels.npy,data16/12974_dates.npy
12975,data16/12975_sits.npy,data16/12975_labels.npy,data16/12975_dates.npy
12977,data16/12977_sits.npy,data16/12977_labels.npy,data16/12977_dates.npy
12989,data16/12989_sits.npy,data16/12989_labels.npy,data16/12989_dates.npy
12990,data16/12990_sits.npy,data16/12990_labels.npy,data16/12990_dates.npy
13007,data16/13007_sits.npy,data16/13007_labels.npy,data16/13007_dates.npy
13009,data16/13009_sits.npy,data16/13009_labels.npy,data16/13009_dates.npy
13010,data16/13010_sits.npy,data16/13010_labels.npy,data16/13010_dates.npy
13014,data16/13014_sits.npy,data16/13014_labels.npy,data16/13014_dates.npy
13015,data16/13015_sits.npy,data16/13015_labels.npy,data16/13015_dates.npy
13017,data16/13017_sits.npy,data16/13017_labels.npy,data16/13017_dates.npy
13029,data16/13029_sits.npy,data16/13029_labels.npy,data16/13029_dates.npy
13030,data16/13030_sits.npy,data16/13030_labels.npy,data16/13030_dates.npy
13032,data16/13032_sits.npy,data16/13032_labels.npy,data16/13032_dates.npy
13034,data16/13034_sits.npy,data16/13034_labels.npy,data16/13034_dates.npy
13045,data16/13045_sits.npy,data16/13045_labels.npy,data16/13045_dates.npy
13047,data16/13047_sits.npy,data16/13047_labels.npy,data16/13047_dates.npy
13049,data16/13049_sits.npy,data16/13049_labels.npy,data16/13049_dates.npy
13050,data16/13050_sits.npy,data16/13050_labels.npy,data16/13050_dates.npy
13052,data16/13052_sits.npy,data16/13052_labels.npy,data16/13052_dates.npy
13053,data16/13053_sits.npy,data16/13053_labels.npy,data16/13053_dates.npy
13054,data16/13054_sits.npy,data16/13054_labels.npy,data16/13054_dates.npy
13055,data16/13055_sits.npy,data16/13055_labels.npy,data16/13055_dates.npy
13057,data16/13057_sits.npy,data16/13057_labels.npy,data16/13057_dates.npy
13060,data16/13060_sits.npy,data16/13060_labels.npy,data16/13060_dates.npy
13062,data16/13062_sits.npy,data16/13062_labels.npy,data16/13062_dates.npy
13063,data16/13063_sits.npy,data16/13063_labels.npy,data16/13063_dates.npy
13064,data16/13064_sits.npy,data16/13064_labels.npy,data16/13064_dates.npy
13065,data16/13065_sits.npy,data16/13065_labels.npy,data16/13065_dates.npy
13077,data16/13077_sits.npy,data16/13077_labels.npy,data16/13077_dates.npy
13078,data16/13078_sits.npy,data16/13078_labels.npy,data16/13078_dates.npy
13093,data16/13093_sits.npy,data16/13093_labels.npy,data16/13093_dates.npy
13094,data16/13094_sits.npy,data16/13094_labels.npy,data16/13094_dates.npy
13095,data16/13095_sits.npy,data16/13095_labels.npy,data16/13095_dates.npy
13097,data16/13097_sits.npy,data16/13097_labels.npy,data16/13097_dates.npy
13100,data16/13100_sits.npy,data16/13100_labels.npy,data16/13100_dates.npy
13102,data16/13102_sits.npy,data16/13102_labels.npy,data16/13102_dates.npy
13103,data16/13103_sits.npy,data16/13103_labels.npy,data16/13103_dates.npy
13104,data16/13104_sits.npy,data16/13104_labels.npy,data16/13104_dates.npy
13105,data16/13105_sits.npy,data16/13105_labels.npy,data16/13105_dates.npy
13117,data16/13117_sits.npy,data16/13117_labels.npy,data16/13117_dates.npy
13118,data16/13118_sits.npy,data16/13118_labels.npy,data16/13118_dates.npy
13119,data16/13119_sits.npy,data16/13119_labels.npy,data16/13119_dates.npy
13120,data16/13120_sits.npy,data16/13120_labels.npy,data16/13120_dates.npy
13132,data16/13132_sits.npy,data16/13132_labels.npy,data16/13132_dates.npy
13133,data16/13133_sits.npy,data16/13133_labels.npy,data16/13133_dates.npy
13134,data16/13134_sits.npy,data16/13134_labels.npy,data16/13134_dates.npy
13135,data16/13135_sits.npy,data16/13135_labels.npy,data16/13135_dates.npy
13137,data16/13137_sits.npy,data16/13137_labels.npy,data16/13137_dates.npy
13321,data16/13321_sits.npy,data16/13321_labels.npy,data16/13321_dates.npy
13322,data16/13322_sits.npy,data16/13322_labels.npy,data16/13322_dates.npy
13323,data16/13323_sits.npy,data16/13323_labels.npy,data16/13323_dates.npy
13324,data16/13324_sits.npy,data16/13324_labels.npy,data16/13324_dates.npy
13325,data16/13325_sits.npy,data16/13325_labels.npy,data16/13325_dates.npy
13326,data16/13326_sits.npy,data16/13326_labels.npy,data16/13326_dates.npy
13329,data16/13329_sits.npy,data16/13329_labels.npy,data16/13329_dates.npy
13330,data16/13330_sits.npy,data16/13330_labels.npy,data16/13330_dates.npy
13331,data16/13331_sits.npy,data16/13331_labels.npy,data16/13331_dates.npy
13332,data16/13332_sits.npy,data16/13332_labels.npy,data16/13332_dates.npy
13333,data16/13333_sits.npy,data16/13333_labels.npy,data16/13333_dates.npy
13334,data16/13334_sits.npy,data16/13334_labels.npy,data16/13334_dates.npy
13353,data16/13353_sits.npy,data16/13353_labels.npy,data16/13353_dates.npy
13354,data16/13354_sits.npy,data16/13354_labels.npy,data16/13354_dates.npy
13355,data16/13355_sits.npy,data16/13355_labels.npy,data16/13355_dates.npy
13356,data16/13356_sits.npy,data16/13356_labels.npy,data16/13356_dates.npy
13357,data16/13357_sits.npy,data16/13357_labels.npy,data16/13357_dates.npy
13358,data16/13358_sits.npy,data16/13358_labels.npy,data16/13358_dates.npy
13361,data16/13361_sits.npy,data16/13361_labels.npy,data16/13361_dates.npy
13362,data16/13362_sits.npy,data16/13362_labels.npy,data16/13362_dates.npy
13363,data16/13363_sits.npy,data16/13363_labels.npy,data16/13363_dates.npy
13364,data16/13364_sits.npy,data16/13364_labels.npy,data16/13364_dates.npy
13365,data16/13365_sits.npy,data16/13365_labels.npy,data16/13365_dates.npy
13366,data16/13366_sits.npy,data16/13366_labels.npy,data16/13366_dates.npy
13385,data16/13385_sits.npy,data16/13385_labels.npy,data16/13385_dates.npy
13386,data16/13386_sits.npy,data16/13386_labels.npy,data16/13386_dates.npy
13387,data16/13387_sits.npy,data16/13387_labels.npy,data16/13387_dates.npy
13388,data16/13388_sits.npy,data16/13388_labels.npy,data16/13388_dates.npy
13389,data16/13389_sits.npy,data16/13389_labels.npy,data16/13389_dates.npy
13390,data16/13390_sits.npy,data16/13390_labels.npy,data16/13390_dates.npy
13393,data16/13393_sits.npy,data16/13393_labels.npy,data16/13393_dates.npy
13394,data16/13394_sits.npy,data16/13394_labels.npy,data16/13394_dates.npy
13395,data16/13395_sits.npy,data16/13395_labels.npy,data16/13395_dates.npy
13396,data16/13396_sits.npy,data16/13396_labels.npy,data16/13396_dates.npy
13397,data16/13397_sits.npy,data16/13397_labels.npy,data16/13397_dates.npy
13398,data16/13398_sits.npy,data16/13398_labels.npy,data16/13398_dates.npy
13409,data16/13409_sits.npy,data16/13409_labels.npy,data16/13409_dates.npy
13410,data16/13410_sits.npy,data16/13410_labels.npy,data16/13410_dates.npy
13412,data16/13412_sits.npy,data16/13412_labels.npy,data16/13412_dates.npy
13417,data16/13417_sits.npy,data16/13417_labels.npy,data16/13417_dates.npy
13419,data16/13419_sits.npy,data16/13419_labels.npy,data16/13419_dates.npy
13420,data16/13420_sits.npy,data16/13420_labels.npy,data16/13420_dates.npy
13440,data16/13440_sits.npy,data16/13440_labels.npy,data16/13440_dates.npy
13442,data16/13442_sits.npy,data16/13442_labels.npy,data16/13442_dates.npy
13444,data16/13444_sits.npy,data16/13444_labels.npy,data16/13444_dates.npy
13445,data16/13445_sits.npy,data16/13445_labels.npy,data16/13445_dates.npy
13449,data16/13449_sits.npy,data16/13449_labels.npy,data16/13449_dates.npy
13450,data16/13450_sits.npy,data16/13450_labels.npy,data16/13450_dates.npy
13452,data16/13452_sits.npy,data16/13452_labels.npy,data16/13452_dates.npy
13472,data16/13472_sits.npy,data16/13472_labels.npy,data16/13472_dates.npy
13474,data16/13474_sits.npy,data16/13474_labels.npy,data16/13474_dates.npy
13475,data16/13475_sits.npy,data16/13475_labels.npy,data16/13475_dates.npy
13477,data16/13477_sits.npy,data16/13477_labels.npy,data16/13477_dates.npy
13480,data16/13480_sits.npy,data16/13480_labels.npy,data16/13480_dates.npy
13482,data16/13482_sits.npy,data16/13482_labels.npy,data16/13482_dates.npy
13484,data16/13484_sits.npy,data16/13484_labels.npy,data16/13484_dates.npy
13485,data16/13485_sits.npy,data16/13485_labels.npy,data16/13485_dates.npy
13495,data16/13495_sits.npy,data16/13495_labels.npy,data16/13495_dates.npy
13497,data16/13497_sits.npy,data16/13497_labels.npy,data16/13497_dates.npy
13498,data16/13498_sits.npy,data16/13498_labels.npy,data16/13498_dates.npy
13499,data16/13499_sits.npy,data16/13499_labels.npy,data16/13499_dates.npy
13500,data16/13500_sits.npy,data16/13500_labels.npy,data16/13500_dates.npy
13503,data16/13503_sits.npy,data16/13503_labels.npy,data16/13503_dates.npy
13504,data16/13504_sits.npy,data16/13504_labels.npy,data16/13504_dates.npy
13505,data16/13505_sits.npy,data16/13505_labels.npy,data16/13505_dates.npy
13507,data16/13507_sits.npy,data16/13507_labels.npy,data16/13507_dates.npy
13508,data16/13508_sits.npy,data16/13508_labels.npy,data16/13508_dates.npy
13527,data16/13527_sits.npy,data16/13527_labels.npy,data16/13527_dates.npy
13528,data16/13528_sits.npy,data16/13528_labels.npy,data16/13528_dates.npy
13529,data16/13529_sits.npy,data16/13529_labels.npy,data16/13529_dates.npy
13530,data16/13530_sits.npy,data16/13530_labels.npy,data16/13530_dates.npy
13532,data16/13532_sits.npy,data16/13532_labels.npy,data16/13532_dates.npy
13535,data16/13535_sits.npy,data16/13535_labels.npy,data16/13535_dates.npy
13537,data16/13537_sits.npy,data16/13537_labels.npy,data16/13537_dates.npy
13538,data16/13538_sits.npy,data16/13538_labels.npy,data16/13538_dates.npy
13539,data16/13539_sits.npy,data16/13539_labels.npy,data16/13539_dates.npy
13540,data16/13540_sits.npy,data16/13540_labels.npy,data16/13540_dates.npy
13559,data16/13559_sits.npy,data16/13559_labels.npy,data16/13559_dates.npy
13560,data16/13560_sits.npy,data16/13560_labels.npy,data16/13560_dates.npy
13562,data16/13562_sits.npy,data16/13562_labels.npy,data16/13562_dates.npy
13564,data16/13564_sits.npy,data16/13564_labels.npy,data16/13564_dates.npy
13568,data16/13568_sits.npy,data16/13568_labels.npy,data16/13568_dates.npy
13569,data16/13569_sits.npy,data16/13569_labels.npy,data16/13569_dates.npy
13570,data16/13570_sits.npy,data16/13570_labels.npy,data16/13570_dates.npy
13572,data16/13572_sits.npy,data16/13572_labels.npy,data16/13572_dates.npy
13582,data16/13582_sits.npy,data16/13582_labels.npy,data16/13582_dates.npy
13583,data16/13583_sits.npy,data16/13583_labels.npy,data16/13583_dates.npy
13584,data16/13584_sits.npy,data16/13584_labels.npy,data16/13584_dates.npy
13585,data16/13585_sits.npy,data16/13585_labels.npy,data16/13585_dates.npy
13586,data16/13586_sits.npy,data16/13586_labels.npy,data16/13586_dates.npy
13587,data16/13587_sits.npy,data16/13587_labels.npy,data16/13587_dates.npy
13590,data16/13590_sits.npy,data16/13590_labels.npy,data16/13590_dates.npy
13591,data16/13591_sits.npy,data16/13591_labels.npy,data16/13591_dates.npy
13592,data16/13592_sits.npy,data16/13592_labels.npy,data16/13592_dates.npy
13593,data16/13593_sits.npy,data16/13593_labels.npy,data16/13593_dates.npy
13594,data16/13594_sits.npy,data16/13594_labels.npy,data16/13594_dates.npy
13595,data16/13595_sits.npy,data16/13595_labels.npy,data16/13595_dates.npy
13614,data16/13614_sits.npy,data16/13614_labels.npy,data16/13614_dates.npy
13615,data16/13615_sits.npy,data16/13615_labels.npy,data16/13615_dates.npy
13616,data16/13616_sits.npy,data16/13616_labels.npy,data16/13616_dates.npy
13617,data16/13617_sits.npy,data16/13617_labels.npy,data16/13617_dates.npy
13618,data16/13618_sits.npy,data16/13618_labels.npy,data16/13618_dates.npy
13619,data16/13619_sits.npy,data16/13619_labels.npy,data16/13619_dates.npy
13622,data16/13622_sits.npy,data16/13622_labels.npy,data16/13622_dates.npy
13623,data16/13623_sits.npy,data16/13623_labels.npy,data16/13623_dates.npy
13624,data16/13624_sits.npy,data16/13624_labels.npy,data16/13624_dates.npy
13625,data16/13625_sits.npy,data16/13625_labels.npy,data16/13625_dates.npy
13626,data16/13626_sits.npy,data16/13626_labels.npy,data16/13626_dates.npy
13627,data16/13627_sits.npy,data16/13627_labels.npy,data16/13627_dates.npy
13646,data16/13646_sits.npy,data16/13646_labels.npy,data16/13646_dates.npy
13647,data16/13647_sits.npy,data16/13647_labels.npy,data16/13647_dates.npy
13648,data16/13648_sits.npy,data16/13648_labels.npy,data16/13648_dates.npy
13649,data16/13649_sits.npy,data16/13649_labels.npy,data16/13649_dates.npy
13650,data16/13650_sits.npy,data16/13650_labels.npy,data16/13650_dates.npy
13651,data16/13651_sits.npy,data16/13651_labels.npy,data16/13651_dates.npy
13655,data16/13655_sits.npy,data16/13655_labels.npy,data16/13655_dates.npy
13656,data16/13656_sits.npy,data16/13656_labels.npy,data16/13656_dates.npy
13657,data16/13657_sits.npy,data16/13657_labels.npy,data16/13657_dates.npy
13658,data16/13658_sits.npy,data16/13658_labels.npy,data16/13658_dates.npy
13659,data16/13659_sits.npy,data16/13659_labels.npy,data16/13659_dates.npy
13669,data16/13669_sits.npy,data16/13669_labels.npy,data16/13669_dates.npy
13671,data16/13671_sits.npy,data16/13671_labels.npy,data16/13671_dates.npy
13672,data16/13672_sits.npy,data16/13672_labels.npy,data16/13672_dates.npy
13673,data16/13673_sits.npy,data16/13673_labels.npy,data16/13673_dates.npy
13674,data16/13674_sits.npy,data16/13674_labels.npy,data16/13674_dates.npy
13677,data16/13677_sits.npy,data16/13677_labels.npy,data16/13677_dates.npy
13678,data16/13678_sits.npy,data16/13678_labels.npy,data16/13678_dates.npy
13679,data16/13679_sits.npy,data16/13679_labels.npy,data16/13679_dates.npy
13681,data16/13681_sits.npy,data16/13681_labels.npy,data16/13681_dates.npy
13682,data16/13682_sits.npy,data16/13682_labels.npy,data16/13682_dates.npy
13703,data16/13703_sits.npy,data16/13703_labels.npy,data16/13703_dates.npy
13704,data16/13704_sits.npy,data16/13704_labels.npy,data16/13704_dates.npy
13706,data16/13706_sits.npy,data16/13706_labels.npy,data16/13706_dates.npy
13709,data16/13709_sits.npy,data16/13709_labels.npy,data16/13709_dates.npy
13711,data16/13711_sits.npy,data16/13711_labels.npy,data16/13711_dates.npy
13712,data16/13712_sits.npy,data16/13712_labels.npy,data16/13712_dates.npy
13713,data16/13713_sits.npy,data16/13713_labels.npy,data16/13713_dates.npy
13714,data16/13714_sits.npy,data16/13714_labels.npy,data16/13714_dates.npy
13733,data16/13733_sits.npy,data16/13733_labels.npy,data16/13733_dates.npy
13734,data16/13734_sits.npy,data16/13734_labels.npy,data16/13734_dates.npy
13736,data16/13736_sits.npy,data16/13736_labels.npy,data16/13736_dates.npy
13737,data16/13737_sits.npy,data16/13737_labels.npy,data16/13737_dates.npy
13738,data16/13738_sits.npy,data16/13738_labels.npy,data16/13738_dates.npy
13741,data16/13741_sits.npy,data16/13741_labels.npy,data16/13741_dates.npy
13742,data16/13742_sits.npy,data16/13742_labels.npy,data16/13742_dates.npy
13743,data16/13743_sits.npy,data16/13743_labels.npy,data16/13743_dates.npy
13744,data16/13744_sits.npy,data16/13744_labels.npy,data16/13744_dates.npy
13746,data16/13746_sits.npy,data16/13746_labels.npy,data16/13746_dates.npy
13756,data16/13756_sits.npy,data16/13756_labels.npy,data16/13756_dates.npy
13757,data16/13757_sits.npy,data16/13757_labels.npy,data16/13757_dates.npy
13758,data16/13758_sits.npy,data16/13758_labels.npy,data16/13758_dates.npy
13759,data16/13759_sits.npy,data16/13759_labels.npy,data16/13759_dates.npy
13760,data16/13760_sits.npy,data16/13760_labels.npy,data16/13760_dates.npy
13761,data16/13761_sits.npy,data16/13761_labels.npy,data16/13761_dates.npy
13764,data16/13764_sits.npy,data16/13764_labels.npy,data16/13764_dates.npy
13765,data16/13765_sits.npy,data16/13765_labels.npy,data16/13765_dates.npy
13766,data16/13766_sits.npy,data16/13766_labels.npy,data16/13766_dates.npy
13767,data16/13767_sits.npy,data16/13767_labels.npy,data16/13767_dates.npy
13768,data16/13768_sits.npy,data16/13768_labels.npy,data16/13768_dates.npy
13769,data16/13769_sits.npy,data16/13769_labels.npy,data16/13769_dates.npy
13788,data16/13788_sits.npy,data16/13788_labels.npy,data16/13788_dates.npy
13791,data16/13791_sits.npy,data16/13791_labels.npy,data16/13791_dates.npy
13792,data16/13792_sits.npy,data16/13792_labels.npy,data16/13792_dates.npy
13793,data16/13793_sits.npy,data16/13793_labels.npy,data16/13793_dates.npy
13796,data16/13796_sits.npy,data16/13796_labels.npy,data16/13796_dates.npy
13797,data16/13797_sits.npy,data16/13797_labels.npy,data16/13797_dates.npy
13798,data16/13798_sits.npy,data16/13798_labels.npy,data16/13798_dates.npy
13799,data16/13799_sits.npy,data16/13799_labels.npy,data16/13799_dates.npy
13800,data16/13800_sits.npy,data16/13800_labels.npy,data16/13800_dates.npy
13801,data16/13801_sits.npy,data16/13801_labels.npy,data16/13801_dates.npy
13820,data16/13820_sits.npy,data16/13820_labels.npy,data16/13820_dates.npy
13821,data16/13821_sits.npy,data16/13821_labels.npy,data16/13821_dates.npy
13822,data16/13822_sits.npy,data16/13822_labels.npy,data16/13822_dates.npy
13823,data16/13823_sits.npy,data16/13823_labels.npy,data16/13823_dates.npy
13824,data16/13824_sits.npy,data16/13824_labels.npy,data16/13824_dates.npy
13825,data16/13825_sits.npy,data16/13825_labels.npy,data16/13825_dates.npy
13828,data16/13828_sits.npy,data16/13828_labels.npy,data16/13828_dates.npy
13829,data16/13829_sits.npy,data16/13829_labels.npy,data16/13829_dates.npy
13830,data16/13830_sits.npy,data16/13830_labels.npy,data16/13830_dates.npy
13831,data16/13831_sits.npy,data16/13831_labels.npy,data16/13831_dates.npy
13832,data16/13832_sits.npy,data16/13832_labels.npy,data16/13832_dates.npy
13833,data16/13833_sits.npy,data16/13833_labels.npy,data16/13833_dates.npy
14009,data16/14009_sits.npy,data16/14009_labels.npy,data16/14009_dates.npy
14010,data16/14010_sits.npy,data16/14010_labels.npy,data16/14010_dates.npy
14011,data16/14011_sits.npy,data16/14011_labels.npy,data16/14011_dates.npy
14012,data16/14012_sits.npy,data16/14012_labels.npy,data16/14012_dates.npy
14013,data16/14013_sits.npy,data16/14013_labels.npy,data16/14013_dates.npy
14014,data16/14014_sits.npy,data16/14014_labels.npy,data16/14014_dates.npy
14017,data16/14017_sits.npy,data16/14017_labels.npy,data16/14017_dates.npy
14018,data16/14018_sits.npy,data16/14018_labels.npy,data16/14018_dates.npy
14019,data16/14019_sits.npy,data16/14019_labels.npy,data16/14019_dates.npy
14020,data16/14020_sits.npy,data16/14020_labels.npy,data16/14020_dates.npy
14021,data16/14021_sits.npy,data16/14021_labels.npy,data16/14021_dates.npy
14022,data16/14022_sits.npy,data16/14022_labels.npy,data16/14022_dates.npy
14025,data16/14025_sits.npy,data16/14025_labels.npy,data16/14025_dates.npy
14026,data16/14026_sits.npy,data16/14026_labels.npy,data16/14026_dates.npy
14027,data16/14027_sits.npy,data16/14027_labels.npy,data16/14027_dates.npy
14028,data16/14028_sits.npy,data16/14028_labels.npy,data16/14028_dates.npy
14029,data16/14029_sits.npy,data16/14029_labels.npy,data16/14029_dates.npy
14030,data16/14030_sits.npy,data16/14030_labels.npy,data16/14030_dates.npy
14033,data16/14033_sits.npy,data16/14033_labels.npy,data16/14033_dates.npy
14034,data16/14034_sits.npy,data16/14034_labels.npy,data16/14034_dates.npy
14035,data16/14035_sits.npy,data16/14035_labels.npy,data16/14035_dates.npy
14036,data16/14036_sits.npy,data16/14036_labels.npy,data16/14036_dates.npy
14037,data16/14037_sits.npy,data16/14037_labels.npy,data16/14037_dates.npy
14038,data16/14038_sits.npy,data16/14038_labels.npy,data16/14038_dates.npy
14049,data16/14049_sits.npy,data16/14049_labels.npy,data16/14049_dates.npy
14050,data16/14050_sits.npy,data16/14050_labels.npy,data16/14050_dates.npy
14051,data16/14051_sits.npy,data16/14051_labels.npy,data16/14051_dates.npy
14052,data16/14052_sits.npy,data16/14052_labels.npy,data16/14052_dates.npy
14053,data16/14053_sits.npy,data16/14053_labels.npy,data16/14053_dates.npy
14054,data16/14054_sits.npy,data16/14054_labels.npy,data16/14054_dates.npy
14057,data16/14057_sits.npy,data16/14057_labels.npy,data16/14057_dates.npy
14058,data16/14058_sits.npy,data16/14058_labels.npy,data16/14058_dates.npy
14059,data16/14059_sits.npy,data16/14059_labels.npy,data16/14059_dates.npy
14060,data16/14060_sits.npy,data16/14060_labels.npy,data16/14060_dates.npy
14061,data16/14061_sits.npy,data16/14061_labels.npy,data16/14061_dates.npy
14062,data16/14062_sits.npy,data16/14062_labels.npy,data16/14062_dates.npy
14065,data16/14065_sits.npy,data16/14065_labels.npy,data16/14065_dates.npy
14066,data16/14066_sits.npy,data16/14066_labels.npy,data16/14066_dates.npy
14067,data16/14067_sits.npy,data16/14067_labels.npy,data16/14067_dates.npy
14068,data16/14068_sits.npy,data16/14068_labels.npy,data16/14068_dates.npy
14069,data16/14069_sits.npy,data16/14069_labels.npy,data16/14069_dates.npy
14070,data16/14070_sits.npy,data16/14070_labels.npy,data16/14070_dates.npy
14073,data16/14073_sits.npy,data16/14073_labels.npy,data16/14073_dates.npy
14074,data16/14074_sits.npy,data16/14074_labels.npy,data16/14074_dates.npy
14075,data16/14075_sits.npy,data16/14075_labels.npy,data16/14075_dates.npy
14076,data16/14076_sits.npy,data16/14076_labels.npy,data16/14076_dates.npy
14077,data16/14077_sits.npy,data16/14077_labels.npy,data16/14077_dates.npy
14078,data16/14078_sits.npy,data16/14078_labels.npy,data16/14078_dates.npy
14089,data16/14089_sits.npy,data16/14089_labels.npy,data16/14089_dates.npy
14090,data16/14090_sits.npy,data16/14090_labels.npy,data16/14090_dates.npy
14091,data16/14091_sits.npy,data16/14091_labels.npy,data16/14091_dates.npy
14092,data16/14092_sits.npy,data16/14092_labels.npy,data16/14092_dates.npy
14093,data16/14093_sits.npy,data16/14093_labels.npy,data16/14093_dates.npy
14094,data16/14094_sits.npy,data16/14094_labels.npy,data16/14094_dates.npy
14096,data16/14096_sits.npy,data16/14096_labels.npy,data16/14096_dates.npy
14097,data16/14097_sits.npy,data16/14097_labels.npy,data16/14097_dates.npy
14098,data16/14098_sits.npy,data16/14098_labels.npy,data16/14098_dates.npy
14099,data16/14099_sits.npy,data16/14099_labels.npy,data16/14099_dates.npy
14101,data16/14101_sits.npy,data16/14101_labels.npy,data16/14101_dates.npy
14104,data16/14104_sits.npy,data16/14104_labels.npy,data16/14104_dates.npy
14106,data16/14106_sits.npy,data16/14106_labels.npy,data16/14106_dates.npy
14107,data16/14107_sits.npy,data16/14107_labels.npy,data16/14107_dates.npy
14108,data16/14108_sits.npy,data16/14108_labels.npy,data16/14108_dates.npy
14109,data16/14109_sits.npy,data16/14109_labels.npy,data16/14109_dates.npy
14112,data16/14112_sits.npy,data16/14112_labels.npy,data16/14112_dates.npy
14113,data16/14113_sits.npy,data16/14113_labels.npy,data16/14113_dates.npy
14114,data16/14114_sits.npy,data16/14114_labels.npy,data16/14114_dates.npy
14116,data16/14116_sits.npy,data16/14116_labels.npy,data16/14116_dates.npy
14117,data16/14117_sits.npy,data16/14117_labels.npy,data16/14117_dates.npy
14121,data16/14121_sits.npy,data16/14121_labels.npy,data16/14121_dates.npy
14122,data16/14122_sits.npy,data16/14122_labels.npy,data16/14122_dates.npy
14123,data16/14123_sits.npy,data16/14123_labels.npy,data16/14123_dates.npy
14124,data16/14124_sits.npy,data16/14124_labels.npy,data16/14124_dates.npy
14138,data16/14138_sits.npy,data16/14138_labels.npy,data16/14138_dates.npy
14139,data16/14139_sits.npy,data16/14139_labels.npy,data16/14139_dates.npy
14144,data16/14144_sits.npy,data16/14144_labels.npy,data16/14144_dates.npy
14146,data16/14146_sits.npy,data16/14146_labels.npy,data16/14146_dates.npy
14147,data16/14147_sits.npy,data16/14147_labels.npy,data16/14147_dates.npy
14148,data16/14148_sits.npy,data16/14148_labels.npy,data16/14148_dates.npy
14149,data16/14149_sits.npy,data16/14149_labels.npy,data16/14149_dates.npy
14152,data16/14152_sits.npy,data16/14152_labels.npy,data16/14152_dates.npy
14153,data16/14153_sits.npy,data16/14153_labels.npy,data16/14153_dates.npy
14154,data16/14154_sits.npy,data16/14154_labels.npy,data16/14154_dates.npy
14156,data16/14156_sits.npy,data16/14156_labels.npy,data16/14156_dates.npy
14157,data16/14157_sits.npy,data16/14157_labels.npy,data16/14157_dates.npy
14161,data16/14161_sits.npy,data16/14161_labels.npy,data16/14161_dates.npy
14162,data16/14162_sits.npy,data16/14162_labels.npy,data16/14162_dates.npy
14163,data16/14163_sits.npy,data16/14163_labels.npy,data16/14163_dates.npy
14164,data16/14164_sits.npy,data16/14164_labels.npy,data16/14164_dates.npy
14176,data16/14176_sits.npy,data16/14176_labels.npy,data16/14176_dates.npy
14177,data16/14177_sits.npy,data16/14177_labels.npy,data16/14177_dates.npy
14178,data16/14178_sits.npy,data16/14178_labels.npy,data16/14178_dates.npy
14179,data16/14179_sits.npy,data16/14179_labels.npy,data16/14179_dates.npy
14181,data16/14181_sits.npy,data16/14181_labels.npy,data16/14181_dates.npy
14183,data16/14183_sits.npy,data16/14183_labels.npy,data16/14183_dates.npy
14184,data16/14184_sits.npy,data16/14184_labels.npy,data16/14184_dates.npy
14185,data16/14185_sits.npy,data16/14185_labels.npy,data16/14185_dates.npy
14186,data16/14186_sits.npy,data16/14186_labels.npy,data16/14186_dates.npy
14187,data16/14187_sits.npy,data16/14187_labels.npy,data16/14187_dates.npy
14188,data16/14188_sits.npy,data16/14188_labels.npy,data16/14188_dates.npy
14191,data16/14191_sits.npy,data16/14191_labels.npy,data16/14191_dates.npy
14193,data16/14193_sits.npy,data16/14193_labels.npy,data16/14193_dates.npy
14194,data16/14194_sits.npy,data16/14194_labels.npy,data16/14194_dates.npy
14195,data16/14195_sits.npy,data16/14195_labels.npy,data16/14195_dates.npy
14196,data16/14196_sits.npy,data16/14196_labels.npy,data16/14196_dates.npy
14199,data16/14199_sits.npy,data16/14199_labels.npy,data16/14199_dates.npy
14200,data16/14200_sits.npy,data16/14200_labels.npy,data16/14200_dates.npy
14201,data16/14201_sits.npy,data16/14201_labels.npy,data16/14201_dates.npy
14202,data16/14202_sits.npy,data16/14202_labels.npy,data16/14202_dates.npy
14203,data16/14203_sits.npy,data16/14203_labels.npy,data16/14203_dates.npy
14204,data16/14204_sits.npy,data16/14204_labels.npy,data16/14204_dates.npy
14207,data16/14207_sits.npy,data16/14207_labels.npy,data16/14207_dates.npy
14208,data16/14208_sits.npy,data16/14208_labels.npy,data16/14208_dates.npy
14209,data16/14209_sits.npy,data16/14209_labels.npy,data16/14209_dates.npy
14210,data16/14210_sits.npy,data16/14210_labels.npy,data16/14210_dates.npy
14211,data16/14211_sits.npy,data16/14211_labels.npy,data16/14211_dates.npy
14212,data16/14212_sits.npy,data16/14212_labels.npy,data16/14212_dates.npy
14224,data16/14224_sits.npy,data16/14224_labels.npy,data16/14224_dates.npy
14225,data16/14225_sits.npy,data16/14225_labels.npy,data16/14225_dates.npy
14226,data16/14226_sits.npy,data16/14226_labels.npy,data16/14226_dates.npy
14231,data16/14231_sits.npy,data16/14231_labels.npy,data16/14231_dates.npy
14232,data16/14232_sits.npy,data16/14232_labels.npy,data16/14232_dates.npy
14233,data16/14233_sits.npy,data16/14233_labels.npy,data16/14233_dates.npy
14234,data16/14234_sits.npy,data16/14234_labels.npy,data16/14234_dates.npy
14235,data16/14235_sits.npy,data16/14235_labels.npy,data16/14235_dates.npy
14236,data16/14236_sits.npy,data16/14236_labels.npy,data16/14236_dates.npy
14239,data16/14239_sits.npy,data16/14239_labels.npy,data16/14239_dates.npy
14240,data16/14240_sits.npy,data16/14240_labels.npy,data16/14240_dates.npy
14241,data16/14241_sits.npy,data16/14241_labels.npy,data16/14241_dates.npy
14242,data16/14242_sits.npy,data16/14242_labels.npy,data16/14242_dates.npy
14243,data16/14243_sits.npy,data16/14243_labels.npy,data16/14243_dates.npy
14244,data16/14244_sits.npy,data16/14244_labels.npy,data16/14244_dates.npy
14247,data16/14247_sits.npy,data16/14247_labels.npy,data16/14247_dates.npy
14248,data16/14248_sits.npy,data16/14248_labels.npy,data16/14248_dates.npy
14249,data16/14249_sits.npy,data16/14249_labels.npy,data16/14249_dates.npy
14250,data16/14250_sits.npy,data16/14250_labels.npy,data16/14250_dates.npy
14251,data16/14251_sits.npy,data16/14251_labels.npy,data16/14251_dates.npy
14252,data16/14252_sits.npy,data16/14252_labels.npy,data16/14252_dates.npy
14263,data16/14263_sits.npy,data16/14263_labels.npy,data16/14263_dates.npy
14264,data16/14264_sits.npy,data16/14264_labels.npy,data16/14264_dates.npy
14265,data16/14265_sits.npy,data16/14265_labels.npy,data16/14265_dates.npy
14266,data16/14266_sits.npy,data16/14266_labels.npy,data16/14266_dates.npy
14267,data16/14267_sits.npy,data16/14267_labels.npy,data16/14267_dates.npy
14268,data16/14268_sits.npy,data16/14268_labels.npy,data16/14268_dates.npy
14270,data16/14270_sits.npy,data16/14270_labels.npy,data16/14270_dates.npy
14272,data16/14272_sits.npy,data16/14272_labels.npy,data16/14272_dates.npy
14274,data16/14274_sits.npy,data16/14274_labels.npy,data16/14274_dates.npy
14275,data16/14275_sits.npy,data16/14275_labels.npy,data16/14275_dates.npy
14279,data16/14279_sits.npy,data16/14279_labels.npy,data16/14279_dates.npy
14280,data16/14280_sits.npy,data16/14280_labels.npy,data16/14280_dates.npy
14282,data16/14282_sits.npy,data16/14282_labels.npy,data16/14282_dates.npy
14287,data16/14287_sits.npy,data16/14287_labels.npy,data16/14287_dates.npy
14289,data16/14289_sits.npy,data16/14289_labels.npy,data16/14289_dates.npy
14290,data16/14290_sits.npy,data16/14290_labels.npy,data16/14290_dates.npy
14294,data16/14294_sits.npy,data16/14294_labels.npy,data16/14294_dates.npy
14295,data16/14295_sits.npy,data16/14295_labels.npy,data16/14295_dates.npy
14297,data16/14297_sits.npy,data16/14297_labels.npy,data16/14297_dates.npy
14299,data16/14299_sits.npy,data16/14299_labels.npy,data16/14299_dates.npy
14310,data16/14310_sits.npy,data16/14310_labels.npy,data16/14310_dates.npy
14312,data16/14312_sits.npy,data16/14312_labels.npy,data16/14312_dates.npy
14319,data16/14319_sits.npy,data16/14319_labels.npy,data16/14319_dates.npy
14320,data16/14320_sits.npy,data16/14320_labels.npy,data16/14320_dates.npy
14322,data16/14322_sits.npy,data16/14322_labels.npy,data16/14322_dates.npy
14327,data16/14327_sits.npy,data16/14327_labels.npy,data16/14327_dates.npy
14329,data16/14329_sits.npy,data16/14329_labels.npy,data16/14329_dates.npy
14330,data16/14330_sits.npy,data16/14330_labels.npy,data16/14330_dates.npy
14334,data16/14334_sits.npy,data16/14334_labels.npy,data16/14334_dates.npy
14335,data16/14335_sits.npy,data16/14335_labels.npy,data16/14335_dates.npy
14337,data16/14337_sits.npy,data16/14337_labels.npy,data16/14337_dates.npy
14339,data16/14339_sits.npy,data16/14339_labels.npy,data16/14339_dates.npy
14350,data16/14350_sits.npy,data16/14350_labels.npy,data16/14350_dates.npy
14352,data16/14352_sits.npy,data16/14352_labels.npy,data16/14352_dates.npy
14354,data16/14354_sits.npy,data16/14354_labels.npy,data16/14354_dates.npy
14355,data16/14355_sits.npy,data16/14355_labels.npy,data16/14355_dates.npy
14357,data16/14357_sits.npy,data16/14357_labels.npy,data16/14357_dates.npy
14358,data16/14358_sits.npy,data16/14358_labels.npy,data16/14358_dates.npy
14359,data16/14359_sits.npy,data16/14359_labels.npy,data16/14359_dates.npy
14360,data16/14360_sits.npy,data16/14360_labels.npy,data16/14360_dates.npy
14362,data16/14362_sits.npy,data16/14362_labels.npy,data16/14362_dates.npy
14365,data16/14365_sits.npy,data16/14365_labels.npy,data16/14365_dates.npy
14367,data16/14367_sits.npy,data16/14367_labels.npy,data16/14367_dates.npy
14368,data16/14368_sits.npy,data16/14368_labels.npy,data16/14368_dates.npy
14369,data16/14369_sits.npy,data16/14369_labels.npy,data16/14369_dates.npy
14370,data16/14370_sits.npy,data16/14370_labels.npy,data16/14370_dates.npy
14373,data16/14373_sits.npy,data16/14373_labels.npy,data16/14373_dates.npy
14374,data16/14374_sits.npy,data16/14374_labels.npy,data16/14374_dates.npy
14375,data16/14375_sits.npy,data16/14375_labels.npy,data16/14375_dates.npy
14377,data16/14377_sits.npy,data16/14377_labels.npy,data16/14377_dates.npy
14378,data16/14378_sits.npy,data16/14378_labels.npy,data16/14378_dates.npy
14382,data16/14382_sits.npy,data16/14382_labels.npy,data16/14382_dates.npy
14383,data16/14383_sits.npy,data16/14383_labels.npy,data16/14383_dates.npy
14384,data16/14384_sits.npy,data16/14384_labels.npy,data16/14384_dates.npy
14385,data16/14385_sits.npy,data16/14385_labels.npy,data16/14385_dates.npy
14397,data16/14397_sits.npy,data16/14397_labels.npy,data16/14397_dates.npy
14399,data16/14399_sits.npy,data16/14399_labels.npy,data16/14399_dates.npy
14400,data16/14400_sits.npy,data16/14400_labels.npy,data16/14400_dates.npy
14402,data16/14402_sits.npy,data16/14402_labels.npy,data16/14402_dates.npy
14405,data16/14405_sits.npy,data16/14405_labels.npy,data16/14405_dates.npy
14407,data16/14407_sits.npy,data16/14407_labels.npy,data16/14407_dates.npy
14408,data16/14408_sits.npy,data16/14408_labels.npy,data16/14408_dates.npy
14409,data16/14409_sits.npy,data16/14409_labels.npy,data16/14409_dates.npy
14410,data16/14410_sits.npy,data16/14410_labels.npy,data16/14410_dates.npy
14413,data16/14413_sits.npy,data16/14413_labels.npy,data16/14413_dates.npy
14414,data16/14414_sits.npy,data16/14414_labels.npy,data16/14414_dates.npy
14415,data16/14415_sits.npy,data16/14415_labels.npy,data16/14415_dates.npy
14417,data16/14417_sits.npy,data16/14417_labels.npy,data16/14417_dates.npy
14418,data16/14418_sits.npy,data16/14418_labels.npy,data16/14418_dates.npy
14422,data16/14422_sits.npy,data16/14422_labels.npy,data16/14422_dates.npy
14423,data16/14423_sits.npy,data16/14423_labels.npy,data16/14423_dates.npy
14424,data16/14424_sits.npy,data16/14424_labels.npy,data16/14424_dates.npy
14425,data16/14425_sits.npy,data16/14425_labels.npy,data16/14425_dates.npy
14437,data16/14437_sits.npy,data16/14437_labels.npy,data16/14437_dates.npy
14438,data16/14438_sits.npy,data16/14438_labels.npy,data16/14438_dates.npy
14439,data16/14439_sits.npy,data16/14439_labels.npy,data16/14439_dates.npy
14440,data16/14440_sits.npy,data16/14440_labels.npy,data16/14440_dates.npy
14442,data16/14442_sits.npy,data16/14442_labels.npy,data16/14442_dates.npy
14444,data16/14444_sits.npy,data16/14444_labels.npy,data16/14444_dates.npy
14445,data16/14445_sits.npy,data16/14445_labels.npy,data16/14445_dates.npy
14446,data16/14446_sits.npy,data16/14446_labels.npy,data16/14446_dates.npy
14447,data16/14447_sits.npy,data16/14447_labels.npy,data16/14447_dates.npy
14448,data16/14448_sits.npy,data16/14448_labels.npy,data16/14448_dates.npy
14449,data16/14449_sits.npy,data16/14449_labels.npy,data16/14449_dates.npy
14452,data16/14452_sits.npy,data16/14452_labels.npy,data16/14452_dates.npy
14453,data16/14453_sits.npy,data16/14453_labels.npy,data16/14453_dates.npy
14454,data16/14454_sits.npy,data16/14454_labels.npy,data16/14454_dates.npy
14455,data16/14455_sits.npy,data16/14455_labels.npy,data16/14455_dates.npy
14456,data16/14456_sits.npy,data16/14456_labels.npy,data16/14456_dates.npy
14457,data16/14457_sits.npy,data16/14457_labels.npy,data16/14457_dates.npy
14463,data16/14463_sits.npy,data16/14463_labels.npy,data16/14463_dates.npy
14464,data16/14464_sits.npy,data16/14464_labels.npy,data16/14464_dates.npy
14465,data16/14465_sits.npy,data16/14465_labels.npy,data16/14465_dates.npy
14468,data16/14468_sits.npy,data16/14468_labels.npy,data16/14468_dates.npy
14469,data16/14469_sits.npy,data16/14469_labels.npy,data16/14469_dates.npy
14470,data16/14470_sits.npy,data16/14470_labels.npy,data16/14470_dates.npy
14471,data16/14471_sits.npy,data16/14471_labels.npy,data16/14471_dates.npy
14472,data16/14472_sits.npy,data16/14472_labels.npy,data16/14472_dates.npy
14473,data16/14473_sits.npy,data16/14473_labels.npy,data16/14473_dates.npy
14484,data16/14484_sits.npy,data16/14484_labels.npy,data16/14484_dates.npy
14485,data16/14485_sits.npy,data16/14485_labels.npy,data16/14485_dates.npy
14486,data16/14486_sits.npy,data16/14486_labels.npy,data16/14486_dates.npy
14487,data16/14487_sits.npy,data16/14487_labels.npy,data16/14487_dates.npy
14488,data16/14488_sits.npy,data16/14488_labels.npy,data16/14488_dates.npy
14489,data16/14489_sits.npy,data16/14489_labels.npy,data16/14489_dates.npy
14493,data16/14493_sits.npy,data16/14493_labels.npy,data16/14493_dates.npy
14494,data16/14494_sits.npy,data16/14494_labels.npy,data16/14494_dates.npy
14495,data16/14495_sits.npy,data16/14495_labels.npy,data16/14495_dates.npy
14496,data16/14496_sits.npy,data16/14496_labels.npy,data16/14496_dates.npy
14497,data16/14497_sits.npy,data16/14497_labels.npy,data16/14497_dates.npy
14500,data16/14500_sits.npy,data16/14500_labels.npy,data16/14500_dates.npy
14501,data16/14501_sits.npy,data16/14501_labels.npy,data16/14501_dates.npy
14502,data16/14502_sits.npy,data16/14502_labels.npy,data16/14502_dates.npy
14503,data16/14503_sits.npy,data16/14503_labels.npy,data16/14503_dates.npy
14504,data16/14504_sits.npy,data16/14504_labels.npy,data16/14504_dates.npy
14505,data16/14505_sits.npy,data16/14505_labels.npy,data16/14505_dates.npy
14508,data16/14508_sits.npy,data16/14508_labels.npy,data16/14508_dates.npy
14509,data16/14509_sits.npy,data16/14509_labels.npy,data16/14509_dates.npy
14510,data16/14510_sits.npy,data16/14510_labels.npy,data16/14510_dates.npy
14511,data16/14511_sits.npy,data16/14511_labels.npy,data16/14511_dates.npy
14512,data16/14512_sits.npy,data16/14512_labels.npy,data16/14512_dates.npy
14513,data16/14513_sits.npy,data16/14513_labels.npy,data16/14513_dates.npy
14524,data16/14524_sits.npy,data16/14524_labels.npy,data16/14524_dates.npy
14525,data16/14525_sits.npy,data16/14525_labels.npy,data16/14525_dates.npy
14526,data16/14526_sits.npy,data16/14526_labels.npy,data16/14526_dates.npy
14527,data16/14527_sits.npy,data16/14527_labels.npy,data16/14527_dates.npy
14528,data16/14528_sits.npy,data16/14528_labels.npy,data16/14528_dates.npy
14529,data16/14529_sits.npy,data16/14529_labels.npy,data16/14529_dates.npy
14705,data16/14705_sits.npy,data16/14705_labels.npy,data16/14705_dates.npy
14707,data16/14707_sits.npy,data16/14707_labels.npy,data16/14707_dates.npy
14709,data16/14709_sits.npy,data16/14709_labels.npy,data16/14709_dates.npy
14710,data16/14710_sits.npy,data16/14710_labels.npy,data16/14710_dates.npy
14714,data16/14714_sits.npy,data16/14714_labels.npy,data16/14714_dates.npy
14715,data16/14715_sits.npy,data16/14715_labels.npy,data16/14715_dates.npy
14717,data16/14717_sits.npy,data16/14717_labels.npy,data16/14717_dates.npy
14729,data16/14729_sits.npy,data16/14729_labels.npy,data16/14729_dates.npy
14730,data16/14730_sits.npy,data16/14730_labels.npy,data16/14730_dates.npy
14732,data16/14732_sits.npy,data16/14732_labels.npy,data16/14732_dates.npy
14734,data16/14734_sits.npy,data16/14734_labels.npy,data16/14734_dates.npy
14762,data16/14762_sits.npy,data16/14762_labels.npy,data16/14762_dates.npy
14764,data16/14764_sits.npy,data16/14764_labels.npy,data16/14764_dates.npy
14765,data16/14765_sits.npy,data16/14765_labels.npy,data16/14765_dates.npy
14769,data16/14769_sits.npy,data16/14769_labels.npy,data16/14769_dates.npy
14770,data16/14770_sits.npy,data16/14770_labels.npy,data16/14770_dates.npy
14772,data16/14772_sits.npy,data16/14772_labels.npy,data16/14772_dates.npy
14774,data16/14774_sits.npy,data16/14774_labels.npy,data16/14774_dates.npy
14792,data16/14792_sits.npy,data16/14792_labels.npy,data16/14792_dates.npy
14793,data16/14793_sits.npy,data16/14793_labels.npy,data16/14793_dates.npy
14794,data16/14794_sits.npy,data16/14794_labels.npy,data16/14794_dates.npy
14795,data16/14795_sits.npy,data16/14795_labels.npy,data16/14795_dates.npy
14797,data16/14797_sits.npy,data16/14797_labels.npy,data16/14797_dates.npy
14800,data16/14800_sits.npy,data16/14800_labels.npy,data16/14800_dates.npy
14802,data16/14802_sits.npy,data16/14802_labels.npy,data16/14802_dates.npy
14803,data16/14803_sits.npy,data16/14803_labels.npy,data16/14803_dates.npy
14804,data16/14804_sits.npy,data16/14804_labels.npy,data16/14804_dates.npy
14805,data16/14805_sits.npy,data16/14805_labels.npy,data16/14805_dates.npy
14817,data16/14817_sits.npy,data16/14817_labels.npy,data16/14817_dates.npy
14818,data16/14818_sits.npy,data16/14818_labels.npy,data16/14818_dates.npy
14819,data16/14819_sits.npy,data16/14819_labels.npy,data16/14819_dates.npy
14820,data16/14820_sits.npy,data16/14820_labels.npy,data16/14820_dates.npy
14850,data16/14850_sits.npy,data16/14850_labels.npy,data16/14850_dates.npy
14852,data16/14852_sits.npy,data16/14852_labels.npy,data16/14852_dates.npy
14853,data16/14853_sits.npy,data16/14853_labels.npy,data16/14853_dates.npy
14857,data16/14857_sits.npy,data16/14857_labels.npy,data16/14857_dates.npy
14858,data16/14858_sits.npy,data16/14858_labels.npy,data16/14858_dates.npy
14859,data16/14859_sits.npy,data16/14859_labels.npy,data16/14859_dates.npy
14860,data16/14860_sits.npy,data16/14860_labels.npy,data16/14860_dates.npy
14879,data16/14879_sits.npy,data16/14879_labels.npy,data16/14879_dates.npy
14880,data16/14880_sits.npy,data16/14880_labels.npy,data16/14880_dates.npy
14881,data16/14881_sits.npy,data16/14881_labels.npy,data16/14881_dates.npy
14882,data16/14882_sits.npy,data16/14882_labels.npy,data16/14882_dates.npy
14883,data16/14883_sits.npy,data16/14883_labels.npy,data16/14883_dates.npy
14884,data16/14884_sits.npy,data16/14884_labels.npy,data16/14884_dates.npy
14887,data16/14887_sits.npy,data16/14887_labels.npy,data16/14887_dates.npy
14888,data16/14888_sits.npy,data16/14888_labels.npy,data16/14888_dates.npy
14889,data16/14889_sits.npy,data16/14889_labels.npy,data16/14889_dates.npy
14890,data16/14890_sits.npy,data16/14890_labels.npy,data16/14890_dates.npy
14891,data16/14891_sits.npy,data16/14891_labels.npy,data16/14891_dates.npy
14892,data16/14892_sits.npy,data16/14892_labels.npy,data16/14892_dates.npy
14903,data16/14903_sits.npy,data16/14903_labels.npy,data16/14903_dates.npy
14904,data16/14904_sits.npy,data16/14904_labels.npy,data16/14904_dates.npy
14905,data16/14905_sits.npy,data16/14905_labels.npy,data16/14905_dates.npy
14906,data16/14906_sits.npy,data16/14906_labels.npy,data16/14906_dates.npy
14907,data16/14907_sits.npy,data16/14907_labels.npy,data16/14907_dates.npy
14908,data16/14908_sits.npy,data16/14908_labels.npy,data16/14908_dates.npy
14936,data16/14936_sits.npy,data16/14936_labels.npy,data16/14936_dates.npy
14937,data16/14937_sits.npy,data16/14937_labels.npy,data16/14937_dates.npy
14939,data16/14939_sits.npy,data16/14939_labels.npy,data16/14939_dates.npy
14940,data16/14940_sits.npy,data16/14940_labels.npy,data16/14940_dates.npy
14943,data16/14943_sits.npy,data16/14943_labels.npy,data16/14943_dates.npy
14944,data16/14944_sits.npy,data16/14944_labels.npy,data16/14944_dates.npy
14946,data16/14946_sits.npy,data16/14946_labels.npy,data16/14946_dates.npy
14947,data16/14947_sits.npy,data16/14947_labels.npy,data16/14947_dates.npy
14948,data16/14948_sits.npy,data16/14948_labels.npy,data16/14948_dates.npy
14966,data16/14966_sits.npy,data16/14966_labels.npy,data16/14966_dates.npy
14967,data16/14967_sits.npy,data16/14967_labels.npy,data16/14967_dates.npy
14968,data16/14968_sits.npy,data16/14968_labels.npy,data16/14968_dates.npy
14969,data16/14969_sits.npy,data16/14969_labels.npy,data16/14969_dates.npy
14971,data16/14971_sits.npy,data16/14971_labels.npy,data16/14971_dates.npy
14974,data16/14974_sits.npy,data16/14974_labels.npy,data16/14974_dates.npy
14976,data16/14976_sits.npy,data16/14976_labels.npy,data16/14976_dates.npy
14977,data16/14977_sits.npy,data16/14977_labels.npy,data16/14977_dates.npy
14978,data16/14978_sits.npy,data16/14978_labels.npy,data16/14978_dates.npy
14979,data16/14979_sits.npy,data16/14979_labels.npy,data16/14979_dates.npy
14991,data16/14991_sits.npy,data16/14991_labels.npy,data16/14991_dates.npy
14992,data16/14992_sits.npy,data16/14992_labels.npy,data16/14992_dates.npy
14993,data16/14993_sits.npy,data16/14993_labels.npy,data16/14993_dates.npy
14994,data16/14994_sits.npy,data16/14994_labels.npy,data16/14994_dates.npy
15026,data16/15026_sits.npy,data16/15026_labels.npy,data16/15026_dates.npy
15031,data16/15031_sits.npy,data16/15031_labels.npy,data16/15031_dates.npy
15032,data16/15032_sits.npy,data16/15032_labels.npy,data16/15032_dates.npy
15033,data16/15033_sits.npy,data16/15033_labels.npy,data16/15033_dates.npy
15053,data16/15053_sits.npy,data16/15053_labels.npy,data16/15053_dates.npy
15054,data16/15054_sits.npy,data16/15054_labels.npy,data16/15054_dates.npy
15055,data16/15055_sits.npy,data16/15055_labels.npy,data16/15055_dates.npy
15056,data16/15056_sits.npy,data16/15056_labels.npy,data16/15056_dates.npy
15057,data16/15057_sits.npy,data16/15057_labels.npy,data16/15057_dates.npy
15058,data16/15058_sits.npy,data16/15058_labels.npy,data16/15058_dates.npy
15061,data16/15061_sits.npy,data16/15061_labels.npy,data16/15061_dates.npy
15062,data16/15062_sits.npy,data16/15062_labels.npy,data16/15062_dates.npy
15063,data16/15063_sits.npy,data16/15063_labels.npy,data16/15063_dates.npy
15064,data16/15064_sits.npy,data16/15064_labels.npy,data16/15064_dates.npy
15065,data16/15065_sits.npy,data16/15065_labels.npy,data16/15065_dates.npy
15066,data16/15066_sits.npy,data16/15066_labels.npy,data16/15066_dates.npy
15077,data16/15077_sits.npy,data16/15077_labels.npy,data16/15077_dates.npy
15078,data16/15078_sits.npy,data16/15078_labels.npy,data16/15078_dates.npy
15079,data16/15079_sits.npy,data16/15079_labels.npy,data16/15079_dates.npy
15080,data16/15080_sits.npy,data16/15080_labels.npy,data16/15080_dates.npy
15081,data16/15081_sits.npy,data16/15081_labels.npy,data16/15081_dates.npy
15082,data16/15082_sits.npy,data16/15082_labels.npy,data16/15082_dates.npy
15109,data16/15109_sits.npy,data16/15109_labels.npy,data16/15109_dates.npy
15113,data16/15113_sits.npy,data16/15113_labels.npy,data16/15113_dates.npy
15114,data16/15114_sits.npy,data16/15114_labels.npy,data16/15114_dates.npy
15117,data16/15117_sits.npy,data16/15117_labels.npy,data16/15117_dates.npy
15118,data16/15118_sits.npy,data16/15118_labels.npy,data16/15118_dates.npy
15119,data16/15119_sits.npy,data16/15119_labels.npy,data16/15119_dates.npy
15120,data16/15120_sits.npy,data16/15120_labels.npy,data16/15120_dates.npy
15121,data16/15121_sits.npy,data16/15121_labels.npy,data16/15121_dates.npy
15122,data16/15122_sits.npy,data16/15122_labels.npy,data16/15122_dates.npy
15140,data16/15140_sits.npy,data16/15140_labels.npy,data16/15140_dates.npy
15142,data16/15142_sits.npy,data16/15142_labels.npy,data16/15142_dates.npy
15144,data16/15144_sits.npy,data16/15144_labels.npy,data16/15144_dates.npy
15145,data16/15145_sits.npy,data16/15145_labels.npy,data16/15145_dates.npy
15149,data16/15149_sits.npy,data16/15149_labels.npy,data16/15149_dates.npy
15150,data16/15150_sits.npy,data16/15150_labels.npy,data16/15150_dates.npy
15152,data16/15152_sits.npy,data16/15152_labels.npy,data16/15152_dates.npy
15164,data16/15164_sits.npy,data16/15164_labels.npy,data16/15164_dates.npy
15165,data16/15165_sits.npy,data16/15165_labels.npy,data16/15165_dates.npy
15167,data16/15167_sits.npy,data16/15167_labels.npy,data16/15167_dates.npy
15169,data16/15169_sits.npy,data16/15169_labels.npy,data16/15169_dates.npy
15197,data16/15197_sits.npy,data16/15197_labels.npy,data16/15197_dates.npy
15199,data16/15199_sits.npy,data16/15199_labels.npy,data16/15199_dates.npy
15200,data16/15200_sits.npy,data16/15200_labels.npy,data16/15200_dates.npy
15204,data16/15204_sits.npy,data16/15204_labels.npy,data16/15204_dates.npy
15205,data16/15205_sits.npy,data16/15205_labels.npy,data16/15205_dates.npy
15207,data16/15207_sits.npy,data16/15207_labels.npy,data16/15207_dates.npy
15209,data16/15209_sits.npy,data16/15209_labels.npy,data16/15209_dates.npy
15404,data16/15404_sits.npy,data16/15404_labels.npy,data16/15404_dates.npy
15406,data16/15406_sits.npy,data16/15406_labels.npy,data16/15406_dates.npy
15409,data16/15409_sits.npy,data16/15409_labels.npy,data16/15409_dates.npy
15411,data16/15411_sits.npy,data16/15411_labels.npy,data16/15411_dates.npy
15412,data16/15412_sits.npy,data16/15412_labels.npy,data16/15412_dates.npy
15413,data16/15413_sits.npy,data16/15413_labels.npy,data16/15413_dates.npy
15414,data16/15414_sits.npy,data16/15414_labels.npy,data16/15414_dates.npy
15449,data16/15449_sits.npy,data16/15449_labels.npy,data16/15449_dates.npy
15451,data16/15451_sits.npy,data16/15451_labels.npy,data16/15451_dates.npy
15452,data16/15452_sits.npy,data16/15452_labels.npy,data16/15452_dates.npy
15453,data16/15453_sits.npy,data16/15453_labels.npy,data16/15453_dates.npy
15454,data16/15454_sits.npy,data16/15454_labels.npy,data16/15454_dates.npy
15457,data16/15457_sits.npy,data16/15457_labels.npy,data16/15457_dates.npy
15458,data16/15458_sits.npy,data16/15458_labels.npy,data16/15458_dates.npy
15459,data16/15459_sits.npy,data16/15459_labels.npy,data16/15459_dates.npy
15462,data16/15462_sits.npy,data16/15462_labels.npy,data16/15462_dates.npy
15466,data16/15466_sits.npy,data16/15466_labels.npy,data16/15466_dates.npy
15467,data16/15467_sits.npy,data16/15467_labels.npy,data16/15467_dates.npy
15468,data16/15468_sits.npy,data16/15468_labels.npy,data16/15468_dates.npy
15469,data16/15469_sits.npy,data16/15469_labels.npy,data16/15469_dates.npy
15481,data16/15481_sits.npy,data16/15481_labels.npy,data16/15481_dates.npy
15482,data16/15482_sits.npy,data16/15482_labels.npy,data16/15482_dates.npy
15483,data16/15483_sits.npy,data16/15483_labels.npy,data16/15483_dates.npy
15484,data16/15484_sits.npy,data16/15484_labels.npy,data16/15484_dates.npy
15486,data16/15486_sits.npy,data16/15486_labels.npy,data16/15486_dates.npy
15488,data16/15488_sits.npy,data16/15488_labels.npy,data16/15488_dates.npy
15489,data16/15489_sits.npy,data16/15489_labels.npy,data16/15489_dates.npy
15491,data16/15491_sits.npy,data16/15491_labels.npy,data16/15491_dates.npy
15492,data16/15492_sits.npy,data16/15492_labels.npy,data16/15492_dates.npy
15493,data16/15493_sits.npy,data16/15493_labels.npy,data16/15493_dates.npy
15496,data16/15496_sits.npy,data16/15496_labels.npy,data16/15496_dates.npy
15497,data16/15497_sits.npy,data16/15497_labels.npy,data16/15497_dates.npy
15498,data16/15498_sits.npy,data16/15498_labels.npy,data16/15498_dates.npy
15499,data16/15499_sits.npy,data16/15499_labels.npy,data16/15499_dates.npy
15500,data16/15500_sits.npy,data16/15500_labels.npy,data16/15500_dates.npy
15501,data16/15501_sits.npy,data16/15501_labels.npy,data16/15501_dates.npy
15536,data16/15536_sits.npy,data16/15536_labels.npy,data16/15536_dates.npy
15537,data16/15537_sits.npy,data16/15537_labels.npy,data16/15537_dates.npy
15538,data16/15538_sits.npy,data16/15538_labels.npy,data16/15538_dates.npy
15539,data16/15539_sits.npy,data16/15539_labels.npy,data16/15539_dates.npy
15540,data16/15540_sits.npy,data16/15540_labels.npy,data16/15540_dates.npy
15541,data16/15541_sits.npy,data16/15541_labels.npy,data16/15541_dates.npy
15544,data16/15544_sits.npy,data16/15544_labels.npy,data16/15544_dates.npy
15545,data16/15545_sits.npy,data16/15545_labels.npy,data16/15545_dates.npy
15546,data16/15546_sits.npy,data16/15546_labels.npy,data16/15546_dates.npy
15547,data16/15547_sits.npy,data16/15547_labels.npy,data16/15547_dates.npy
15548,data16/15548_sits.npy,data16/15548_labels.npy,data16/15548_dates.npy
15549,data16/15549_sits.npy,data16/15549_labels.npy,data16/15549_dates.npy
15553,data16/15553_sits.npy,data16/15553_labels.npy,data16/15553_dates.npy
15554,data16/15554_sits.npy,data16/15554_labels.npy,data16/15554_dates.npy
15555,data16/15555_sits.npy,data16/15555_labels.npy,data16/15555_dates.npy
15556,data16/15556_sits.npy,data16/15556_labels.npy,data16/15556_dates.npy
15557,data16/15557_sits.npy,data16/15557_labels.npy,data16/15557_dates.npy
15568,data16/15568_sits.npy,data16/15568_labels.npy,data16/15568_dates.npy
15570,data16/15570_sits.npy,data16/15570_labels.npy,data16/15570_dates.npy
15571,data16/15571_sits.npy,data16/15571_labels.npy,data16/15571_dates.npy
15572,data16/15572_sits.npy,data16/15572_labels.npy,data16/15572_dates.npy
15573,data16/15573_sits.npy,data16/15573_labels.npy,data16/15573_dates.npy
15575,data16/15575_sits.npy,data16/15575_labels.npy,data16/15575_dates.npy
15577,data16/15577_sits.npy,data16/15577_labels.npy,data16/15577_dates.npy
15579,data16/15579_sits.npy,data16/15579_labels.npy,data16/15579_dates.npy
15580,data16/15580_sits.npy,data16/15580_labels.npy,data16/15580_dates.npy
15584,data16/15584_sits.npy,data16/15584_labels.npy,data16/15584_dates.npy
15585,data16/15585_sits.npy,data16/15585_labels.npy,data16/15585_dates.npy
15587,data16/15587_sits.npy,data16/15587_labels.npy,data16/15587_dates.npy
15624,data16/15624_sits.npy,data16/15624_labels.npy,data16/15624_dates.npy
15625,data16/15625_sits.npy,data16/15625_labels.npy,data16/15625_dates.npy
15627,data16/15627_sits.npy,data16/15627_labels.npy,data16/15627_dates.npy
15632,data16/15632_sits.npy,data16/15632_labels.npy,data16/15632_dates.npy
15634,data16/15634_sits.npy,data16/15634_labels.npy,data16/15634_dates.npy
15635,data16/15635_sits.npy,data16/15635_labels.npy,data16/15635_dates.npy
15640,data16/15640_sits.npy,data16/15640_labels.npy,data16/15640_dates.npy
15642,data16/15642_sits.npy,data16/15642_labels.npy,data16/15642_dates.npy
15644,data16/15644_sits.npy,data16/15644_labels.npy,data16/15644_dates.npy
15655,data16/15655_sits.npy,data16/15655_labels.npy,data16/15655_dates.npy
15657,data16/15657_sits.npy,data16/15657_labels.npy,data16/15657_dates.npy
15659,data16/15659_sits.npy,data16/15659_labels.npy,data16/15659_dates.npy
15660,data16/15660_sits.npy,data16/15660_labels.npy,data16/15660_dates.npy
15662,data16/15662_sits.npy,data16/15662_labels.npy,data16/15662_dates.npy
15663,data16/15663_sits.npy,data16/15663_labels.npy,data16/15663_dates.npy
15664,data16/15664_sits.npy,data16/15664_labels.npy,data16/15664_dates.npy
15665,data16/15665_sits.npy,data16/15665_labels.npy,data16/15665_dates.npy
15667,data16/15667_sits.npy,data16/15667_labels.npy,data16/15667_dates.npy
15670,data16/15670_sits.npy,data16/15670_labels.npy,data16/15670_dates.npy
15672,data16/15672_sits.npy,data16/15672_labels.npy,data16/15672_dates.npy
15673,data16/15673_sits.npy,data16/15673_labels.npy,data16/15673_dates.npy
15674,data16/15674_sits.npy,data16/15674_labels.npy,data16/15674_dates.npy
15675,data16/15675_sits.npy,data16/15675_labels.npy,data16/15675_dates.npy
15710,data16/15710_sits.npy,data16/15710_labels.npy,data16/15710_dates.npy
15712,data16/15712_sits.npy,data16/15712_labels.npy,data16/15712_dates.npy
15713,data16/15713_sits.npy,data16/15713_labels.npy,data16/15713_dates.npy
15714,data16/15714_sits.npy,data16/15714_labels.npy,data16/15714_dates.npy
15715,data16/15715_sits.npy,data16/15715_labels.npy,data16/15715_dates.npy
15718,data16/15718_sits.npy,data16/15718_labels.npy,data16/15718_dates.npy
15719,data16/15719_sits.npy,data16/15719_labels.npy,data16/15719_dates.npy
15720,data16/15720_sits.npy,data16/15720_labels.npy,data16/15720_dates.npy
15722,data16/15722_sits.npy,data16/15722_labels.npy,data16/15722_dates.npy
15723,data16/15723_sits.npy,data16/15723_labels.npy,data16/15723_dates.npy
15727,data16/15727_sits.npy,data16/15727_labels.npy,data16/15727_dates.npy
15728,data16/15728_sits.npy,data16/15728_labels.npy,data16/15728_dates.npy
15729,data16/15729_sits.npy,data16/15729_labels.npy,data16/15729_dates.npy
15730,data16/15730_sits.npy,data16/15730_labels.npy,data16/15730_dates.npy
15742,data16/15742_sits.npy,data16/15742_labels.npy,data16/15742_dates.npy
15743,data16/15743_sits.npy,data16/15743_labels.npy,data16/15743_dates.npy
15744,data16/15744_sits.npy,data16/15744_labels.npy,data16/15744_dates.npy
15745,data16/15745_sits.npy,data16/15745_labels.npy,data16/15745_dates.npy
15747,data16/15747_sits.npy,data16/15747_labels.npy,data16/15747_dates.npy
15749,data16/15749_sits.npy,data16/15749_labels.npy,data16/15749_dates.npy
15750,data16/15750_sits.npy,data16/15750_labels.npy,data16/15750_dates.npy
15751,data16/15751_sits.npy,data16/15751_labels.npy,data16/15751_dates.npy
15752,data16/15752_sits.npy,data16/15752_labels.npy,data16/15752_dates.npy
15753,data16/15753_sits.npy,data16/15753_labels.npy,data16/15753_dates.npy
15754,data16/15754_sits.npy,data16/15754_labels.npy,data16/15754_dates.npy
15757,data16/15757_sits.npy,data16/15757_labels.npy,data16/15757_dates.npy
15758,data16/15758_sits.npy,data16/15758_labels.npy,data16/15758_dates.npy
15759,data16/15759_sits.npy,data16/15759_labels.npy,data16/15759_dates.npy
15760,data16/15760_sits.npy,data16/15760_labels.npy,data16/15760_dates.npy
15761,data16/15761_sits.npy,data16/15761_labels.npy,data16/15761_dates.npy
15762,data16/15762_sits.npy,data16/15762_labels.npy,data16/15762_dates.npy
15797,data16/15797_sits.npy,data16/15797_labels.npy,data16/15797_dates.npy
15798,data16/15798_sits.npy,data16/15798_labels.npy,data16/15798_dates.npy
15799,data16/15799_sits.npy,data16/15799_labels.npy,data16/15799_dates.npy
15800,data16/15800_sits.npy,data16/15800_labels.npy,data16/15800_dates.npy
15801,data16/15801_sits.npy,data16/15801_labels.npy,data16/15801_dates.npy
15802,data16/15802_sits.npy,data16/15802_labels.npy,data16/15802_dates.npy
15805,data16/15805_sits.npy,data16/15805_labels.npy,data16/15805_dates.npy
15806,data16/15806_sits.npy,data16/15806_labels.npy,data16/15806_dates.npy
15807,data16/15807_sits.npy,data16/15807_labels.npy,data16/15807_dates.npy
15808,data16/15808_sits.npy,data16/15808_labels.npy,data16/15808_dates.npy
15809,data16/15809_sits.npy,data16/15809_labels.npy,data16/15809_dates.npy
15810,data16/15810_sits.npy,data16/15810_labels.npy,data16/15810_dates.npy
15814,data16/15814_sits.npy,data16/15814_labels.npy,data16/15814_dates.npy
15815,data16/15815_sits.npy,data16/15815_labels.npy,data16/15815_dates.npy
15816,data16/15816_sits.npy,data16/15816_labels.npy,data16/15816_dates.npy
15817,data16/15817_sits.npy,data16/15817_labels.npy,data16/15817_dates.npy
15818,data16/15818_sits.npy,data16/15818_labels.npy,data16/15818_dates.npy
15829,data16/15829_sits.npy,data16/15829_labels.npy,data16/15829_dates.npy
15830,data16/15830_sits.npy,data16/15830_labels.npy,data16/15830_dates.npy
15831,data16/15831_sits.npy,data16/15831_labels.npy,data16/15831_dates.npy
15832,data16/15832_sits.npy,data16/15832_labels.npy,data16/15832_dates.npy
15833,data16/15833_sits.npy,data16/15833_labels.npy,data16/15833_dates.npy
15834,data16/15834_sits.npy,data16/15834_labels.npy,data16/15834_dates.npy
15836,data16/15836_sits.npy,data16/15836_labels.npy,data16/15836_dates.npy
15838,data16/15838_sits.npy,data16/15838_labels.npy,data16/15838_dates.npy
15839,data16/15839_sits.npy,data16/15839_labels.npy,data16/15839_dates.npy
15841,data16/15841_sits.npy,data16/15841_labels.npy,data16/15841_dates.npy
15844,data16/15844_sits.npy,data16/15844_labels.npy,data16/15844_dates.npy
15846,data16/15846_sits.npy,data16/15846_labels.npy,data16/15846_dates.npy
15847,data16/15847_sits.npy,data16/15847_labels.npy,data16/15847_dates.npy
15848,data16/15848_sits.npy,data16/15848_labels.npy,data16/15848_dates.npy
15849,data16/15849_sits.npy,data16/15849_labels.npy,data16/15849_dates.npy
15884,data16/15884_sits.npy,data16/15884_labels.npy,data16/15884_dates.npy
15886,data16/15886_sits.npy,data16/15886_labels.npy,data16/15886_dates.npy
15887,data16/15887_sits.npy,data16/15887_labels.npy,data16/15887_dates.npy
15888,data16/15888_sits.npy,data16/15888_labels.npy,data16/15888_dates.npy
15889,data16/15889_sits.npy,data16/15889_labels.npy,data16/15889_dates.npy
15892,data16/15892_sits.npy,data16/15892_labels.npy,data16/15892_dates.npy
15893,data16/15893_sits.npy,data16/15893_labels.npy,data16/15893_dates.npy
15894,data16/15894_sits.npy,data16/15894_labels.npy,data16/15894_dates.npy
15896,data16/15896_sits.npy,data16/15896_labels.npy,data16/15896_dates.npy
15897,data16/15897_sits.npy,data16/15897_labels.npy,data16/15897_dates.npy
15901,data16/15901_sits.npy,data16/15901_labels.npy,data16/15901_dates.npy
15902,data16/15902_sits.npy,data16/15902_labels.npy,data16/15902_dates.npy
15903,data16/15903_sits.npy,data16/15903_labels.npy,data16/15903_dates.npy
15904,data16/15904_sits.npy,data16/15904_labels.npy,data16/15904_dates.npy
15916,data16/15916_sits.npy,data16/15916_labels.npy,data16/15916_dates.npy
15917,data16/15917_sits.npy,data16/15917_labels.npy,data16/15917_dates.npy
15918,data16/15918_sits.npy,data16/15918_labels.npy,data16/15918_dates.npy
15919,data16/15919_sits.npy,data16/15919_labels.npy,data16/15919_dates.npy
16105,data16/16105_sits.npy,data16/16105_labels.npy,data16/16105_dates.npy
16107,data16/16107_sits.npy,data16/16107_labels.npy,data16/16107_dates.npy
16108,data16/16108_sits.npy,data16/16108_labels.npy,data16/16108_dates.npy
16109,data16/16109_sits.npy,data16/16109_labels.npy,data16/16109_dates.npy
16110,data16/16110_sits.npy,data16/16110_labels.npy,data16/16110_dates.npy
16122,data16/16122_sits.npy,data16/16122_labels.npy,data16/16122_dates.npy
16123,data16/16123_sits.npy,data16/16123_labels.npy,data16/16123_dates.npy
16124,data16/16124_sits.npy,data16/16124_labels.npy,data16/16124_dates.npy
16125,data16/16125_sits.npy,data16/16125_labels.npy,data16/16125_dates.npy
16137,data16/16137_sits.npy,data16/16137_labels.npy,data16/16137_dates.npy
16138,data16/16138_sits.npy,data16/16138_labels.npy,data16/16138_dates.npy
16139,data16/16139_sits.npy,data16/16139_labels.npy,data16/16139_dates.npy
16142,data16/16142_sits.npy,data16/16142_labels.npy,data16/16142_dates.npy
16153,data16/16153_sits.npy,data16/16153_labels.npy,data16/16153_dates.npy
16154,data16/16154_sits.npy,data16/16154_labels.npy,data16/16154_dates.npy
16155,data16/16155_sits.npy,data16/16155_labels.npy,data16/16155_dates.npy
16157,data16/16157_sits.npy,data16/16157_labels.npy,data16/16157_dates.npy
16158,data16/16158_sits.npy,data16/16158_labels.npy,data16/16158_dates.npy
16163,data16/16163_sits.npy,data16/16163_labels.npy,data16/16163_dates.npy
16164,data16/16164_sits.npy,data16/16164_labels.npy,data16/16164_dates.npy
16165,data16/16165_sits.npy,data16/16165_labels.npy,data16/16165_dates.npy
16169,data16/16169_sits.npy,data16/16169_labels.npy,data16/16169_dates.npy
16170,data16/16170_sits.npy,data16/16170_labels.npy,data16/16170_dates.npy
16172,data16/16172_sits.npy,data16/16172_labels.npy,data16/16172_dates.npy
16173,data16/16173_sits.npy,data16/16173_labels.npy,data16/16173_dates.npy
16174,data16/16174_sits.npy,data16/16174_labels.npy,data16/16174_dates.npy
16177,data16/16177_sits.npy,data16/16177_labels.npy,data16/16177_dates.npy
16178,data16/16178_sits.npy,data16/16178_labels.npy,data16/16178_dates.npy
16179,data16/16179_sits.npy,data16/16179_labels.npy,data16/16179_dates.npy
16180,data16/16180_sits.npy,data16/16180_labels.npy,data16/16180_dates.npy
16182,data16/16182_sits.npy,data16/16182_labels.npy,data16/16182_dates.npy
16192,data16/16192_sits.npy,data16/16192_labels.npy,data16/16192_dates.npy
16193,data16/16193_sits.npy,data16/16193_labels.npy,data16/16193_dates.npy
16194,data16/16194_sits.npy,data16/16194_labels.npy,data16/16194_dates.npy
16195,data16/16195_sits.npy,data16/16195_labels.npy,data16/16195_dates.npy
16196,data16/16196_sits.npy,data16/16196_labels.npy,data16/16196_dates.npy
16197,data16/16197_sits.npy,data16/16197_labels.npy,data16/16197_dates.npy
16208,data16/16208_sits.npy,data16/16208_labels.npy,data16/16208_dates.npy
16209,data16/16209_sits.npy,data16/16209_labels.npy,data16/16209_dates.npy
16210,data16/16210_sits.npy,data16/16210_labels.npy,data16/16210_dates.npy
16211,data16/16211_sits.npy,data16/16211_labels.npy,data16/16211_dates.npy
16212,data16/16212_sits.npy,data16/16212_labels.npy,data16/16212_dates.npy
16213,data16/16213_sits.npy,data16/16213_labels.npy,data16/16213_dates.npy
16224,data16/16224_sits.npy,data16/16224_labels.npy,data16/16224_dates.npy
16225,data16/16225_sits.npy,data16/16225_labels.npy,data16/16225_dates.npy
16226,data16/16226_sits.npy,data16/16226_labels.npy,data16/16226_dates.npy
16227,data16/16227_sits.npy,data16/16227_labels.npy,data16/16227_dates.npy
16228,data16/16228_sits.npy,data16/16228_labels.npy,data16/16228_dates.npy
16229,data16/16229_sits.npy,data16/16229_labels.npy,data16/16229_dates.npy
16240,data16/16240_sits.npy,data16/16240_labels.npy,data16/16240_dates.npy
16241,data16/16241_sits.npy,data16/16241_labels.npy,data16/16241_dates.npy
16242,data16/16242_sits.npy,data16/16242_labels.npy,data16/16242_dates.npy
16243,data16/16243_sits.npy,data16/16243_labels.npy,data16/16243_dates.npy
16244,data16/16244_sits.npy,data16/16244_labels.npy,data16/16244_dates.npy
16245,data16/16245_sits.npy,data16/16245_labels.npy,data16/16245_dates.npy
16248,data16/16248_sits.npy,data16/16248_labels.npy,data16/16248_dates.npy
16250,data16/16250_sits.npy,data16/16250_labels.npy,data16/16250_dates.npy
16251,data16/16251_sits.npy,data16/16251_labels.npy,data16/16251_dates.npy
16252,data16/16252_sits.npy,data16/16252_labels.npy,data16/16252_dates.npy
16253,data16/16253_sits.npy,data16/16253_labels.npy,data16/16253_dates.npy
16256,data16/16256_sits.npy,data16/16256_labels.npy,data16/16256_dates.npy
16257,data16/16257_sits.npy,data16/16257_labels.npy,data16/16257_dates.npy
16258,data16/16258_sits.npy,data16/16258_labels.npy,data16/16258_dates.npy
16259,data16/16259_sits.npy,data16/16259_labels.npy,data16/16259_dates.npy
16260,data16/16260_sits.npy,data16/16260_labels.npy,data16/16260_dates.npy
16261,data16/16261_sits.npy,data16/16261_labels.npy,data16/16261_dates.npy
16265,data16/16265_sits.npy,data16/16265_labels.npy,data16/16265_dates.npy
16266,data16/16266_sits.npy,data16/16266_labels.npy,data16/16266_dates.npy
16267,data16/16267_sits.npy,data16/16267_labels.npy,data16/16267_dates.npy
16268,data16/16268_sits.npy,data16/16268_labels.npy,data16/16268_dates.npy
16269,data16/16269_sits.npy,data16/16269_labels.npy,data16/16269_dates.npy
16279,data16/16279_sits.npy,data16/16279_labels.npy,data16/16279_dates.npy
16281,data16/16281_sits.npy,data16/16281_labels.npy,data16/16281_dates.npy
16282,data16/16282_sits.npy,data16/16282_labels.npy,data16/16282_dates.npy
16283,data16/16283_sits.npy,data16/16283_labels.npy,data16/16283_dates.npy
16284,data16/16284_sits.npy,data16/16284_labels.npy,data16/16284_dates.npy
16297,data16/16297_sits.npy,data16/16297_labels.npy,data16/16297_dates.npy
16298,data16/16298_sits.npy,data16/16298_labels.npy,data16/16298_dates.npy
16299,data16/16299_sits.npy,data16/16299_labels.npy,data16/16299_dates.npy
16311,data16/16311_sits.npy,data16/16311_labels.npy,data16/16311_dates.npy
16312,data16/16312_sits.npy,data16/16312_labels.npy,data16/16312_dates.npy
16313,data16/16313_sits.npy,data16/16313_labels.npy,data16/16313_dates.npy
16314,data16/16314_sits.npy,data16/16314_labels.npy,data16/16314_dates.npy
16316,data16/16316_sits.npy,data16/16316_labels.npy,data16/16316_dates.npy
16327,data16/16327_sits.npy,data16/16327_labels.npy,data16/16327_dates.npy
16328,data16/16328_sits.npy,data16/16328_labels.npy,data16/16328_dates.npy
16329,data16/16329_sits.npy,data16/16329_labels.npy,data16/16329_dates.npy
16331,data16/16331_sits.npy,data16/16331_labels.npy,data16/16331_dates.npy
16332,data16/16332_sits.npy,data16/16332_labels.npy,data16/16332_dates.npy
16338,data16/16338_sits.npy,data16/16338_labels.npy,data16/16338_dates.npy
16339,data16/16339_sits.npy,data16/16339_labels.npy,data16/16339_dates.npy
16343,data16/16343_sits.npy,data16/16343_labels.npy,data16/16343_dates.npy
16344,data16/16344_sits.npy,data16/16344_labels.npy,data16/16344_dates.npy
16346,data16/16346_sits.npy,data16/16346_labels.npy,data16/16346_dates.npy
16347,data16/16347_sits.npy,data16/16347_labels.npy,data16/16347_dates.npy
16348,data16/16348_sits.npy,data16/16348_labels.npy,data16/16348_dates.npy
16353,data16/16353_sits.npy,data16/16353_labels.npy,data16/16353_dates.npy
16354,data16/16354_sits.npy,data16/16354_labels.npy,data16/16354_dates.npy
16356,data16/16356_sits.npy,data16/16356_labels.npy,data16/16356_dates.npy
16366,data16/16366_sits.npy,data16/16366_labels.npy,data16/16366_dates.npy
16367,data16/16367_sits.npy,data16/16367_labels.npy,data16/16367_dates.npy
16368,data16/16368_sits.npy,data16/16368_labels.npy,data16/16368_dates.npy
16369,data16/16369_sits.npy,data16/16369_labels.npy,data16/16369_dates.npy
16370,data16/16370_sits.npy,data16/16370_labels.npy,data16/16370_dates.npy
16371,data16/16371_sits.npy,data16/16371_labels.npy,data16/16371_dates.npy
16382,data16/16382_sits.npy,data16/16382_labels.npy,data16/16382_dates.npy
16384,data16/16384_sits.npy,data16/16384_labels.npy,data16/16384_dates.npy
16385,data16/16385_sits.npy,data16/16385_labels.npy,data16/16385_dates.npy
16386,data16/16386_sits.npy,data16/16386_labels.npy,data16/16386_dates.npy
16387,data16/16387_sits.npy,data16/16387_labels.npy,data16/16387_dates.npy
16398,data16/16398_sits.npy,data16/16398_labels.npy,data16/16398_dates.npy
16399,data16/16399_sits.npy,data16/16399_labels.npy,data16/16399_dates.npy
16400,data16/16400_sits.npy,data16/16400_labels.npy,data16/16400_dates.npy
16401,data16/16401_sits.npy,data16/16401_labels.npy,data16/16401_dates.npy
16402,data16/16402_sits.npy,data16/16402_labels.npy,data16/16402_dates.npy
16403,data16/16403_sits.npy,data16/16403_labels.npy,data16/16403_dates.npy
16414,data16/16414_sits.npy,data16/16414_labels.npy,data16/16414_dates.npy
16415,data16/16415_sits.npy,data16/16415_labels.npy,data16/16415_dates.npy
16416,data16/16416_sits.npy,data16/16416_labels.npy,data16/16416_dates.npy
16417,data16/16417_sits.npy,data16/16417_labels.npy,data16/16417_dates.npy
16418,data16/16418_sits.npy,data16/16418_labels.npy,data16/16418_dates.npy
16419,data16/16419_sits.npy,data16/16419_labels.npy,data16/16419_dates.npy
16422,data16/16422_sits.npy,data16/16422_labels.npy,data16/16422_dates.npy
16423,data16/16423_sits.npy,data16/16423_labels.npy,data16/16423_dates.npy
16425,data16/16425_sits.npy,data16/16425_labels.npy,data16/16425_dates.npy
16426,data16/16426_sits.npy,data16/16426_labels.npy,data16/16426_dates.npy
16427,data16/16427_sits.npy,data16/16427_labels.npy,data16/16427_dates.npy
16430,data16/16430_sits.npy,data16/16430_labels.npy,data16/16430_dates.npy
16431,data16/16431_sits.npy,data16/16431_labels.npy,data16/16431_dates.npy
16432,data16/16432_sits.npy,data16/16432_labels.npy,data16/16432_dates.npy
16433,data16/16433_sits.npy,data16/16433_labels.npy,data16/16433_dates.npy
16434,data16/16434_sits.npy,data16/16434_labels.npy,data16/16434_dates.npy
16435,data16/16435_sits.npy,data16/16435_labels.npy,data16/16435_dates.npy
16440,data16/16440_sits.npy,data16/16440_labels.npy,data16/16440_dates.npy
16441,data16/16441_sits.npy,data16/16441_labels.npy,data16/16441_dates.npy
16442,data16/16442_sits.npy,data16/16442_labels.npy,data16/16442_dates.npy
16443,data16/16443_sits.npy,data16/16443_labels.npy,data16/16443_dates.npy
16454,data16/16454_sits.npy,data16/16454_labels.npy,data16/16454_dates.npy
16455,data16/16455_sits.npy,data16/16455_labels.npy,data16/16455_dates.npy
16457,data16/16457_sits.npy,data16/16457_labels.npy,data16/16457_dates.npy
16470,data16/16470_sits.npy,data16/16470_labels.npy,data16/16470_dates.npy
16472,data16/16472_sits.npy,data16/16472_labels.npy,data16/16472_dates.npy
16474,data16/16474_sits.npy,data16/16474_labels.npy,data16/16474_dates.npy
16485,data16/16485_sits.npy,data16/16485_labels.npy,data16/16485_dates.npy
16487,data16/16487_sits.npy,data16/16487_labels.npy,data16/16487_dates.npy
16489,data16/16489_sits.npy,data16/16489_labels.npy,data16/16489_dates.npy
16490,data16/16490_sits.npy,data16/16490_labels.npy,data16/16490_dates.npy
16502,data16/16502_sits.npy,data16/16502_labels.npy,data16/16502_dates.npy
16504,data16/16504_sits.npy,data16/16504_labels.npy,data16/16504_dates.npy
16505,data16/16505_sits.npy,data16/16505_labels.npy,data16/16505_dates.npy
16509,data16/16509_sits.npy,data16/16509_labels.npy,data16/16509_dates.npy
16510,data16/16510_sits.npy,data16/16510_labels.npy,data16/16510_dates.npy
16512,data16/16512_sits.npy,data16/16512_labels.npy,data16/16512_dates.npy
16514,data16/16514_sits.npy,data16/16514_labels.npy,data16/16514_dates.npy
16517,data16/16517_sits.npy,data16/16517_labels.npy,data16/16517_dates.npy
16519,data16/16519_sits.npy,data16/16519_labels.npy,data16/16519_dates.npy
16520,data16/16520_sits.npy,data16/16520_labels.npy,data16/16520_dates.npy
16522,data16/16522_sits.npy,data16/16522_labels.npy,data16/16522_dates.npy
16525,data16/16525_sits.npy,data16/16525_labels.npy,data16/16525_dates.npy
16527,data16/16527_sits.npy,data16/16527_labels.npy,data16/16527_dates.npy
16529,data16/16529_sits.npy,data16/16529_labels.npy,data16/16529_dates.npy
16530,data16/16530_sits.npy,data16/16530_labels.npy,data16/16530_dates.npy
16540,data16/16540_sits.npy,data16/16540_labels.npy,data16/16540_dates.npy
16542,data16/16542_sits.npy,data16/16542_labels.npy,data16/16542_dates.npy
16543,data16/16543_sits.npy,data16/16543_labels.npy,data16/16543_dates.npy
16544,data16/16544_sits.npy,data16/16544_labels.npy,data16/16544_dates.npy
16545,data16/16545_sits.npy,data16/16545_labels.npy,data16/16545_dates.npy
16557,data16/16557_sits.npy,data16/16557_labels.npy,data16/16557_dates.npy
16558,data16/16558_sits.npy,data16/16558_labels.npy,data16/16558_dates.npy
16559,data16/16559_sits.npy,data16/16559_labels.npy,data16/16559_dates.npy
16560,data16/16560_sits.npy,data16/16560_labels.npy,data16/16560_dates.npy
16572,data16/16572_sits.npy,data16/16572_labels.npy,data16/16572_dates.npy
16573,data16/16573_sits.npy,data16/16573_labels.npy,data16/16573_dates.npy
16574,data16/16574_sits.npy,data16/16574_labels.npy,data16/16574_dates.npy
16575,data16/16575_sits.npy,data16/16575_labels.npy,data16/16575_dates.npy
16577,data16/16577_sits.npy,data16/16577_labels.npy,data16/16577_dates.npy
16588,data16/16588_sits.npy,data16/16588_labels.npy,data16/16588_dates.npy
16589,data16/16589_sits.npy,data16/16589_labels.npy,data16/16589_dates.npy
16590,data16/16590_sits.npy,data16/16590_labels.npy,data16/16590_dates.npy
16592,data16/16592_sits.npy,data16/16592_labels.npy,data16/16592_dates.npy
16593,data16/16593_sits.npy,data16/16593_labels.npy,data16/16593_dates.npy
16597,data16/16597_sits.npy,data16/16597_labels.npy,data16/16597_dates.npy
16599,data16/16599_sits.npy,data16/16599_labels.npy,data16/16599_dates.npy
16600,data16/16600_sits.npy,data16/16600_labels.npy,data16/16600_dates.npy
16604,data16/16604_sits.npy,data16/16604_labels.npy,data16/16604_dates.npy
16605,data16/16605_sits.npy,data16/16605_labels.npy,data16/16605_dates.npy
16607,data16/16607_sits.npy,data16/16607_labels.npy,data16/16607_dates.npy
16608,data16/16608_sits.npy,data16/16608_labels.npy,data16/16608_dates.npy
16609,data16/16609_sits.npy,data16/16609_labels.npy,data16/16609_dates.npy
16612,data16/16612_sits.npy,data16/16612_labels.npy,data16/16612_dates.npy
16613,data16/16613_sits.npy,data16/16613_labels.npy,data16/16613_dates.npy
16614,data16/16614_sits.npy,data16/16614_labels.npy,data16/16614_dates.npy
16615,data16/16615_sits.npy,data16/16615_labels.npy,data16/16615_dates.npy
16617,data16/16617_sits.npy,data16/16617_labels.npy,data16/16617_dates.npy
16809,data16/16809_sits.npy,data16/16809_labels.npy,data16/16809_dates.npy
16810,data16/16810_sits.npy,data16/16810_labels.npy,data16/16810_dates.npy
16811,data16/16811_sits.npy,data16/16811_labels.npy,data16/16811_dates.npy
16812,data16/16812_sits.npy,data16/16812_labels.npy,data16/16812_dates.npy
16813,data16/16813_sits.npy,data16/16813_labels.npy,data16/16813_dates.npy
16814,data16/16814_sits.npy,data16/16814_labels.npy,data16/16814_dates.npy
16817,data16/16817_sits.npy,data16/16817_labels.npy,data16/16817_dates.npy
16818,data16/16818_sits.npy,data16/16818_labels.npy,data16/16818_dates.npy
16819,data16/16819_sits.npy,data16/16819_labels.npy,data16/16819_dates.npy
16820,data16/16820_sits.npy,data16/16820_labels.npy,data16/16820_dates.npy
16821,data16/16821_sits.npy,data16/16821_labels.npy,data16/16821_dates.npy
16822,data16/16822_sits.npy,data16/16822_labels.npy,data16/16822_dates.npy
16825,data16/16825_sits.npy,data16/16825_labels.npy,data16/16825_dates.npy
16826,data16/16826_sits.npy,data16/16826_labels.npy,data16/16826_dates.npy
16827,data16/16827_sits.npy,data16/16827_labels.npy,data16/16827_dates.npy
16828,data16/16828_sits.npy,data16/16828_labels.npy,data16/16828_dates.npy
16829,data16/16829_sits.npy,data16/16829_labels.npy,data16/16829_dates.npy
16830,data16/16830_sits.npy,data16/16830_labels.npy,data16/16830_dates.npy
16833,data16/16833_sits.npy,data16/16833_labels.npy,data16/16833_dates.npy
16834,data16/16834_sits.npy,data16/16834_labels.npy,data16/16834_dates.npy
16835,data16/16835_sits.npy,data16/16835_labels.npy,data16/16835_dates.npy
16836,data16/16836_sits.npy,data16/16836_labels.npy,data16/16836_dates.npy
16837,data16/16837_sits.npy,data16/16837_labels.npy,data16/16837_dates.npy
16838,data16/16838_sits.npy,data16/16838_labels.npy,data16/16838_dates.npy
16849,data16/16849_sits.npy,data16/16849_labels.npy,data16/16849_dates.npy
16850,data16/16850_sits.npy,data16/16850_labels.npy,data16/16850_dates.npy
16851,data16/16851_sits.npy,data16/16851_labels.npy,data16/16851_dates.npy
16852,data16/16852_sits.npy,data16/16852_labels.npy,data16/16852_dates.npy
16853,data16/16853_sits.npy,data16/16853_labels.npy,data16/16853_dates.npy
16854,data16/16854_sits.npy,data16/16854_labels.npy,data16/16854_dates.npy
16857,data16/16857_sits.npy,data16/16857_labels.npy,data16/16857_dates.npy
16858,data16/16858_sits.npy,data16/16858_labels.npy,data16/16858_dates.npy
16859,data16/16859_sits.npy,data16/16859_labels.npy,data16/16859_dates.npy
16860,data16/16860_sits.npy,data16/16860_labels.npy,data16/16860_dates.npy
16862,data16/16862_sits.npy,data16/16862_labels.npy,data16/16862_dates.npy
16897,data16/16897_sits.npy,data16/16897_labels.npy,data16/16897_dates.npy
16899,data16/16899_sits.npy,data16/16899_labels.npy,data16/16899_dates.npy
16900,data16/16900_sits.npy,data16/16900_labels.npy,data16/16900_dates.npy
16904,data16/16904_sits.npy,data16/16904_labels.npy,data16/16904_dates.npy
16905,data16/16905_sits.npy,data16/16905_labels.npy,data16/16905_dates.npy
16907,data16/16907_sits.npy,data16/16907_labels.npy,data16/16907_dates.npy
16909,data16/16909_sits.npy,data16/16909_labels.npy,data16/16909_dates.npy
16912,data16/16912_sits.npy,data16/16912_labels.npy,data16/16912_dates.npy
16914,data16/16914_sits.npy,data16/16914_labels.npy,data16/16914_dates.npy
16915,data16/16915_sits.npy,data16/16915_labels.npy,data16/16915_dates.npy
16917,data16/16917_sits.npy,data16/16917_labels.npy,data16/16917_dates.npy
16920,data16/16920_sits.npy,data16/16920_labels.npy,data16/16920_dates.npy
16922,data16/16922_sits.npy,data16/16922_labels.npy,data16/16922_dates.npy
16924,data16/16924_sits.npy,data16/16924_labels.npy,data16/16924_dates.npy
16925,data16/16925_sits.npy,data16/16925_labels.npy,data16/16925_dates.npy
16937,data16/16937_sits.npy,data16/16937_labels.npy,data16/16937_dates.npy
16939,data16/16939_sits.npy,data16/16939_labels.npy,data16/16939_dates.npy
16940,data16/16940_sits.npy,data16/16940_labels.npy,data16/16940_dates.npy
16944,data16/16944_sits.npy,data16/16944_labels.npy,data16/16944_dates.npy
16945,data16/16945_sits.npy,data16/16945_labels.npy,data16/16945_dates.npy
16947,data16/16947_sits.npy,data16/16947_labels.npy,data16/16947_dates.npy
16949,data16/16949_sits.npy,data16/16949_labels.npy,data16/16949_dates.npy
16983,data16/16983_sits.npy,data16/16983_labels.npy,data16/16983_dates.npy
16984,data16/16984_sits.npy,data16/16984_labels.npy,data16/16984_dates.npy
16985,data16/16985_sits.npy,data16/16985_labels.npy,data16/16985_dates.npy
16987,data16/16987_sits.npy,data16/16987_labels.npy,data16/16987_dates.npy
16988,data16/16988_sits.npy,data16/16988_labels.npy,data16/16988_dates.npy
16992,data16/16992_sits.npy,data16/16992_labels.npy,data16/16992_dates.npy
16993,data16/16993_sits.npy,data16/16993_labels.npy,data16/16993_dates.npy
16994,data16/16994_sits.npy,data16/16994_labels.npy,data16/16994_dates.npy
16995,data16/16995_sits.npy,data16/16995_labels.npy,data16/16995_dates.npy
16999,data16/16999_sits.npy,data16/16999_labels.npy,data16/16999_dates.npy
17000,data16/17000_sits.npy,data16/17000_labels.npy,data16/17000_dates.npy
17002,data16/17002_sits.npy,data16/17002_labels.npy,data16/17002_dates.npy
17003,data16/17003_sits.npy,data16/17003_labels.npy,data16/17003_dates.npy
17004,data16/17004_sits.npy,data16/17004_labels.npy,data16/17004_dates.npy
17007,data16/17007_sits.npy,data16/17007_labels.npy,data16/17007_dates.npy
17008,data16/17008_sits.npy,data16/17008_labels.npy,data16/17008_dates.npy
17009,data16/17009_sits.npy,data16/17009_labels.npy,data16/17009_dates.npy
17010,data16/17010_sits.npy,data16/17010_labels.npy,data16/17010_dates.npy
17012,data16/17012_sits.npy,data16/17012_labels.npy,data16/17012_dates.npy
17023,data16/17023_sits.npy,data16/17023_labels.npy,data16/17023_dates.npy
17024,data16/17024_sits.npy,data16/17024_labels.npy,data16/17024_dates.npy
17025,data16/17025_sits.npy,data16/17025_labels.npy,data16/17025_dates.npy
17027,data16/17027_sits.npy,data16/17027_labels.npy,data16/17027_dates.npy
17028,data16/17028_sits.npy,data16/17028_labels.npy,data16/17028_dates.npy
17032,data16/17032_sits.npy,data16/17032_labels.npy,data16/17032_dates.npy
17033,data16/17033_sits.npy,data16/17033_labels.npy,data16/17033_dates.npy
17070,data16/17070_sits.npy,data16/17070_labels.npy,data16/17070_dates.npy
17071,data16/17071_sits.npy,data16/17071_labels.npy,data16/17071_dates.npy
17072,data16/17072_sits.npy,data16/17072_labels.npy,data16/17072_dates.npy
17073,data16/17073_sits.npy,data16/17073_labels.npy,data16/17073_dates.npy
17074,data16/17074_sits.npy,data16/17074_labels.npy,data16/17074_dates.npy
17075,data16/17075_sits.npy,data16/17075_labels.npy,data16/17075_dates.npy
17078,data16/17078_sits.npy,data16/17078_labels.npy,data16/17078_dates.npy
17079,data16/17079_sits.npy,data16/17079_labels.npy,data16/17079_dates.npy
17080,data16/17080_sits.npy,data16/17080_labels.npy,data16/17080_dates.npy
17081,data16/17081_sits.npy,data16/17081_labels.npy,data16/17081_dates.npy
17082,data16/17082_sits.npy,data16/17082_labels.npy,data16/17082_dates.npy
17083,data16/17083_sits.npy,data16/17083_labels.npy,data16/17083_dates.npy
17086,data16/17086_sits.npy,data16/17086_labels.npy,data16/17086_dates.npy
17087,data16/17087_sits.npy,data16/17087_labels.npy,data16/17087_dates.npy
17088,data16/17088_sits.npy,data16/17088_labels.npy,data16/17088_dates.npy
17089,data16/17089_sits.npy,data16/17089_labels.npy,data16/17089_dates.npy
17090,data16/17090_sits.npy,data16/17090_labels.npy,data16/17090_dates.npy
17091,data16/17091_sits.npy,data16/17091_labels.npy,data16/17091_dates.npy
17094,data16/17094_sits.npy,data16/17094_labels.npy,data16/17094_dates.npy
17095,data16/17095_sits.npy,data16/17095_labels.npy,data16/17095_dates.npy
17096,data16/17096_sits.npy,data16/17096_labels.npy,data16/17096_dates.npy
17097,data16/17097_sits.npy,data16/17097_labels.npy,data16/17097_dates.npy
17098,data16/17098_sits.npy,data16/17098_labels.npy,data16/17098_dates.npy
17099,data16/17099_sits.npy,data16/17099_labels.npy,data16/17099_dates.npy
17110,data16/17110_sits.npy,data16/17110_labels.npy,data16/17110_dates.npy
17111,data16/17111_sits.npy,data16/17111_labels.npy,data16/17111_dates.npy
17112,data16/17112_sits.npy,data16/17112_labels.npy,data16/17112_dates.npy
17113,data16/17113_sits.npy,data16/17113_labels.npy,data16/17113_dates.npy
17114,data16/17114_sits.npy,data16/17114_labels.npy,data16/17114_dates.npy
17115,data16/17115_sits.npy,data16/17115_labels.npy,data16/17115_dates.npy
17118,data16/17118_sits.npy,data16/17118_labels.npy,data16/17118_dates.npy
17119,data16/17119_sits.npy,data16/17119_labels.npy,data16/17119_dates.npy
17120,data16/17120_sits.npy,data16/17120_labels.npy,data16/17120_dates.npy
17121,data16/17121_sits.npy,data16/17121_labels.npy,data16/17121_dates.npy
17157,data16/17157_sits.npy,data16/17157_labels.npy,data16/17157_dates.npy
17158,data16/17158_sits.npy,data16/17158_labels.npy,data16/17158_dates.npy
17159,data16/17159_sits.npy,data16/17159_labels.npy,data16/17159_dates.npy
17161,data16/17161_sits.npy,data16/17161_labels.npy,data16/17161_dates.npy
17162,data16/17162_sits.npy,data16/17162_labels.npy,data16/17162_dates.npy
17166,data16/17166_sits.npy,data16/17166_labels.npy,data16/17166_dates.npy
17167,data16/17167_sits.npy,data16/17167_labels.npy,data16/17167_dates.npy
17168,data16/17168_sits.npy,data16/17168_labels.npy,data16/17168_dates.npy
17169,data16/17169_sits.npy,data16/17169_labels.npy,data16/17169_dates.npy
17173,data16/17173_sits.npy,data16/17173_labels.npy,data16/17173_dates.npy
17174,data16/17174_sits.npy,data16/17174_labels.npy,data16/17174_dates.npy
17176,data16/17176_sits.npy,data16/17176_labels.npy,data16/17176_dates.npy
17177,data16/17177_sits.npy,data16/17177_labels.npy,data16/17177_dates.npy
17178,data16/17178_sits.npy,data16/17178_labels.npy,data16/17178_dates.npy
17181,data16/17181_sits.npy,data16/17181_labels.npy,data16/17181_dates.npy
17182,data16/17182_sits.npy,data16/17182_labels.npy,data16/17182_dates.npy
17183,data16/17183_sits.npy,data16/17183_labels.npy,data16/17183_dates.npy
17184,data16/17184_sits.npy,data16/17184_labels.npy,data16/17184_dates.npy
17186,data16/17186_sits.npy,data16/17186_labels.npy,data16/17186_dates.npy
17197,data16/17197_sits.npy,data16/17197_labels.npy,data16/17197_dates.npy
17198,data16/17198_sits.npy,data16/17198_labels.npy,data16/17198_dates.npy
17199,data16/17199_sits.npy,data16/17199_labels.npy,data16/17199_dates.npy
17201,data16/17201_sits.npy,data16/17201_labels.npy,data16/17201_dates.npy
17202,data16/17202_sits.npy,data16/17202_labels.npy,data16/17202_dates.npy
17206,data16/17206_sits.npy,data16/17206_labels.npy,data16/17206_dates.npy
17207,data16/17207_sits.npy,data16/17207_labels.npy,data16/17207_dates.npy
17208,data16/17208_sits.npy,data16/17208_labels.npy,data16/17208_dates.npy
17209,data16/17209_sits.npy,data16/17209_labels.npy,data16/17209_dates.npy
17244,data16/17244_sits.npy,data16/17244_labels.npy,data16/17244_dates.npy
17245,data16/17245_sits.npy,data16/17245_labels.npy,data16/17245_dates.npy
17246,data16/17246_sits.npy,data16/17246_labels.npy,data16/17246_dates.npy
17247,data16/17247_sits.npy,data16/17247_labels.npy,data16/17247_dates.npy
17248,data16/17248_sits.npy,data16/17248_labels.npy,data16/17248_dates.npy
17249,data16/17249_sits.npy,data16/17249_labels.npy,data16/17249_dates.npy
17252,data16/17252_sits.npy,data16/17252_labels.npy,data16/17252_dates.npy
17253,data16/17253_sits.npy,data16/17253_labels.npy,data16/17253_dates.npy
17254,data16/17254_sits.npy,data16/17254_labels.npy,data16/17254_dates.npy
17255,data16/17255_sits.npy,data16/17255_labels.npy,data16/17255_dates.npy
17256,data16/17256_sits.npy,data16/17256_labels.npy,data16/17256_dates.npy
17257,data16/17257_sits.npy,data16/17257_labels.npy,data16/17257_dates.npy
17260,data16/17260_sits.npy,data16/17260_labels.npy,data16/17260_dates.npy
17261,data16/17261_sits.npy,data16/17261_labels.npy,data16/17261_dates.npy
17262,data16/17262_sits.npy,data16/17262_labels.npy,data16/17262_dates.npy
17263,data16/17263_sits.npy,data16/17263_labels.npy,data16/17263_dates.npy
17264,data16/17264_sits.npy,data16/17264_labels.npy,data16/17264_dates.npy
17265,data16/17265_sits.npy,data16/17265_labels.npy,data16/17265_dates.npy
17268,data16/17268_sits.npy,data16/17268_labels.npy,data16/17268_dates.npy
17269,data16/17269_sits.npy,data16/17269_labels.npy,data16/17269_dates.npy
17270,data16/17270_sits.npy,data16/17270_labels.npy,data16/17270_dates.npy
17271,data16/17271_sits.npy,data16/17271_labels.npy,data16/17271_dates.npy
17272,data16/17272_sits.npy,data16/17272_labels.npy,data16/17272_dates.npy
17273,data16/17273_sits.npy,data16/17273_labels.npy,data16/17273_dates.npy
17284,data16/17284_sits.npy,data16/17284_labels.npy,data16/17284_dates.npy
17285,data16/17285_sits.npy,data16/17285_labels.npy,data16/17285_dates.npy
17286,data16/17286_sits.npy,data16/17286_labels.npy,data16/17286_dates.npy
17287,data16/17287_sits.npy,data16/17287_labels.npy,data16/17287_dates.npy
17288,data16/17288_sits.npy,data16/17288_labels.npy,data16/17288_dates.npy
17289,data16/17289_sits.npy,data16/17289_labels.npy,data16/17289_dates.npy
17292,data16/17292_sits.npy,data16/17292_labels.npy,data16/17292_dates.npy
17293,data16/17293_sits.npy,data16/17293_labels.npy,data16/17293_dates.npy
17294,data16/17294_sits.npy,data16/17294_labels.npy,data16/17294_dates.npy
17295,data16/17295_sits.npy,data16/17295_labels.npy,data16/17295_dates.npy
17296,data16/17296_sits.npy,data16/17296_labels.npy,data16/17296_dates.npy
17489,data16/17489_sits.npy,data16/17489_labels.npy,data16/17489_dates.npy
17490,data16/17490_sits.npy,data16/17490_labels.npy,data16/17490_dates.npy
17491,data16/17491_sits.npy,data16/17491_labels.npy,data16/17491_dates.npy
17492,data16/17492_sits.npy,data16/17492_labels.npy,data16/17492_dates.npy
17493,data16/17493_sits.npy,data16/17493_labels.npy,data16/17493_dates.npy
17494,data16/17494_sits.npy,data16/17494_labels.npy,data16/17494_dates.npy
17497,data16/17497_sits.npy,data16/17497_labels.npy,data16/17497_dates.npy
17498,data16/17498_sits.npy,data16/17498_labels.npy,data16/17498_dates.npy
17499,data16/17499_sits.npy,data16/17499_labels.npy,data16/17499_dates.npy
17500,data16/17500_sits.npy,data16/17500_labels.npy,data16/17500_dates.npy
17501,data16/17501_sits.npy,data16/17501_labels.npy,data16/17501_dates.npy
17502,data16/17502_sits.npy,data16/17502_labels.npy,data16/17502_dates.npy
17505,data16/17505_sits.npy,data16/17505_labels.npy,data16/17505_dates.npy
17506,data16/17506_sits.npy,data16/17506_labels.npy,data16/17506_dates.npy
17507,data16/17507_sits.npy,data16/17507_labels.npy,data16/17507_dates.npy
17508,data16/17508_sits.npy,data16/17508_labels.npy,data16/17508_dates.npy
17509,data16/17509_sits.npy,data16/17509_labels.npy,data16/17509_dates.npy
17510,data16/17510_sits.npy,data16/17510_labels.npy,data16/17510_dates.npy
17513,data16/17513_sits.npy,data16/17513_labels.npy,data16/17513_dates.npy
17514,data16/17514_sits.npy,data16/17514_labels.npy,data16/17514_dates.npy
17515,data16/17515_sits.npy,data16/17515_labels.npy,data16/17515_dates.npy
17516,data16/17516_sits.npy,data16/17516_labels.npy,data16/17516_dates.npy
17517,data16/17517_sits.npy,data16/17517_labels.npy,data16/17517_dates.npy
17518,data16/17518_sits.npy,data16/17518_labels.npy,data16/17518_dates.npy
17521,data16/17521_sits.npy,data16/17521_labels.npy,data16/17521_dates.npy
17522,data16/17522_sits.npy,data16/17522_labels.npy,data16/17522_dates.npy
17523,data16/17523_sits.npy,data16/17523_labels.npy,data16/17523_dates.npy
17524,data16/17524_sits.npy,data16/17524_labels.npy,data16/17524_dates.npy
17525,data16/17525_sits.npy,data16/17525_labels.npy,data16/17525_dates.npy
17526,data16/17526_sits.npy,data16/17526_labels.npy,data16/17526_dates.npy
17545,data16/17545_sits.npy,data16/17545_labels.npy,data16/17545_dates.npy
17546,data16/17546_sits.npy,data16/17546_labels.npy,data16/17546_dates.npy
17547,data16/17547_sits.npy,data16/17547_labels.npy,data16/17547_dates.npy
17548,data16/17548_sits.npy,data16/17548_labels.npy,data16/17548_dates.npy
17549,data16/17549_sits.npy,data16/17549_labels.npy,data16/17549_dates.npy
17550,data16/17550_sits.npy,data16/17550_labels.npy,data16/17550_dates.npy
17553,data16/17553_sits.npy,data16/17553_labels.npy,data16/17553_dates.npy
17554,data16/17554_sits.npy,data16/17554_labels.npy,data16/17554_dates.npy
17555,data16/17555_sits.npy,data16/17555_labels.npy,data16/17555_dates.npy
17556,data16/17556_sits.npy,data16/17556_labels.npy,data16/17556_dates.npy
17557,data16/17557_sits.npy,data16/17557_labels.npy,data16/17557_dates.npy
17558,data16/17558_sits.npy,data16/17558_labels.npy,data16/17558_dates.npy
17562,data16/17562_sits.npy,data16/17562_labels.npy,data16/17562_dates.npy
17563,data16/17563_sits.npy,data16/17563_labels.npy,data16/17563_dates.npy
17576,data16/17576_sits.npy,data16/17576_labels.npy,data16/17576_dates.npy
17577,data16/17577_sits.npy,data16/17577_labels.npy,data16/17577_dates.npy
17578,data16/17578_sits.npy,data16/17578_labels.npy,data16/17578_dates.npy
17579,data16/17579_sits.npy,data16/17579_labels.npy,data16/17579_dates.npy
17581,data16/17581_sits.npy,data16/17581_labels.npy,data16/17581_dates.npy
17584,data16/17584_sits.npy,data16/17584_labels.npy,data16/17584_dates.npy
17586,data16/17586_sits.npy,data16/17586_labels.npy,data16/17586_dates.npy
17587,data16/17587_sits.npy,data16/17587_labels.npy,data16/17587_dates.npy
17588,data16/17588_sits.npy,data16/17588_labels.npy,data16/17588_dates.npy
17589,data16/17589_sits.npy,data16/17589_labels.npy,data16/17589_dates.npy
17592,data16/17592_sits.npy,data16/17592_labels.npy,data16/17592_dates.npy
17593,data16/17593_sits.npy,data16/17593_labels.npy,data16/17593_dates.npy
17594,data16/17594_sits.npy,data16/17594_labels.npy,data16/17594_dates.npy
17596,data16/17596_sits.npy,data16/17596_labels.npy,data16/17596_dates.npy
17597,data16/17597_sits.npy,data16/17597_labels.npy,data16/17597_dates.npy
17601,data16/17601_sits.npy,data16/17601_labels.npy,data16/17601_dates.npy
17602,data16/17602_sits.npy,data16/17602_labels.npy,data16/17602_dates.npy
17603,data16/17603_sits.npy,data16/17603_labels.npy,data16/17603_dates.npy
17604,data16/17604_sits.npy,data16/17604_labels.npy,data16/17604_dates.npy
17608,data16/17608_sits.npy,data16/17608_labels.npy,data16/17608_dates.npy
17609,data16/17609_sits.npy,data16/17609_labels.npy,data16/17609_dates.npy
17611,data16/17611_sits.npy,data16/17611_labels.npy,data16/17611_dates.npy
17612,data16/17612_sits.npy,data16/17612_labels.npy,data16/17612_dates.npy
17613,data16/17613_sits.npy,data16/17613_labels.npy,data16/17613_dates.npy
17632,data16/17632_sits.npy,data16/17632_labels.npy,data16/17632_dates.npy
17633,data16/17633_sits.npy,data16/17633_labels.npy,data16/17633_dates.npy
17634,data16/17634_sits.npy,data16/17634_labels.npy,data16/17634_dates.npy
17636,data16/17636_sits.npy,data16/17636_labels.npy,data16/17636_dates.npy
17637,data16/17637_sits.npy,data16/17637_labels.npy,data16/17637_dates.npy
17641,data16/17641_sits.npy,data16/17641_labels.npy,data16/17641_dates.npy
17642,data16/17642_sits.npy,data16/17642_labels.npy,data16/17642_dates.npy
17643,data16/17643_sits.npy,data16/17643_labels.npy,data16/17643_dates.npy
17644,data16/17644_sits.npy,data16/17644_labels.npy,data16/17644_dates.npy
17653,data16/17653_sits.npy,data16/17653_labels.npy,data16/17653_dates.npy
17663,data16/17663_sits.npy,data16/17663_labels.npy,data16/17663_dates.npy
17664,data16/17664_sits.npy,data16/17664_labels.npy,data16/17664_dates.npy
17666,data16/17666_sits.npy,data16/17666_labels.npy,data16/17666_dates.npy
17667,data16/17667_sits.npy,data16/17667_labels.npy,data16/17667_dates.npy
17668,data16/17668_sits.npy,data16/17668_labels.npy,data16/17668_dates.npy
17671,data16/17671_sits.npy,data16/17671_labels.npy,data16/17671_dates.npy
17672,data16/17672_sits.npy,data16/17672_labels.npy,data16/17672_dates.npy
17673,data16/17673_sits.npy,data16/17673_labels.npy,data16/17673_dates.npy
17674,data16/17674_sits.npy,data16/17674_labels.npy,data16/17674_dates.npy
17675,data16/17675_sits.npy,data16/17675_labels.npy,data16/17675_dates.npy
17676,data16/17676_sits.npy,data16/17676_labels.npy,data16/17676_dates.npy
17679,data16/17679_sits.npy,data16/17679_labels.npy,data16/17679_dates.npy
17680,data16/17680_sits.npy,data16/17680_labels.npy,data16/17680_dates.npy
17681,data16/17681_sits.npy,data16/17681_labels.npy,data16/17681_dates.npy
17682,data16/17682_sits.npy,data16/17682_labels.npy,data16/17682_dates.npy
17683,data16/17683_sits.npy,data16/17683_labels.npy,data16/17683_dates.npy
17684,data16/17684_sits.npy,data16/17684_labels.npy,data16/17684_dates.npy
17687,data16/17687_sits.npy,data16/17687_labels.npy,data16/17687_dates.npy
17688,data16/17688_sits.npy,data16/17688_labels.npy,data16/17688_dates.npy
17689,data16/17689_sits.npy,data16/17689_labels.npy,data16/17689_dates.npy
17690,data16/17690_sits.npy,data16/17690_labels.npy,data16/17690_dates.npy
17691,data16/17691_sits.npy,data16/17691_labels.npy,data16/17691_dates.npy
17692,data16/17692_sits.npy,data16/17692_labels.npy,data16/17692_dates.npy
17695,data16/17695_sits.npy,data16/17695_labels.npy,data16/17695_dates.npy
17696,data16/17696_sits.npy,data16/17696_labels.npy,data16/17696_dates.npy
17697,data16/17697_sits.npy,data16/17697_labels.npy,data16/17697_dates.npy
17698,data16/17698_sits.npy,data16/17698_labels.npy,data16/17698_dates.npy
17699,data16/17699_sits.npy,data16/17699_labels.npy,data16/17699_dates.npy
17700,data16/17700_sits.npy,data16/17700_labels.npy,data16/17700_dates.npy
17719,data16/17719_sits.npy,data16/17719_labels.npy,data16/17719_dates.npy
17720,data16/17720_sits.npy,data16/17720_labels.npy,data16/17720_dates.npy
17721,data16/17721_sits.npy,data16/17721_labels.npy,data16/17721_dates.npy
17722,data16/17722_sits.npy,data16/17722_labels.npy,data16/17722_dates.npy
17723,data16/17723_sits.npy,data16/17723_labels.npy,data16/17723_dates.npy
17724,data16/17724_sits.npy,data16/17724_labels.npy,data16/17724_dates.npy
17727,data16/17727_sits.npy,data16/17727_labels.npy,data16/17727_dates.npy
17728,data16/17728_sits.npy,data16/17728_labels.npy,data16/17728_dates.npy
17729,data16/17729_sits.npy,data16/17729_labels.npy,data16/17729_dates.npy
17730,data16/17730_sits.npy,data16/17730_labels.npy,data16/17730_dates.npy
17731,data16/17731_sits.npy,data16/17731_labels.npy,data16/17731_dates.npy
17732,data16/17732_sits.npy,data16/17732_labels.npy,data16/17732_dates.npy
17739,data16/17739_sits.npy,data16/17739_labels.npy,data16/17739_dates.npy
17750,data16/17750_sits.npy,data16/17750_labels.npy,data16/17750_dates.npy
17752,data16/17752_sits.npy,data16/17752_labels.npy,data16/17752_dates.npy
17754,data16/17754_sits.npy,data16/17754_labels.npy,data16/17754_dates.npy
17755,data16/17755_sits.npy,data16/17755_labels.npy,data16/17755_dates.npy
17759,data16/17759_sits.npy,data16/17759_labels.npy,data16/17759_dates.npy
17767,data16/17767_sits.npy,data16/17767_labels.npy,data16/17767_dates.npy
17769,data16/17769_sits.npy,data16/17769_labels.npy,data16/17769_dates.npy
17770,data16/17770_sits.npy,data16/17770_labels.npy,data16/17770_dates.npy
17774,data16/17774_sits.npy,data16/17774_labels.npy,data16/17774_dates.npy
17775,data16/17775_sits.npy,data16/17775_labels.npy,data16/17775_dates.npy
17777,data16/17777_sits.npy,data16/17777_labels.npy,data16/17777_dates.npy
17779,data16/17779_sits.npy,data16/17779_labels.npy,data16/17779_dates.npy
17782,data16/17782_sits.npy,data16/17782_labels.npy,data16/17782_dates.npy
17784,data16/17784_sits.npy,data16/17784_labels.npy,data16/17784_dates.npy
17785,data16/17785_sits.npy,data16/17785_labels.npy,data16/17785_dates.npy
17787,data16/17787_sits.npy,data16/17787_labels.npy,data16/17787_dates.npy
17807,data16/17807_sits.npy,data16/17807_labels.npy,data16/17807_dates.npy
17809,data16/17809_sits.npy,data16/17809_labels.npy,data16/17809_dates.npy
17810,data16/17810_sits.npy,data16/17810_labels.npy,data16/17810_dates.npy
17814,data16/17814_sits.npy,data16/17814_labels.npy,data16/17814_dates.npy
17815,data16/17815_sits.npy,data16/17815_labels.npy,data16/17815_dates.npy
17817,data16/17817_sits.npy,data16/17817_labels.npy,data16/17817_dates.npy
17819,data16/17819_sits.npy,data16/17819_labels.npy,data16/17819_dates.npy
17837,data16/17837_sits.npy,data16/17837_labels.npy,data16/17837_dates.npy
17838,data16/17838_sits.npy,data16/17838_labels.npy,data16/17838_dates.npy
17839,data16/17839_sits.npy,data16/17839_labels.npy,data16/17839_dates.npy
17840,data16/17840_sits.npy,data16/17840_labels.npy,data16/17840_dates.npy
17842,data16/17842_sits.npy,data16/17842_labels.npy,data16/17842_dates.npy
17845,data16/17845_sits.npy,data16/17845_labels.npy,data16/17845_dates.npy
17853,data16/17853_sits.npy,data16/17853_labels.npy,data16/17853_dates.npy
17854,data16/17854_sits.npy,data16/17854_labels.npy,data16/17854_dates.npy
17855,data16/17855_sits.npy,data16/17855_labels.npy,data16/17855_dates.npy
17857,data16/17857_sits.npy,data16/17857_labels.npy,data16/17857_dates.npy
17858,data16/17858_sits.npy,data16/17858_labels.npy,data16/17858_dates.npy
17862,data16/17862_sits.npy,data16/17862_labels.npy,data16/17862_dates.npy
17863,data16/17863_sits.npy,data16/17863_labels.npy,data16/17863_dates.npy
17864,data16/17864_sits.npy,data16/17864_labels.npy,data16/17864_dates.npy
17865,data16/17865_sits.npy,data16/17865_labels.npy,data16/17865_dates.npy
17869,data16/17869_sits.npy,data16/17869_labels.npy,data16/17869_dates.npy
17870,data16/17870_sits.npy,data16/17870_labels.npy,data16/17870_dates.npy
17872,data16/17872_sits.npy,data16/17872_labels.npy,data16/17872_dates.npy
17873,data16/17873_sits.npy,data16/17873_labels.npy,data16/17873_dates.npy
17874,data16/17874_sits.npy,data16/17874_labels.npy,data16/17874_dates.npy
17893,data16/17893_sits.npy,data16/17893_labels.npy,data16/17893_dates.npy
17894,data16/17894_sits.npy,data16/17894_labels.npy,data16/17894_dates.npy
17895,data16/17895_sits.npy,data16/17895_labels.npy,data16/17895_dates.npy
17897,data16/17897_sits.npy,data16/17897_labels.npy,data16/17897_dates.npy
17898,data16/17898_sits.npy,data16/17898_labels.npy,data16/17898_dates.npy
17902,data16/17902_sits.npy,data16/17902_labels.npy,data16/17902_dates.npy
17903,data16/17903_sits.npy,data16/17903_labels.npy,data16/17903_dates.npy
17904,data16/17904_sits.npy,data16/17904_labels.npy,data16/17904_dates.npy
17905,data16/17905_sits.npy,data16/17905_labels.npy,data16/17905_dates.npy
17909,data16/17909_sits.npy,data16/17909_labels.npy,data16/17909_dates.npy
17910,data16/17910_sits.npy,data16/17910_labels.npy,data16/17910_dates.npy
17913,data16/17913_sits.npy,data16/17913_labels.npy,data16/17913_dates.npy
17914,data16/17914_sits.npy,data16/17914_labels.npy,data16/17914_dates.npy
17924,data16/17924_sits.npy,data16/17924_labels.npy,data16/17924_dates.npy
17925,data16/17925_sits.npy,data16/17925_labels.npy,data16/17925_dates.npy
17926,data16/17926_sits.npy,data16/17926_labels.npy,data16/17926_dates.npy
17927,data16/17927_sits.npy,data16/17927_labels.npy,data16/17927_dates.npy
17928,data16/17928_sits.npy,data16/17928_labels.npy,data16/17928_dates.npy
17929,data16/17929_sits.npy,data16/17929_labels.npy,data16/17929_dates.npy
17932,data16/17932_sits.npy,data16/17932_labels.npy,data16/17932_dates.npy
17933,data16/17933_sits.npy,data16/17933_labels.npy,data16/17933_dates.npy
17934,data16/17934_sits.npy,data16/17934_labels.npy,data16/17934_dates.npy
17940,data16/17940_sits.npy,data16/17940_labels.npy,data16/17940_dates.npy
17941,data16/17941_sits.npy,data16/17941_labels.npy,data16/17941_dates.npy
17942,data16/17942_sits.npy,data16/17942_labels.npy,data16/17942_dates.npy
17943,data16/17943_sits.npy,data16/17943_labels.npy,data16/17943_dates.npy
17944,data16/17944_sits.npy,data16/17944_labels.npy,data16/17944_dates.npy
17945,data16/17945_sits.npy,data16/17945_labels.npy,data16/17945_dates.npy
17948,data16/17948_sits.npy,data16/17948_labels.npy,data16/17948_dates.npy
17949,data16/17949_sits.npy,data16/17949_labels.npy,data16/17949_dates.npy
17950,data16/17950_sits.npy,data16/17950_labels.npy,data16/17950_dates.npy
17951,data16/17951_sits.npy,data16/17951_labels.npy,data16/17951_dates.npy
17952,data16/17952_sits.npy,data16/17952_labels.npy,data16/17952_dates.npy
17953,data16/17953_sits.npy,data16/17953_labels.npy,data16/17953_dates.npy
17956,data16/17956_sits.npy,data16/17956_labels.npy,data16/17956_dates.npy
17957,data16/17957_sits.npy,data16/17957_labels.npy,data16/17957_dates.npy
17958,data16/17958_sits.npy,data16/17958_labels.npy,data16/17958_dates.npy
17959,data16/17959_sits.npy,data16/17959_labels.npy,data16/17959_dates.npy
17960,data16/17960_sits.npy,data16/17960_labels.npy,data16/17960_dates.npy
17961,data16/17961_sits.npy,data16/17961_labels.npy,data16/17961_dates.npy
17980,data16/17980_sits.npy,data16/17980_labels.npy,data16/17980_dates.npy
17981,data16/17981_sits.npy,data16/17981_labels.npy,data16/17981_dates.npy
17982,data16/17982_sits.npy,data16/17982_labels.npy,data16/17982_dates.npy
17983,data16/17983_sits.npy,data16/17983_labels.npy,data16/17983_dates.npy
17984,data16/17984_sits.npy,data16/17984_labels.npy,data16/17984_dates.npy
17985,data16/17985_sits.npy,data16/17985_labels.npy,data16/17985_dates.npy
17988,data16/17988_sits.npy,data16/17988_labels.npy,data16/17988_dates.npy
17989,data16/17989_sits.npy,data16/17989_labels.npy,data16/17989_dates.npy
17990,data16/17990_sits.npy,data16/17990_labels.npy,data16/17990_dates.npy
17991,data16/17991_sits.npy,data16/17991_labels.npy,data16/17991_dates.npy
17992,data16/17992_sits.npy,data16/17992_labels.npy,data16/17992_dates.npy
17993,data16/17993_sits.npy,data16/17993_labels.npy,data16/17993_dates.npy
17996,data16/17996_sits.npy,data16/17996_labels.npy,data16/17996_dates.npy
17998,data16/17998_sits.npy,data16/17998_labels.npy,data16/17998_dates.npy
18001,data16/18001_sits.npy,data16/18001_labels.npy,data16/18001_dates.npy
18194,data16/18194_sits.npy,data16/18194_labels.npy,data16/18194_dates.npy
18195,data16/18195_sits.npy,data16/18195_labels.npy,data16/18195_dates.npy
18197,data16/18197_sits.npy,data16/18197_labels.npy,data16/18197_dates.npy
18209,data16/18209_sits.npy,data16/18209_labels.npy,data16/18209_dates.npy
18210,data16/18210_sits.npy,data16/18210_labels.npy,data16/18210_dates.npy
18212,data16/18212_sits.npy,data16/18212_labels.npy,data16/18212_dates.npy
18214,data16/18214_sits.npy,data16/18214_labels.npy,data16/18214_dates.npy
18217,data16/18217_sits.npy,data16/18217_labels.npy,data16/18217_dates.npy
18219,data16/18219_sits.npy,data16/18219_labels.npy,data16/18219_dates.npy
18220,data16/18220_sits.npy,data16/18220_labels.npy,data16/18220_dates.npy
18222,data16/18222_sits.npy,data16/18222_labels.npy,data16/18222_dates.npy
18234,data16/18234_sits.npy,data16/18234_labels.npy,data16/18234_dates.npy
18235,data16/18235_sits.npy,data16/18235_labels.npy,data16/18235_dates.npy
18237,data16/18237_sits.npy,data16/18237_labels.npy,data16/18237_dates.npy
18257,data16/18257_sits.npy,data16/18257_labels.npy,data16/18257_dates.npy
18259,data16/18259_sits.npy,data16/18259_labels.npy,data16/18259_dates.npy
18260,data16/18260_sits.npy,data16/18260_labels.npy,data16/18260_dates.npy
18262,data16/18262_sits.npy,data16/18262_labels.npy,data16/18262_dates.npy
18265,data16/18265_sits.npy,data16/18265_labels.npy,data16/18265_dates.npy
18267,data16/18267_sits.npy,data16/18267_labels.npy,data16/18267_dates.npy
18269,data16/18269_sits.npy,data16/18269_labels.npy,data16/18269_dates.npy
18270,data16/18270_sits.npy,data16/18270_labels.npy,data16/18270_dates.npy
18280,data16/18280_sits.npy,data16/18280_labels.npy,data16/18280_dates.npy
18282,data16/18282_sits.npy,data16/18282_labels.npy,data16/18282_dates.npy
18283,data16/18283_sits.npy,data16/18283_labels.npy,data16/18283_dates.npy
18284,data16/18284_sits.npy,data16/18284_labels.npy,data16/18284_dates.npy
18285,data16/18285_sits.npy,data16/18285_labels.npy,data16/18285_dates.npy
18297,data16/18297_sits.npy,data16/18297_labels.npy,data16/18297_dates.npy
18298,data16/18298_sits.npy,data16/18298_labels.npy,data16/18298_dates.npy
18299,data16/18299_sits.npy,data16/18299_labels.npy,data16/18299_dates.npy
18300,data16/18300_sits.npy,data16/18300_labels.npy,data16/18300_dates.npy
18304,data16/18304_sits.npy,data16/18304_labels.npy,data16/18304_dates.npy
18305,data16/18305_sits.npy,data16/18305_labels.npy,data16/18305_dates.npy
18307,data16/18307_sits.npy,data16/18307_labels.npy,data16/18307_dates.npy
18308,data16/18308_sits.npy,data16/18308_labels.npy,data16/18308_dates.npy
18309,data16/18309_sits.npy,data16/18309_labels.npy,data16/18309_dates.npy
18320,data16/18320_sits.npy,data16/18320_labels.npy,data16/18320_dates.npy
18322,data16/18322_sits.npy,data16/18322_labels.npy,data16/18322_dates.npy
18323,data16/18323_sits.npy,data16/18323_labels.npy,data16/18323_dates.npy
18324,data16/18324_sits.npy,data16/18324_labels.npy,data16/18324_dates.npy
18325,data16/18325_sits.npy,data16/18325_labels.npy,data16/18325_dates.npy
18344,data16/18344_sits.npy,data16/18344_labels.npy,data16/18344_dates.npy
18345,data16/18345_sits.npy,data16/18345_labels.npy,data16/18345_dates.npy
18347,data16/18347_sits.npy,data16/18347_labels.npy,data16/18347_dates.npy
18348,data16/18348_sits.npy,data16/18348_labels.npy,data16/18348_dates.npy
18349,data16/18349_sits.npy,data16/18349_labels.npy,data16/18349_dates.npy
18352,data16/18352_sits.npy,data16/18352_labels.npy,data16/18352_dates.npy
18354,data16/18354_sits.npy,data16/18354_labels.npy,data16/18354_dates.npy
18355,data16/18355_sits.npy,data16/18355_labels.npy,data16/18355_dates.npy
18357,data16/18357_sits.npy,data16/18357_labels.npy,data16/18357_dates.npy
18367,data16/18367_sits.npy,data16/18367_labels.npy,data16/18367_dates.npy
18368,data16/18368_sits.npy,data16/18368_labels.npy,data16/18368_dates.npy
18369,data16/18369_sits.npy,data16/18369_labels.npy,data16/18369_dates.npy
18370,data16/18370_sits.npy,data16/18370_labels.npy,data16/18370_dates.npy
18371,data16/18371_sits.npy,data16/18371_labels.npy,data16/18371_dates.npy
18372,data16/18372_sits.npy,data16/18372_labels.npy,data16/18372_dates.npy
18383,data16/18383_sits.npy,data16/18383_labels.npy,data16/18383_dates.npy
18384,data16/18384_sits.npy,data16/18384_labels.npy,data16/18384_dates.npy
18385,data16/18385_sits.npy,data16/18385_labels.npy,data16/18385_dates.npy
18386,data16/18386_sits.npy,data16/18386_labels.npy,data16/18386_dates.npy
18387,data16/18387_sits.npy,data16/18387_labels.npy,data16/18387_dates.npy
18388,data16/18388_sits.npy,data16/18388_labels.npy,data16/18388_dates.npy
18391,data16/18391_sits.npy,data16/18391_labels.npy,data16/18391_dates.npy
18392,data16/18392_sits.npy,data16/18392_labels.npy,data16/18392_dates.npy
18393,data16/18393_sits.npy,data16/18393_labels.npy,data16/18393_dates.npy
18394,data16/18394_sits.npy,data16/18394_labels.npy,data16/18394_dates.npy
18395,data16/18395_sits.npy,data16/18395_labels.npy,data16/18395_dates.npy
18396,data16/18396_sits.npy,data16/18396_labels.npy,data16/18396_dates.npy
18407,data16/18407_sits.npy,data16/18407_labels.npy,data16/18407_dates.npy
18408,data16/18408_sits.npy,data16/18408_labels.npy,data16/18408_dates.npy
18409,data16/18409_sits.npy,data16/18409_labels.npy,data16/18409_dates.npy
18410,data16/18410_sits.npy,data16/18410_labels.npy,data16/18410_dates.npy
18411,data16/18411_sits.npy,data16/18411_labels.npy,data16/18411_dates.npy
18412,data16/18412_sits.npy,data16/18412_labels.npy,data16/18412_dates.npy
18431,data16/18431_sits.npy,data16/18431_labels.npy,data16/18431_dates.npy
18432,data16/18432_sits.npy,data16/18432_labels.npy,data16/18432_dates.npy
18433,data16/18433_sits.npy,data16/18433_labels.npy,data16/18433_dates.npy
18435,data16/18435_sits.npy,data16/18435_labels.npy,data16/18435_dates.npy
18436,data16/18436_sits.npy,data16/18436_labels.npy,data16/18436_dates.npy
18439,data16/18439_sits.npy,data16/18439_labels.npy,data16/18439_dates.npy
18442,data16/18442_sits.npy,data16/18442_labels.npy,data16/18442_dates.npy
18443,data16/18443_sits.npy,data16/18443_labels.npy,data16/18443_dates.npy
18444,data16/18444_sits.npy,data16/18444_labels.npy,data16/18444_dates.npy
