fieldID,imagepath,labelpath
10001,PASTISFresh/DATA_S2/S2_10001.npy,PASTISFresh/ANNOTATIONS/TARGET_10001.npy
10002,PASTISFresh/DATA_S2/S2_10002.npy,PASTISFresh/ANNOTATIONS/TARGET_10002.npy
10004,PASTISFresh/DATA_S2/S2_10004.npy,PASTISFresh/ANNOTATIONS/TARGET_10004.npy
10005,PASTISFresh/DATA_S2/S2_10005.npy,PASTISFresh/ANNOTATIONS/TARGET_10005.npy
10006,PASTISFresh/DATA_S2/S2_10006.npy,PASTISFresh/ANNOTATIONS/TARGET_10006.npy
10008,PASTISFresh/DATA_S2/S2_10008.npy,PASTISFresh/ANNOTATIONS/TARGET_10008.npy
10009,PASTISFresh/DATA_S2/S2_10009.npy,PASTISFresh/ANNOTATIONS/TARGET_10009.npy
10011,PASTISFresh/DATA_S2/S2_10011.npy,PASTISFresh/ANNOTATIONS/TARGET_10011.npy
10013,PASTISFresh/DATA_S2/S2_10013.npy,PASTISFresh/ANNOTATIONS/TARGET_10013.npy
10014,PASTISFresh/DATA_S2/S2_10014.npy,PASTISFresh/ANNOTATIONS/TARGET_10014.npy
10015,PASTISFresh/DATA_S2/S2_10015.npy,PASTISFresh/ANNOTATIONS/TARGET_10015.npy
10016,PASTISFresh/DATA_S2/S2_10016.npy,PASTISFresh/ANNOTATIONS/TARGET_10016.npy
10019,PASTISFresh/DATA_S2/S2_10019.npy,PASTISFresh/ANNOTATIONS/TARGET_10019.npy
10020,PASTISFresh/DATA_S2/S2_10020.npy,PASTISFresh/ANNOTATIONS/TARGET_10020.npy
10021,PASTISFresh/DATA_S2/S2_10021.npy,PASTISFresh/ANNOTATIONS/TARGET_10021.npy
10023,PASTISFresh/DATA_S2/S2_10023.npy,PASTISFresh/ANNOTATIONS/TARGET_10023.npy
10024,PASTISFresh/DATA_S2/S2_10024.npy,PASTISFresh/ANNOTATIONS/TARGET_10024.npy
10026,PASTISFresh/DATA_S2/S2_10026.npy,PASTISFresh/ANNOTATIONS/TARGET_10026.npy
10027,PASTISFresh/DATA_S2/S2_10027.npy,PASTISFresh/ANNOTATIONS/TARGET_10027.npy
10028,PASTISFresh/DATA_S2/S2_10028.npy,PASTISFresh/ANNOTATIONS/TARGET_10028.npy
10034,PASTISFresh/DATA_S2/S2_10034.npy,PASTISFresh/ANNOTATIONS/TARGET_10034.npy
10035,PASTISFresh/DATA_S2/S2_10035.npy,PASTISFresh/ANNOTATIONS/TARGET_10035.npy
10036,PASTISFresh/DATA_S2/S2_10036.npy,PASTISFresh/ANNOTATIONS/TARGET_10036.npy
10038,PASTISFresh/DATA_S2/S2_10038.npy,PASTISFresh/ANNOTATIONS/TARGET_10038.npy
10039,PASTISFresh/DATA_S2/S2_10039.npy,PASTISFresh/ANNOTATIONS/TARGET_10039.npy
10043,PASTISFresh/DATA_S2/S2_10043.npy,PASTISFresh/ANNOTATIONS/TARGET_10043.npy
10044,PASTISFresh/DATA_S2/S2_10044.npy,PASTISFresh/ANNOTATIONS/TARGET_10044.npy
10045,PASTISFresh/DATA_S2/S2_10045.npy,PASTISFresh/ANNOTATIONS/TARGET_10045.npy
10046,PASTISFresh/DATA_S2/S2_10046.npy,PASTISFresh/ANNOTATIONS/TARGET_10046.npy
10048,PASTISFresh/DATA_S2/S2_10048.npy,PASTISFresh/ANNOTATIONS/TARGET_10048.npy
10049,PASTISFresh/DATA_S2/S2_10049.npy,PASTISFresh/ANNOTATIONS/TARGET_10049.npy
10050,PASTISFresh/DATA_S2/S2_10050.npy,PASTISFresh/ANNOTATIONS/TARGET_10050.npy
10051,PASTISFresh/DATA_S2/S2_10051.npy,PASTISFresh/ANNOTATIONS/TARGET_10051.npy
10053,PASTISFresh/DATA_S2/S2_10053.npy,PASTISFresh/ANNOTATIONS/TARGET_10053.npy
10055,PASTISFresh/DATA_S2/S2_10055.npy,PASTISFresh/ANNOTATIONS/TARGET_10055.npy
10058,PASTISFresh/DATA_S2/S2_10058.npy,PASTISFresh/ANNOTATIONS/TARGET_10058.npy
10059,PASTISFresh/DATA_S2/S2_10059.npy,PASTISFresh/ANNOTATIONS/TARGET_10059.npy
10062,PASTISFresh/DATA_S2/S2_10062.npy,PASTISFresh/ANNOTATIONS/TARGET_10062.npy
10063,PASTISFresh/DATA_S2/S2_10063.npy,PASTISFresh/ANNOTATIONS/TARGET_10063.npy
10066,PASTISFresh/DATA_S2/S2_10066.npy,PASTISFresh/ANNOTATIONS/TARGET_10066.npy
10069,PASTISFresh/DATA_S2/S2_10069.npy,PASTISFresh/ANNOTATIONS/TARGET_10069.npy
10070,PASTISFresh/DATA_S2/S2_10070.npy,PASTISFresh/ANNOTATIONS/TARGET_10070.npy
10072,PASTISFresh/DATA_S2/S2_10072.npy,PASTISFresh/ANNOTATIONS/TARGET_10072.npy
10074,PASTISFresh/DATA_S2/S2_10074.npy,PASTISFresh/ANNOTATIONS/TARGET_10074.npy
10075,PASTISFresh/DATA_S2/S2_10075.npy,PASTISFresh/ANNOTATIONS/TARGET_10075.npy
10076,PASTISFresh/DATA_S2/S2_10076.npy,PASTISFresh/ANNOTATIONS/TARGET_10076.npy
10077,PASTISFresh/DATA_S2/S2_10077.npy,PASTISFresh/ANNOTATIONS/TARGET_10077.npy
10078,PASTISFresh/DATA_S2/S2_10078.npy,PASTISFresh/ANNOTATIONS/TARGET_10078.npy
10081,PASTISFresh/DATA_S2/S2_10081.npy,PASTISFresh/ANNOTATIONS/TARGET_10081.npy
10085,PASTISFresh/DATA_S2/S2_10085.npy,PASTISFresh/ANNOTATIONS/TARGET_10085.npy
10087,PASTISFresh/DATA_S2/S2_10087.npy,PASTISFresh/ANNOTATIONS/TARGET_10087.npy
10088,PASTISFresh/DATA_S2/S2_10088.npy,PASTISFresh/ANNOTATIONS/TARGET_10088.npy
10090,PASTISFresh/DATA_S2/S2_10090.npy,PASTISFresh/ANNOTATIONS/TARGET_10090.npy
10092,PASTISFresh/DATA_S2/S2_10092.npy,PASTISFresh/ANNOTATIONS/TARGET_10092.npy
10097,PASTISFresh/DATA_S2/S2_10097.npy,PASTISFresh/ANNOTATIONS/TARGET_10097.npy
10099,PASTISFresh/DATA_S2/S2_10099.npy,PASTISFresh/ANNOTATIONS/TARGET_10099.npy
10100,PASTISFresh/DATA_S2/S2_10100.npy,PASTISFresh/ANNOTATIONS/TARGET_10100.npy
10103,PASTISFresh/DATA_S2/S2_10103.npy,PASTISFresh/ANNOTATIONS/TARGET_10103.npy
10106,PASTISFresh/DATA_S2/S2_10106.npy,PASTISFresh/ANNOTATIONS/TARGET_10106.npy
10107,PASTISFresh/DATA_S2/S2_10107.npy,PASTISFresh/ANNOTATIONS/TARGET_10107.npy
10113,PASTISFresh/DATA_S2/S2_10113.npy,PASTISFresh/ANNOTATIONS/TARGET_10113.npy
10116,PASTISFresh/DATA_S2/S2_10116.npy,PASTISFresh/ANNOTATIONS/TARGET_10116.npy
10119,PASTISFresh/DATA_S2/S2_10119.npy,PASTISFresh/ANNOTATIONS/TARGET_10119.npy
10122,PASTISFresh/DATA_S2/S2_10122.npy,PASTISFresh/ANNOTATIONS/TARGET_10122.npy
10123,PASTISFresh/DATA_S2/S2_10123.npy,PASTISFresh/ANNOTATIONS/TARGET_10123.npy
10124,PASTISFresh/DATA_S2/S2_10124.npy,PASTISFresh/ANNOTATIONS/TARGET_10124.npy
10126,PASTISFresh/DATA_S2/S2_10126.npy,PASTISFresh/ANNOTATIONS/TARGET_10126.npy
10127,PASTISFresh/DATA_S2/S2_10127.npy,PASTISFresh/ANNOTATIONS/TARGET_10127.npy
10128,PASTISFresh/DATA_S2/S2_10128.npy,PASTISFresh/ANNOTATIONS/TARGET_10128.npy
10132,PASTISFresh/DATA_S2/S2_10132.npy,PASTISFresh/ANNOTATIONS/TARGET_10132.npy
10134,PASTISFresh/DATA_S2/S2_10134.npy,PASTISFresh/ANNOTATIONS/TARGET_10134.npy
10135,PASTISFresh/DATA_S2/S2_10135.npy,PASTISFresh/ANNOTATIONS/TARGET_10135.npy
10138,PASTISFresh/DATA_S2/S2_10138.npy,PASTISFresh/ANNOTATIONS/TARGET_10138.npy
10140,PASTISFresh/DATA_S2/S2_10140.npy,PASTISFresh/ANNOTATIONS/TARGET_10140.npy
10143,PASTISFresh/DATA_S2/S2_10143.npy,PASTISFresh/ANNOTATIONS/TARGET_10143.npy
10144,PASTISFresh/DATA_S2/S2_10144.npy,PASTISFresh/ANNOTATIONS/TARGET_10144.npy
10145,PASTISFresh/DATA_S2/S2_10145.npy,PASTISFresh/ANNOTATIONS/TARGET_10145.npy
10146,PASTISFresh/DATA_S2/S2_10146.npy,PASTISFresh/ANNOTATIONS/TARGET_10146.npy
10148,PASTISFresh/DATA_S2/S2_10148.npy,PASTISFresh/ANNOTATIONS/TARGET_10148.npy
10149,PASTISFresh/DATA_S2/S2_10149.npy,PASTISFresh/ANNOTATIONS/TARGET_10149.npy
10150,PASTISFresh/DATA_S2/S2_10150.npy,PASTISFresh/ANNOTATIONS/TARGET_10150.npy
10152,PASTISFresh/DATA_S2/S2_10152.npy,PASTISFresh/ANNOTATIONS/TARGET_10152.npy
10154,PASTISFresh/DATA_S2/S2_10154.npy,PASTISFresh/ANNOTATIONS/TARGET_10154.npy
10159,PASTISFresh/DATA_S2/S2_10159.npy,PASTISFresh/ANNOTATIONS/TARGET_10159.npy
10160,PASTISFresh/DATA_S2/S2_10160.npy,PASTISFresh/ANNOTATIONS/TARGET_10160.npy
10161,PASTISFresh/DATA_S2/S2_10161.npy,PASTISFresh/ANNOTATIONS/TARGET_10161.npy
10163,PASTISFresh/DATA_S2/S2_10163.npy,PASTISFresh/ANNOTATIONS/TARGET_10163.npy
10164,PASTISFresh/DATA_S2/S2_10164.npy,PASTISFresh/ANNOTATIONS/TARGET_10164.npy
10165,PASTISFresh/DATA_S2/S2_10165.npy,PASTISFresh/ANNOTATIONS/TARGET_10165.npy
10166,PASTISFresh/DATA_S2/S2_10166.npy,PASTISFresh/ANNOTATIONS/TARGET_10166.npy
10167,PASTISFresh/DATA_S2/S2_10167.npy,PASTISFresh/ANNOTATIONS/TARGET_10167.npy
10170,PASTISFresh/DATA_S2/S2_10170.npy,PASTISFresh/ANNOTATIONS/TARGET_10170.npy
10171,PASTISFresh/DATA_S2/S2_10171.npy,PASTISFresh/ANNOTATIONS/TARGET_10171.npy
10173,PASTISFresh/DATA_S2/S2_10173.npy,PASTISFresh/ANNOTATIONS/TARGET_10173.npy
10175,PASTISFresh/DATA_S2/S2_10175.npy,PASTISFresh/ANNOTATIONS/TARGET_10175.npy
10177,PASTISFresh/DATA_S2/S2_10177.npy,PASTISFresh/ANNOTATIONS/TARGET_10177.npy
10179,PASTISFresh/DATA_S2/S2_10179.npy,PASTISFresh/ANNOTATIONS/TARGET_10179.npy
10184,PASTISFresh/DATA_S2/S2_10184.npy,PASTISFresh/ANNOTATIONS/TARGET_10184.npy
10185,PASTISFresh/DATA_S2/S2_10185.npy,PASTISFresh/ANNOTATIONS/TARGET_10185.npy
10186,PASTISFresh/DATA_S2/S2_10186.npy,PASTISFresh/ANNOTATIONS/TARGET_10186.npy
10189,PASTISFresh/DATA_S2/S2_10189.npy,PASTISFresh/ANNOTATIONS/TARGET_10189.npy
10192,PASTISFresh/DATA_S2/S2_10192.npy,PASTISFresh/ANNOTATIONS/TARGET_10192.npy
10196,PASTISFresh/DATA_S2/S2_10196.npy,PASTISFresh/ANNOTATIONS/TARGET_10196.npy
10198,PASTISFresh/DATA_S2/S2_10198.npy,PASTISFresh/ANNOTATIONS/TARGET_10198.npy
10199,PASTISFresh/DATA_S2/S2_10199.npy,PASTISFresh/ANNOTATIONS/TARGET_10199.npy
10202,PASTISFresh/DATA_S2/S2_10202.npy,PASTISFresh/ANNOTATIONS/TARGET_10202.npy
10203,PASTISFresh/DATA_S2/S2_10203.npy,PASTISFresh/ANNOTATIONS/TARGET_10203.npy
10204,PASTISFresh/DATA_S2/S2_10204.npy,PASTISFresh/ANNOTATIONS/TARGET_10204.npy
10207,PASTISFresh/DATA_S2/S2_10207.npy,PASTISFresh/ANNOTATIONS/TARGET_10207.npy
10208,PASTISFresh/DATA_S2/S2_10208.npy,PASTISFresh/ANNOTATIONS/TARGET_10208.npy
10209,PASTISFresh/DATA_S2/S2_10209.npy,PASTISFresh/ANNOTATIONS/TARGET_10209.npy
10210,PASTISFresh/DATA_S2/S2_10210.npy,PASTISFresh/ANNOTATIONS/TARGET_10210.npy
10214,PASTISFresh/DATA_S2/S2_10214.npy,PASTISFresh/ANNOTATIONS/TARGET_10214.npy
10216,PASTISFresh/DATA_S2/S2_10216.npy,PASTISFresh/ANNOTATIONS/TARGET_10216.npy
10217,PASTISFresh/DATA_S2/S2_10217.npy,PASTISFresh/ANNOTATIONS/TARGET_10217.npy
10218,PASTISFresh/DATA_S2/S2_10218.npy,PASTISFresh/ANNOTATIONS/TARGET_10218.npy
10219,PASTISFresh/DATA_S2/S2_10219.npy,PASTISFresh/ANNOTATIONS/TARGET_10219.npy
10223,PASTISFresh/DATA_S2/S2_10223.npy,PASTISFresh/ANNOTATIONS/TARGET_10223.npy
10225,PASTISFresh/DATA_S2/S2_10225.npy,PASTISFresh/ANNOTATIONS/TARGET_10225.npy
10226,PASTISFresh/DATA_S2/S2_10226.npy,PASTISFresh/ANNOTATIONS/TARGET_10226.npy
10228,PASTISFresh/DATA_S2/S2_10228.npy,PASTISFresh/ANNOTATIONS/TARGET_10228.npy
10231,PASTISFresh/DATA_S2/S2_10231.npy,PASTISFresh/ANNOTATIONS/TARGET_10231.npy
10232,PASTISFresh/DATA_S2/S2_10232.npy,PASTISFresh/ANNOTATIONS/TARGET_10232.npy
10233,PASTISFresh/DATA_S2/S2_10233.npy,PASTISFresh/ANNOTATIONS/TARGET_10233.npy
10234,PASTISFresh/DATA_S2/S2_10234.npy,PASTISFresh/ANNOTATIONS/TARGET_10234.npy
10235,PASTISFresh/DATA_S2/S2_10235.npy,PASTISFresh/ANNOTATIONS/TARGET_10235.npy
10237,PASTISFresh/DATA_S2/S2_10237.npy,PASTISFresh/ANNOTATIONS/TARGET_10237.npy
10241,PASTISFresh/DATA_S2/S2_10241.npy,PASTISFresh/ANNOTATIONS/TARGET_10241.npy
10245,PASTISFresh/DATA_S2/S2_10245.npy,PASTISFresh/ANNOTATIONS/TARGET_10245.npy
10246,PASTISFresh/DATA_S2/S2_10246.npy,PASTISFresh/ANNOTATIONS/TARGET_10246.npy
10247,PASTISFresh/DATA_S2/S2_10247.npy,PASTISFresh/ANNOTATIONS/TARGET_10247.npy
10248,PASTISFresh/DATA_S2/S2_10248.npy,PASTISFresh/ANNOTATIONS/TARGET_10248.npy
10249,PASTISFresh/DATA_S2/S2_10249.npy,PASTISFresh/ANNOTATIONS/TARGET_10249.npy
10253,PASTISFresh/DATA_S2/S2_10253.npy,PASTISFresh/ANNOTATIONS/TARGET_10253.npy
10254,PASTISFresh/DATA_S2/S2_10254.npy,PASTISFresh/ANNOTATIONS/TARGET_10254.npy
10255,PASTISFresh/DATA_S2/S2_10255.npy,PASTISFresh/ANNOTATIONS/TARGET_10255.npy
10256,PASTISFresh/DATA_S2/S2_10256.npy,PASTISFresh/ANNOTATIONS/TARGET_10256.npy
10257,PASTISFresh/DATA_S2/S2_10257.npy,PASTISFresh/ANNOTATIONS/TARGET_10257.npy
10260,PASTISFresh/DATA_S2/S2_10260.npy,PASTISFresh/ANNOTATIONS/TARGET_10260.npy
10261,PASTISFresh/DATA_S2/S2_10261.npy,PASTISFresh/ANNOTATIONS/TARGET_10261.npy
10263,PASTISFresh/DATA_S2/S2_10263.npy,PASTISFresh/ANNOTATIONS/TARGET_10263.npy
10265,PASTISFresh/DATA_S2/S2_10265.npy,PASTISFresh/ANNOTATIONS/TARGET_10265.npy
10268,PASTISFresh/DATA_S2/S2_10268.npy,PASTISFresh/ANNOTATIONS/TARGET_10268.npy
10271,PASTISFresh/DATA_S2/S2_10271.npy,PASTISFresh/ANNOTATIONS/TARGET_10271.npy
10272,PASTISFresh/DATA_S2/S2_10272.npy,PASTISFresh/ANNOTATIONS/TARGET_10272.npy
10273,PASTISFresh/DATA_S2/S2_10273.npy,PASTISFresh/ANNOTATIONS/TARGET_10273.npy
10274,PASTISFresh/DATA_S2/S2_10274.npy,PASTISFresh/ANNOTATIONS/TARGET_10274.npy
10276,PASTISFresh/DATA_S2/S2_10276.npy,PASTISFresh/ANNOTATIONS/TARGET_10276.npy
10277,PASTISFresh/DATA_S2/S2_10277.npy,PASTISFresh/ANNOTATIONS/TARGET_10277.npy
10278,PASTISFresh/DATA_S2/S2_10278.npy,PASTISFresh/ANNOTATIONS/TARGET_10278.npy
10281,PASTISFresh/DATA_S2/S2_10281.npy,PASTISFresh/ANNOTATIONS/TARGET_10281.npy
10282,PASTISFresh/DATA_S2/S2_10282.npy,PASTISFresh/ANNOTATIONS/TARGET_10282.npy
10284,PASTISFresh/DATA_S2/S2_10284.npy,PASTISFresh/ANNOTATIONS/TARGET_10284.npy
10286,PASTISFresh/DATA_S2/S2_10286.npy,PASTISFresh/ANNOTATIONS/TARGET_10286.npy
10287,PASTISFresh/DATA_S2/S2_10287.npy,PASTISFresh/ANNOTATIONS/TARGET_10287.npy
10288,PASTISFresh/DATA_S2/S2_10288.npy,PASTISFresh/ANNOTATIONS/TARGET_10288.npy
10290,PASTISFresh/DATA_S2/S2_10290.npy,PASTISFresh/ANNOTATIONS/TARGET_10290.npy
10293,PASTISFresh/DATA_S2/S2_10293.npy,PASTISFresh/ANNOTATIONS/TARGET_10293.npy
10294,PASTISFresh/DATA_S2/S2_10294.npy,PASTISFresh/ANNOTATIONS/TARGET_10294.npy
10295,PASTISFresh/DATA_S2/S2_10295.npy,PASTISFresh/ANNOTATIONS/TARGET_10295.npy
10296,PASTISFresh/DATA_S2/S2_10296.npy,PASTISFresh/ANNOTATIONS/TARGET_10296.npy
10298,PASTISFresh/DATA_S2/S2_10298.npy,PASTISFresh/ANNOTATIONS/TARGET_10298.npy
10299,PASTISFresh/DATA_S2/S2_10299.npy,PASTISFresh/ANNOTATIONS/TARGET_10299.npy
10301,PASTISFresh/DATA_S2/S2_10301.npy,PASTISFresh/ANNOTATIONS/TARGET_10301.npy
10302,PASTISFresh/DATA_S2/S2_10302.npy,PASTISFresh/ANNOTATIONS/TARGET_10302.npy
10303,PASTISFresh/DATA_S2/S2_10303.npy,PASTISFresh/ANNOTATIONS/TARGET_10303.npy
10304,PASTISFresh/DATA_S2/S2_10304.npy,PASTISFresh/ANNOTATIONS/TARGET_10304.npy
10306,PASTISFresh/DATA_S2/S2_10306.npy,PASTISFresh/ANNOTATIONS/TARGET_10306.npy
10307,PASTISFresh/DATA_S2/S2_10307.npy,PASTISFresh/ANNOTATIONS/TARGET_10307.npy
10313,PASTISFresh/DATA_S2/S2_10313.npy,PASTISFresh/ANNOTATIONS/TARGET_10313.npy
10315,PASTISFresh/DATA_S2/S2_10315.npy,PASTISFresh/ANNOTATIONS/TARGET_10315.npy
10316,PASTISFresh/DATA_S2/S2_10316.npy,PASTISFresh/ANNOTATIONS/TARGET_10316.npy
10317,PASTISFresh/DATA_S2/S2_10317.npy,PASTISFresh/ANNOTATIONS/TARGET_10317.npy
10318,PASTISFresh/DATA_S2/S2_10318.npy,PASTISFresh/ANNOTATIONS/TARGET_10318.npy
10320,PASTISFresh/DATA_S2/S2_10320.npy,PASTISFresh/ANNOTATIONS/TARGET_10320.npy
10323,PASTISFresh/DATA_S2/S2_10323.npy,PASTISFresh/ANNOTATIONS/TARGET_10323.npy
10326,PASTISFresh/DATA_S2/S2_10326.npy,PASTISFresh/ANNOTATIONS/TARGET_10326.npy
10328,PASTISFresh/DATA_S2/S2_10328.npy,PASTISFresh/ANNOTATIONS/TARGET_10328.npy
10329,PASTISFresh/DATA_S2/S2_10329.npy,PASTISFresh/ANNOTATIONS/TARGET_10329.npy
10330,PASTISFresh/DATA_S2/S2_10330.npy,PASTISFresh/ANNOTATIONS/TARGET_10330.npy
10332,PASTISFresh/DATA_S2/S2_10332.npy,PASTISFresh/ANNOTATIONS/TARGET_10332.npy
10334,PASTISFresh/DATA_S2/S2_10334.npy,PASTISFresh/ANNOTATIONS/TARGET_10334.npy
10335,PASTISFresh/DATA_S2/S2_10335.npy,PASTISFresh/ANNOTATIONS/TARGET_10335.npy
10336,PASTISFresh/DATA_S2/S2_10336.npy,PASTISFresh/ANNOTATIONS/TARGET_10336.npy
10338,PASTISFresh/DATA_S2/S2_10338.npy,PASTISFresh/ANNOTATIONS/TARGET_10338.npy
10339,PASTISFresh/DATA_S2/S2_10339.npy,PASTISFresh/ANNOTATIONS/TARGET_10339.npy
10342,PASTISFresh/DATA_S2/S2_10342.npy,PASTISFresh/ANNOTATIONS/TARGET_10342.npy
10343,PASTISFresh/DATA_S2/S2_10343.npy,PASTISFresh/ANNOTATIONS/TARGET_10343.npy
10344,PASTISFresh/DATA_S2/S2_10344.npy,PASTISFresh/ANNOTATIONS/TARGET_10344.npy
10349,PASTISFresh/DATA_S2/S2_10349.npy,PASTISFresh/ANNOTATIONS/TARGET_10349.npy
10351,PASTISFresh/DATA_S2/S2_10351.npy,PASTISFresh/ANNOTATIONS/TARGET_10351.npy
10352,PASTISFresh/DATA_S2/S2_10352.npy,PASTISFresh/ANNOTATIONS/TARGET_10352.npy
10356,PASTISFresh/DATA_S2/S2_10356.npy,PASTISFresh/ANNOTATIONS/TARGET_10356.npy
10357,PASTISFresh/DATA_S2/S2_10357.npy,PASTISFresh/ANNOTATIONS/TARGET_10357.npy
10358,PASTISFresh/DATA_S2/S2_10358.npy,PASTISFresh/ANNOTATIONS/TARGET_10358.npy
10364,PASTISFresh/DATA_S2/S2_10364.npy,PASTISFresh/ANNOTATIONS/TARGET_10364.npy
10365,PASTISFresh/DATA_S2/S2_10365.npy,PASTISFresh/ANNOTATIONS/TARGET_10365.npy
10368,PASTISFresh/DATA_S2/S2_10368.npy,PASTISFresh/ANNOTATIONS/TARGET_10368.npy
10369,PASTISFresh/DATA_S2/S2_10369.npy,PASTISFresh/ANNOTATIONS/TARGET_10369.npy
10370,PASTISFresh/DATA_S2/S2_10370.npy,PASTISFresh/ANNOTATIONS/TARGET_10370.npy
10371,PASTISFresh/DATA_S2/S2_10371.npy,PASTISFresh/ANNOTATIONS/TARGET_10371.npy
10373,PASTISFresh/DATA_S2/S2_10373.npy,PASTISFresh/ANNOTATIONS/TARGET_10373.npy
10375,PASTISFresh/DATA_S2/S2_10375.npy,PASTISFresh/ANNOTATIONS/TARGET_10375.npy
10378,PASTISFresh/DATA_S2/S2_10378.npy,PASTISFresh/ANNOTATIONS/TARGET_10378.npy
10379,PASTISFresh/DATA_S2/S2_10379.npy,PASTISFresh/ANNOTATIONS/TARGET_10379.npy
10383,PASTISFresh/DATA_S2/S2_10383.npy,PASTISFresh/ANNOTATIONS/TARGET_10383.npy
10385,PASTISFresh/DATA_S2/S2_10385.npy,PASTISFresh/ANNOTATIONS/TARGET_10385.npy
10386,PASTISFresh/DATA_S2/S2_10386.npy,PASTISFresh/ANNOTATIONS/TARGET_10386.npy
10387,PASTISFresh/DATA_S2/S2_10387.npy,PASTISFresh/ANNOTATIONS/TARGET_10387.npy
10388,PASTISFresh/DATA_S2/S2_10388.npy,PASTISFresh/ANNOTATIONS/TARGET_10388.npy
10391,PASTISFresh/DATA_S2/S2_10391.npy,PASTISFresh/ANNOTATIONS/TARGET_10391.npy
10394,PASTISFresh/DATA_S2/S2_10394.npy,PASTISFresh/ANNOTATIONS/TARGET_10394.npy
10397,PASTISFresh/DATA_S2/S2_10397.npy,PASTISFresh/ANNOTATIONS/TARGET_10397.npy
10400,PASTISFresh/DATA_S2/S2_10400.npy,PASTISFresh/ANNOTATIONS/TARGET_10400.npy
10401,PASTISFresh/DATA_S2/S2_10401.npy,PASTISFresh/ANNOTATIONS/TARGET_10401.npy
10404,PASTISFresh/DATA_S2/S2_10404.npy,PASTISFresh/ANNOTATIONS/TARGET_10404.npy
10405,PASTISFresh/DATA_S2/S2_10405.npy,PASTISFresh/ANNOTATIONS/TARGET_10405.npy
10406,PASTISFresh/DATA_S2/S2_10406.npy,PASTISFresh/ANNOTATIONS/TARGET_10406.npy
10408,PASTISFresh/DATA_S2/S2_10408.npy,PASTISFresh/ANNOTATIONS/TARGET_10408.npy
10410,PASTISFresh/DATA_S2/S2_10410.npy,PASTISFresh/ANNOTATIONS/TARGET_10410.npy
10411,PASTISFresh/DATA_S2/S2_10411.npy,PASTISFresh/ANNOTATIONS/TARGET_10411.npy
10413,PASTISFresh/DATA_S2/S2_10413.npy,PASTISFresh/ANNOTATIONS/TARGET_10413.npy
10414,PASTISFresh/DATA_S2/S2_10414.npy,PASTISFresh/ANNOTATIONS/TARGET_10414.npy
10415,PASTISFresh/DATA_S2/S2_10415.npy,PASTISFresh/ANNOTATIONS/TARGET_10415.npy
10417,PASTISFresh/DATA_S2/S2_10417.npy,PASTISFresh/ANNOTATIONS/TARGET_10417.npy
10418,PASTISFresh/DATA_S2/S2_10418.npy,PASTISFresh/ANNOTATIONS/TARGET_10418.npy
10419,PASTISFresh/DATA_S2/S2_10419.npy,PASTISFresh/ANNOTATIONS/TARGET_10419.npy
10420,PASTISFresh/DATA_S2/S2_10420.npy,PASTISFresh/ANNOTATIONS/TARGET_10420.npy
10421,PASTISFresh/DATA_S2/S2_10421.npy,PASTISFresh/ANNOTATIONS/TARGET_10421.npy
10423,PASTISFresh/DATA_S2/S2_10423.npy,PASTISFresh/ANNOTATIONS/TARGET_10423.npy
10424,PASTISFresh/DATA_S2/S2_10424.npy,PASTISFresh/ANNOTATIONS/TARGET_10424.npy
10425,PASTISFresh/DATA_S2/S2_10425.npy,PASTISFresh/ANNOTATIONS/TARGET_10425.npy
10426,PASTISFresh/DATA_S2/S2_10426.npy,PASTISFresh/ANNOTATIONS/TARGET_10426.npy
10427,PASTISFresh/DATA_S2/S2_10427.npy,PASTISFresh/ANNOTATIONS/TARGET_10427.npy
10429,PASTISFresh/DATA_S2/S2_10429.npy,PASTISFresh/ANNOTATIONS/TARGET_10429.npy
10431,PASTISFresh/DATA_S2/S2_10431.npy,PASTISFresh/ANNOTATIONS/TARGET_10431.npy
10432,PASTISFresh/DATA_S2/S2_10432.npy,PASTISFresh/ANNOTATIONS/TARGET_10432.npy
10433,PASTISFresh/DATA_S2/S2_10433.npy,PASTISFresh/ANNOTATIONS/TARGET_10433.npy
10434,PASTISFresh/DATA_S2/S2_10434.npy,PASTISFresh/ANNOTATIONS/TARGET_10434.npy
10437,PASTISFresh/DATA_S2/S2_10437.npy,PASTISFresh/ANNOTATIONS/TARGET_10437.npy
10440,PASTISFresh/DATA_S2/S2_10440.npy,PASTISFresh/ANNOTATIONS/TARGET_10440.npy
10442,PASTISFresh/DATA_S2/S2_10442.npy,PASTISFresh/ANNOTATIONS/TARGET_10442.npy
10445,PASTISFresh/DATA_S2/S2_10445.npy,PASTISFresh/ANNOTATIONS/TARGET_10445.npy
10446,PASTISFresh/DATA_S2/S2_10446.npy,PASTISFresh/ANNOTATIONS/TARGET_10446.npy
10452,PASTISFresh/DATA_S2/S2_10452.npy,PASTISFresh/ANNOTATIONS/TARGET_10452.npy
10454,PASTISFresh/DATA_S2/S2_10454.npy,PASTISFresh/ANNOTATIONS/TARGET_10454.npy
10458,PASTISFresh/DATA_S2/S2_10458.npy,PASTISFresh/ANNOTATIONS/TARGET_10458.npy
10461,PASTISFresh/DATA_S2/S2_10461.npy,PASTISFresh/ANNOTATIONS/TARGET_10461.npy
10463,PASTISFresh/DATA_S2/S2_10463.npy,PASTISFresh/ANNOTATIONS/TARGET_10463.npy
10464,PASTISFresh/DATA_S2/S2_10464.npy,PASTISFresh/ANNOTATIONS/TARGET_10464.npy
10465,PASTISFresh/DATA_S2/S2_10465.npy,PASTISFresh/ANNOTATIONS/TARGET_10465.npy
10466,PASTISFresh/DATA_S2/S2_10466.npy,PASTISFresh/ANNOTATIONS/TARGET_10466.npy
10467,PASTISFresh/DATA_S2/S2_10467.npy,PASTISFresh/ANNOTATIONS/TARGET_10467.npy
10469,PASTISFresh/DATA_S2/S2_10469.npy,PASTISFresh/ANNOTATIONS/TARGET_10469.npy
10470,PASTISFresh/DATA_S2/S2_10470.npy,PASTISFresh/ANNOTATIONS/TARGET_10470.npy
10476,PASTISFresh/DATA_S2/S2_10476.npy,PASTISFresh/ANNOTATIONS/TARGET_10476.npy
10478,PASTISFresh/DATA_S2/S2_10478.npy,PASTISFresh/ANNOTATIONS/TARGET_10478.npy
10479,PASTISFresh/DATA_S2/S2_10479.npy,PASTISFresh/ANNOTATIONS/TARGET_10479.npy
10480,PASTISFresh/DATA_S2/S2_10480.npy,PASTISFresh/ANNOTATIONS/TARGET_10480.npy
10481,PASTISFresh/DATA_S2/S2_10481.npy,PASTISFresh/ANNOTATIONS/TARGET_10481.npy
10482,PASTISFresh/DATA_S2/S2_10482.npy,PASTISFresh/ANNOTATIONS/TARGET_10482.npy
10483,PASTISFresh/DATA_S2/S2_10483.npy,PASTISFresh/ANNOTATIONS/TARGET_10483.npy
10484,PASTISFresh/DATA_S2/S2_10484.npy,PASTISFresh/ANNOTATIONS/TARGET_10484.npy
10486,PASTISFresh/DATA_S2/S2_10486.npy,PASTISFresh/ANNOTATIONS/TARGET_10486.npy
10487,PASTISFresh/DATA_S2/S2_10487.npy,PASTISFresh/ANNOTATIONS/TARGET_10487.npy
10488,PASTISFresh/DATA_S2/S2_10488.npy,PASTISFresh/ANNOTATIONS/TARGET_10488.npy
10489,PASTISFresh/DATA_S2/S2_10489.npy,PASTISFresh/ANNOTATIONS/TARGET_10489.npy
10490,PASTISFresh/DATA_S2/S2_10490.npy,PASTISFresh/ANNOTATIONS/TARGET_10490.npy
10492,PASTISFresh/DATA_S2/S2_10492.npy,PASTISFresh/ANNOTATIONS/TARGET_10492.npy
10494,PASTISFresh/DATA_S2/S2_10494.npy,PASTISFresh/ANNOTATIONS/TARGET_10494.npy
10495,PASTISFresh/DATA_S2/S2_10495.npy,PASTISFresh/ANNOTATIONS/TARGET_10495.npy
10496,PASTISFresh/DATA_S2/S2_10496.npy,PASTISFresh/ANNOTATIONS/TARGET_10496.npy
10498,PASTISFresh/DATA_S2/S2_10498.npy,PASTISFresh/ANNOTATIONS/TARGET_10498.npy
10499,PASTISFresh/DATA_S2/S2_10499.npy,PASTISFresh/ANNOTATIONS/TARGET_10499.npy
10500,PASTISFresh/DATA_S2/S2_10500.npy,PASTISFresh/ANNOTATIONS/TARGET_10500.npy
10504,PASTISFresh/DATA_S2/S2_10504.npy,PASTISFresh/ANNOTATIONS/TARGET_10504.npy
10505,PASTISFresh/DATA_S2/S2_10505.npy,PASTISFresh/ANNOTATIONS/TARGET_10505.npy
10507,PASTISFresh/DATA_S2/S2_10507.npy,PASTISFresh/ANNOTATIONS/TARGET_10507.npy
10509,PASTISFresh/DATA_S2/S2_10509.npy,PASTISFresh/ANNOTATIONS/TARGET_10509.npy
10511,PASTISFresh/DATA_S2/S2_10511.npy,PASTISFresh/ANNOTATIONS/TARGET_10511.npy
10512,PASTISFresh/DATA_S2/S2_10512.npy,PASTISFresh/ANNOTATIONS/TARGET_10512.npy
10513,PASTISFresh/DATA_S2/S2_10513.npy,PASTISFresh/ANNOTATIONS/TARGET_10513.npy
10516,PASTISFresh/DATA_S2/S2_10516.npy,PASTISFresh/ANNOTATIONS/TARGET_10516.npy
10517,PASTISFresh/DATA_S2/S2_10517.npy,PASTISFresh/ANNOTATIONS/TARGET_10517.npy
10518,PASTISFresh/DATA_S2/S2_10518.npy,PASTISFresh/ANNOTATIONS/TARGET_10518.npy
10519,PASTISFresh/DATA_S2/S2_10519.npy,PASTISFresh/ANNOTATIONS/TARGET_10519.npy
10520,PASTISFresh/DATA_S2/S2_10520.npy,PASTISFresh/ANNOTATIONS/TARGET_10520.npy
10521,PASTISFresh/DATA_S2/S2_10521.npy,PASTISFresh/ANNOTATIONS/TARGET_10521.npy
10522,PASTISFresh/DATA_S2/S2_10522.npy,PASTISFresh/ANNOTATIONS/TARGET_10522.npy
10523,PASTISFresh/DATA_S2/S2_10523.npy,PASTISFresh/ANNOTATIONS/TARGET_10523.npy
10524,PASTISFresh/DATA_S2/S2_10524.npy,PASTISFresh/ANNOTATIONS/TARGET_10524.npy
10525,PASTISFresh/DATA_S2/S2_10525.npy,PASTISFresh/ANNOTATIONS/TARGET_10525.npy
10527,PASTISFresh/DATA_S2/S2_10527.npy,PASTISFresh/ANNOTATIONS/TARGET_10527.npy
10528,PASTISFresh/DATA_S2/S2_10528.npy,PASTISFresh/ANNOTATIONS/TARGET_10528.npy
10531,PASTISFresh/DATA_S2/S2_10531.npy,PASTISFresh/ANNOTATIONS/TARGET_10531.npy
10533,PASTISFresh/DATA_S2/S2_10533.npy,PASTISFresh/ANNOTATIONS/TARGET_10533.npy
10534,PASTISFresh/DATA_S2/S2_10534.npy,PASTISFresh/ANNOTATIONS/TARGET_10534.npy
10537,PASTISFresh/DATA_S2/S2_10537.npy,PASTISFresh/ANNOTATIONS/TARGET_10537.npy
10538,PASTISFresh/DATA_S2/S2_10538.npy,PASTISFresh/ANNOTATIONS/TARGET_10538.npy
10539,PASTISFresh/DATA_S2/S2_10539.npy,PASTISFresh/ANNOTATIONS/TARGET_10539.npy
10540,PASTISFresh/DATA_S2/S2_10540.npy,PASTISFresh/ANNOTATIONS/TARGET_10540.npy
20001,PASTISFresh/DATA_S2/S2_20001.npy,PASTISFresh/ANNOTATIONS/TARGET_20001.npy
20002,PASTISFresh/DATA_S2/S2_20002.npy,PASTISFresh/ANNOTATIONS/TARGET_20002.npy
20003,PASTISFresh/DATA_S2/S2_20003.npy,PASTISFresh/ANNOTATIONS/TARGET_20003.npy
20006,PASTISFresh/DATA_S2/S2_20006.npy,PASTISFresh/ANNOTATIONS/TARGET_20006.npy
20007,PASTISFresh/DATA_S2/S2_20007.npy,PASTISFresh/ANNOTATIONS/TARGET_20007.npy
20008,PASTISFresh/DATA_S2/S2_20008.npy,PASTISFresh/ANNOTATIONS/TARGET_20008.npy
20010,PASTISFresh/DATA_S2/S2_20010.npy,PASTISFresh/ANNOTATIONS/TARGET_20010.npy
20013,PASTISFresh/DATA_S2/S2_20013.npy,PASTISFresh/ANNOTATIONS/TARGET_20013.npy
20014,PASTISFresh/DATA_S2/S2_20014.npy,PASTISFresh/ANNOTATIONS/TARGET_20014.npy
20015,PASTISFresh/DATA_S2/S2_20015.npy,PASTISFresh/ANNOTATIONS/TARGET_20015.npy
20016,PASTISFresh/DATA_S2/S2_20016.npy,PASTISFresh/ANNOTATIONS/TARGET_20016.npy
20019,PASTISFresh/DATA_S2/S2_20019.npy,PASTISFresh/ANNOTATIONS/TARGET_20019.npy
20022,PASTISFresh/DATA_S2/S2_20022.npy,PASTISFresh/ANNOTATIONS/TARGET_20022.npy
20023,PASTISFresh/DATA_S2/S2_20023.npy,PASTISFresh/ANNOTATIONS/TARGET_20023.npy
20025,PASTISFresh/DATA_S2/S2_20025.npy,PASTISFresh/ANNOTATIONS/TARGET_20025.npy
20028,PASTISFresh/DATA_S2/S2_20028.npy,PASTISFresh/ANNOTATIONS/TARGET_20028.npy
20030,PASTISFresh/DATA_S2/S2_20030.npy,PASTISFresh/ANNOTATIONS/TARGET_20030.npy
20031,PASTISFresh/DATA_S2/S2_20031.npy,PASTISFresh/ANNOTATIONS/TARGET_20031.npy
20032,PASTISFresh/DATA_S2/S2_20032.npy,PASTISFresh/ANNOTATIONS/TARGET_20032.npy
20035,PASTISFresh/DATA_S2/S2_20035.npy,PASTISFresh/ANNOTATIONS/TARGET_20035.npy
20036,PASTISFresh/DATA_S2/S2_20036.npy,PASTISFresh/ANNOTATIONS/TARGET_20036.npy
20037,PASTISFresh/DATA_S2/S2_20037.npy,PASTISFresh/ANNOTATIONS/TARGET_20037.npy
20040,PASTISFresh/DATA_S2/S2_20040.npy,PASTISFresh/ANNOTATIONS/TARGET_20040.npy
20041,PASTISFresh/DATA_S2/S2_20041.npy,PASTISFresh/ANNOTATIONS/TARGET_20041.npy
20042,PASTISFresh/DATA_S2/S2_20042.npy,PASTISFresh/ANNOTATIONS/TARGET_20042.npy
20043,PASTISFresh/DATA_S2/S2_20043.npy,PASTISFresh/ANNOTATIONS/TARGET_20043.npy
20044,PASTISFresh/DATA_S2/S2_20044.npy,PASTISFresh/ANNOTATIONS/TARGET_20044.npy
20046,PASTISFresh/DATA_S2/S2_20046.npy,PASTISFresh/ANNOTATIONS/TARGET_20046.npy
20049,PASTISFresh/DATA_S2/S2_20049.npy,PASTISFresh/ANNOTATIONS/TARGET_20049.npy
20050,PASTISFresh/DATA_S2/S2_20050.npy,PASTISFresh/ANNOTATIONS/TARGET_20050.npy
20051,PASTISFresh/DATA_S2/S2_20051.npy,PASTISFresh/ANNOTATIONS/TARGET_20051.npy
20056,PASTISFresh/DATA_S2/S2_20056.npy,PASTISFresh/ANNOTATIONS/TARGET_20056.npy
20057,PASTISFresh/DATA_S2/S2_20057.npy,PASTISFresh/ANNOTATIONS/TARGET_20057.npy
20058,PASTISFresh/DATA_S2/S2_20058.npy,PASTISFresh/ANNOTATIONS/TARGET_20058.npy
20059,PASTISFresh/DATA_S2/S2_20059.npy,PASTISFresh/ANNOTATIONS/TARGET_20059.npy
20060,PASTISFresh/DATA_S2/S2_20060.npy,PASTISFresh/ANNOTATIONS/TARGET_20060.npy
20062,PASTISFresh/DATA_S2/S2_20062.npy,PASTISFresh/ANNOTATIONS/TARGET_20062.npy
20063,PASTISFresh/DATA_S2/S2_20063.npy,PASTISFresh/ANNOTATIONS/TARGET_20063.npy
20065,PASTISFresh/DATA_S2/S2_20065.npy,PASTISFresh/ANNOTATIONS/TARGET_20065.npy
20068,PASTISFresh/DATA_S2/S2_20068.npy,PASTISFresh/ANNOTATIONS/TARGET_20068.npy
20072,PASTISFresh/DATA_S2/S2_20072.npy,PASTISFresh/ANNOTATIONS/TARGET_20072.npy
20074,PASTISFresh/DATA_S2/S2_20074.npy,PASTISFresh/ANNOTATIONS/TARGET_20074.npy
20075,PASTISFresh/DATA_S2/S2_20075.npy,PASTISFresh/ANNOTATIONS/TARGET_20075.npy
20080,PASTISFresh/DATA_S2/S2_20080.npy,PASTISFresh/ANNOTATIONS/TARGET_20080.npy
20082,PASTISFresh/DATA_S2/S2_20082.npy,PASTISFresh/ANNOTATIONS/TARGET_20082.npy
20083,PASTISFresh/DATA_S2/S2_20083.npy,PASTISFresh/ANNOTATIONS/TARGET_20083.npy
20084,PASTISFresh/DATA_S2/S2_20084.npy,PASTISFresh/ANNOTATIONS/TARGET_20084.npy
20086,PASTISFresh/DATA_S2/S2_20086.npy,PASTISFresh/ANNOTATIONS/TARGET_20086.npy
20088,PASTISFresh/DATA_S2/S2_20088.npy,PASTISFresh/ANNOTATIONS/TARGET_20088.npy
20090,PASTISFresh/DATA_S2/S2_20090.npy,PASTISFresh/ANNOTATIONS/TARGET_20090.npy
20092,PASTISFresh/DATA_S2/S2_20092.npy,PASTISFresh/ANNOTATIONS/TARGET_20092.npy
20093,PASTISFresh/DATA_S2/S2_20093.npy,PASTISFresh/ANNOTATIONS/TARGET_20093.npy
20094,PASTISFresh/DATA_S2/S2_20094.npy,PASTISFresh/ANNOTATIONS/TARGET_20094.npy
20095,PASTISFresh/DATA_S2/S2_20095.npy,PASTISFresh/ANNOTATIONS/TARGET_20095.npy
20096,PASTISFresh/DATA_S2/S2_20096.npy,PASTISFresh/ANNOTATIONS/TARGET_20096.npy
20101,PASTISFresh/DATA_S2/S2_20101.npy,PASTISFresh/ANNOTATIONS/TARGET_20101.npy
20102,PASTISFresh/DATA_S2/S2_20102.npy,PASTISFresh/ANNOTATIONS/TARGET_20102.npy
20105,PASTISFresh/DATA_S2/S2_20105.npy,PASTISFresh/ANNOTATIONS/TARGET_20105.npy
20106,PASTISFresh/DATA_S2/S2_20106.npy,PASTISFresh/ANNOTATIONS/TARGET_20106.npy
20107,PASTISFresh/DATA_S2/S2_20107.npy,PASTISFresh/ANNOTATIONS/TARGET_20107.npy
20108,PASTISFresh/DATA_S2/S2_20108.npy,PASTISFresh/ANNOTATIONS/TARGET_20108.npy
20109,PASTISFresh/DATA_S2/S2_20109.npy,PASTISFresh/ANNOTATIONS/TARGET_20109.npy
20110,PASTISFresh/DATA_S2/S2_20110.npy,PASTISFresh/ANNOTATIONS/TARGET_20110.npy
20113,PASTISFresh/DATA_S2/S2_20113.npy,PASTISFresh/ANNOTATIONS/TARGET_20113.npy
20114,PASTISFresh/DATA_S2/S2_20114.npy,PASTISFresh/ANNOTATIONS/TARGET_20114.npy
20118,PASTISFresh/DATA_S2/S2_20118.npy,PASTISFresh/ANNOTATIONS/TARGET_20118.npy
20119,PASTISFresh/DATA_S2/S2_20119.npy,PASTISFresh/ANNOTATIONS/TARGET_20119.npy
20120,PASTISFresh/DATA_S2/S2_20120.npy,PASTISFresh/ANNOTATIONS/TARGET_20120.npy
20122,PASTISFresh/DATA_S2/S2_20122.npy,PASTISFresh/ANNOTATIONS/TARGET_20122.npy
20123,PASTISFresh/DATA_S2/S2_20123.npy,PASTISFresh/ANNOTATIONS/TARGET_20123.npy
20125,PASTISFresh/DATA_S2/S2_20125.npy,PASTISFresh/ANNOTATIONS/TARGET_20125.npy
20126,PASTISFresh/DATA_S2/S2_20126.npy,PASTISFresh/ANNOTATIONS/TARGET_20126.npy
20127,PASTISFresh/DATA_S2/S2_20127.npy,PASTISFresh/ANNOTATIONS/TARGET_20127.npy
20128,PASTISFresh/DATA_S2/S2_20128.npy,PASTISFresh/ANNOTATIONS/TARGET_20128.npy
20129,PASTISFresh/DATA_S2/S2_20129.npy,PASTISFresh/ANNOTATIONS/TARGET_20129.npy
20130,PASTISFresh/DATA_S2/S2_20130.npy,PASTISFresh/ANNOTATIONS/TARGET_20130.npy
20131,PASTISFresh/DATA_S2/S2_20131.npy,PASTISFresh/ANNOTATIONS/TARGET_20131.npy
20132,PASTISFresh/DATA_S2/S2_20132.npy,PASTISFresh/ANNOTATIONS/TARGET_20132.npy
20134,PASTISFresh/DATA_S2/S2_20134.npy,PASTISFresh/ANNOTATIONS/TARGET_20134.npy
20138,PASTISFresh/DATA_S2/S2_20138.npy,PASTISFresh/ANNOTATIONS/TARGET_20138.npy
20139,PASTISFresh/DATA_S2/S2_20139.npy,PASTISFresh/ANNOTATIONS/TARGET_20139.npy
20140,PASTISFresh/DATA_S2/S2_20140.npy,PASTISFresh/ANNOTATIONS/TARGET_20140.npy
20143,PASTISFresh/DATA_S2/S2_20143.npy,PASTISFresh/ANNOTATIONS/TARGET_20143.npy
20144,PASTISFresh/DATA_S2/S2_20144.npy,PASTISFresh/ANNOTATIONS/TARGET_20144.npy
20145,PASTISFresh/DATA_S2/S2_20145.npy,PASTISFresh/ANNOTATIONS/TARGET_20145.npy
20149,PASTISFresh/DATA_S2/S2_20149.npy,PASTISFresh/ANNOTATIONS/TARGET_20149.npy
20150,PASTISFresh/DATA_S2/S2_20150.npy,PASTISFresh/ANNOTATIONS/TARGET_20150.npy
20152,PASTISFresh/DATA_S2/S2_20152.npy,PASTISFresh/ANNOTATIONS/TARGET_20152.npy
20155,PASTISFresh/DATA_S2/S2_20155.npy,PASTISFresh/ANNOTATIONS/TARGET_20155.npy
20156,PASTISFresh/DATA_S2/S2_20156.npy,PASTISFresh/ANNOTATIONS/TARGET_20156.npy
20157,PASTISFresh/DATA_S2/S2_20157.npy,PASTISFresh/ANNOTATIONS/TARGET_20157.npy
20158,PASTISFresh/DATA_S2/S2_20158.npy,PASTISFresh/ANNOTATIONS/TARGET_20158.npy
20160,PASTISFresh/DATA_S2/S2_20160.npy,PASTISFresh/ANNOTATIONS/TARGET_20160.npy
20161,PASTISFresh/DATA_S2/S2_20161.npy,PASTISFresh/ANNOTATIONS/TARGET_20161.npy
20162,PASTISFresh/DATA_S2/S2_20162.npy,PASTISFresh/ANNOTATIONS/TARGET_20162.npy
20164,PASTISFresh/DATA_S2/S2_20164.npy,PASTISFresh/ANNOTATIONS/TARGET_20164.npy
20166,PASTISFresh/DATA_S2/S2_20166.npy,PASTISFresh/ANNOTATIONS/TARGET_20166.npy
20169,PASTISFresh/DATA_S2/S2_20169.npy,PASTISFresh/ANNOTATIONS/TARGET_20169.npy
20170,PASTISFresh/DATA_S2/S2_20170.npy,PASTISFresh/ANNOTATIONS/TARGET_20170.npy
20171,PASTISFresh/DATA_S2/S2_20171.npy,PASTISFresh/ANNOTATIONS/TARGET_20171.npy
20172,PASTISFresh/DATA_S2/S2_20172.npy,PASTISFresh/ANNOTATIONS/TARGET_20172.npy
20175,PASTISFresh/DATA_S2/S2_20175.npy,PASTISFresh/ANNOTATIONS/TARGET_20175.npy
20177,PASTISFresh/DATA_S2/S2_20177.npy,PASTISFresh/ANNOTATIONS/TARGET_20177.npy
20178,PASTISFresh/DATA_S2/S2_20178.npy,PASTISFresh/ANNOTATIONS/TARGET_20178.npy
20179,PASTISFresh/DATA_S2/S2_20179.npy,PASTISFresh/ANNOTATIONS/TARGET_20179.npy
20180,PASTISFresh/DATA_S2/S2_20180.npy,PASTISFresh/ANNOTATIONS/TARGET_20180.npy
20181,PASTISFresh/DATA_S2/S2_20181.npy,PASTISFresh/ANNOTATIONS/TARGET_20181.npy
20185,PASTISFresh/DATA_S2/S2_20185.npy,PASTISFresh/ANNOTATIONS/TARGET_20185.npy
20186,PASTISFresh/DATA_S2/S2_20186.npy,PASTISFresh/ANNOTATIONS/TARGET_20186.npy
20187,PASTISFresh/DATA_S2/S2_20187.npy,PASTISFresh/ANNOTATIONS/TARGET_20187.npy
20192,PASTISFresh/DATA_S2/S2_20192.npy,PASTISFresh/ANNOTATIONS/TARGET_20192.npy
20193,PASTISFresh/DATA_S2/S2_20193.npy,PASTISFresh/ANNOTATIONS/TARGET_20193.npy
20195,PASTISFresh/DATA_S2/S2_20195.npy,PASTISFresh/ANNOTATIONS/TARGET_20195.npy
20196,PASTISFresh/DATA_S2/S2_20196.npy,PASTISFresh/ANNOTATIONS/TARGET_20196.npy
20197,PASTISFresh/DATA_S2/S2_20197.npy,PASTISFresh/ANNOTATIONS/TARGET_20197.npy
20198,PASTISFresh/DATA_S2/S2_20198.npy,PASTISFresh/ANNOTATIONS/TARGET_20198.npy
20200,PASTISFresh/DATA_S2/S2_20200.npy,PASTISFresh/ANNOTATIONS/TARGET_20200.npy
20201,PASTISFresh/DATA_S2/S2_20201.npy,PASTISFresh/ANNOTATIONS/TARGET_20201.npy
20204,PASTISFresh/DATA_S2/S2_20204.npy,PASTISFresh/ANNOTATIONS/TARGET_20204.npy
20205,PASTISFresh/DATA_S2/S2_20205.npy,PASTISFresh/ANNOTATIONS/TARGET_20205.npy
20206,PASTISFresh/DATA_S2/S2_20206.npy,PASTISFresh/ANNOTATIONS/TARGET_20206.npy
20208,PASTISFresh/DATA_S2/S2_20208.npy,PASTISFresh/ANNOTATIONS/TARGET_20208.npy
20209,PASTISFresh/DATA_S2/S2_20209.npy,PASTISFresh/ANNOTATIONS/TARGET_20209.npy
20210,PASTISFresh/DATA_S2/S2_20210.npy,PASTISFresh/ANNOTATIONS/TARGET_20210.npy
20211,PASTISFresh/DATA_S2/S2_20211.npy,PASTISFresh/ANNOTATIONS/TARGET_20211.npy
20216,PASTISFresh/DATA_S2/S2_20216.npy,PASTISFresh/ANNOTATIONS/TARGET_20216.npy
20222,PASTISFresh/DATA_S2/S2_20222.npy,PASTISFresh/ANNOTATIONS/TARGET_20222.npy
20224,PASTISFresh/DATA_S2/S2_20224.npy,PASTISFresh/ANNOTATIONS/TARGET_20224.npy
20225,PASTISFresh/DATA_S2/S2_20225.npy,PASTISFresh/ANNOTATIONS/TARGET_20225.npy
20226,PASTISFresh/DATA_S2/S2_20226.npy,PASTISFresh/ANNOTATIONS/TARGET_20226.npy
20227,PASTISFresh/DATA_S2/S2_20227.npy,PASTISFresh/ANNOTATIONS/TARGET_20227.npy
20228,PASTISFresh/DATA_S2/S2_20228.npy,PASTISFresh/ANNOTATIONS/TARGET_20228.npy
20230,PASTISFresh/DATA_S2/S2_20230.npy,PASTISFresh/ANNOTATIONS/TARGET_20230.npy
20231,PASTISFresh/DATA_S2/S2_20231.npy,PASTISFresh/ANNOTATIONS/TARGET_20231.npy
20233,PASTISFresh/DATA_S2/S2_20233.npy,PASTISFresh/ANNOTATIONS/TARGET_20233.npy
20234,PASTISFresh/DATA_S2/S2_20234.npy,PASTISFresh/ANNOTATIONS/TARGET_20234.npy
20235,PASTISFresh/DATA_S2/S2_20235.npy,PASTISFresh/ANNOTATIONS/TARGET_20235.npy
20236,PASTISFresh/DATA_S2/S2_20236.npy,PASTISFresh/ANNOTATIONS/TARGET_20236.npy
20237,PASTISFresh/DATA_S2/S2_20237.npy,PASTISFresh/ANNOTATIONS/TARGET_20237.npy
20238,PASTISFresh/DATA_S2/S2_20238.npy,PASTISFresh/ANNOTATIONS/TARGET_20238.npy
20239,PASTISFresh/DATA_S2/S2_20239.npy,PASTISFresh/ANNOTATIONS/TARGET_20239.npy
20242,PASTISFresh/DATA_S2/S2_20242.npy,PASTISFresh/ANNOTATIONS/TARGET_20242.npy
20245,PASTISFresh/DATA_S2/S2_20245.npy,PASTISFresh/ANNOTATIONS/TARGET_20245.npy
20246,PASTISFresh/DATA_S2/S2_20246.npy,PASTISFresh/ANNOTATIONS/TARGET_20246.npy
20249,PASTISFresh/DATA_S2/S2_20249.npy,PASTISFresh/ANNOTATIONS/TARGET_20249.npy
20250,PASTISFresh/DATA_S2/S2_20250.npy,PASTISFresh/ANNOTATIONS/TARGET_20250.npy
20257,PASTISFresh/DATA_S2/S2_20257.npy,PASTISFresh/ANNOTATIONS/TARGET_20257.npy
20260,PASTISFresh/DATA_S2/S2_20260.npy,PASTISFresh/ANNOTATIONS/TARGET_20260.npy
20261,PASTISFresh/DATA_S2/S2_20261.npy,PASTISFresh/ANNOTATIONS/TARGET_20261.npy
20263,PASTISFresh/DATA_S2/S2_20263.npy,PASTISFresh/ANNOTATIONS/TARGET_20263.npy
20264,PASTISFresh/DATA_S2/S2_20264.npy,PASTISFresh/ANNOTATIONS/TARGET_20264.npy
20265,PASTISFresh/DATA_S2/S2_20265.npy,PASTISFresh/ANNOTATIONS/TARGET_20265.npy
20266,PASTISFresh/DATA_S2/S2_20266.npy,PASTISFresh/ANNOTATIONS/TARGET_20266.npy
20267,PASTISFresh/DATA_S2/S2_20267.npy,PASTISFresh/ANNOTATIONS/TARGET_20267.npy
20268,PASTISFresh/DATA_S2/S2_20268.npy,PASTISFresh/ANNOTATIONS/TARGET_20268.npy
20269,PASTISFresh/DATA_S2/S2_20269.npy,PASTISFresh/ANNOTATIONS/TARGET_20269.npy
20273,PASTISFresh/DATA_S2/S2_20273.npy,PASTISFresh/ANNOTATIONS/TARGET_20273.npy
20275,PASTISFresh/DATA_S2/S2_20275.npy,PASTISFresh/ANNOTATIONS/TARGET_20275.npy
20279,PASTISFresh/DATA_S2/S2_20279.npy,PASTISFresh/ANNOTATIONS/TARGET_20279.npy
20280,PASTISFresh/DATA_S2/S2_20280.npy,PASTISFresh/ANNOTATIONS/TARGET_20280.npy
20281,PASTISFresh/DATA_S2/S2_20281.npy,PASTISFresh/ANNOTATIONS/TARGET_20281.npy
20282,PASTISFresh/DATA_S2/S2_20282.npy,PASTISFresh/ANNOTATIONS/TARGET_20282.npy
20283,PASTISFresh/DATA_S2/S2_20283.npy,PASTISFresh/ANNOTATIONS/TARGET_20283.npy
20285,PASTISFresh/DATA_S2/S2_20285.npy,PASTISFresh/ANNOTATIONS/TARGET_20285.npy
20286,PASTISFresh/DATA_S2/S2_20286.npy,PASTISFresh/ANNOTATIONS/TARGET_20286.npy
20289,PASTISFresh/DATA_S2/S2_20289.npy,PASTISFresh/ANNOTATIONS/TARGET_20289.npy
20293,PASTISFresh/DATA_S2/S2_20293.npy,PASTISFresh/ANNOTATIONS/TARGET_20293.npy
20294,PASTISFresh/DATA_S2/S2_20294.npy,PASTISFresh/ANNOTATIONS/TARGET_20294.npy
20296,PASTISFresh/DATA_S2/S2_20296.npy,PASTISFresh/ANNOTATIONS/TARGET_20296.npy
20297,PASTISFresh/DATA_S2/S2_20297.npy,PASTISFresh/ANNOTATIONS/TARGET_20297.npy
20298,PASTISFresh/DATA_S2/S2_20298.npy,PASTISFresh/ANNOTATIONS/TARGET_20298.npy
20306,PASTISFresh/DATA_S2/S2_20306.npy,PASTISFresh/ANNOTATIONS/TARGET_20306.npy
20308,PASTISFresh/DATA_S2/S2_20308.npy,PASTISFresh/ANNOTATIONS/TARGET_20308.npy
20309,PASTISFresh/DATA_S2/S2_20309.npy,PASTISFresh/ANNOTATIONS/TARGET_20309.npy
20311,PASTISFresh/DATA_S2/S2_20311.npy,PASTISFresh/ANNOTATIONS/TARGET_20311.npy
20314,PASTISFresh/DATA_S2/S2_20314.npy,PASTISFresh/ANNOTATIONS/TARGET_20314.npy
20315,PASTISFresh/DATA_S2/S2_20315.npy,PASTISFresh/ANNOTATIONS/TARGET_20315.npy
20316,PASTISFresh/DATA_S2/S2_20316.npy,PASTISFresh/ANNOTATIONS/TARGET_20316.npy
20317,PASTISFresh/DATA_S2/S2_20317.npy,PASTISFresh/ANNOTATIONS/TARGET_20317.npy
20319,PASTISFresh/DATA_S2/S2_20319.npy,PASTISFresh/ANNOTATIONS/TARGET_20319.npy
20320,PASTISFresh/DATA_S2/S2_20320.npy,PASTISFresh/ANNOTATIONS/TARGET_20320.npy
20323,PASTISFresh/DATA_S2/S2_20323.npy,PASTISFresh/ANNOTATIONS/TARGET_20323.npy
20324,PASTISFresh/DATA_S2/S2_20324.npy,PASTISFresh/ANNOTATIONS/TARGET_20324.npy
20326,PASTISFresh/DATA_S2/S2_20326.npy,PASTISFresh/ANNOTATIONS/TARGET_20326.npy
20327,PASTISFresh/DATA_S2/S2_20327.npy,PASTISFresh/ANNOTATIONS/TARGET_20327.npy
20328,PASTISFresh/DATA_S2/S2_20328.npy,PASTISFresh/ANNOTATIONS/TARGET_20328.npy
20329,PASTISFresh/DATA_S2/S2_20329.npy,PASTISFresh/ANNOTATIONS/TARGET_20329.npy
20330,PASTISFresh/DATA_S2/S2_20330.npy,PASTISFresh/ANNOTATIONS/TARGET_20330.npy
20333,PASTISFresh/DATA_S2/S2_20333.npy,PASTISFresh/ANNOTATIONS/TARGET_20333.npy
20335,PASTISFresh/DATA_S2/S2_20335.npy,PASTISFresh/ANNOTATIONS/TARGET_20335.npy
20337,PASTISFresh/DATA_S2/S2_20337.npy,PASTISFresh/ANNOTATIONS/TARGET_20337.npy
20339,PASTISFresh/DATA_S2/S2_20339.npy,PASTISFresh/ANNOTATIONS/TARGET_20339.npy
20340,PASTISFresh/DATA_S2/S2_20340.npy,PASTISFresh/ANNOTATIONS/TARGET_20340.npy
20341,PASTISFresh/DATA_S2/S2_20341.npy,PASTISFresh/ANNOTATIONS/TARGET_20341.npy
20343,PASTISFresh/DATA_S2/S2_20343.npy,PASTISFresh/ANNOTATIONS/TARGET_20343.npy
20344,PASTISFresh/DATA_S2/S2_20344.npy,PASTISFresh/ANNOTATIONS/TARGET_20344.npy
20352,PASTISFresh/DATA_S2/S2_20352.npy,PASTISFresh/ANNOTATIONS/TARGET_20352.npy
20353,PASTISFresh/DATA_S2/S2_20353.npy,PASTISFresh/ANNOTATIONS/TARGET_20353.npy
20355,PASTISFresh/DATA_S2/S2_20355.npy,PASTISFresh/ANNOTATIONS/TARGET_20355.npy
20357,PASTISFresh/DATA_S2/S2_20357.npy,PASTISFresh/ANNOTATIONS/TARGET_20357.npy
20358,PASTISFresh/DATA_S2/S2_20358.npy,PASTISFresh/ANNOTATIONS/TARGET_20358.npy
20359,PASTISFresh/DATA_S2/S2_20359.npy,PASTISFresh/ANNOTATIONS/TARGET_20359.npy
20360,PASTISFresh/DATA_S2/S2_20360.npy,PASTISFresh/ANNOTATIONS/TARGET_20360.npy
20363,PASTISFresh/DATA_S2/S2_20363.npy,PASTISFresh/ANNOTATIONS/TARGET_20363.npy
20364,PASTISFresh/DATA_S2/S2_20364.npy,PASTISFresh/ANNOTATIONS/TARGET_20364.npy
20365,PASTISFresh/DATA_S2/S2_20365.npy,PASTISFresh/ANNOTATIONS/TARGET_20365.npy
20366,PASTISFresh/DATA_S2/S2_20366.npy,PASTISFresh/ANNOTATIONS/TARGET_20366.npy
20368,PASTISFresh/DATA_S2/S2_20368.npy,PASTISFresh/ANNOTATIONS/TARGET_20368.npy
20370,PASTISFresh/DATA_S2/S2_20370.npy,PASTISFresh/ANNOTATIONS/TARGET_20370.npy
20372,PASTISFresh/DATA_S2/S2_20372.npy,PASTISFresh/ANNOTATIONS/TARGET_20372.npy
20374,PASTISFresh/DATA_S2/S2_20374.npy,PASTISFresh/ANNOTATIONS/TARGET_20374.npy
20375,PASTISFresh/DATA_S2/S2_20375.npy,PASTISFresh/ANNOTATIONS/TARGET_20375.npy
20376,PASTISFresh/DATA_S2/S2_20376.npy,PASTISFresh/ANNOTATIONS/TARGET_20376.npy
20377,PASTISFresh/DATA_S2/S2_20377.npy,PASTISFresh/ANNOTATIONS/TARGET_20377.npy
20379,PASTISFresh/DATA_S2/S2_20379.npy,PASTISFresh/ANNOTATIONS/TARGET_20379.npy
20380,PASTISFresh/DATA_S2/S2_20380.npy,PASTISFresh/ANNOTATIONS/TARGET_20380.npy
20381,PASTISFresh/DATA_S2/S2_20381.npy,PASTISFresh/ANNOTATIONS/TARGET_20381.npy
20382,PASTISFresh/DATA_S2/S2_20382.npy,PASTISFresh/ANNOTATIONS/TARGET_20382.npy
20385,PASTISFresh/DATA_S2/S2_20385.npy,PASTISFresh/ANNOTATIONS/TARGET_20385.npy
20386,PASTISFresh/DATA_S2/S2_20386.npy,PASTISFresh/ANNOTATIONS/TARGET_20386.npy
20387,PASTISFresh/DATA_S2/S2_20387.npy,PASTISFresh/ANNOTATIONS/TARGET_20387.npy
20389,PASTISFresh/DATA_S2/S2_20389.npy,PASTISFresh/ANNOTATIONS/TARGET_20389.npy
20391,PASTISFresh/DATA_S2/S2_20391.npy,PASTISFresh/ANNOTATIONS/TARGET_20391.npy
20393,PASTISFresh/DATA_S2/S2_20393.npy,PASTISFresh/ANNOTATIONS/TARGET_20393.npy
20394,PASTISFresh/DATA_S2/S2_20394.npy,PASTISFresh/ANNOTATIONS/TARGET_20394.npy
20396,PASTISFresh/DATA_S2/S2_20396.npy,PASTISFresh/ANNOTATIONS/TARGET_20396.npy
20400,PASTISFresh/DATA_S2/S2_20400.npy,PASTISFresh/ANNOTATIONS/TARGET_20400.npy
20404,PASTISFresh/DATA_S2/S2_20404.npy,PASTISFresh/ANNOTATIONS/TARGET_20404.npy
20408,PASTISFresh/DATA_S2/S2_20408.npy,PASTISFresh/ANNOTATIONS/TARGET_20408.npy
20410,PASTISFresh/DATA_S2/S2_20410.npy,PASTISFresh/ANNOTATIONS/TARGET_20410.npy
20411,PASTISFresh/DATA_S2/S2_20411.npy,PASTISFresh/ANNOTATIONS/TARGET_20411.npy
20412,PASTISFresh/DATA_S2/S2_20412.npy,PASTISFresh/ANNOTATIONS/TARGET_20412.npy
20413,PASTISFresh/DATA_S2/S2_20413.npy,PASTISFresh/ANNOTATIONS/TARGET_20413.npy
20414,PASTISFresh/DATA_S2/S2_20414.npy,PASTISFresh/ANNOTATIONS/TARGET_20414.npy
20416,PASTISFresh/DATA_S2/S2_20416.npy,PASTISFresh/ANNOTATIONS/TARGET_20416.npy
20420,PASTISFresh/DATA_S2/S2_20420.npy,PASTISFresh/ANNOTATIONS/TARGET_20420.npy
20421,PASTISFresh/DATA_S2/S2_20421.npy,PASTISFresh/ANNOTATIONS/TARGET_20421.npy
20422,PASTISFresh/DATA_S2/S2_20422.npy,PASTISFresh/ANNOTATIONS/TARGET_20422.npy
20423,PASTISFresh/DATA_S2/S2_20423.npy,PASTISFresh/ANNOTATIONS/TARGET_20423.npy
20429,PASTISFresh/DATA_S2/S2_20429.npy,PASTISFresh/ANNOTATIONS/TARGET_20429.npy
20430,PASTISFresh/DATA_S2/S2_20430.npy,PASTISFresh/ANNOTATIONS/TARGET_20430.npy
20431,PASTISFresh/DATA_S2/S2_20431.npy,PASTISFresh/ANNOTATIONS/TARGET_20431.npy
20432,PASTISFresh/DATA_S2/S2_20432.npy,PASTISFresh/ANNOTATIONS/TARGET_20432.npy
20433,PASTISFresh/DATA_S2/S2_20433.npy,PASTISFresh/ANNOTATIONS/TARGET_20433.npy
20436,PASTISFresh/DATA_S2/S2_20436.npy,PASTISFresh/ANNOTATIONS/TARGET_20436.npy
20438,PASTISFresh/DATA_S2/S2_20438.npy,PASTISFresh/ANNOTATIONS/TARGET_20438.npy
20440,PASTISFresh/DATA_S2/S2_20440.npy,PASTISFresh/ANNOTATIONS/TARGET_20440.npy
20441,PASTISFresh/DATA_S2/S2_20441.npy,PASTISFresh/ANNOTATIONS/TARGET_20441.npy
20442,PASTISFresh/DATA_S2/S2_20442.npy,PASTISFresh/ANNOTATIONS/TARGET_20442.npy
20443,PASTISFresh/DATA_S2/S2_20443.npy,PASTISFresh/ANNOTATIONS/TARGET_20443.npy
20444,PASTISFresh/DATA_S2/S2_20444.npy,PASTISFresh/ANNOTATIONS/TARGET_20444.npy
20447,PASTISFresh/DATA_S2/S2_20447.npy,PASTISFresh/ANNOTATIONS/TARGET_20447.npy
20450,PASTISFresh/DATA_S2/S2_20450.npy,PASTISFresh/ANNOTATIONS/TARGET_20450.npy
20453,PASTISFresh/DATA_S2/S2_20453.npy,PASTISFresh/ANNOTATIONS/TARGET_20453.npy
20455,PASTISFresh/DATA_S2/S2_20455.npy,PASTISFresh/ANNOTATIONS/TARGET_20455.npy
20456,PASTISFresh/DATA_S2/S2_20456.npy,PASTISFresh/ANNOTATIONS/TARGET_20456.npy
20460,PASTISFresh/DATA_S2/S2_20460.npy,PASTISFresh/ANNOTATIONS/TARGET_20460.npy
20461,PASTISFresh/DATA_S2/S2_20461.npy,PASTISFresh/ANNOTATIONS/TARGET_20461.npy
20463,PASTISFresh/DATA_S2/S2_20463.npy,PASTISFresh/ANNOTATIONS/TARGET_20463.npy
20468,PASTISFresh/DATA_S2/S2_20468.npy,PASTISFresh/ANNOTATIONS/TARGET_20468.npy
20470,PASTISFresh/DATA_S2/S2_20470.npy,PASTISFresh/ANNOTATIONS/TARGET_20470.npy
20471,PASTISFresh/DATA_S2/S2_20471.npy,PASTISFresh/ANNOTATIONS/TARGET_20471.npy
20472,PASTISFresh/DATA_S2/S2_20472.npy,PASTISFresh/ANNOTATIONS/TARGET_20472.npy
20474,PASTISFresh/DATA_S2/S2_20474.npy,PASTISFresh/ANNOTATIONS/TARGET_20474.npy
20476,PASTISFresh/DATA_S2/S2_20476.npy,PASTISFresh/ANNOTATIONS/TARGET_20476.npy
20477,PASTISFresh/DATA_S2/S2_20477.npy,PASTISFresh/ANNOTATIONS/TARGET_20477.npy
20480,PASTISFresh/DATA_S2/S2_20480.npy,PASTISFresh/ANNOTATIONS/TARGET_20480.npy
20481,PASTISFresh/DATA_S2/S2_20481.npy,PASTISFresh/ANNOTATIONS/TARGET_20481.npy
20485,PASTISFresh/DATA_S2/S2_20485.npy,PASTISFresh/ANNOTATIONS/TARGET_20485.npy
20488,PASTISFresh/DATA_S2/S2_20488.npy,PASTISFresh/ANNOTATIONS/TARGET_20488.npy
20489,PASTISFresh/DATA_S2/S2_20489.npy,PASTISFresh/ANNOTATIONS/TARGET_20489.npy
20490,PASTISFresh/DATA_S2/S2_20490.npy,PASTISFresh/ANNOTATIONS/TARGET_20490.npy
20491,PASTISFresh/DATA_S2/S2_20491.npy,PASTISFresh/ANNOTATIONS/TARGET_20491.npy
20492,PASTISFresh/DATA_S2/S2_20492.npy,PASTISFresh/ANNOTATIONS/TARGET_20492.npy
20494,PASTISFresh/DATA_S2/S2_20494.npy,PASTISFresh/ANNOTATIONS/TARGET_20494.npy
20495,PASTISFresh/DATA_S2/S2_20495.npy,PASTISFresh/ANNOTATIONS/TARGET_20495.npy
20498,PASTISFresh/DATA_S2/S2_20498.npy,PASTISFresh/ANNOTATIONS/TARGET_20498.npy
20501,PASTISFresh/DATA_S2/S2_20501.npy,PASTISFresh/ANNOTATIONS/TARGET_20501.npy
20504,PASTISFresh/DATA_S2/S2_20504.npy,PASTISFresh/ANNOTATIONS/TARGET_20504.npy
20505,PASTISFresh/DATA_S2/S2_20505.npy,PASTISFresh/ANNOTATIONS/TARGET_20505.npy
20506,PASTISFresh/DATA_S2/S2_20506.npy,PASTISFresh/ANNOTATIONS/TARGET_20506.npy
20510,PASTISFresh/DATA_S2/S2_20510.npy,PASTISFresh/ANNOTATIONS/TARGET_20510.npy
20514,PASTISFresh/DATA_S2/S2_20514.npy,PASTISFresh/ANNOTATIONS/TARGET_20514.npy
20518,PASTISFresh/DATA_S2/S2_20518.npy,PASTISFresh/ANNOTATIONS/TARGET_20518.npy
20519,PASTISFresh/DATA_S2/S2_20519.npy,PASTISFresh/ANNOTATIONS/TARGET_20519.npy
20522,PASTISFresh/DATA_S2/S2_20522.npy,PASTISFresh/ANNOTATIONS/TARGET_20522.npy
20524,PASTISFresh/DATA_S2/S2_20524.npy,PASTISFresh/ANNOTATIONS/TARGET_20524.npy
20525,PASTISFresh/DATA_S2/S2_20525.npy,PASTISFresh/ANNOTATIONS/TARGET_20525.npy
20526,PASTISFresh/DATA_S2/S2_20526.npy,PASTISFresh/ANNOTATIONS/TARGET_20526.npy
20527,PASTISFresh/DATA_S2/S2_20527.npy,PASTISFresh/ANNOTATIONS/TARGET_20527.npy
20529,PASTISFresh/DATA_S2/S2_20529.npy,PASTISFresh/ANNOTATIONS/TARGET_20529.npy
20531,PASTISFresh/DATA_S2/S2_20531.npy,PASTISFresh/ANNOTATIONS/TARGET_20531.npy
20534,PASTISFresh/DATA_S2/S2_20534.npy,PASTISFresh/ANNOTATIONS/TARGET_20534.npy
20535,PASTISFresh/DATA_S2/S2_20535.npy,PASTISFresh/ANNOTATIONS/TARGET_20535.npy
20539,PASTISFresh/DATA_S2/S2_20539.npy,PASTISFresh/ANNOTATIONS/TARGET_20539.npy
20540,PASTISFresh/DATA_S2/S2_20540.npy,PASTISFresh/ANNOTATIONS/TARGET_20540.npy
20541,PASTISFresh/DATA_S2/S2_20541.npy,PASTISFresh/ANNOTATIONS/TARGET_20541.npy
20542,PASTISFresh/DATA_S2/S2_20542.npy,PASTISFresh/ANNOTATIONS/TARGET_20542.npy
20543,PASTISFresh/DATA_S2/S2_20543.npy,PASTISFresh/ANNOTATIONS/TARGET_20543.npy
20544,PASTISFresh/DATA_S2/S2_20544.npy,PASTISFresh/ANNOTATIONS/TARGET_20544.npy
20546,PASTISFresh/DATA_S2/S2_20546.npy,PASTISFresh/ANNOTATIONS/TARGET_20546.npy
20547,PASTISFresh/DATA_S2/S2_20547.npy,PASTISFresh/ANNOTATIONS/TARGET_20547.npy
20548,PASTISFresh/DATA_S2/S2_20548.npy,PASTISFresh/ANNOTATIONS/TARGET_20548.npy
20549,PASTISFresh/DATA_S2/S2_20549.npy,PASTISFresh/ANNOTATIONS/TARGET_20549.npy
20550,PASTISFresh/DATA_S2/S2_20550.npy,PASTISFresh/ANNOTATIONS/TARGET_20550.npy
20551,PASTISFresh/DATA_S2/S2_20551.npy,PASTISFresh/ANNOTATIONS/TARGET_20551.npy
20556,PASTISFresh/DATA_S2/S2_20556.npy,PASTISFresh/ANNOTATIONS/TARGET_20556.npy
20557,PASTISFresh/DATA_S2/S2_20557.npy,PASTISFresh/ANNOTATIONS/TARGET_20557.npy
20559,PASTISFresh/DATA_S2/S2_20559.npy,PASTISFresh/ANNOTATIONS/TARGET_20559.npy
20561,PASTISFresh/DATA_S2/S2_20561.npy,PASTISFresh/ANNOTATIONS/TARGET_20561.npy
20562,PASTISFresh/DATA_S2/S2_20562.npy,PASTISFresh/ANNOTATIONS/TARGET_20562.npy
20563,PASTISFresh/DATA_S2/S2_20563.npy,PASTISFresh/ANNOTATIONS/TARGET_20563.npy
20564,PASTISFresh/DATA_S2/S2_20564.npy,PASTISFresh/ANNOTATIONS/TARGET_20564.npy
20565,PASTISFresh/DATA_S2/S2_20565.npy,PASTISFresh/ANNOTATIONS/TARGET_20565.npy
20569,PASTISFresh/DATA_S2/S2_20569.npy,PASTISFresh/ANNOTATIONS/TARGET_20569.npy
20570,PASTISFresh/DATA_S2/S2_20570.npy,PASTISFresh/ANNOTATIONS/TARGET_20570.npy
20576,PASTISFresh/DATA_S2/S2_20576.npy,PASTISFresh/ANNOTATIONS/TARGET_20576.npy
20578,PASTISFresh/DATA_S2/S2_20578.npy,PASTISFresh/ANNOTATIONS/TARGET_20578.npy
20585,PASTISFresh/DATA_S2/S2_20585.npy,PASTISFresh/ANNOTATIONS/TARGET_20585.npy
20586,PASTISFresh/DATA_S2/S2_20586.npy,PASTISFresh/ANNOTATIONS/TARGET_20586.npy
20587,PASTISFresh/DATA_S2/S2_20587.npy,PASTISFresh/ANNOTATIONS/TARGET_20587.npy
20589,PASTISFresh/DATA_S2/S2_20589.npy,PASTISFresh/ANNOTATIONS/TARGET_20589.npy
20590,PASTISFresh/DATA_S2/S2_20590.npy,PASTISFresh/ANNOTATIONS/TARGET_20590.npy
20592,PASTISFresh/DATA_S2/S2_20592.npy,PASTISFresh/ANNOTATIONS/TARGET_20592.npy
20594,PASTISFresh/DATA_S2/S2_20594.npy,PASTISFresh/ANNOTATIONS/TARGET_20594.npy
20596,PASTISFresh/DATA_S2/S2_20596.npy,PASTISFresh/ANNOTATIONS/TARGET_20596.npy
20597,PASTISFresh/DATA_S2/S2_20597.npy,PASTISFresh/ANNOTATIONS/TARGET_20597.npy
20600,PASTISFresh/DATA_S2/S2_20600.npy,PASTISFresh/ANNOTATIONS/TARGET_20600.npy
20602,PASTISFresh/DATA_S2/S2_20602.npy,PASTISFresh/ANNOTATIONS/TARGET_20602.npy
20603,PASTISFresh/DATA_S2/S2_20603.npy,PASTISFresh/ANNOTATIONS/TARGET_20603.npy
20604,PASTISFresh/DATA_S2/S2_20604.npy,PASTISFresh/ANNOTATIONS/TARGET_20604.npy
20605,PASTISFresh/DATA_S2/S2_20605.npy,PASTISFresh/ANNOTATIONS/TARGET_20605.npy
20606,PASTISFresh/DATA_S2/S2_20606.npy,PASTISFresh/ANNOTATIONS/TARGET_20606.npy
20608,PASTISFresh/DATA_S2/S2_20608.npy,PASTISFresh/ANNOTATIONS/TARGET_20608.npy
20609,PASTISFresh/DATA_S2/S2_20609.npy,PASTISFresh/ANNOTATIONS/TARGET_20609.npy
20610,PASTISFresh/DATA_S2/S2_20610.npy,PASTISFresh/ANNOTATIONS/TARGET_20610.npy
20615,PASTISFresh/DATA_S2/S2_20615.npy,PASTISFresh/ANNOTATIONS/TARGET_20615.npy
20618,PASTISFresh/DATA_S2/S2_20618.npy,PASTISFresh/ANNOTATIONS/TARGET_20618.npy
20621,PASTISFresh/DATA_S2/S2_20621.npy,PASTISFresh/ANNOTATIONS/TARGET_20621.npy
20626,PASTISFresh/DATA_S2/S2_20626.npy,PASTISFresh/ANNOTATIONS/TARGET_20626.npy
20627,PASTISFresh/DATA_S2/S2_20627.npy,PASTISFresh/ANNOTATIONS/TARGET_20627.npy
20632,PASTISFresh/DATA_S2/S2_20632.npy,PASTISFresh/ANNOTATIONS/TARGET_20632.npy
20635,PASTISFresh/DATA_S2/S2_20635.npy,PASTISFresh/ANNOTATIONS/TARGET_20635.npy
20639,PASTISFresh/DATA_S2/S2_20639.npy,PASTISFresh/ANNOTATIONS/TARGET_20639.npy
20640,PASTISFresh/DATA_S2/S2_20640.npy,PASTISFresh/ANNOTATIONS/TARGET_20640.npy
20641,PASTISFresh/DATA_S2/S2_20641.npy,PASTISFresh/ANNOTATIONS/TARGET_20641.npy
20642,PASTISFresh/DATA_S2/S2_20642.npy,PASTISFresh/ANNOTATIONS/TARGET_20642.npy
20643,PASTISFresh/DATA_S2/S2_20643.npy,PASTISFresh/ANNOTATIONS/TARGET_20643.npy
20645,PASTISFresh/DATA_S2/S2_20645.npy,PASTISFresh/ANNOTATIONS/TARGET_20645.npy
20648,PASTISFresh/DATA_S2/S2_20648.npy,PASTISFresh/ANNOTATIONS/TARGET_20648.npy
20650,PASTISFresh/DATA_S2/S2_20650.npy,PASTISFresh/ANNOTATIONS/TARGET_20650.npy
20651,PASTISFresh/DATA_S2/S2_20651.npy,PASTISFresh/ANNOTATIONS/TARGET_20651.npy
20652,PASTISFresh/DATA_S2/S2_20652.npy,PASTISFresh/ANNOTATIONS/TARGET_20652.npy
20653,PASTISFresh/DATA_S2/S2_20653.npy,PASTISFresh/ANNOTATIONS/TARGET_20653.npy
20655,PASTISFresh/DATA_S2/S2_20655.npy,PASTISFresh/ANNOTATIONS/TARGET_20655.npy
20657,PASTISFresh/DATA_S2/S2_20657.npy,PASTISFresh/ANNOTATIONS/TARGET_20657.npy
30000,PASTISFresh/DATA_S2/S2_30000.npy,PASTISFresh/ANNOTATIONS/TARGET_30000.npy
30003,PASTISFresh/DATA_S2/S2_30003.npy,PASTISFresh/ANNOTATIONS/TARGET_30003.npy
30005,PASTISFresh/DATA_S2/S2_30005.npy,PASTISFresh/ANNOTATIONS/TARGET_30005.npy
30006,PASTISFresh/DATA_S2/S2_30006.npy,PASTISFresh/ANNOTATIONS/TARGET_30006.npy
30007,PASTISFresh/DATA_S2/S2_30007.npy,PASTISFresh/ANNOTATIONS/TARGET_30007.npy
30008,PASTISFresh/DATA_S2/S2_30008.npy,PASTISFresh/ANNOTATIONS/TARGET_30008.npy
30009,PASTISFresh/DATA_S2/S2_30009.npy,PASTISFresh/ANNOTATIONS/TARGET_30009.npy
30010,PASTISFresh/DATA_S2/S2_30010.npy,PASTISFresh/ANNOTATIONS/TARGET_30010.npy
30011,PASTISFresh/DATA_S2/S2_30011.npy,PASTISFresh/ANNOTATIONS/TARGET_30011.npy
30014,PASTISFresh/DATA_S2/S2_30014.npy,PASTISFresh/ANNOTATIONS/TARGET_30014.npy
30015,PASTISFresh/DATA_S2/S2_30015.npy,PASTISFresh/ANNOTATIONS/TARGET_30015.npy
30016,PASTISFresh/DATA_S2/S2_30016.npy,PASTISFresh/ANNOTATIONS/TARGET_30016.npy
30021,PASTISFresh/DATA_S2/S2_30021.npy,PASTISFresh/ANNOTATIONS/TARGET_30021.npy
30022,PASTISFresh/DATA_S2/S2_30022.npy,PASTISFresh/ANNOTATIONS/TARGET_30022.npy
30023,PASTISFresh/DATA_S2/S2_30023.npy,PASTISFresh/ANNOTATIONS/TARGET_30023.npy
30026,PASTISFresh/DATA_S2/S2_30026.npy,PASTISFresh/ANNOTATIONS/TARGET_30026.npy
30030,PASTISFresh/DATA_S2/S2_30030.npy,PASTISFresh/ANNOTATIONS/TARGET_30030.npy
30031,PASTISFresh/DATA_S2/S2_30031.npy,PASTISFresh/ANNOTATIONS/TARGET_30031.npy
30032,PASTISFresh/DATA_S2/S2_30032.npy,PASTISFresh/ANNOTATIONS/TARGET_30032.npy
30034,PASTISFresh/DATA_S2/S2_30034.npy,PASTISFresh/ANNOTATIONS/TARGET_30034.npy
30035,PASTISFresh/DATA_S2/S2_30035.npy,PASTISFresh/ANNOTATIONS/TARGET_30035.npy
30037,PASTISFresh/DATA_S2/S2_30037.npy,PASTISFresh/ANNOTATIONS/TARGET_30037.npy
30038,PASTISFresh/DATA_S2/S2_30038.npy,PASTISFresh/ANNOTATIONS/TARGET_30038.npy
30039,PASTISFresh/DATA_S2/S2_30039.npy,PASTISFresh/ANNOTATIONS/TARGET_30039.npy
30040,PASTISFresh/DATA_S2/S2_30040.npy,PASTISFresh/ANNOTATIONS/TARGET_30040.npy
30041,PASTISFresh/DATA_S2/S2_30041.npy,PASTISFresh/ANNOTATIONS/TARGET_30041.npy
30042,PASTISFresh/DATA_S2/S2_30042.npy,PASTISFresh/ANNOTATIONS/TARGET_30042.npy
30043,PASTISFresh/DATA_S2/S2_30043.npy,PASTISFresh/ANNOTATIONS/TARGET_30043.npy
30044,PASTISFresh/DATA_S2/S2_30044.npy,PASTISFresh/ANNOTATIONS/TARGET_30044.npy
30045,PASTISFresh/DATA_S2/S2_30045.npy,PASTISFresh/ANNOTATIONS/TARGET_30045.npy
30049,PASTISFresh/DATA_S2/S2_30049.npy,PASTISFresh/ANNOTATIONS/TARGET_30049.npy
30050,PASTISFresh/DATA_S2/S2_30050.npy,PASTISFresh/ANNOTATIONS/TARGET_30050.npy
30051,PASTISFresh/DATA_S2/S2_30051.npy,PASTISFresh/ANNOTATIONS/TARGET_30051.npy
30053,PASTISFresh/DATA_S2/S2_30053.npy,PASTISFresh/ANNOTATIONS/TARGET_30053.npy
30054,PASTISFresh/DATA_S2/S2_30054.npy,PASTISFresh/ANNOTATIONS/TARGET_30054.npy
30056,PASTISFresh/DATA_S2/S2_30056.npy,PASTISFresh/ANNOTATIONS/TARGET_30056.npy
30057,PASTISFresh/DATA_S2/S2_30057.npy,PASTISFresh/ANNOTATIONS/TARGET_30057.npy
30058,PASTISFresh/DATA_S2/S2_30058.npy,PASTISFresh/ANNOTATIONS/TARGET_30058.npy
30059,PASTISFresh/DATA_S2/S2_30059.npy,PASTISFresh/ANNOTATIONS/TARGET_30059.npy
30061,PASTISFresh/DATA_S2/S2_30061.npy,PASTISFresh/ANNOTATIONS/TARGET_30061.npy
30062,PASTISFresh/DATA_S2/S2_30062.npy,PASTISFresh/ANNOTATIONS/TARGET_30062.npy
30063,PASTISFresh/DATA_S2/S2_30063.npy,PASTISFresh/ANNOTATIONS/TARGET_30063.npy
30064,PASTISFresh/DATA_S2/S2_30064.npy,PASTISFresh/ANNOTATIONS/TARGET_30064.npy
30065,PASTISFresh/DATA_S2/S2_30065.npy,PASTISFresh/ANNOTATIONS/TARGET_30065.npy
30067,PASTISFresh/DATA_S2/S2_30067.npy,PASTISFresh/ANNOTATIONS/TARGET_30067.npy
30068,PASTISFresh/DATA_S2/S2_30068.npy,PASTISFresh/ANNOTATIONS/TARGET_30068.npy
30070,PASTISFresh/DATA_S2/S2_30070.npy,PASTISFresh/ANNOTATIONS/TARGET_30070.npy
30072,PASTISFresh/DATA_S2/S2_30072.npy,PASTISFresh/ANNOTATIONS/TARGET_30072.npy
30073,PASTISFresh/DATA_S2/S2_30073.npy,PASTISFresh/ANNOTATIONS/TARGET_30073.npy
30074,PASTISFresh/DATA_S2/S2_30074.npy,PASTISFresh/ANNOTATIONS/TARGET_30074.npy
30076,PASTISFresh/DATA_S2/S2_30076.npy,PASTISFresh/ANNOTATIONS/TARGET_30076.npy
30077,PASTISFresh/DATA_S2/S2_30077.npy,PASTISFresh/ANNOTATIONS/TARGET_30077.npy
30078,PASTISFresh/DATA_S2/S2_30078.npy,PASTISFresh/ANNOTATIONS/TARGET_30078.npy
30079,PASTISFresh/DATA_S2/S2_30079.npy,PASTISFresh/ANNOTATIONS/TARGET_30079.npy
30081,PASTISFresh/DATA_S2/S2_30081.npy,PASTISFresh/ANNOTATIONS/TARGET_30081.npy
30083,PASTISFresh/DATA_S2/S2_30083.npy,PASTISFresh/ANNOTATIONS/TARGET_30083.npy
30084,PASTISFresh/DATA_S2/S2_30084.npy,PASTISFresh/ANNOTATIONS/TARGET_30084.npy
30086,PASTISFresh/DATA_S2/S2_30086.npy,PASTISFresh/ANNOTATIONS/TARGET_30086.npy
30087,PASTISFresh/DATA_S2/S2_30087.npy,PASTISFresh/ANNOTATIONS/TARGET_30087.npy
30090,PASTISFresh/DATA_S2/S2_30090.npy,PASTISFresh/ANNOTATIONS/TARGET_30090.npy
30091,PASTISFresh/DATA_S2/S2_30091.npy,PASTISFresh/ANNOTATIONS/TARGET_30091.npy
30092,PASTISFresh/DATA_S2/S2_30092.npy,PASTISFresh/ANNOTATIONS/TARGET_30092.npy
30094,PASTISFresh/DATA_S2/S2_30094.npy,PASTISFresh/ANNOTATIONS/TARGET_30094.npy
30095,PASTISFresh/DATA_S2/S2_30095.npy,PASTISFresh/ANNOTATIONS/TARGET_30095.npy
30096,PASTISFresh/DATA_S2/S2_30096.npy,PASTISFresh/ANNOTATIONS/TARGET_30096.npy
30099,PASTISFresh/DATA_S2/S2_30099.npy,PASTISFresh/ANNOTATIONS/TARGET_30099.npy
30100,PASTISFresh/DATA_S2/S2_30100.npy,PASTISFresh/ANNOTATIONS/TARGET_30100.npy
30102,PASTISFresh/DATA_S2/S2_30102.npy,PASTISFresh/ANNOTATIONS/TARGET_30102.npy
30105,PASTISFresh/DATA_S2/S2_30105.npy,PASTISFresh/ANNOTATIONS/TARGET_30105.npy
30106,PASTISFresh/DATA_S2/S2_30106.npy,PASTISFresh/ANNOTATIONS/TARGET_30106.npy
30107,PASTISFresh/DATA_S2/S2_30107.npy,PASTISFresh/ANNOTATIONS/TARGET_30107.npy
30114,PASTISFresh/DATA_S2/S2_30114.npy,PASTISFresh/ANNOTATIONS/TARGET_30114.npy
30116,PASTISFresh/DATA_S2/S2_30116.npy,PASTISFresh/ANNOTATIONS/TARGET_30116.npy
30119,PASTISFresh/DATA_S2/S2_30119.npy,PASTISFresh/ANNOTATIONS/TARGET_30119.npy
30120,PASTISFresh/DATA_S2/S2_30120.npy,PASTISFresh/ANNOTATIONS/TARGET_30120.npy
30121,PASTISFresh/DATA_S2/S2_30121.npy,PASTISFresh/ANNOTATIONS/TARGET_30121.npy
30122,PASTISFresh/DATA_S2/S2_30122.npy,PASTISFresh/ANNOTATIONS/TARGET_30122.npy
30123,PASTISFresh/DATA_S2/S2_30123.npy,PASTISFresh/ANNOTATIONS/TARGET_30123.npy
30124,PASTISFresh/DATA_S2/S2_30124.npy,PASTISFresh/ANNOTATIONS/TARGET_30124.npy
30128,PASTISFresh/DATA_S2/S2_30128.npy,PASTISFresh/ANNOTATIONS/TARGET_30128.npy
30129,PASTISFresh/DATA_S2/S2_30129.npy,PASTISFresh/ANNOTATIONS/TARGET_30129.npy
30130,PASTISFresh/DATA_S2/S2_30130.npy,PASTISFresh/ANNOTATIONS/TARGET_30130.npy
30131,PASTISFresh/DATA_S2/S2_30131.npy,PASTISFresh/ANNOTATIONS/TARGET_30131.npy
30133,PASTISFresh/DATA_S2/S2_30133.npy,PASTISFresh/ANNOTATIONS/TARGET_30133.npy
30134,PASTISFresh/DATA_S2/S2_30134.npy,PASTISFresh/ANNOTATIONS/TARGET_30134.npy
30136,PASTISFresh/DATA_S2/S2_30136.npy,PASTISFresh/ANNOTATIONS/TARGET_30136.npy
30137,PASTISFresh/DATA_S2/S2_30137.npy,PASTISFresh/ANNOTATIONS/TARGET_30137.npy
30141,PASTISFresh/DATA_S2/S2_30141.npy,PASTISFresh/ANNOTATIONS/TARGET_30141.npy
30142,PASTISFresh/DATA_S2/S2_30142.npy,PASTISFresh/ANNOTATIONS/TARGET_30142.npy
30143,PASTISFresh/DATA_S2/S2_30143.npy,PASTISFresh/ANNOTATIONS/TARGET_30143.npy
30145,PASTISFresh/DATA_S2/S2_30145.npy,PASTISFresh/ANNOTATIONS/TARGET_30145.npy
30147,PASTISFresh/DATA_S2/S2_30147.npy,PASTISFresh/ANNOTATIONS/TARGET_30147.npy
30149,PASTISFresh/DATA_S2/S2_30149.npy,PASTISFresh/ANNOTATIONS/TARGET_30149.npy
30151,PASTISFresh/DATA_S2/S2_30151.npy,PASTISFresh/ANNOTATIONS/TARGET_30151.npy
30152,PASTISFresh/DATA_S2/S2_30152.npy,PASTISFresh/ANNOTATIONS/TARGET_30152.npy
30157,PASTISFresh/DATA_S2/S2_30157.npy,PASTISFresh/ANNOTATIONS/TARGET_30157.npy
30158,PASTISFresh/DATA_S2/S2_30158.npy,PASTISFresh/ANNOTATIONS/TARGET_30158.npy
30159,PASTISFresh/DATA_S2/S2_30159.npy,PASTISFresh/ANNOTATIONS/TARGET_30159.npy
30163,PASTISFresh/DATA_S2/S2_30163.npy,PASTISFresh/ANNOTATIONS/TARGET_30163.npy
30168,PASTISFresh/DATA_S2/S2_30168.npy,PASTISFresh/ANNOTATIONS/TARGET_30168.npy
30171,PASTISFresh/DATA_S2/S2_30171.npy,PASTISFresh/ANNOTATIONS/TARGET_30171.npy
30172,PASTISFresh/DATA_S2/S2_30172.npy,PASTISFresh/ANNOTATIONS/TARGET_30172.npy
30173,PASTISFresh/DATA_S2/S2_30173.npy,PASTISFresh/ANNOTATIONS/TARGET_30173.npy
30176,PASTISFresh/DATA_S2/S2_30176.npy,PASTISFresh/ANNOTATIONS/TARGET_30176.npy
30178,PASTISFresh/DATA_S2/S2_30178.npy,PASTISFresh/ANNOTATIONS/TARGET_30178.npy
30181,PASTISFresh/DATA_S2/S2_30181.npy,PASTISFresh/ANNOTATIONS/TARGET_30181.npy
30182,PASTISFresh/DATA_S2/S2_30182.npy,PASTISFresh/ANNOTATIONS/TARGET_30182.npy
30183,PASTISFresh/DATA_S2/S2_30183.npy,PASTISFresh/ANNOTATIONS/TARGET_30183.npy
30184,PASTISFresh/DATA_S2/S2_30184.npy,PASTISFresh/ANNOTATIONS/TARGET_30184.npy
30186,PASTISFresh/DATA_S2/S2_30186.npy,PASTISFresh/ANNOTATIONS/TARGET_30186.npy
30188,PASTISFresh/DATA_S2/S2_30188.npy,PASTISFresh/ANNOTATIONS/TARGET_30188.npy
30189,PASTISFresh/DATA_S2/S2_30189.npy,PASTISFresh/ANNOTATIONS/TARGET_30189.npy
30192,PASTISFresh/DATA_S2/S2_30192.npy,PASTISFresh/ANNOTATIONS/TARGET_30192.npy
30193,PASTISFresh/DATA_S2/S2_30193.npy,PASTISFresh/ANNOTATIONS/TARGET_30193.npy
30194,PASTISFresh/DATA_S2/S2_30194.npy,PASTISFresh/ANNOTATIONS/TARGET_30194.npy
30195,PASTISFresh/DATA_S2/S2_30195.npy,PASTISFresh/ANNOTATIONS/TARGET_30195.npy
30197,PASTISFresh/DATA_S2/S2_30197.npy,PASTISFresh/ANNOTATIONS/TARGET_30197.npy
30198,PASTISFresh/DATA_S2/S2_30198.npy,PASTISFresh/ANNOTATIONS/TARGET_30198.npy
30199,PASTISFresh/DATA_S2/S2_30199.npy,PASTISFresh/ANNOTATIONS/TARGET_30199.npy
30204,PASTISFresh/DATA_S2/S2_30204.npy,PASTISFresh/ANNOTATIONS/TARGET_30204.npy
30205,PASTISFresh/DATA_S2/S2_30205.npy,PASTISFresh/ANNOTATIONS/TARGET_30205.npy
30207,PASTISFresh/DATA_S2/S2_30207.npy,PASTISFresh/ANNOTATIONS/TARGET_30207.npy
30214,PASTISFresh/DATA_S2/S2_30214.npy,PASTISFresh/ANNOTATIONS/TARGET_30214.npy
30215,PASTISFresh/DATA_S2/S2_30215.npy,PASTISFresh/ANNOTATIONS/TARGET_30215.npy
30219,PASTISFresh/DATA_S2/S2_30219.npy,PASTISFresh/ANNOTATIONS/TARGET_30219.npy
30220,PASTISFresh/DATA_S2/S2_30220.npy,PASTISFresh/ANNOTATIONS/TARGET_30220.npy
30223,PASTISFresh/DATA_S2/S2_30223.npy,PASTISFresh/ANNOTATIONS/TARGET_30223.npy
30225,PASTISFresh/DATA_S2/S2_30225.npy,PASTISFresh/ANNOTATIONS/TARGET_30225.npy
30226,PASTISFresh/DATA_S2/S2_30226.npy,PASTISFresh/ANNOTATIONS/TARGET_30226.npy
30227,PASTISFresh/DATA_S2/S2_30227.npy,PASTISFresh/ANNOTATIONS/TARGET_30227.npy
30228,PASTISFresh/DATA_S2/S2_30228.npy,PASTISFresh/ANNOTATIONS/TARGET_30228.npy
30229,PASTISFresh/DATA_S2/S2_30229.npy,PASTISFresh/ANNOTATIONS/TARGET_30229.npy
30231,PASTISFresh/DATA_S2/S2_30231.npy,PASTISFresh/ANNOTATIONS/TARGET_30231.npy
30233,PASTISFresh/DATA_S2/S2_30233.npy,PASTISFresh/ANNOTATIONS/TARGET_30233.npy
30234,PASTISFresh/DATA_S2/S2_30234.npy,PASTISFresh/ANNOTATIONS/TARGET_30234.npy
30235,PASTISFresh/DATA_S2/S2_30235.npy,PASTISFresh/ANNOTATIONS/TARGET_30235.npy
30236,PASTISFresh/DATA_S2/S2_30236.npy,PASTISFresh/ANNOTATIONS/TARGET_30236.npy
30237,PASTISFresh/DATA_S2/S2_30237.npy,PASTISFresh/ANNOTATIONS/TARGET_30237.npy
30238,PASTISFresh/DATA_S2/S2_30238.npy,PASTISFresh/ANNOTATIONS/TARGET_30238.npy
30239,PASTISFresh/DATA_S2/S2_30239.npy,PASTISFresh/ANNOTATIONS/TARGET_30239.npy
30241,PASTISFresh/DATA_S2/S2_30241.npy,PASTISFresh/ANNOTATIONS/TARGET_30241.npy
30242,PASTISFresh/DATA_S2/S2_30242.npy,PASTISFresh/ANNOTATIONS/TARGET_30242.npy
30243,PASTISFresh/DATA_S2/S2_30243.npy,PASTISFresh/ANNOTATIONS/TARGET_30243.npy
30244,PASTISFresh/DATA_S2/S2_30244.npy,PASTISFresh/ANNOTATIONS/TARGET_30244.npy
30247,PASTISFresh/DATA_S2/S2_30247.npy,PASTISFresh/ANNOTATIONS/TARGET_30247.npy
30249,PASTISFresh/DATA_S2/S2_30249.npy,PASTISFresh/ANNOTATIONS/TARGET_30249.npy
30250,PASTISFresh/DATA_S2/S2_30250.npy,PASTISFresh/ANNOTATIONS/TARGET_30250.npy
30251,PASTISFresh/DATA_S2/S2_30251.npy,PASTISFresh/ANNOTATIONS/TARGET_30251.npy
30252,PASTISFresh/DATA_S2/S2_30252.npy,PASTISFresh/ANNOTATIONS/TARGET_30252.npy
30253,PASTISFresh/DATA_S2/S2_30253.npy,PASTISFresh/ANNOTATIONS/TARGET_30253.npy
30254,PASTISFresh/DATA_S2/S2_30254.npy,PASTISFresh/ANNOTATIONS/TARGET_30254.npy
30256,PASTISFresh/DATA_S2/S2_30256.npy,PASTISFresh/ANNOTATIONS/TARGET_30256.npy
30258,PASTISFresh/DATA_S2/S2_30258.npy,PASTISFresh/ANNOTATIONS/TARGET_30258.npy
30261,PASTISFresh/DATA_S2/S2_30261.npy,PASTISFresh/ANNOTATIONS/TARGET_30261.npy
30262,PASTISFresh/DATA_S2/S2_30262.npy,PASTISFresh/ANNOTATIONS/TARGET_30262.npy
30263,PASTISFresh/DATA_S2/S2_30263.npy,PASTISFresh/ANNOTATIONS/TARGET_30263.npy
30264,PASTISFresh/DATA_S2/S2_30264.npy,PASTISFresh/ANNOTATIONS/TARGET_30264.npy
30265,PASTISFresh/DATA_S2/S2_30265.npy,PASTISFresh/ANNOTATIONS/TARGET_30265.npy
30266,PASTISFresh/DATA_S2/S2_30266.npy,PASTISFresh/ANNOTATIONS/TARGET_30266.npy
30267,PASTISFresh/DATA_S2/S2_30267.npy,PASTISFresh/ANNOTATIONS/TARGET_30267.npy
30274,PASTISFresh/DATA_S2/S2_30274.npy,PASTISFresh/ANNOTATIONS/TARGET_30274.npy
30275,PASTISFresh/DATA_S2/S2_30275.npy,PASTISFresh/ANNOTATIONS/TARGET_30275.npy
30277,PASTISFresh/DATA_S2/S2_30277.npy,PASTISFresh/ANNOTATIONS/TARGET_30277.npy
30280,PASTISFresh/DATA_S2/S2_30280.npy,PASTISFresh/ANNOTATIONS/TARGET_30280.npy
30281,PASTISFresh/DATA_S2/S2_30281.npy,PASTISFresh/ANNOTATIONS/TARGET_30281.npy
30283,PASTISFresh/DATA_S2/S2_30283.npy,PASTISFresh/ANNOTATIONS/TARGET_30283.npy
30284,PASTISFresh/DATA_S2/S2_30284.npy,PASTISFresh/ANNOTATIONS/TARGET_30284.npy
30285,PASTISFresh/DATA_S2/S2_30285.npy,PASTISFresh/ANNOTATIONS/TARGET_30285.npy
30286,PASTISFresh/DATA_S2/S2_30286.npy,PASTISFresh/ANNOTATIONS/TARGET_30286.npy
30289,PASTISFresh/DATA_S2/S2_30289.npy,PASTISFresh/ANNOTATIONS/TARGET_30289.npy
30290,PASTISFresh/DATA_S2/S2_30290.npy,PASTISFresh/ANNOTATIONS/TARGET_30290.npy
30293,PASTISFresh/DATA_S2/S2_30293.npy,PASTISFresh/ANNOTATIONS/TARGET_30293.npy
30294,PASTISFresh/DATA_S2/S2_30294.npy,PASTISFresh/ANNOTATIONS/TARGET_30294.npy
30295,PASTISFresh/DATA_S2/S2_30295.npy,PASTISFresh/ANNOTATIONS/TARGET_30295.npy
30298,PASTISFresh/DATA_S2/S2_30298.npy,PASTISFresh/ANNOTATIONS/TARGET_30298.npy
30299,PASTISFresh/DATA_S2/S2_30299.npy,PASTISFresh/ANNOTATIONS/TARGET_30299.npy
30300,PASTISFresh/DATA_S2/S2_30300.npy,PASTISFresh/ANNOTATIONS/TARGET_30300.npy
30301,PASTISFresh/DATA_S2/S2_30301.npy,PASTISFresh/ANNOTATIONS/TARGET_30301.npy
30302,PASTISFresh/DATA_S2/S2_30302.npy,PASTISFresh/ANNOTATIONS/TARGET_30302.npy
30303,PASTISFresh/DATA_S2/S2_30303.npy,PASTISFresh/ANNOTATIONS/TARGET_30303.npy
30304,PASTISFresh/DATA_S2/S2_30304.npy,PASTISFresh/ANNOTATIONS/TARGET_30304.npy
30305,PASTISFresh/DATA_S2/S2_30305.npy,PASTISFresh/ANNOTATIONS/TARGET_30305.npy
30307,PASTISFresh/DATA_S2/S2_30307.npy,PASTISFresh/ANNOTATIONS/TARGET_30307.npy
30308,PASTISFresh/DATA_S2/S2_30308.npy,PASTISFresh/ANNOTATIONS/TARGET_30308.npy
30309,PASTISFresh/DATA_S2/S2_30309.npy,PASTISFresh/ANNOTATIONS/TARGET_30309.npy
30311,PASTISFresh/DATA_S2/S2_30311.npy,PASTISFresh/ANNOTATIONS/TARGET_30311.npy
30312,PASTISFresh/DATA_S2/S2_30312.npy,PASTISFresh/ANNOTATIONS/TARGET_30312.npy
30313,PASTISFresh/DATA_S2/S2_30313.npy,PASTISFresh/ANNOTATIONS/TARGET_30313.npy
30315,PASTISFresh/DATA_S2/S2_30315.npy,PASTISFresh/ANNOTATIONS/TARGET_30315.npy
30317,PASTISFresh/DATA_S2/S2_30317.npy,PASTISFresh/ANNOTATIONS/TARGET_30317.npy
30319,PASTISFresh/DATA_S2/S2_30319.npy,PASTISFresh/ANNOTATIONS/TARGET_30319.npy
30321,PASTISFresh/DATA_S2/S2_30321.npy,PASTISFresh/ANNOTATIONS/TARGET_30321.npy
30323,PASTISFresh/DATA_S2/S2_30323.npy,PASTISFresh/ANNOTATIONS/TARGET_30323.npy
30324,PASTISFresh/DATA_S2/S2_30324.npy,PASTISFresh/ANNOTATIONS/TARGET_30324.npy
30330,PASTISFresh/DATA_S2/S2_30330.npy,PASTISFresh/ANNOTATIONS/TARGET_30330.npy
30333,PASTISFresh/DATA_S2/S2_30333.npy,PASTISFresh/ANNOTATIONS/TARGET_30333.npy
30334,PASTISFresh/DATA_S2/S2_30334.npy,PASTISFresh/ANNOTATIONS/TARGET_30334.npy
30337,PASTISFresh/DATA_S2/S2_30337.npy,PASTISFresh/ANNOTATIONS/TARGET_30337.npy
30339,PASTISFresh/DATA_S2/S2_30339.npy,PASTISFresh/ANNOTATIONS/TARGET_30339.npy
30340,PASTISFresh/DATA_S2/S2_30340.npy,PASTISFresh/ANNOTATIONS/TARGET_30340.npy
30341,PASTISFresh/DATA_S2/S2_30341.npy,PASTISFresh/ANNOTATIONS/TARGET_30341.npy
30342,PASTISFresh/DATA_S2/S2_30342.npy,PASTISFresh/ANNOTATIONS/TARGET_30342.npy
30346,PASTISFresh/DATA_S2/S2_30346.npy,PASTISFresh/ANNOTATIONS/TARGET_30346.npy
30347,PASTISFresh/DATA_S2/S2_30347.npy,PASTISFresh/ANNOTATIONS/TARGET_30347.npy
30349,PASTISFresh/DATA_S2/S2_30349.npy,PASTISFresh/ANNOTATIONS/TARGET_30349.npy
30352,PASTISFresh/DATA_S2/S2_30352.npy,PASTISFresh/ANNOTATIONS/TARGET_30352.npy
30353,PASTISFresh/DATA_S2/S2_30353.npy,PASTISFresh/ANNOTATIONS/TARGET_30353.npy
30356,PASTISFresh/DATA_S2/S2_30356.npy,PASTISFresh/ANNOTATIONS/TARGET_30356.npy
30357,PASTISFresh/DATA_S2/S2_30357.npy,PASTISFresh/ANNOTATIONS/TARGET_30357.npy
30359,PASTISFresh/DATA_S2/S2_30359.npy,PASTISFresh/ANNOTATIONS/TARGET_30359.npy
30360,PASTISFresh/DATA_S2/S2_30360.npy,PASTISFresh/ANNOTATIONS/TARGET_30360.npy
30361,PASTISFresh/DATA_S2/S2_30361.npy,PASTISFresh/ANNOTATIONS/TARGET_30361.npy
30365,PASTISFresh/DATA_S2/S2_30365.npy,PASTISFresh/ANNOTATIONS/TARGET_30365.npy
30366,PASTISFresh/DATA_S2/S2_30366.npy,PASTISFresh/ANNOTATIONS/TARGET_30366.npy
30368,PASTISFresh/DATA_S2/S2_30368.npy,PASTISFresh/ANNOTATIONS/TARGET_30368.npy
30369,PASTISFresh/DATA_S2/S2_30369.npy,PASTISFresh/ANNOTATIONS/TARGET_30369.npy
30372,PASTISFresh/DATA_S2/S2_30372.npy,PASTISFresh/ANNOTATIONS/TARGET_30372.npy
30373,PASTISFresh/DATA_S2/S2_30373.npy,PASTISFresh/ANNOTATIONS/TARGET_30373.npy
30374,PASTISFresh/DATA_S2/S2_30374.npy,PASTISFresh/ANNOTATIONS/TARGET_30374.npy
30375,PASTISFresh/DATA_S2/S2_30375.npy,PASTISFresh/ANNOTATIONS/TARGET_30375.npy
30376,PASTISFresh/DATA_S2/S2_30376.npy,PASTISFresh/ANNOTATIONS/TARGET_30376.npy
30383,PASTISFresh/DATA_S2/S2_30383.npy,PASTISFresh/ANNOTATIONS/TARGET_30383.npy
30384,PASTISFresh/DATA_S2/S2_30384.npy,PASTISFresh/ANNOTATIONS/TARGET_30384.npy
30385,PASTISFresh/DATA_S2/S2_30385.npy,PASTISFresh/ANNOTATIONS/TARGET_30385.npy
30388,PASTISFresh/DATA_S2/S2_30388.npy,PASTISFresh/ANNOTATIONS/TARGET_30388.npy
30390,PASTISFresh/DATA_S2/S2_30390.npy,PASTISFresh/ANNOTATIONS/TARGET_30390.npy
30392,PASTISFresh/DATA_S2/S2_30392.npy,PASTISFresh/ANNOTATIONS/TARGET_30392.npy
30393,PASTISFresh/DATA_S2/S2_30393.npy,PASTISFresh/ANNOTATIONS/TARGET_30393.npy
30395,PASTISFresh/DATA_S2/S2_30395.npy,PASTISFresh/ANNOTATIONS/TARGET_30395.npy
30396,PASTISFresh/DATA_S2/S2_30396.npy,PASTISFresh/ANNOTATIONS/TARGET_30396.npy
30398,PASTISFresh/DATA_S2/S2_30398.npy,PASTISFresh/ANNOTATIONS/TARGET_30398.npy
30400,PASTISFresh/DATA_S2/S2_30400.npy,PASTISFresh/ANNOTATIONS/TARGET_30400.npy
30401,PASTISFresh/DATA_S2/S2_30401.npy,PASTISFresh/ANNOTATIONS/TARGET_30401.npy
30403,PASTISFresh/DATA_S2/S2_30403.npy,PASTISFresh/ANNOTATIONS/TARGET_30403.npy
30404,PASTISFresh/DATA_S2/S2_30404.npy,PASTISFresh/ANNOTATIONS/TARGET_30404.npy
30407,PASTISFresh/DATA_S2/S2_30407.npy,PASTISFresh/ANNOTATIONS/TARGET_30407.npy
30408,PASTISFresh/DATA_S2/S2_30408.npy,PASTISFresh/ANNOTATIONS/TARGET_30408.npy
30412,PASTISFresh/DATA_S2/S2_30412.npy,PASTISFresh/ANNOTATIONS/TARGET_30412.npy
30413,PASTISFresh/DATA_S2/S2_30413.npy,PASTISFresh/ANNOTATIONS/TARGET_30413.npy
30415,PASTISFresh/DATA_S2/S2_30415.npy,PASTISFresh/ANNOTATIONS/TARGET_30415.npy
30417,PASTISFresh/DATA_S2/S2_30417.npy,PASTISFresh/ANNOTATIONS/TARGET_30417.npy
30418,PASTISFresh/DATA_S2/S2_30418.npy,PASTISFresh/ANNOTATIONS/TARGET_30418.npy
30419,PASTISFresh/DATA_S2/S2_30419.npy,PASTISFresh/ANNOTATIONS/TARGET_30419.npy
30420,PASTISFresh/DATA_S2/S2_30420.npy,PASTISFresh/ANNOTATIONS/TARGET_30420.npy
30422,PASTISFresh/DATA_S2/S2_30422.npy,PASTISFresh/ANNOTATIONS/TARGET_30422.npy
30425,PASTISFresh/DATA_S2/S2_30425.npy,PASTISFresh/ANNOTATIONS/TARGET_30425.npy
30430,PASTISFresh/DATA_S2/S2_30430.npy,PASTISFresh/ANNOTATIONS/TARGET_30430.npy
30431,PASTISFresh/DATA_S2/S2_30431.npy,PASTISFresh/ANNOTATIONS/TARGET_30431.npy
30432,PASTISFresh/DATA_S2/S2_30432.npy,PASTISFresh/ANNOTATIONS/TARGET_30432.npy
30434,PASTISFresh/DATA_S2/S2_30434.npy,PASTISFresh/ANNOTATIONS/TARGET_30434.npy
30436,PASTISFresh/DATA_S2/S2_30436.npy,PASTISFresh/ANNOTATIONS/TARGET_30436.npy
30437,PASTISFresh/DATA_S2/S2_30437.npy,PASTISFresh/ANNOTATIONS/TARGET_30437.npy
30438,PASTISFresh/DATA_S2/S2_30438.npy,PASTISFresh/ANNOTATIONS/TARGET_30438.npy
30440,PASTISFresh/DATA_S2/S2_30440.npy,PASTISFresh/ANNOTATIONS/TARGET_30440.npy
30441,PASTISFresh/DATA_S2/S2_30441.npy,PASTISFresh/ANNOTATIONS/TARGET_30441.npy
30443,PASTISFresh/DATA_S2/S2_30443.npy,PASTISFresh/ANNOTATIONS/TARGET_30443.npy
30444,PASTISFresh/DATA_S2/S2_30444.npy,PASTISFresh/ANNOTATIONS/TARGET_30444.npy
30445,PASTISFresh/DATA_S2/S2_30445.npy,PASTISFresh/ANNOTATIONS/TARGET_30445.npy
30448,PASTISFresh/DATA_S2/S2_30448.npy,PASTISFresh/ANNOTATIONS/TARGET_30448.npy
30449,PASTISFresh/DATA_S2/S2_30449.npy,PASTISFresh/ANNOTATIONS/TARGET_30449.npy
30450,PASTISFresh/DATA_S2/S2_30450.npy,PASTISFresh/ANNOTATIONS/TARGET_30450.npy
30452,PASTISFresh/DATA_S2/S2_30452.npy,PASTISFresh/ANNOTATIONS/TARGET_30452.npy
30453,PASTISFresh/DATA_S2/S2_30453.npy,PASTISFresh/ANNOTATIONS/TARGET_30453.npy
30456,PASTISFresh/DATA_S2/S2_30456.npy,PASTISFresh/ANNOTATIONS/TARGET_30456.npy
30460,PASTISFresh/DATA_S2/S2_30460.npy,PASTISFresh/ANNOTATIONS/TARGET_30460.npy
30461,PASTISFresh/DATA_S2/S2_30461.npy,PASTISFresh/ANNOTATIONS/TARGET_30461.npy
30463,PASTISFresh/DATA_S2/S2_30463.npy,PASTISFresh/ANNOTATIONS/TARGET_30463.npy
30464,PASTISFresh/DATA_S2/S2_30464.npy,PASTISFresh/ANNOTATIONS/TARGET_30464.npy
30466,PASTISFresh/DATA_S2/S2_30466.npy,PASTISFresh/ANNOTATIONS/TARGET_30466.npy
30467,PASTISFresh/DATA_S2/S2_30467.npy,PASTISFresh/ANNOTATIONS/TARGET_30467.npy
30468,PASTISFresh/DATA_S2/S2_30468.npy,PASTISFresh/ANNOTATIONS/TARGET_30468.npy
30471,PASTISFresh/DATA_S2/S2_30471.npy,PASTISFresh/ANNOTATIONS/TARGET_30471.npy
30473,PASTISFresh/DATA_S2/S2_30473.npy,PASTISFresh/ANNOTATIONS/TARGET_30473.npy
30475,PASTISFresh/DATA_S2/S2_30475.npy,PASTISFresh/ANNOTATIONS/TARGET_30475.npy
30476,PASTISFresh/DATA_S2/S2_30476.npy,PASTISFresh/ANNOTATIONS/TARGET_30476.npy
30480,PASTISFresh/DATA_S2/S2_30480.npy,PASTISFresh/ANNOTATIONS/TARGET_30480.npy
30481,PASTISFresh/DATA_S2/S2_30481.npy,PASTISFresh/ANNOTATIONS/TARGET_30481.npy
30482,PASTISFresh/DATA_S2/S2_30482.npy,PASTISFresh/ANNOTATIONS/TARGET_30482.npy
30483,PASTISFresh/DATA_S2/S2_30483.npy,PASTISFresh/ANNOTATIONS/TARGET_30483.npy
30484,PASTISFresh/DATA_S2/S2_30484.npy,PASTISFresh/ANNOTATIONS/TARGET_30484.npy
30487,PASTISFresh/DATA_S2/S2_30487.npy,PASTISFresh/ANNOTATIONS/TARGET_30487.npy
30488,PASTISFresh/DATA_S2/S2_30488.npy,PASTISFresh/ANNOTATIONS/TARGET_30488.npy
30490,PASTISFresh/DATA_S2/S2_30490.npy,PASTISFresh/ANNOTATIONS/TARGET_30490.npy
30492,PASTISFresh/DATA_S2/S2_30492.npy,PASTISFresh/ANNOTATIONS/TARGET_30492.npy
30493,PASTISFresh/DATA_S2/S2_30493.npy,PASTISFresh/ANNOTATIONS/TARGET_30493.npy
30495,PASTISFresh/DATA_S2/S2_30495.npy,PASTISFresh/ANNOTATIONS/TARGET_30495.npy
30496,PASTISFresh/DATA_S2/S2_30496.npy,PASTISFresh/ANNOTATIONS/TARGET_30496.npy
30497,PASTISFresh/DATA_S2/S2_30497.npy,PASTISFresh/ANNOTATIONS/TARGET_30497.npy
30499,PASTISFresh/DATA_S2/S2_30499.npy,PASTISFresh/ANNOTATIONS/TARGET_30499.npy
30501,PASTISFresh/DATA_S2/S2_30501.npy,PASTISFresh/ANNOTATIONS/TARGET_30501.npy
30502,PASTISFresh/DATA_S2/S2_30502.npy,PASTISFresh/ANNOTATIONS/TARGET_30502.npy
30503,PASTISFresh/DATA_S2/S2_30503.npy,PASTISFresh/ANNOTATIONS/TARGET_30503.npy
30504,PASTISFresh/DATA_S2/S2_30504.npy,PASTISFresh/ANNOTATIONS/TARGET_30504.npy
30507,PASTISFresh/DATA_S2/S2_30507.npy,PASTISFresh/ANNOTATIONS/TARGET_30507.npy
30508,PASTISFresh/DATA_S2/S2_30508.npy,PASTISFresh/ANNOTATIONS/TARGET_30508.npy
30509,PASTISFresh/DATA_S2/S2_30509.npy,PASTISFresh/ANNOTATIONS/TARGET_30509.npy
30510,PASTISFresh/DATA_S2/S2_30510.npy,PASTISFresh/ANNOTATIONS/TARGET_30510.npy
30511,PASTISFresh/DATA_S2/S2_30511.npy,PASTISFresh/ANNOTATIONS/TARGET_30511.npy
30512,PASTISFresh/DATA_S2/S2_30512.npy,PASTISFresh/ANNOTATIONS/TARGET_30512.npy
30513,PASTISFresh/DATA_S2/S2_30513.npy,PASTISFresh/ANNOTATIONS/TARGET_30513.npy
30514,PASTISFresh/DATA_S2/S2_30514.npy,PASTISFresh/ANNOTATIONS/TARGET_30514.npy
30517,PASTISFresh/DATA_S2/S2_30517.npy,PASTISFresh/ANNOTATIONS/TARGET_30517.npy
30518,PASTISFresh/DATA_S2/S2_30518.npy,PASTISFresh/ANNOTATIONS/TARGET_30518.npy
30520,PASTISFresh/DATA_S2/S2_30520.npy,PASTISFresh/ANNOTATIONS/TARGET_30520.npy
30521,PASTISFresh/DATA_S2/S2_30521.npy,PASTISFresh/ANNOTATIONS/TARGET_30521.npy
30522,PASTISFresh/DATA_S2/S2_30522.npy,PASTISFresh/ANNOTATIONS/TARGET_30522.npy
30523,PASTISFresh/DATA_S2/S2_30523.npy,PASTISFresh/ANNOTATIONS/TARGET_30523.npy
30524,PASTISFresh/DATA_S2/S2_30524.npy,PASTISFresh/ANNOTATIONS/TARGET_30524.npy
30525,PASTISFresh/DATA_S2/S2_30525.npy,PASTISFresh/ANNOTATIONS/TARGET_30525.npy
30526,PASTISFresh/DATA_S2/S2_30526.npy,PASTISFresh/ANNOTATIONS/TARGET_30526.npy
30528,PASTISFresh/DATA_S2/S2_30528.npy,PASTISFresh/ANNOTATIONS/TARGET_30528.npy
30530,PASTISFresh/DATA_S2/S2_30530.npy,PASTISFresh/ANNOTATIONS/TARGET_30530.npy
30532,PASTISFresh/DATA_S2/S2_30532.npy,PASTISFresh/ANNOTATIONS/TARGET_30532.npy
30538,PASTISFresh/DATA_S2/S2_30538.npy,PASTISFresh/ANNOTATIONS/TARGET_30538.npy
30540,PASTISFresh/DATA_S2/S2_30540.npy,PASTISFresh/ANNOTATIONS/TARGET_30540.npy
30541,PASTISFresh/DATA_S2/S2_30541.npy,PASTISFresh/ANNOTATIONS/TARGET_30541.npy
30543,PASTISFresh/DATA_S2/S2_30543.npy,PASTISFresh/ANNOTATIONS/TARGET_30543.npy
30544,PASTISFresh/DATA_S2/S2_30544.npy,PASTISFresh/ANNOTATIONS/TARGET_30544.npy
30545,PASTISFresh/DATA_S2/S2_30545.npy,PASTISFresh/ANNOTATIONS/TARGET_30545.npy
30546,PASTISFresh/DATA_S2/S2_30546.npy,PASTISFresh/ANNOTATIONS/TARGET_30546.npy
30547,PASTISFresh/DATA_S2/S2_30547.npy,PASTISFresh/ANNOTATIONS/TARGET_30547.npy
30550,PASTISFresh/DATA_S2/S2_30550.npy,PASTISFresh/ANNOTATIONS/TARGET_30550.npy
30552,PASTISFresh/DATA_S2/S2_30552.npy,PASTISFresh/ANNOTATIONS/TARGET_30552.npy
30553,PASTISFresh/DATA_S2/S2_30553.npy,PASTISFresh/ANNOTATIONS/TARGET_30553.npy
30554,PASTISFresh/DATA_S2/S2_30554.npy,PASTISFresh/ANNOTATIONS/TARGET_30554.npy
30558,PASTISFresh/DATA_S2/S2_30558.npy,PASTISFresh/ANNOTATIONS/TARGET_30558.npy
30559,PASTISFresh/DATA_S2/S2_30559.npy,PASTISFresh/ANNOTATIONS/TARGET_30559.npy
30560,PASTISFresh/DATA_S2/S2_30560.npy,PASTISFresh/ANNOTATIONS/TARGET_30560.npy
30561,PASTISFresh/DATA_S2/S2_30561.npy,PASTISFresh/ANNOTATIONS/TARGET_30561.npy
30563,PASTISFresh/DATA_S2/S2_30563.npy,PASTISFresh/ANNOTATIONS/TARGET_30563.npy
30564,PASTISFresh/DATA_S2/S2_30564.npy,PASTISFresh/ANNOTATIONS/TARGET_30564.npy
30568,PASTISFresh/DATA_S2/S2_30568.npy,PASTISFresh/ANNOTATIONS/TARGET_30568.npy
30569,PASTISFresh/DATA_S2/S2_30569.npy,PASTISFresh/ANNOTATIONS/TARGET_30569.npy
30570,PASTISFresh/DATA_S2/S2_30570.npy,PASTISFresh/ANNOTATIONS/TARGET_30570.npy
30572,PASTISFresh/DATA_S2/S2_30572.npy,PASTISFresh/ANNOTATIONS/TARGET_30572.npy
30573,PASTISFresh/DATA_S2/S2_30573.npy,PASTISFresh/ANNOTATIONS/TARGET_30573.npy
30574,PASTISFresh/DATA_S2/S2_30574.npy,PASTISFresh/ANNOTATIONS/TARGET_30574.npy
30575,PASTISFresh/DATA_S2/S2_30575.npy,PASTISFresh/ANNOTATIONS/TARGET_30575.npy
30577,PASTISFresh/DATA_S2/S2_30577.npy,PASTISFresh/ANNOTATIONS/TARGET_30577.npy
30582,PASTISFresh/DATA_S2/S2_30582.npy,PASTISFresh/ANNOTATIONS/TARGET_30582.npy
30583,PASTISFresh/DATA_S2/S2_30583.npy,PASTISFresh/ANNOTATIONS/TARGET_30583.npy
30584,PASTISFresh/DATA_S2/S2_30584.npy,PASTISFresh/ANNOTATIONS/TARGET_30584.npy
30586,PASTISFresh/DATA_S2/S2_30586.npy,PASTISFresh/ANNOTATIONS/TARGET_30586.npy
30587,PASTISFresh/DATA_S2/S2_30587.npy,PASTISFresh/ANNOTATIONS/TARGET_30587.npy
30593,PASTISFresh/DATA_S2/S2_30593.npy,PASTISFresh/ANNOTATIONS/TARGET_30593.npy
30594,PASTISFresh/DATA_S2/S2_30594.npy,PASTISFresh/ANNOTATIONS/TARGET_30594.npy
30595,PASTISFresh/DATA_S2/S2_30595.npy,PASTISFresh/ANNOTATIONS/TARGET_30595.npy
30600,PASTISFresh/DATA_S2/S2_30600.npy,PASTISFresh/ANNOTATIONS/TARGET_30600.npy
30601,PASTISFresh/DATA_S2/S2_30601.npy,PASTISFresh/ANNOTATIONS/TARGET_30601.npy
30603,PASTISFresh/DATA_S2/S2_30603.npy,PASTISFresh/ANNOTATIONS/TARGET_30603.npy
30605,PASTISFresh/DATA_S2/S2_30605.npy,PASTISFresh/ANNOTATIONS/TARGET_30605.npy
30606,PASTISFresh/DATA_S2/S2_30606.npy,PASTISFresh/ANNOTATIONS/TARGET_30606.npy
30609,PASTISFresh/DATA_S2/S2_30609.npy,PASTISFresh/ANNOTATIONS/TARGET_30609.npy
30610,PASTISFresh/DATA_S2/S2_30610.npy,PASTISFresh/ANNOTATIONS/TARGET_30610.npy
30611,PASTISFresh/DATA_S2/S2_30611.npy,PASTISFresh/ANNOTATIONS/TARGET_30611.npy
30612,PASTISFresh/DATA_S2/S2_30612.npy,PASTISFresh/ANNOTATIONS/TARGET_30612.npy
30613,PASTISFresh/DATA_S2/S2_30613.npy,PASTISFresh/ANNOTATIONS/TARGET_30613.npy
30617,PASTISFresh/DATA_S2/S2_30617.npy,PASTISFresh/ANNOTATIONS/TARGET_30617.npy
30618,PASTISFresh/DATA_S2/S2_30618.npy,PASTISFresh/ANNOTATIONS/TARGET_30618.npy
30619,PASTISFresh/DATA_S2/S2_30619.npy,PASTISFresh/ANNOTATIONS/TARGET_30619.npy
30623,PASTISFresh/DATA_S2/S2_30623.npy,PASTISFresh/ANNOTATIONS/TARGET_30623.npy
30624,PASTISFresh/DATA_S2/S2_30624.npy,PASTISFresh/ANNOTATIONS/TARGET_30624.npy
30625,PASTISFresh/DATA_S2/S2_30625.npy,PASTISFresh/ANNOTATIONS/TARGET_30625.npy
30627,PASTISFresh/DATA_S2/S2_30627.npy,PASTISFresh/ANNOTATIONS/TARGET_30627.npy
30628,PASTISFresh/DATA_S2/S2_30628.npy,PASTISFresh/ANNOTATIONS/TARGET_30628.npy
30629,PASTISFresh/DATA_S2/S2_30629.npy,PASTISFresh/ANNOTATIONS/TARGET_30629.npy
30630,PASTISFresh/DATA_S2/S2_30630.npy,PASTISFresh/ANNOTATIONS/TARGET_30630.npy
30631,PASTISFresh/DATA_S2/S2_30631.npy,PASTISFresh/ANNOTATIONS/TARGET_30631.npy
30637,PASTISFresh/DATA_S2/S2_30637.npy,PASTISFresh/ANNOTATIONS/TARGET_30637.npy
30638,PASTISFresh/DATA_S2/S2_30638.npy,PASTISFresh/ANNOTATIONS/TARGET_30638.npy
30641,PASTISFresh/DATA_S2/S2_30641.npy,PASTISFresh/ANNOTATIONS/TARGET_30641.npy
30643,PASTISFresh/DATA_S2/S2_30643.npy,PASTISFresh/ANNOTATIONS/TARGET_30643.npy
30645,PASTISFresh/DATA_S2/S2_30645.npy,PASTISFresh/ANNOTATIONS/TARGET_30645.npy
30647,PASTISFresh/DATA_S2/S2_30647.npy,PASTISFresh/ANNOTATIONS/TARGET_30647.npy
30648,PASTISFresh/DATA_S2/S2_30648.npy,PASTISFresh/ANNOTATIONS/TARGET_30648.npy
30650,PASTISFresh/DATA_S2/S2_30650.npy,PASTISFresh/ANNOTATIONS/TARGET_30650.npy
30651,PASTISFresh/DATA_S2/S2_30651.npy,PASTISFresh/ANNOTATIONS/TARGET_30651.npy
30653,PASTISFresh/DATA_S2/S2_30653.npy,PASTISFresh/ANNOTATIONS/TARGET_30653.npy
30654,PASTISFresh/DATA_S2/S2_30654.npy,PASTISFresh/ANNOTATIONS/TARGET_30654.npy
30655,PASTISFresh/DATA_S2/S2_30655.npy,PASTISFresh/ANNOTATIONS/TARGET_30655.npy
30656,PASTISFresh/DATA_S2/S2_30656.npy,PASTISFresh/ANNOTATIONS/TARGET_30656.npy
30657,PASTISFresh/DATA_S2/S2_30657.npy,PASTISFresh/ANNOTATIONS/TARGET_30657.npy
30658,PASTISFresh/DATA_S2/S2_30658.npy,PASTISFresh/ANNOTATIONS/TARGET_30658.npy
30662,PASTISFresh/DATA_S2/S2_30662.npy,PASTISFresh/ANNOTATIONS/TARGET_30662.npy
30665,PASTISFresh/DATA_S2/S2_30665.npy,PASTISFresh/ANNOTATIONS/TARGET_30665.npy
30666,PASTISFresh/DATA_S2/S2_30666.npy,PASTISFresh/ANNOTATIONS/TARGET_30666.npy
30667,PASTISFresh/DATA_S2/S2_30667.npy,PASTISFresh/ANNOTATIONS/TARGET_30667.npy
30673,PASTISFresh/DATA_S2/S2_30673.npy,PASTISFresh/ANNOTATIONS/TARGET_30673.npy
30676,PASTISFresh/DATA_S2/S2_30676.npy,PASTISFresh/ANNOTATIONS/TARGET_30676.npy
30677,PASTISFresh/DATA_S2/S2_30677.npy,PASTISFresh/ANNOTATIONS/TARGET_30677.npy
30678,PASTISFresh/DATA_S2/S2_30678.npy,PASTISFresh/ANNOTATIONS/TARGET_30678.npy
30679,PASTISFresh/DATA_S2/S2_30679.npy,PASTISFresh/ANNOTATIONS/TARGET_30679.npy
30680,PASTISFresh/DATA_S2/S2_30680.npy,PASTISFresh/ANNOTATIONS/TARGET_30680.npy
30681,PASTISFresh/DATA_S2/S2_30681.npy,PASTISFresh/ANNOTATIONS/TARGET_30681.npy
30682,PASTISFresh/DATA_S2/S2_30682.npy,PASTISFresh/ANNOTATIONS/TARGET_30682.npy
30683,PASTISFresh/DATA_S2/S2_30683.npy,PASTISFresh/ANNOTATIONS/TARGET_30683.npy
30684,PASTISFresh/DATA_S2/S2_30684.npy,PASTISFresh/ANNOTATIONS/TARGET_30684.npy
30685,PASTISFresh/DATA_S2/S2_30685.npy,PASTISFresh/ANNOTATIONS/TARGET_30685.npy
30686,PASTISFresh/DATA_S2/S2_30686.npy,PASTISFresh/ANNOTATIONS/TARGET_30686.npy
30687,PASTISFresh/DATA_S2/S2_30687.npy,PASTISFresh/ANNOTATIONS/TARGET_30687.npy
30693,PASTISFresh/DATA_S2/S2_30693.npy,PASTISFresh/ANNOTATIONS/TARGET_30693.npy
30694,PASTISFresh/DATA_S2/S2_30694.npy,PASTISFresh/ANNOTATIONS/TARGET_30694.npy
30695,PASTISFresh/DATA_S2/S2_30695.npy,PASTISFresh/ANNOTATIONS/TARGET_30695.npy
30698,PASTISFresh/DATA_S2/S2_30698.npy,PASTISFresh/ANNOTATIONS/TARGET_30698.npy
30699,PASTISFresh/DATA_S2/S2_30699.npy,PASTISFresh/ANNOTATIONS/TARGET_30699.npy
30700,PASTISFresh/DATA_S2/S2_30700.npy,PASTISFresh/ANNOTATIONS/TARGET_30700.npy
30701,PASTISFresh/DATA_S2/S2_30701.npy,PASTISFresh/ANNOTATIONS/TARGET_30701.npy
30702,PASTISFresh/DATA_S2/S2_30702.npy,PASTISFresh/ANNOTATIONS/TARGET_30702.npy
30703,PASTISFresh/DATA_S2/S2_30703.npy,PASTISFresh/ANNOTATIONS/TARGET_30703.npy
30704,PASTISFresh/DATA_S2/S2_30704.npy,PASTISFresh/ANNOTATIONS/TARGET_30704.npy
30705,PASTISFresh/DATA_S2/S2_30705.npy,PASTISFresh/ANNOTATIONS/TARGET_30705.npy
30709,PASTISFresh/DATA_S2/S2_30709.npy,PASTISFresh/ANNOTATIONS/TARGET_30709.npy
30711,PASTISFresh/DATA_S2/S2_30711.npy,PASTISFresh/ANNOTATIONS/TARGET_30711.npy
30714,PASTISFresh/DATA_S2/S2_30714.npy,PASTISFresh/ANNOTATIONS/TARGET_30714.npy
30715,PASTISFresh/DATA_S2/S2_30715.npy,PASTISFresh/ANNOTATIONS/TARGET_30715.npy
30716,PASTISFresh/DATA_S2/S2_30716.npy,PASTISFresh/ANNOTATIONS/TARGET_30716.npy
30717,PASTISFresh/DATA_S2/S2_30717.npy,PASTISFresh/ANNOTATIONS/TARGET_30717.npy
30719,PASTISFresh/DATA_S2/S2_30719.npy,PASTISFresh/ANNOTATIONS/TARGET_30719.npy
30720,PASTISFresh/DATA_S2/S2_30720.npy,PASTISFresh/ANNOTATIONS/TARGET_30720.npy
30723,PASTISFresh/DATA_S2/S2_30723.npy,PASTISFresh/ANNOTATIONS/TARGET_30723.npy
30724,PASTISFresh/DATA_S2/S2_30724.npy,PASTISFresh/ANNOTATIONS/TARGET_30724.npy
30725,PASTISFresh/DATA_S2/S2_30725.npy,PASTISFresh/ANNOTATIONS/TARGET_30725.npy
30726,PASTISFresh/DATA_S2/S2_30726.npy,PASTISFresh/ANNOTATIONS/TARGET_30726.npy
30727,PASTISFresh/DATA_S2/S2_30727.npy,PASTISFresh/ANNOTATIONS/TARGET_30727.npy
30729,PASTISFresh/DATA_S2/S2_30729.npy,PASTISFresh/ANNOTATIONS/TARGET_30729.npy
30731,PASTISFresh/DATA_S2/S2_30731.npy,PASTISFresh/ANNOTATIONS/TARGET_30731.npy
30732,PASTISFresh/DATA_S2/S2_30732.npy,PASTISFresh/ANNOTATIONS/TARGET_30732.npy
30733,PASTISFresh/DATA_S2/S2_30733.npy,PASTISFresh/ANNOTATIONS/TARGET_30733.npy
30734,PASTISFresh/DATA_S2/S2_30734.npy,PASTISFresh/ANNOTATIONS/TARGET_30734.npy
30736,PASTISFresh/DATA_S2/S2_30736.npy,PASTISFresh/ANNOTATIONS/TARGET_30736.npy
30737,PASTISFresh/DATA_S2/S2_30737.npy,PASTISFresh/ANNOTATIONS/TARGET_30737.npy
40000,PASTISFresh/DATA_S2/S2_40000.npy,PASTISFresh/ANNOTATIONS/TARGET_40000.npy
40001,PASTISFresh/DATA_S2/S2_40001.npy,PASTISFresh/ANNOTATIONS/TARGET_40001.npy
40003,PASTISFresh/DATA_S2/S2_40003.npy,PASTISFresh/ANNOTATIONS/TARGET_40003.npy
40004,PASTISFresh/DATA_S2/S2_40004.npy,PASTISFresh/ANNOTATIONS/TARGET_40004.npy
40006,PASTISFresh/DATA_S2/S2_40006.npy,PASTISFresh/ANNOTATIONS/TARGET_40006.npy
40008,PASTISFresh/DATA_S2/S2_40008.npy,PASTISFresh/ANNOTATIONS/TARGET_40008.npy
40009,PASTISFresh/DATA_S2/S2_40009.npy,PASTISFresh/ANNOTATIONS/TARGET_40009.npy
40010,PASTISFresh/DATA_S2/S2_40010.npy,PASTISFresh/ANNOTATIONS/TARGET_40010.npy
40011,PASTISFresh/DATA_S2/S2_40011.npy,PASTISFresh/ANNOTATIONS/TARGET_40011.npy
40013,PASTISFresh/DATA_S2/S2_40013.npy,PASTISFresh/ANNOTATIONS/TARGET_40013.npy
40014,PASTISFresh/DATA_S2/S2_40014.npy,PASTISFresh/ANNOTATIONS/TARGET_40014.npy
40015,PASTISFresh/DATA_S2/S2_40015.npy,PASTISFresh/ANNOTATIONS/TARGET_40015.npy
40016,PASTISFresh/DATA_S2/S2_40016.npy,PASTISFresh/ANNOTATIONS/TARGET_40016.npy
40017,PASTISFresh/DATA_S2/S2_40017.npy,PASTISFresh/ANNOTATIONS/TARGET_40017.npy
40018,PASTISFresh/DATA_S2/S2_40018.npy,PASTISFresh/ANNOTATIONS/TARGET_40018.npy
40019,PASTISFresh/DATA_S2/S2_40019.npy,PASTISFresh/ANNOTATIONS/TARGET_40019.npy
40020,PASTISFresh/DATA_S2/S2_40020.npy,PASTISFresh/ANNOTATIONS/TARGET_40020.npy
40021,PASTISFresh/DATA_S2/S2_40021.npy,PASTISFresh/ANNOTATIONS/TARGET_40021.npy
40022,PASTISFresh/DATA_S2/S2_40022.npy,PASTISFresh/ANNOTATIONS/TARGET_40022.npy
40023,PASTISFresh/DATA_S2/S2_40023.npy,PASTISFresh/ANNOTATIONS/TARGET_40023.npy
40024,PASTISFresh/DATA_S2/S2_40024.npy,PASTISFresh/ANNOTATIONS/TARGET_40024.npy
40026,PASTISFresh/DATA_S2/S2_40026.npy,PASTISFresh/ANNOTATIONS/TARGET_40026.npy
40027,PASTISFresh/DATA_S2/S2_40027.npy,PASTISFresh/ANNOTATIONS/TARGET_40027.npy
40028,PASTISFresh/DATA_S2/S2_40028.npy,PASTISFresh/ANNOTATIONS/TARGET_40028.npy
40029,PASTISFresh/DATA_S2/S2_40029.npy,PASTISFresh/ANNOTATIONS/TARGET_40029.npy
40032,PASTISFresh/DATA_S2/S2_40032.npy,PASTISFresh/ANNOTATIONS/TARGET_40032.npy
40034,PASTISFresh/DATA_S2/S2_40034.npy,PASTISFresh/ANNOTATIONS/TARGET_40034.npy
40036,PASTISFresh/DATA_S2/S2_40036.npy,PASTISFresh/ANNOTATIONS/TARGET_40036.npy
40038,PASTISFresh/DATA_S2/S2_40038.npy,PASTISFresh/ANNOTATIONS/TARGET_40038.npy
40040,PASTISFresh/DATA_S2/S2_40040.npy,PASTISFresh/ANNOTATIONS/TARGET_40040.npy
40041,PASTISFresh/DATA_S2/S2_40041.npy,PASTISFresh/ANNOTATIONS/TARGET_40041.npy
40043,PASTISFresh/DATA_S2/S2_40043.npy,PASTISFresh/ANNOTATIONS/TARGET_40043.npy
40046,PASTISFresh/DATA_S2/S2_40046.npy,PASTISFresh/ANNOTATIONS/TARGET_40046.npy
40047,PASTISFresh/DATA_S2/S2_40047.npy,PASTISFresh/ANNOTATIONS/TARGET_40047.npy
40050,PASTISFresh/DATA_S2/S2_40050.npy,PASTISFresh/ANNOTATIONS/TARGET_40050.npy
40051,PASTISFresh/DATA_S2/S2_40051.npy,PASTISFresh/ANNOTATIONS/TARGET_40051.npy
40052,PASTISFresh/DATA_S2/S2_40052.npy,PASTISFresh/ANNOTATIONS/TARGET_40052.npy
40053,PASTISFresh/DATA_S2/S2_40053.npy,PASTISFresh/ANNOTATIONS/TARGET_40053.npy
40054,PASTISFresh/DATA_S2/S2_40054.npy,PASTISFresh/ANNOTATIONS/TARGET_40054.npy
40055,PASTISFresh/DATA_S2/S2_40055.npy,PASTISFresh/ANNOTATIONS/TARGET_40055.npy
40061,PASTISFresh/DATA_S2/S2_40061.npy,PASTISFresh/ANNOTATIONS/TARGET_40061.npy
40062,PASTISFresh/DATA_S2/S2_40062.npy,PASTISFresh/ANNOTATIONS/TARGET_40062.npy
40063,PASTISFresh/DATA_S2/S2_40063.npy,PASTISFresh/ANNOTATIONS/TARGET_40063.npy
40064,PASTISFresh/DATA_S2/S2_40064.npy,PASTISFresh/ANNOTATIONS/TARGET_40064.npy
40066,PASTISFresh/DATA_S2/S2_40066.npy,PASTISFresh/ANNOTATIONS/TARGET_40066.npy
40070,PASTISFresh/DATA_S2/S2_40070.npy,PASTISFresh/ANNOTATIONS/TARGET_40070.npy
40071,PASTISFresh/DATA_S2/S2_40071.npy,PASTISFresh/ANNOTATIONS/TARGET_40071.npy
40073,PASTISFresh/DATA_S2/S2_40073.npy,PASTISFresh/ANNOTATIONS/TARGET_40073.npy
40075,PASTISFresh/DATA_S2/S2_40075.npy,PASTISFresh/ANNOTATIONS/TARGET_40075.npy
40076,PASTISFresh/DATA_S2/S2_40076.npy,PASTISFresh/ANNOTATIONS/TARGET_40076.npy
40077,PASTISFresh/DATA_S2/S2_40077.npy,PASTISFresh/ANNOTATIONS/TARGET_40077.npy
40078,PASTISFresh/DATA_S2/S2_40078.npy,PASTISFresh/ANNOTATIONS/TARGET_40078.npy
40080,PASTISFresh/DATA_S2/S2_40080.npy,PASTISFresh/ANNOTATIONS/TARGET_40080.npy
40082,PASTISFresh/DATA_S2/S2_40082.npy,PASTISFresh/ANNOTATIONS/TARGET_40082.npy
40083,PASTISFresh/DATA_S2/S2_40083.npy,PASTISFresh/ANNOTATIONS/TARGET_40083.npy
40084,PASTISFresh/DATA_S2/S2_40084.npy,PASTISFresh/ANNOTATIONS/TARGET_40084.npy
40085,PASTISFresh/DATA_S2/S2_40085.npy,PASTISFresh/ANNOTATIONS/TARGET_40085.npy
40086,PASTISFresh/DATA_S2/S2_40086.npy,PASTISFresh/ANNOTATIONS/TARGET_40086.npy
40087,PASTISFresh/DATA_S2/S2_40087.npy,PASTISFresh/ANNOTATIONS/TARGET_40087.npy
40088,PASTISFresh/DATA_S2/S2_40088.npy,PASTISFresh/ANNOTATIONS/TARGET_40088.npy
40089,PASTISFresh/DATA_S2/S2_40089.npy,PASTISFresh/ANNOTATIONS/TARGET_40089.npy
40090,PASTISFresh/DATA_S2/S2_40090.npy,PASTISFresh/ANNOTATIONS/TARGET_40090.npy
40092,PASTISFresh/DATA_S2/S2_40092.npy,PASTISFresh/ANNOTATIONS/TARGET_40092.npy
40096,PASTISFresh/DATA_S2/S2_40096.npy,PASTISFresh/ANNOTATIONS/TARGET_40096.npy
40097,PASTISFresh/DATA_S2/S2_40097.npy,PASTISFresh/ANNOTATIONS/TARGET_40097.npy
40099,PASTISFresh/DATA_S2/S2_40099.npy,PASTISFresh/ANNOTATIONS/TARGET_40099.npy
40101,PASTISFresh/DATA_S2/S2_40101.npy,PASTISFresh/ANNOTATIONS/TARGET_40101.npy
40102,PASTISFresh/DATA_S2/S2_40102.npy,PASTISFresh/ANNOTATIONS/TARGET_40102.npy
40103,PASTISFresh/DATA_S2/S2_40103.npy,PASTISFresh/ANNOTATIONS/TARGET_40103.npy
40104,PASTISFresh/DATA_S2/S2_40104.npy,PASTISFresh/ANNOTATIONS/TARGET_40104.npy
40105,PASTISFresh/DATA_S2/S2_40105.npy,PASTISFresh/ANNOTATIONS/TARGET_40105.npy
40106,PASTISFresh/DATA_S2/S2_40106.npy,PASTISFresh/ANNOTATIONS/TARGET_40106.npy
40107,PASTISFresh/DATA_S2/S2_40107.npy,PASTISFresh/ANNOTATIONS/TARGET_40107.npy
40108,PASTISFresh/DATA_S2/S2_40108.npy,PASTISFresh/ANNOTATIONS/TARGET_40108.npy
40109,PASTISFresh/DATA_S2/S2_40109.npy,PASTISFresh/ANNOTATIONS/TARGET_40109.npy
40110,PASTISFresh/DATA_S2/S2_40110.npy,PASTISFresh/ANNOTATIONS/TARGET_40110.npy
40111,PASTISFresh/DATA_S2/S2_40111.npy,PASTISFresh/ANNOTATIONS/TARGET_40111.npy
40112,PASTISFresh/DATA_S2/S2_40112.npy,PASTISFresh/ANNOTATIONS/TARGET_40112.npy
40113,PASTISFresh/DATA_S2/S2_40113.npy,PASTISFresh/ANNOTATIONS/TARGET_40113.npy
40115,PASTISFresh/DATA_S2/S2_40115.npy,PASTISFresh/ANNOTATIONS/TARGET_40115.npy
40117,PASTISFresh/DATA_S2/S2_40117.npy,PASTISFresh/ANNOTATIONS/TARGET_40117.npy
40118,PASTISFresh/DATA_S2/S2_40118.npy,PASTISFresh/ANNOTATIONS/TARGET_40118.npy
40119,PASTISFresh/DATA_S2/S2_40119.npy,PASTISFresh/ANNOTATIONS/TARGET_40119.npy
40123,PASTISFresh/DATA_S2/S2_40123.npy,PASTISFresh/ANNOTATIONS/TARGET_40123.npy
40124,PASTISFresh/DATA_S2/S2_40124.npy,PASTISFresh/ANNOTATIONS/TARGET_40124.npy
40128,PASTISFresh/DATA_S2/S2_40128.npy,PASTISFresh/ANNOTATIONS/TARGET_40128.npy
40129,PASTISFresh/DATA_S2/S2_40129.npy,PASTISFresh/ANNOTATIONS/TARGET_40129.npy
40130,PASTISFresh/DATA_S2/S2_40130.npy,PASTISFresh/ANNOTATIONS/TARGET_40130.npy
40132,PASTISFresh/DATA_S2/S2_40132.npy,PASTISFresh/ANNOTATIONS/TARGET_40132.npy
40134,PASTISFresh/DATA_S2/S2_40134.npy,PASTISFresh/ANNOTATIONS/TARGET_40134.npy
40135,PASTISFresh/DATA_S2/S2_40135.npy,PASTISFresh/ANNOTATIONS/TARGET_40135.npy
40136,PASTISFresh/DATA_S2/S2_40136.npy,PASTISFresh/ANNOTATIONS/TARGET_40136.npy
40137,PASTISFresh/DATA_S2/S2_40137.npy,PASTISFresh/ANNOTATIONS/TARGET_40137.npy
40138,PASTISFresh/DATA_S2/S2_40138.npy,PASTISFresh/ANNOTATIONS/TARGET_40138.npy
40139,PASTISFresh/DATA_S2/S2_40139.npy,PASTISFresh/ANNOTATIONS/TARGET_40139.npy
40140,PASTISFresh/DATA_S2/S2_40140.npy,PASTISFresh/ANNOTATIONS/TARGET_40140.npy
40142,PASTISFresh/DATA_S2/S2_40142.npy,PASTISFresh/ANNOTATIONS/TARGET_40142.npy
40145,PASTISFresh/DATA_S2/S2_40145.npy,PASTISFresh/ANNOTATIONS/TARGET_40145.npy
40146,PASTISFresh/DATA_S2/S2_40146.npy,PASTISFresh/ANNOTATIONS/TARGET_40146.npy
40147,PASTISFresh/DATA_S2/S2_40147.npy,PASTISFresh/ANNOTATIONS/TARGET_40147.npy
40148,PASTISFresh/DATA_S2/S2_40148.npy,PASTISFresh/ANNOTATIONS/TARGET_40148.npy
40150,PASTISFresh/DATA_S2/S2_40150.npy,PASTISFresh/ANNOTATIONS/TARGET_40150.npy
40152,PASTISFresh/DATA_S2/S2_40152.npy,PASTISFresh/ANNOTATIONS/TARGET_40152.npy
40154,PASTISFresh/DATA_S2/S2_40154.npy,PASTISFresh/ANNOTATIONS/TARGET_40154.npy
40155,PASTISFresh/DATA_S2/S2_40155.npy,PASTISFresh/ANNOTATIONS/TARGET_40155.npy
40156,PASTISFresh/DATA_S2/S2_40156.npy,PASTISFresh/ANNOTATIONS/TARGET_40156.npy
40158,PASTISFresh/DATA_S2/S2_40158.npy,PASTISFresh/ANNOTATIONS/TARGET_40158.npy
40159,PASTISFresh/DATA_S2/S2_40159.npy,PASTISFresh/ANNOTATIONS/TARGET_40159.npy
40160,PASTISFresh/DATA_S2/S2_40160.npy,PASTISFresh/ANNOTATIONS/TARGET_40160.npy
40161,PASTISFresh/DATA_S2/S2_40161.npy,PASTISFresh/ANNOTATIONS/TARGET_40161.npy
40162,PASTISFresh/DATA_S2/S2_40162.npy,PASTISFresh/ANNOTATIONS/TARGET_40162.npy
40164,PASTISFresh/DATA_S2/S2_40164.npy,PASTISFresh/ANNOTATIONS/TARGET_40164.npy
40165,PASTISFresh/DATA_S2/S2_40165.npy,PASTISFresh/ANNOTATIONS/TARGET_40165.npy
40166,PASTISFresh/DATA_S2/S2_40166.npy,PASTISFresh/ANNOTATIONS/TARGET_40166.npy
40167,PASTISFresh/DATA_S2/S2_40167.npy,PASTISFresh/ANNOTATIONS/TARGET_40167.npy
40168,PASTISFresh/DATA_S2/S2_40168.npy,PASTISFresh/ANNOTATIONS/TARGET_40168.npy
40169,PASTISFresh/DATA_S2/S2_40169.npy,PASTISFresh/ANNOTATIONS/TARGET_40169.npy
40170,PASTISFresh/DATA_S2/S2_40170.npy,PASTISFresh/ANNOTATIONS/TARGET_40170.npy
40171,PASTISFresh/DATA_S2/S2_40171.npy,PASTISFresh/ANNOTATIONS/TARGET_40171.npy
40174,PASTISFresh/DATA_S2/S2_40174.npy,PASTISFresh/ANNOTATIONS/TARGET_40174.npy
40176,PASTISFresh/DATA_S2/S2_40176.npy,PASTISFresh/ANNOTATIONS/TARGET_40176.npy
40178,PASTISFresh/DATA_S2/S2_40178.npy,PASTISFresh/ANNOTATIONS/TARGET_40178.npy
40183,PASTISFresh/DATA_S2/S2_40183.npy,PASTISFresh/ANNOTATIONS/TARGET_40183.npy
40184,PASTISFresh/DATA_S2/S2_40184.npy,PASTISFresh/ANNOTATIONS/TARGET_40184.npy
40186,PASTISFresh/DATA_S2/S2_40186.npy,PASTISFresh/ANNOTATIONS/TARGET_40186.npy
40187,PASTISFresh/DATA_S2/S2_40187.npy,PASTISFresh/ANNOTATIONS/TARGET_40187.npy
40188,PASTISFresh/DATA_S2/S2_40188.npy,PASTISFresh/ANNOTATIONS/TARGET_40188.npy
40189,PASTISFresh/DATA_S2/S2_40189.npy,PASTISFresh/ANNOTATIONS/TARGET_40189.npy
40190,PASTISFresh/DATA_S2/S2_40190.npy,PASTISFresh/ANNOTATIONS/TARGET_40190.npy
40191,PASTISFresh/DATA_S2/S2_40191.npy,PASTISFresh/ANNOTATIONS/TARGET_40191.npy
40192,PASTISFresh/DATA_S2/S2_40192.npy,PASTISFresh/ANNOTATIONS/TARGET_40192.npy
40196,PASTISFresh/DATA_S2/S2_40196.npy,PASTISFresh/ANNOTATIONS/TARGET_40196.npy
40197,PASTISFresh/DATA_S2/S2_40197.npy,PASTISFresh/ANNOTATIONS/TARGET_40197.npy
40199,PASTISFresh/DATA_S2/S2_40199.npy,PASTISFresh/ANNOTATIONS/TARGET_40199.npy
40202,PASTISFresh/DATA_S2/S2_40202.npy,PASTISFresh/ANNOTATIONS/TARGET_40202.npy
40204,PASTISFresh/DATA_S2/S2_40204.npy,PASTISFresh/ANNOTATIONS/TARGET_40204.npy
40206,PASTISFresh/DATA_S2/S2_40206.npy,PASTISFresh/ANNOTATIONS/TARGET_40206.npy
40208,PASTISFresh/DATA_S2/S2_40208.npy,PASTISFresh/ANNOTATIONS/TARGET_40208.npy
40213,PASTISFresh/DATA_S2/S2_40213.npy,PASTISFresh/ANNOTATIONS/TARGET_40213.npy
40216,PASTISFresh/DATA_S2/S2_40216.npy,PASTISFresh/ANNOTATIONS/TARGET_40216.npy
40217,PASTISFresh/DATA_S2/S2_40217.npy,PASTISFresh/ANNOTATIONS/TARGET_40217.npy
40218,PASTISFresh/DATA_S2/S2_40218.npy,PASTISFresh/ANNOTATIONS/TARGET_40218.npy
40219,PASTISFresh/DATA_S2/S2_40219.npy,PASTISFresh/ANNOTATIONS/TARGET_40219.npy
40221,PASTISFresh/DATA_S2/S2_40221.npy,PASTISFresh/ANNOTATIONS/TARGET_40221.npy
40222,PASTISFresh/DATA_S2/S2_40222.npy,PASTISFresh/ANNOTATIONS/TARGET_40222.npy
40224,PASTISFresh/DATA_S2/S2_40224.npy,PASTISFresh/ANNOTATIONS/TARGET_40224.npy
40225,PASTISFresh/DATA_S2/S2_40225.npy,PASTISFresh/ANNOTATIONS/TARGET_40225.npy
40226,PASTISFresh/DATA_S2/S2_40226.npy,PASTISFresh/ANNOTATIONS/TARGET_40226.npy
40227,PASTISFresh/DATA_S2/S2_40227.npy,PASTISFresh/ANNOTATIONS/TARGET_40227.npy
40228,PASTISFresh/DATA_S2/S2_40228.npy,PASTISFresh/ANNOTATIONS/TARGET_40228.npy
40229,PASTISFresh/DATA_S2/S2_40229.npy,PASTISFresh/ANNOTATIONS/TARGET_40229.npy
40230,PASTISFresh/DATA_S2/S2_40230.npy,PASTISFresh/ANNOTATIONS/TARGET_40230.npy
40231,PASTISFresh/DATA_S2/S2_40231.npy,PASTISFresh/ANNOTATIONS/TARGET_40231.npy
40232,PASTISFresh/DATA_S2/S2_40232.npy,PASTISFresh/ANNOTATIONS/TARGET_40232.npy
40233,PASTISFresh/DATA_S2/S2_40233.npy,PASTISFresh/ANNOTATIONS/TARGET_40233.npy
40237,PASTISFresh/DATA_S2/S2_40237.npy,PASTISFresh/ANNOTATIONS/TARGET_40237.npy
40238,PASTISFresh/DATA_S2/S2_40238.npy,PASTISFresh/ANNOTATIONS/TARGET_40238.npy
40239,PASTISFresh/DATA_S2/S2_40239.npy,PASTISFresh/ANNOTATIONS/TARGET_40239.npy
40241,PASTISFresh/DATA_S2/S2_40241.npy,PASTISFresh/ANNOTATIONS/TARGET_40241.npy
40243,PASTISFresh/DATA_S2/S2_40243.npy,PASTISFresh/ANNOTATIONS/TARGET_40243.npy
40246,PASTISFresh/DATA_S2/S2_40246.npy,PASTISFresh/ANNOTATIONS/TARGET_40246.npy
40247,PASTISFresh/DATA_S2/S2_40247.npy,PASTISFresh/ANNOTATIONS/TARGET_40247.npy
40249,PASTISFresh/DATA_S2/S2_40249.npy,PASTISFresh/ANNOTATIONS/TARGET_40249.npy
40250,PASTISFresh/DATA_S2/S2_40250.npy,PASTISFresh/ANNOTATIONS/TARGET_40250.npy
40251,PASTISFresh/DATA_S2/S2_40251.npy,PASTISFresh/ANNOTATIONS/TARGET_40251.npy
40253,PASTISFresh/DATA_S2/S2_40253.npy,PASTISFresh/ANNOTATIONS/TARGET_40253.npy
40254,PASTISFresh/DATA_S2/S2_40254.npy,PASTISFresh/ANNOTATIONS/TARGET_40254.npy
40255,PASTISFresh/DATA_S2/S2_40255.npy,PASTISFresh/ANNOTATIONS/TARGET_40255.npy
40256,PASTISFresh/DATA_S2/S2_40256.npy,PASTISFresh/ANNOTATIONS/TARGET_40256.npy
40257,PASTISFresh/DATA_S2/S2_40257.npy,PASTISFresh/ANNOTATIONS/TARGET_40257.npy
40258,PASTISFresh/DATA_S2/S2_40258.npy,PASTISFresh/ANNOTATIONS/TARGET_40258.npy
40259,PASTISFresh/DATA_S2/S2_40259.npy,PASTISFresh/ANNOTATIONS/TARGET_40259.npy
40260,PASTISFresh/DATA_S2/S2_40260.npy,PASTISFresh/ANNOTATIONS/TARGET_40260.npy
40262,PASTISFresh/DATA_S2/S2_40262.npy,PASTISFresh/ANNOTATIONS/TARGET_40262.npy
40263,PASTISFresh/DATA_S2/S2_40263.npy,PASTISFresh/ANNOTATIONS/TARGET_40263.npy
40265,PASTISFresh/DATA_S2/S2_40265.npy,PASTISFresh/ANNOTATIONS/TARGET_40265.npy
40267,PASTISFresh/DATA_S2/S2_40267.npy,PASTISFresh/ANNOTATIONS/TARGET_40267.npy
40268,PASTISFresh/DATA_S2/S2_40268.npy,PASTISFresh/ANNOTATIONS/TARGET_40268.npy
40269,PASTISFresh/DATA_S2/S2_40269.npy,PASTISFresh/ANNOTATIONS/TARGET_40269.npy
40270,PASTISFresh/DATA_S2/S2_40270.npy,PASTISFresh/ANNOTATIONS/TARGET_40270.npy
40272,PASTISFresh/DATA_S2/S2_40272.npy,PASTISFresh/ANNOTATIONS/TARGET_40272.npy
40274,PASTISFresh/DATA_S2/S2_40274.npy,PASTISFresh/ANNOTATIONS/TARGET_40274.npy
40276,PASTISFresh/DATA_S2/S2_40276.npy,PASTISFresh/ANNOTATIONS/TARGET_40276.npy
40277,PASTISFresh/DATA_S2/S2_40277.npy,PASTISFresh/ANNOTATIONS/TARGET_40277.npy
40278,PASTISFresh/DATA_S2/S2_40278.npy,PASTISFresh/ANNOTATIONS/TARGET_40278.npy
40279,PASTISFresh/DATA_S2/S2_40279.npy,PASTISFresh/ANNOTATIONS/TARGET_40279.npy
40280,PASTISFresh/DATA_S2/S2_40280.npy,PASTISFresh/ANNOTATIONS/TARGET_40280.npy
40281,PASTISFresh/DATA_S2/S2_40281.npy,PASTISFresh/ANNOTATIONS/TARGET_40281.npy
40283,PASTISFresh/DATA_S2/S2_40283.npy,PASTISFresh/ANNOTATIONS/TARGET_40283.npy
40284,PASTISFresh/DATA_S2/S2_40284.npy,PASTISFresh/ANNOTATIONS/TARGET_40284.npy
40288,PASTISFresh/DATA_S2/S2_40288.npy,PASTISFresh/ANNOTATIONS/TARGET_40288.npy
40289,PASTISFresh/DATA_S2/S2_40289.npy,PASTISFresh/ANNOTATIONS/TARGET_40289.npy
40294,PASTISFresh/DATA_S2/S2_40294.npy,PASTISFresh/ANNOTATIONS/TARGET_40294.npy
40296,PASTISFresh/DATA_S2/S2_40296.npy,PASTISFresh/ANNOTATIONS/TARGET_40296.npy
40298,PASTISFresh/DATA_S2/S2_40298.npy,PASTISFresh/ANNOTATIONS/TARGET_40298.npy
40300,PASTISFresh/DATA_S2/S2_40300.npy,PASTISFresh/ANNOTATIONS/TARGET_40300.npy
40301,PASTISFresh/DATA_S2/S2_40301.npy,PASTISFresh/ANNOTATIONS/TARGET_40301.npy
40303,PASTISFresh/DATA_S2/S2_40303.npy,PASTISFresh/ANNOTATIONS/TARGET_40303.npy
40306,PASTISFresh/DATA_S2/S2_40306.npy,PASTISFresh/ANNOTATIONS/TARGET_40306.npy
40308,PASTISFresh/DATA_S2/S2_40308.npy,PASTISFresh/ANNOTATIONS/TARGET_40308.npy
40310,PASTISFresh/DATA_S2/S2_40310.npy,PASTISFresh/ANNOTATIONS/TARGET_40310.npy
40311,PASTISFresh/DATA_S2/S2_40311.npy,PASTISFresh/ANNOTATIONS/TARGET_40311.npy
40312,PASTISFresh/DATA_S2/S2_40312.npy,PASTISFresh/ANNOTATIONS/TARGET_40312.npy
40313,PASTISFresh/DATA_S2/S2_40313.npy,PASTISFresh/ANNOTATIONS/TARGET_40313.npy
40316,PASTISFresh/DATA_S2/S2_40316.npy,PASTISFresh/ANNOTATIONS/TARGET_40316.npy
40317,PASTISFresh/DATA_S2/S2_40317.npy,PASTISFresh/ANNOTATIONS/TARGET_40317.npy
40318,PASTISFresh/DATA_S2/S2_40318.npy,PASTISFresh/ANNOTATIONS/TARGET_40318.npy
40319,PASTISFresh/DATA_S2/S2_40319.npy,PASTISFresh/ANNOTATIONS/TARGET_40319.npy
40320,PASTISFresh/DATA_S2/S2_40320.npy,PASTISFresh/ANNOTATIONS/TARGET_40320.npy
40322,PASTISFresh/DATA_S2/S2_40322.npy,PASTISFresh/ANNOTATIONS/TARGET_40322.npy
40324,PASTISFresh/DATA_S2/S2_40324.npy,PASTISFresh/ANNOTATIONS/TARGET_40324.npy
40325,PASTISFresh/DATA_S2/S2_40325.npy,PASTISFresh/ANNOTATIONS/TARGET_40325.npy
40328,PASTISFresh/DATA_S2/S2_40328.npy,PASTISFresh/ANNOTATIONS/TARGET_40328.npy
40330,PASTISFresh/DATA_S2/S2_40330.npy,PASTISFresh/ANNOTATIONS/TARGET_40330.npy
40331,PASTISFresh/DATA_S2/S2_40331.npy,PASTISFresh/ANNOTATIONS/TARGET_40331.npy
40332,PASTISFresh/DATA_S2/S2_40332.npy,PASTISFresh/ANNOTATIONS/TARGET_40332.npy
40333,PASTISFresh/DATA_S2/S2_40333.npy,PASTISFresh/ANNOTATIONS/TARGET_40333.npy
40336,PASTISFresh/DATA_S2/S2_40336.npy,PASTISFresh/ANNOTATIONS/TARGET_40336.npy
40338,PASTISFresh/DATA_S2/S2_40338.npy,PASTISFresh/ANNOTATIONS/TARGET_40338.npy
40339,PASTISFresh/DATA_S2/S2_40339.npy,PASTISFresh/ANNOTATIONS/TARGET_40339.npy
40342,PASTISFresh/DATA_S2/S2_40342.npy,PASTISFresh/ANNOTATIONS/TARGET_40342.npy
40343,PASTISFresh/DATA_S2/S2_40343.npy,PASTISFresh/ANNOTATIONS/TARGET_40343.npy
40346,PASTISFresh/DATA_S2/S2_40346.npy,PASTISFresh/ANNOTATIONS/TARGET_40346.npy
40347,PASTISFresh/DATA_S2/S2_40347.npy,PASTISFresh/ANNOTATIONS/TARGET_40347.npy
40348,PASTISFresh/DATA_S2/S2_40348.npy,PASTISFresh/ANNOTATIONS/TARGET_40348.npy
40349,PASTISFresh/DATA_S2/S2_40349.npy,PASTISFresh/ANNOTATIONS/TARGET_40349.npy
40352,PASTISFresh/DATA_S2/S2_40352.npy,PASTISFresh/ANNOTATIONS/TARGET_40352.npy
40353,PASTISFresh/DATA_S2/S2_40353.npy,PASTISFresh/ANNOTATIONS/TARGET_40353.npy
40355,PASTISFresh/DATA_S2/S2_40355.npy,PASTISFresh/ANNOTATIONS/TARGET_40355.npy
40360,PASTISFresh/DATA_S2/S2_40360.npy,PASTISFresh/ANNOTATIONS/TARGET_40360.npy
40361,PASTISFresh/DATA_S2/S2_40361.npy,PASTISFresh/ANNOTATIONS/TARGET_40361.npy
40362,PASTISFresh/DATA_S2/S2_40362.npy,PASTISFresh/ANNOTATIONS/TARGET_40362.npy
40364,PASTISFresh/DATA_S2/S2_40364.npy,PASTISFresh/ANNOTATIONS/TARGET_40364.npy
40365,PASTISFresh/DATA_S2/S2_40365.npy,PASTISFresh/ANNOTATIONS/TARGET_40365.npy
40367,PASTISFresh/DATA_S2/S2_40367.npy,PASTISFresh/ANNOTATIONS/TARGET_40367.npy
40368,PASTISFresh/DATA_S2/S2_40368.npy,PASTISFresh/ANNOTATIONS/TARGET_40368.npy
40369,PASTISFresh/DATA_S2/S2_40369.npy,PASTISFresh/ANNOTATIONS/TARGET_40369.npy
40371,PASTISFresh/DATA_S2/S2_40371.npy,PASTISFresh/ANNOTATIONS/TARGET_40371.npy
40372,PASTISFresh/DATA_S2/S2_40372.npy,PASTISFresh/ANNOTATIONS/TARGET_40372.npy
40374,PASTISFresh/DATA_S2/S2_40374.npy,PASTISFresh/ANNOTATIONS/TARGET_40374.npy
40375,PASTISFresh/DATA_S2/S2_40375.npy,PASTISFresh/ANNOTATIONS/TARGET_40375.npy
40376,PASTISFresh/DATA_S2/S2_40376.npy,PASTISFresh/ANNOTATIONS/TARGET_40376.npy
40377,PASTISFresh/DATA_S2/S2_40377.npy,PASTISFresh/ANNOTATIONS/TARGET_40377.npy
40381,PASTISFresh/DATA_S2/S2_40381.npy,PASTISFresh/ANNOTATIONS/TARGET_40381.npy
40382,PASTISFresh/DATA_S2/S2_40382.npy,PASTISFresh/ANNOTATIONS/TARGET_40382.npy
40383,PASTISFresh/DATA_S2/S2_40383.npy,PASTISFresh/ANNOTATIONS/TARGET_40383.npy
40386,PASTISFresh/DATA_S2/S2_40386.npy,PASTISFresh/ANNOTATIONS/TARGET_40386.npy
40387,PASTISFresh/DATA_S2/S2_40387.npy,PASTISFresh/ANNOTATIONS/TARGET_40387.npy
40389,PASTISFresh/DATA_S2/S2_40389.npy,PASTISFresh/ANNOTATIONS/TARGET_40389.npy
40391,PASTISFresh/DATA_S2/S2_40391.npy,PASTISFresh/ANNOTATIONS/TARGET_40391.npy
40392,PASTISFresh/DATA_S2/S2_40392.npy,PASTISFresh/ANNOTATIONS/TARGET_40392.npy
40395,PASTISFresh/DATA_S2/S2_40395.npy,PASTISFresh/ANNOTATIONS/TARGET_40395.npy
40396,PASTISFresh/DATA_S2/S2_40396.npy,PASTISFresh/ANNOTATIONS/TARGET_40396.npy
40397,PASTISFresh/DATA_S2/S2_40397.npy,PASTISFresh/ANNOTATIONS/TARGET_40397.npy
40398,PASTISFresh/DATA_S2/S2_40398.npy,PASTISFresh/ANNOTATIONS/TARGET_40398.npy
40399,PASTISFresh/DATA_S2/S2_40399.npy,PASTISFresh/ANNOTATIONS/TARGET_40399.npy
40400,PASTISFresh/DATA_S2/S2_40400.npy,PASTISFresh/ANNOTATIONS/TARGET_40400.npy
40405,PASTISFresh/DATA_S2/S2_40405.npy,PASTISFresh/ANNOTATIONS/TARGET_40405.npy
40407,PASTISFresh/DATA_S2/S2_40407.npy,PASTISFresh/ANNOTATIONS/TARGET_40407.npy
40409,PASTISFresh/DATA_S2/S2_40409.npy,PASTISFresh/ANNOTATIONS/TARGET_40409.npy
40412,PASTISFresh/DATA_S2/S2_40412.npy,PASTISFresh/ANNOTATIONS/TARGET_40412.npy
40413,PASTISFresh/DATA_S2/S2_40413.npy,PASTISFresh/ANNOTATIONS/TARGET_40413.npy
40414,PASTISFresh/DATA_S2/S2_40414.npy,PASTISFresh/ANNOTATIONS/TARGET_40414.npy
40415,PASTISFresh/DATA_S2/S2_40415.npy,PASTISFresh/ANNOTATIONS/TARGET_40415.npy
40416,PASTISFresh/DATA_S2/S2_40416.npy,PASTISFresh/ANNOTATIONS/TARGET_40416.npy
40417,PASTISFresh/DATA_S2/S2_40417.npy,PASTISFresh/ANNOTATIONS/TARGET_40417.npy
40419,PASTISFresh/DATA_S2/S2_40419.npy,PASTISFresh/ANNOTATIONS/TARGET_40419.npy
40421,PASTISFresh/DATA_S2/S2_40421.npy,PASTISFresh/ANNOTATIONS/TARGET_40421.npy
40423,PASTISFresh/DATA_S2/S2_40423.npy,PASTISFresh/ANNOTATIONS/TARGET_40423.npy
40424,PASTISFresh/DATA_S2/S2_40424.npy,PASTISFresh/ANNOTATIONS/TARGET_40424.npy
40426,PASTISFresh/DATA_S2/S2_40426.npy,PASTISFresh/ANNOTATIONS/TARGET_40426.npy
40427,PASTISFresh/DATA_S2/S2_40427.npy,PASTISFresh/ANNOTATIONS/TARGET_40427.npy
40428,PASTISFresh/DATA_S2/S2_40428.npy,PASTISFresh/ANNOTATIONS/TARGET_40428.npy
40429,PASTISFresh/DATA_S2/S2_40429.npy,PASTISFresh/ANNOTATIONS/TARGET_40429.npy
40430,PASTISFresh/DATA_S2/S2_40430.npy,PASTISFresh/ANNOTATIONS/TARGET_40430.npy
40433,PASTISFresh/DATA_S2/S2_40433.npy,PASTISFresh/ANNOTATIONS/TARGET_40433.npy
40434,PASTISFresh/DATA_S2/S2_40434.npy,PASTISFresh/ANNOTATIONS/TARGET_40434.npy
40435,PASTISFresh/DATA_S2/S2_40435.npy,PASTISFresh/ANNOTATIONS/TARGET_40435.npy
40437,PASTISFresh/DATA_S2/S2_40437.npy,PASTISFresh/ANNOTATIONS/TARGET_40437.npy
40438,PASTISFresh/DATA_S2/S2_40438.npy,PASTISFresh/ANNOTATIONS/TARGET_40438.npy
40439,PASTISFresh/DATA_S2/S2_40439.npy,PASTISFresh/ANNOTATIONS/TARGET_40439.npy
40440,PASTISFresh/DATA_S2/S2_40440.npy,PASTISFresh/ANNOTATIONS/TARGET_40440.npy
40441,PASTISFresh/DATA_S2/S2_40441.npy,PASTISFresh/ANNOTATIONS/TARGET_40441.npy
40443,PASTISFresh/DATA_S2/S2_40443.npy,PASTISFresh/ANNOTATIONS/TARGET_40443.npy
40444,PASTISFresh/DATA_S2/S2_40444.npy,PASTISFresh/ANNOTATIONS/TARGET_40444.npy
40445,PASTISFresh/DATA_S2/S2_40445.npy,PASTISFresh/ANNOTATIONS/TARGET_40445.npy
40447,PASTISFresh/DATA_S2/S2_40447.npy,PASTISFresh/ANNOTATIONS/TARGET_40447.npy
40449,PASTISFresh/DATA_S2/S2_40449.npy,PASTISFresh/ANNOTATIONS/TARGET_40449.npy
40450,PASTISFresh/DATA_S2/S2_40450.npy,PASTISFresh/ANNOTATIONS/TARGET_40450.npy
40451,PASTISFresh/DATA_S2/S2_40451.npy,PASTISFresh/ANNOTATIONS/TARGET_40451.npy
40452,PASTISFresh/DATA_S2/S2_40452.npy,PASTISFresh/ANNOTATIONS/TARGET_40452.npy
40453,PASTISFresh/DATA_S2/S2_40453.npy,PASTISFresh/ANNOTATIONS/TARGET_40453.npy
40454,PASTISFresh/DATA_S2/S2_40454.npy,PASTISFresh/ANNOTATIONS/TARGET_40454.npy
40455,PASTISFresh/DATA_S2/S2_40455.npy,PASTISFresh/ANNOTATIONS/TARGET_40455.npy
40456,PASTISFresh/DATA_S2/S2_40456.npy,PASTISFresh/ANNOTATIONS/TARGET_40456.npy
40457,PASTISFresh/DATA_S2/S2_40457.npy,PASTISFresh/ANNOTATIONS/TARGET_40457.npy
40458,PASTISFresh/DATA_S2/S2_40458.npy,PASTISFresh/ANNOTATIONS/TARGET_40458.npy
40459,PASTISFresh/DATA_S2/S2_40459.npy,PASTISFresh/ANNOTATIONS/TARGET_40459.npy
40462,PASTISFresh/DATA_S2/S2_40462.npy,PASTISFresh/ANNOTATIONS/TARGET_40462.npy
40463,PASTISFresh/DATA_S2/S2_40463.npy,PASTISFresh/ANNOTATIONS/TARGET_40463.npy
40464,PASTISFresh/DATA_S2/S2_40464.npy,PASTISFresh/ANNOTATIONS/TARGET_40464.npy
40465,PASTISFresh/DATA_S2/S2_40465.npy,PASTISFresh/ANNOTATIONS/TARGET_40465.npy
40466,PASTISFresh/DATA_S2/S2_40466.npy,PASTISFresh/ANNOTATIONS/TARGET_40466.npy
40467,PASTISFresh/DATA_S2/S2_40467.npy,PASTISFresh/ANNOTATIONS/TARGET_40467.npy
40468,PASTISFresh/DATA_S2/S2_40468.npy,PASTISFresh/ANNOTATIONS/TARGET_40468.npy
40471,PASTISFresh/DATA_S2/S2_40471.npy,PASTISFresh/ANNOTATIONS/TARGET_40471.npy
40472,PASTISFresh/DATA_S2/S2_40472.npy,PASTISFresh/ANNOTATIONS/TARGET_40472.npy
40473,PASTISFresh/DATA_S2/S2_40473.npy,PASTISFresh/ANNOTATIONS/TARGET_40473.npy
40476,PASTISFresh/DATA_S2/S2_40476.npy,PASTISFresh/ANNOTATIONS/TARGET_40476.npy
40477,PASTISFresh/DATA_S2/S2_40477.npy,PASTISFresh/ANNOTATIONS/TARGET_40477.npy
40478,PASTISFresh/DATA_S2/S2_40478.npy,PASTISFresh/ANNOTATIONS/TARGET_40478.npy
40480,PASTISFresh/DATA_S2/S2_40480.npy,PASTISFresh/ANNOTATIONS/TARGET_40480.npy
40481,PASTISFresh/DATA_S2/S2_40481.npy,PASTISFresh/ANNOTATIONS/TARGET_40481.npy
40482,PASTISFresh/DATA_S2/S2_40482.npy,PASTISFresh/ANNOTATIONS/TARGET_40482.npy
40485,PASTISFresh/DATA_S2/S2_40485.npy,PASTISFresh/ANNOTATIONS/TARGET_40485.npy
40486,PASTISFresh/DATA_S2/S2_40486.npy,PASTISFresh/ANNOTATIONS/TARGET_40486.npy
40488,PASTISFresh/DATA_S2/S2_40488.npy,PASTISFresh/ANNOTATIONS/TARGET_40488.npy
40489,PASTISFresh/DATA_S2/S2_40489.npy,PASTISFresh/ANNOTATIONS/TARGET_40489.npy
40491,PASTISFresh/DATA_S2/S2_40491.npy,PASTISFresh/ANNOTATIONS/TARGET_40491.npy
40493,PASTISFresh/DATA_S2/S2_40493.npy,PASTISFresh/ANNOTATIONS/TARGET_40493.npy
40497,PASTISFresh/DATA_S2/S2_40497.npy,PASTISFresh/ANNOTATIONS/TARGET_40497.npy
40501,PASTISFresh/DATA_S2/S2_40501.npy,PASTISFresh/ANNOTATIONS/TARGET_40501.npy
40502,PASTISFresh/DATA_S2/S2_40502.npy,PASTISFresh/ANNOTATIONS/TARGET_40502.npy
40504,PASTISFresh/DATA_S2/S2_40504.npy,PASTISFresh/ANNOTATIONS/TARGET_40504.npy
40505,PASTISFresh/DATA_S2/S2_40505.npy,PASTISFresh/ANNOTATIONS/TARGET_40505.npy
40507,PASTISFresh/DATA_S2/S2_40507.npy,PASTISFresh/ANNOTATIONS/TARGET_40507.npy
40509,PASTISFresh/DATA_S2/S2_40509.npy,PASTISFresh/ANNOTATIONS/TARGET_40509.npy
40510,PASTISFresh/DATA_S2/S2_40510.npy,PASTISFresh/ANNOTATIONS/TARGET_40510.npy
40512,PASTISFresh/DATA_S2/S2_40512.npy,PASTISFresh/ANNOTATIONS/TARGET_40512.npy
40514,PASTISFresh/DATA_S2/S2_40514.npy,PASTISFresh/ANNOTATIONS/TARGET_40514.npy
40515,PASTISFresh/DATA_S2/S2_40515.npy,PASTISFresh/ANNOTATIONS/TARGET_40515.npy
40516,PASTISFresh/DATA_S2/S2_40516.npy,PASTISFresh/ANNOTATIONS/TARGET_40516.npy
40520,PASTISFresh/DATA_S2/S2_40520.npy,PASTISFresh/ANNOTATIONS/TARGET_40520.npy
40522,PASTISFresh/DATA_S2/S2_40522.npy,PASTISFresh/ANNOTATIONS/TARGET_40522.npy
40525,PASTISFresh/DATA_S2/S2_40525.npy,PASTISFresh/ANNOTATIONS/TARGET_40525.npy
40526,PASTISFresh/DATA_S2/S2_40526.npy,PASTISFresh/ANNOTATIONS/TARGET_40526.npy
40527,PASTISFresh/DATA_S2/S2_40527.npy,PASTISFresh/ANNOTATIONS/TARGET_40527.npy
40528,PASTISFresh/DATA_S2/S2_40528.npy,PASTISFresh/ANNOTATIONS/TARGET_40528.npy
40529,PASTISFresh/DATA_S2/S2_40529.npy,PASTISFresh/ANNOTATIONS/TARGET_40529.npy
40530,PASTISFresh/DATA_S2/S2_40530.npy,PASTISFresh/ANNOTATIONS/TARGET_40530.npy
40534,PASTISFresh/DATA_S2/S2_40534.npy,PASTISFresh/ANNOTATIONS/TARGET_40534.npy
40535,PASTISFresh/DATA_S2/S2_40535.npy,PASTISFresh/ANNOTATIONS/TARGET_40535.npy
40536,PASTISFresh/DATA_S2/S2_40536.npy,PASTISFresh/ANNOTATIONS/TARGET_40536.npy
40537,PASTISFresh/DATA_S2/S2_40537.npy,PASTISFresh/ANNOTATIONS/TARGET_40537.npy
40539,PASTISFresh/DATA_S2/S2_40539.npy,PASTISFresh/ANNOTATIONS/TARGET_40539.npy
40540,PASTISFresh/DATA_S2/S2_40540.npy,PASTISFresh/ANNOTATIONS/TARGET_40540.npy
40541,PASTISFresh/DATA_S2/S2_40541.npy,PASTISFresh/ANNOTATIONS/TARGET_40541.npy
40542,PASTISFresh/DATA_S2/S2_40542.npy,PASTISFresh/ANNOTATIONS/TARGET_40542.npy
40543,PASTISFresh/DATA_S2/S2_40543.npy,PASTISFresh/ANNOTATIONS/TARGET_40543.npy
40544,PASTISFresh/DATA_S2/S2_40544.npy,PASTISFresh/ANNOTATIONS/TARGET_40544.npy
40545,PASTISFresh/DATA_S2/S2_40545.npy,PASTISFresh/ANNOTATIONS/TARGET_40545.npy
40546,PASTISFresh/DATA_S2/S2_40546.npy,PASTISFresh/ANNOTATIONS/TARGET_40546.npy
40549,PASTISFresh/DATA_S2/S2_40549.npy,PASTISFresh/ANNOTATIONS/TARGET_40549.npy
40551,PASTISFresh/DATA_S2/S2_40551.npy,PASTISFresh/ANNOTATIONS/TARGET_40551.npy
40554,PASTISFresh/DATA_S2/S2_40554.npy,PASTISFresh/ANNOTATIONS/TARGET_40554.npy
40555,PASTISFresh/DATA_S2/S2_40555.npy,PASTISFresh/ANNOTATIONS/TARGET_40555.npy
40556,PASTISFresh/DATA_S2/S2_40556.npy,PASTISFresh/ANNOTATIONS/TARGET_40556.npy
40557,PASTISFresh/DATA_S2/S2_40557.npy,PASTISFresh/ANNOTATIONS/TARGET_40557.npy
40558,PASTISFresh/DATA_S2/S2_40558.npy,PASTISFresh/ANNOTATIONS/TARGET_40558.npy
40560,PASTISFresh/DATA_S2/S2_40560.npy,PASTISFresh/ANNOTATIONS/TARGET_40560.npy
40561,PASTISFresh/DATA_S2/S2_40561.npy,PASTISFresh/ANNOTATIONS/TARGET_40561.npy
40562,PASTISFresh/DATA_S2/S2_40562.npy,PASTISFresh/ANNOTATIONS/TARGET_40562.npy
